date,period,signal,strategy,cost_bps,gross_return,net_return,turnover,benchmark_return,universe_size,long_count,short_count
2010-01-29,development,COMPOSITE,long_only,0.0,0.054530549559808406,0.054530549559808406,1.0000000000000002,0.03314971918149416,979,195,0
2010-01-29,development,COMPOSITE,long_only,10.0,0.054530549559808406,0.053530549559808405,1.0000000000000002,0.03314971918149416,979,195,0
2010-01-29,development,COMPOSITE,long_only,25.0,0.054530549559808406,0.0520305495598084,1.0000000000000002,0.03314971918149416,979,195,0
2010-01-29,development,COMPOSITE,long_short,0.0,0.018820113992128313,0.018820113992128313,2.0000000000000004,0.03314971918149416,979,195,195
2010-01-29,development,COMPOSITE,long_short,10.0,0.018820113992128313,0.01682011399212831,2.0000000000000004,0.03314971918149416,979,195,195
2010-01-29,development,COMPOSITE,long_short,25.0,0.018820113992128313,0.013820113992128312,2.0000000000000004,0.03314971918149416,979,195,195
2010-01-29,development,LV,long_only,0.0,0.03577035973431038,0.03577035973431038,0.9999999999999998,0.03324061088563271,981,196,0
2010-01-29,development,LV,long_only,10.0,0.03577035973431038,0.03477035973431038,0.9999999999999998,0.03324061088563271,981,196,0
2010-01-29,development,LV,long_only,25.0,0.03577035973431038,0.033270359734310376,0.9999999999999998,0.03324061088563271,981,196,0
2010-01-29,development,LV,long_short,0.0,-0.023809093067374294,-0.023809093067374294,1.9999999999999996,0.03324061088563271,981,196,196
2010-01-29,development,LV,long_short,10.0,-0.023809093067374294,-0.025809093067374292,1.9999999999999996,0.03324061088563271,981,196,196
2010-01-29,development,LV,long_short,25.0,-0.023809093067374294,-0.028809093067374295,1.9999999999999996,0.03324061088563271,981,196,196
2010-01-29,development,MOM,long_only,0.0,0.06427989142960552,0.06427989142960552,0.9999999999999998,0.03323011079359101,980,196,0
2010-01-29,development,MOM,long_only,10.0,0.06427989142960552,0.06327989142960552,0.9999999999999998,0.03323011079359101,980,196,0
2010-01-29,development,MOM,long_only,25.0,0.06427989142960552,0.06177989142960552,0.9999999999999998,0.03323011079359101,980,196,0
2010-01-29,development,MOM,long_short,0.0,0.027907900538446686,0.027907900538446686,1.9999999999999996,0.03323011079359101,980,196,196
2010-01-29,development,MOM,long_short,10.0,0.027907900538446686,0.025907900538446688,1.9999999999999996,0.03323011079359101,980,196,196
2010-01-29,development,MOM,long_short,25.0,0.027907900538446686,0.022907900538446685,1.9999999999999996,0.03323011079359101,980,196,196
2010-01-29,development,QUALITY,long_only,0.0,0.05126569288751999,0.05126569288751999,1.0000000000000002,0.03314971918149416,979,195,0
2010-01-29,development,QUALITY,long_only,10.0,0.05126569288751999,0.05026569288751999,1.0000000000000002,0.03314971918149416,979,195,0
2010-01-29,development,QUALITY,long_only,25.0,0.05126569288751999,0.04876569288751999,1.0000000000000002,0.03314971918149416,979,195,0
2010-01-29,development,QUALITY,long_short,0.0,0.0006110377113222567,0.0006110377113222567,2.0000000000000004,0.03314971918149416,979,195,195
2010-01-29,development,QUALITY,long_short,10.0,0.0006110377113222567,-0.0013889622886777437,2.0000000000000004,0.03314971918149416,979,195,195
2010-01-29,development,QUALITY,long_short,25.0,0.0006110377113222567,-0.0043889622886777455,2.0000000000000004,0.03314971918149416,979,195,195
2010-01-29,development,SIZE,long_only,0.0,0.042164839758263,0.042164839758263,1.0000000000000002,0.03318264305324481,997,199,0
2010-01-29,development,SIZE,long_only,10.0,0.042164839758263,0.041164839758262996,1.0000000000000002,0.03318264305324481,997,199,0
2010-01-29,development,SIZE,long_only,25.0,0.042164839758263,0.039664839758262994,1.0000000000000002,0.03318264305324481,997,199,0
2010-01-29,development,SIZE,long_short,0.0,0.01113546464767759,0.01113546464767759,2.0000000000000004,0.03318264305324481,997,199,199
2010-01-29,development,SIZE,long_short,10.0,0.01113546464767759,0.00913546464767759,2.0000000000000004,0.03318264305324481,997,199,199
2010-01-29,development,SIZE,long_short,25.0,0.01113546464767759,0.006135464647677588,2.0000000000000004,0.03318264305324481,997,199,199
2010-01-29,development,VALUE,long_only,0.0,0.051624238378615975,0.051624238378615975,0.9999999999999996,0.032882941843487216,956,191,0
2010-01-29,development,VALUE,long_only,10.0,0.051624238378615975,0.050624238378615974,0.9999999999999996,0.032882941843487216,956,191,0
2010-01-29,development,VALUE,long_only,25.0,0.051624238378615975,0.04912423837861597,0.9999999999999996,0.032882941843487216,956,191,0
2010-01-29,development,VALUE,long_short,0.0,0.018564381004595287,0.018564381004595287,1.9999999999999996,0.032882941843487216,956,191,191
2010-01-29,development,VALUE,long_short,10.0,0.018564381004595287,0.01656438100459529,1.9999999999999996,0.032882941843487216,956,191,191
2010-01-29,development,VALUE,long_short,25.0,0.018564381004595287,0.013564381004595288,1.9999999999999996,0.032882941843487216,956,191,191
2010-02-26,development,COMPOSITE,long_only,0.0,0.07445316835491839,0.07445316835491839,0.48205128205128206,0.06033220049536692,975,195,0
2010-02-26,development,COMPOSITE,long_only,10.0,0.07445316835491839,0.0739711170728671,0.48205128205128206,0.06033220049536692,975,195,0
2010-02-26,development,COMPOSITE,long_only,25.0,0.07445316835491839,0.07324804014979018,0.48205128205128206,0.06033220049536692,975,195,0
2010-02-26,development,COMPOSITE,long_short,0.0,0.007677852606232604,0.007677852606232604,0.7487179487179487,0.06033220049536692,975,195,195
2010-02-26,development,COMPOSITE,long_short,10.0,0.007677852606232604,0.006929134657514655,0.7487179487179487,0.06033220049536692,975,195,195
2010-02-26,development,COMPOSITE,long_short,25.0,0.007677852606232604,0.005806057734437732,0.7487179487179487,0.06033220049536692,975,195,195
2010-02-26,development,LV,long_only,0.0,0.0580693710752105,0.0580693710752105,0.2959183673469389,0.06042158432048986,977,195,0
2010-02-26,development,LV,long_only,10.0,0.0580693710752105,0.05777345270786356,0.2959183673469389,0.06042158432048986,977,195,0
2010-02-26,development,LV,long_only,25.0,0.0580693710752105,0.05732957515684315,0.2959183673469389,0.06042158432048986,977,195,0
2010-02-26,development,LV,long_short,0.0,-0.0366775693611721,-0.0366775693611721,0.5510204081632655,0.06042158432048986,977,195,195
2010-02-26,development,LV,long_short,10.0,-0.0366775693611721,-0.037228589769335366,0.5510204081632655,0.06042158432048986,977,195,195
2010-02-26,development,LV,long_short,25.0,-0.0366775693611721,-0.038055120381580265,0.5510204081632655,0.06042158432048986,977,195,195
2010-02-26,development,MOM,long_only,0.0,0.08699736406873597,0.08699736406873597,0.4795918367346939,0.06038392750414307,976,195,0
2010-02-26,development,MOM,long_only,10.0,0.08699736406873597,0.08651777223200127,0.4795918367346939,0.06038392750414307,976,195,0
2010-02-26,development,MOM,long_only,25.0,0.08699736406873597,0.08579838447689923,0.4795918367346939,0.06038392750414307,976,195,0
2010-02-26,development,MOM,long_short,0.0,0.019803881742290242,0.019803881742290242,1.0408163265306123,0.06038392750414307,976,195,195
2010-02-26,development,MOM,long_short,10.0,0.019803881742290242,0.01876306541575963,1.0408163265306123,0.06038392750414307,976,195,195
2010-02-26,development,MOM,long_short,25.0,0.019803881742290242,0.01720184092596371,1.0408163265306123,0.06038392750414307,976,195,195
2010-02-26,development,QUALITY,long_only,0.0,0.06594431830718381,0.06594431830718381,0.041025641025641026,0.06033220049536692,975,195,0
2010-02-26,development,QUALITY,long_only,10.0,0.06594431830718381,0.06590329266615817,0.041025641025641026,0.06033220049536692,975,195,0
2010-02-26,development,QUALITY,long_only,25.0,0.06594431830718381,0.0658417542046197,0.041025641025641026,0.06033220049536692,975,195,0
2010-02-26,development,QUALITY,long_short,0.0,-0.005745137629195537,-0.005745137629195537,0.17435897435897435,0.06033220049536692,975,195,195
2010-02-26,development,QUALITY,long_short,10.0,-0.005745137629195537,-0.005919496603554511,0.17435897435897435,0.06033220049536692,975,195,195
2010-02-26,development,QUALITY,long_short,25.0,-0.005745137629195537,-0.006181035065092972,0.17435897435897435,0.06033220049536692,975,195,195
2010-02-26,development,SIZE,long_only,0.0,0.0792807731134206,0.0792807731134206,0.33165829145728654,0.06038341972545496,994,198,0
2010-02-26,development,SIZE,long_only,10.0,0.0792807731134206,0.07894911482196332,0.33165829145728654,0.06038341972545496,994,198,0
2010-02-26,development,SIZE,long_only,25.0,0.0792807731134206,0.07845162738477739,0.33165829145728654,0.06038341972545496,994,198,0
2010-02-26,development,SIZE,long_short,0.0,0.023053889498296638,0.023053889498296638,0.37185929648241217,0.06038341972545496,994,198,198
2010-02-26,development,SIZE,long_short,10.0,0.023053889498296638,0.022682030201814224,0.37185929648241217,0.06038341972545496,994,198,198
2010-02-26,development,SIZE,long_short,25.0,0.023053889498296638,0.02212424125709061,0.37185929648241217,0.06038341972545496,994,198,198
2010-02-26,development,VALUE,long_only,0.0,0.08177925149355136,0.08177925149355136,0.21989528795811514,0.05986686094683136,953,190,0
2010-02-26,development,VALUE,long_only,10.0,0.08177925149355136,0.08155935620559325,0.21989528795811514,0.05986686094683136,953,190,0
2010-02-26,development,VALUE,long_only,25.0,0.08177925149355136,0.08122951327365607,0.21989528795811514,0.05986686094683136,953,190,0
2010-02-26,development,VALUE,long_short,0.0,0.013409597946039794,0.013409597946039794,0.3664921465968585,0.05986686094683136,953,190,190
2010-02-26,development,VALUE,long_short,10.0,0.013409597946039794,0.013043105799442935,0.3664921465968585,0.05986686094683136,953,190,190
2010-02-26,development,VALUE,long_short,25.0,0.013409597946039794,0.012493367579547648,0.3664921465968585,0.05986686094683136,953,190,190
2010-03-31,development,COMPOSITE,long_only,0.0,0.04649216610488874,0.04649216610488874,0.4615384615384615,0.015746904538141364,979,195,0
2010-03-31,development,COMPOSITE,long_only,10.0,0.04649216610488874,0.04603062764335027,0.4615384615384615,0.015746904538141364,979,195,0
2010-03-31,development,COMPOSITE,long_only,25.0,0.04649216610488874,0.04533831995104259,0.4615384615384615,0.015746904538141364,979,195,0
2010-03-31,development,COMPOSITE,long_short,0.0,0.018536925702914667,0.018536925702914667,0.8205128205128205,0.015746904538141364,979,195,195
2010-03-31,development,COMPOSITE,long_short,10.0,0.018536925702914667,0.017716412882401847,0.8205128205128205,0.015746904538141364,979,195,195
2010-03-31,development,COMPOSITE,long_short,25.0,0.018536925702914667,0.016485643651632617,0.8205128205128205,0.015746904538141364,979,195,195
2010-03-31,development,LV,long_only,0.0,0.02453300011563403,0.02453300011563403,0.3061224489795919,0.015709559333022233,982,196,0
2010-03-31,development,LV,long_only,10.0,0.02453300011563403,0.024226877666654437,0.3061224489795919,0.015709559333022233,982,196,0
2010-03-31,development,LV,long_only,25.0,0.02453300011563403,0.02376769399318505,0.3061224489795919,0.015709559333022233,982,196,0
2010-03-31,development,LV,long_short,0.0,-0.028218714177324987,-0.028218714177324987,0.6836734693877553,0.015709559333022233,982,196,196
2010-03-31,development,LV,long_short,10.0,-0.028218714177324987,-0.02890238764671274,0.6836734693877553,0.015709559333022233,982,196,196
2010-03-31,development,LV,long_short,25.0,-0.028218714177324987,-0.029927897850794374,0.6836734693877553,0.015709559333022233,982,196,196
2010-03-31,development,MOM,long_only,0.0,0.045975757626668876,0.045975757626668876,0.5102040816326531,0.015728710648923266,981,196,0
2010-03-31,development,MOM,long_only,10.0,0.045975757626668876,0.04546555354503622,0.5102040816326531,0.015728710648923266,981,196,0
2010-03-31,development,MOM,long_only,25.0,0.045975757626668876,0.04470024742258724,0.5102040816326531,0.015728710648923266,981,196,0
2010-03-31,development,MOM,long_short,0.0,0.02560516079248648,0.02560516079248648,1.1020408163265305,0.015728710648923266,981,196,196
2010-03-31,development,MOM,long_short,10.0,0.02560516079248648,0.024503119976159952,1.1020408163265305,0.015728710648923266,981,196,196
2010-03-31,development,MOM,long_short,25.0,0.02560516079248648,0.022850058751670156,1.1020408163265305,0.015728710648923266,981,196,196
2010-03-31,development,QUALITY,long_only,0.0,0.027843716034386273,0.027843716034386273,0.13333333333333333,0.015746904538141364,979,195,0
2010-03-31,development,QUALITY,long_only,10.0,0.027843716034386273,0.02771038270105294,0.13333333333333333,0.015746904538141364,979,195,0
2010-03-31,development,QUALITY,long_only,25.0,0.027843716034386273,0.027510382701052938,0.13333333333333333,0.015746904538141364,979,195,0
2010-03-31,development,QUALITY,long_short,0.0,-0.028652188360041613,-0.028652188360041613,0.29743589743589743,0.015746904538141364,979,195,195
2010-03-31,development,QUALITY,long_short,10.0,-0.028652188360041613,-0.02894962425747751,0.29743589743589743,0.015746904538141364,979,195,195
2010-03-31,development,QUALITY,long_short,25.0,-0.028652188360041613,-0.029395778103631358,0.29743589743589743,0.015746904538141364,979,195,195
2010-03-31,development,SIZE,long_only,0.0,0.05434304475230721,0.05434304475230721,0.3417085427135679,0.015730048553540165,997,199,0
2010-03-31,development,SIZE,long_only,10.0,0.05434304475230721,0.054001336209593645,0.3417085427135679,0.015730048553540165,997,199,0
2010-03-31,development,SIZE,long_only,25.0,0.05434304475230721,0.05348877339552329,0.3417085427135679,0.015730048553540165,997,199,0
2010-03-31,development,SIZE,long_short,0.0,0.04126150233228319,0.04126150233228319,0.40201005025125647,0.015730048553540165,997,199,199
2010-03-31,development,SIZE,long_short,10.0,0.04126150233228319,0.04085949228203194,0.40201005025125647,0.015730048553540165,997,199,199
2010-03-31,development,SIZE,long_short,25.0,0.04126150233228319,0.04025647720665505,0.40201005025125647,0.015730048553540165,997,199,199
2010-03-31,development,VALUE,long_only,0.0,0.05193827442245322,0.05193827442245322,0.25263157894736843,0.015673774231689024,953,190,0
2010-03-31,development,VALUE,long_only,10.0,0.05193827442245322,0.05168564284350585,0.25263157894736843,0.015673774231689024,953,190,0
2010-03-31,development,VALUE,long_only,25.0,0.05193827442245322,0.0513066954750848,0.25263157894736843,0.015673774231689024,953,190,0
2010-03-31,development,VALUE,long_short,0.0,0.019942755556857036,0.019942755556857036,0.39999999999999997,0.015673774231689024,953,190,190
2010-03-31,development,VALUE,long_short,10.0,0.019942755556857036,0.019542755556857035,0.39999999999999997,0.015673774231689024,953,190,190
2010-03-31,development,VALUE,long_short,25.0,0.019942755556857036,0.018942755556857035,0.39999999999999997,0.015673774231689024,953,190,190
2010-04-30,development,COMPOSITE,long_only,0.0,-0.07403623453410323,-0.07403623453410323,0.3673469387755103,-0.07904897819000507,983,196,0
2010-04-30,development,COMPOSITE,long_only,10.0,-0.07403623453410323,-0.07440358147287873,0.3673469387755103,-0.07904897819000507,983,196,0
2010-04-30,development,COMPOSITE,long_only,25.0,-0.07403623453410323,-0.074954601881042,0.3673469387755103,-0.07904897819000507,983,196,0
2010-04-30,development,COMPOSITE,long_short,0.0,0.013399589796610734,0.013399589796610734,0.6224489795918369,-0.07904897819000507,983,196,196
2010-04-30,development,COMPOSITE,long_short,10.0,0.013399589796610734,0.012777140817018896,0.6224489795918369,-0.07904897819000507,983,196,196
2010-04-30,development,COMPOSITE,long_short,25.0,0.013399589796610734,0.011843467347631143,0.6224489795918369,-0.07904897819000507,983,196,196
2010-04-30,development,LV,long_only,0.0,-0.06326278220224682,-0.06326278220224682,0.28426395939086296,-0.07902757714486093,985,197,0
2010-04-30,development,LV,long_only,10.0,-0.06326278220224682,-0.06354704616163769,0.28426395939086296,-0.07902757714486093,985,197,0
2010-04-30,development,LV,long_only,25.0,-0.06326278220224682,-0.06397344210072398,0.28426395939086296,-0.07902757714486093,985,197,0
2010-04-30,development,LV,long_short,0.0,0.03380898172783395,0.03380898172783395,0.5989847715736041,-0.07902757714486093,985,197,197
2010-04-30,development,LV,long_short,10.0,0.03380898172783395,0.03320999695626034,0.5989847715736041,-0.07902757714486093,985,197,197
2010-04-30,development,LV,long_short,25.0,0.03380898172783395,0.032311519798899936,0.5989847715736041,-0.07902757714486093,985,197,197
2010-04-30,development,MOM,long_only,0.0,-0.0916978983427553,-0.0916978983427553,0.35532994923857864,-0.07902757714486093,985,197,0
2010-04-30,development,MOM,long_only,10.0,-0.0916978983427553,-0.09205322829199387,0.35532994923857864,-0.07902757714486093,985,197,0
2010-04-30,development,MOM,long_only,25.0,-0.0916978983427553,-0.09258622321585175,0.35532994923857864,-0.07902757714486093,985,197,0
2010-04-30,development,MOM,long_short,0.0,-0.014051388146569532,-0.014051388146569532,0.8121827411167513,-0.07902757714486093,985,197,197
2010-04-30,development,MOM,long_short,10.0,-0.014051388146569532,-0.014863570887686283,0.8121827411167513,-0.07902757714486093,985,197,197
2010-04-30,development,MOM,long_short,25.0,-0.014051388146569532,-0.01608184499936141,0.8121827411167513,-0.07902757714486093,985,197,197
2010-04-30,development,QUALITY,long_only,0.0,-0.06509864270278648,-0.06509864270278648,0.11224489795918376,-0.07904897819000507,983,196,0
2010-04-30,development,QUALITY,long_only,10.0,-0.06509864270278648,-0.06521088760074567,0.11224489795918376,-0.07904897819000507,983,196,0
2010-04-30,development,QUALITY,long_only,25.0,-0.06509864270278648,-0.06537925494768444,0.11224489795918376,-0.07904897819000507,983,196,0
2010-04-30,development,QUALITY,long_short,0.0,0.023187830315291785,0.023187830315291785,0.24489795918367363,-0.07904897819000507,983,196,196
2010-04-30,development,QUALITY,long_short,10.0,0.023187830315291785,0.02294293235610811,0.24489795918367363,-0.07904897819000507,983,196,196
2010-04-30,development,QUALITY,long_short,25.0,0.023187830315291785,0.0225755854173326,0.24489795918367363,-0.07904897819000507,983,196,196
2010-04-30,development,SIZE,long_only,0.0,-0.08038066082955561,-0.08038066082955561,0.43216080402010054,-0.07903514858882142,999,199,0
2010-04-30,development,SIZE,long_only,10.0,-0.08038066082955561,-0.08081282163357571,0.43216080402010054,-0.07903514858882142,999,199,0
2010-04-30,development,SIZE,long_only,25.0,-0.08038066082955561,-0.08146106283960586,0.43216080402010054,-0.07903514858882142,999,199,0
2010-04-30,development,SIZE,long_short,0.0,0.00024809555352934415,0.00024809555352934415,0.5226130653266332,-0.07903514858882142,999,199,199
2010-04-30,development,SIZE,long_short,10.0,0.00024809555352934415,-0.00027451751179728907,0.5226130653266332,-0.07903514858882142,999,199,199
2010-04-30,development,SIZE,long_short,25.0,0.00024809555352934415,-0.001058437109787239,0.5226130653266332,-0.07903514858882142,999,199,199
2010-04-30,development,VALUE,long_only,0.0,-0.08854774135789337,-0.08854774135789337,0.23036649214659685,-0.07905801153213288,957,191,0
2010-04-30,development,VALUE,long_only,10.0,-0.08854774135789337,-0.08877810785003996,0.23036649214659685,-0.07905801153213288,957,191,0
2010-04-30,development,VALUE,long_only,25.0,-0.08854774135789337,-0.08912365758825985,0.23036649214659685,-0.07905801153213288,957,191,0
2010-04-30,development,VALUE,long_short,0.0,-0.01423170678510601,-0.01423170678510601,0.4083769633507852,-0.07905801153213288,957,191,191
2010-04-30,development,VALUE,long_short,10.0,-0.01423170678510601,-0.014640083748456795,0.4083769633507852,-0.07905801153213288,957,191,191
2010-04-30,development,VALUE,long_short,25.0,-0.01423170678510601,-0.015252649193482973,0.4083769633507852,-0.07905801153213288,957,191,191
2010-05-28,development,COMPOSITE,long_only,0.0,-0.07330821442476064,-0.07330821442476064,0.43877551020408156,-0.05352832371166414,979,195,0
2010-05-28,development,COMPOSITE,long_only,10.0,-0.07330821442476064,-0.07374698993496472,0.43877551020408156,-0.05352832371166414,979,195,0
2010-05-28,development,COMPOSITE,long_only,25.0,-0.07330821442476064,-0.07440515320027084,0.43877551020408156,-0.05352832371166414,979,195,0
2010-05-28,development,COMPOSITE,long_short,0.0,-0.005372416242301293,-0.005372416242301293,0.7857142857142858,-0.05352832371166414,979,195,195
2010-05-28,development,COMPOSITE,long_short,10.0,-0.005372416242301293,-0.006158130528015579,0.7857142857142858,-0.05352832371166414,979,195,195
2010-05-28,development,COMPOSITE,long_short,25.0,-0.005372416242301293,-0.0073367019565870085,0.7857142857142858,-0.05352832371166414,979,195,195
2010-05-28,development,LV,long_only,0.0,-0.042364761713314714,-0.042364761713314714,0.6091370558375635,-0.05347337357869564,981,196,0
2010-05-28,development,LV,long_only,10.0,-0.042364761713314714,-0.04297389876915228,0.6091370558375635,-0.05347337357869564,981,196,0
2010-05-28,development,LV,long_only,25.0,-0.042364761713314714,-0.04388760435290862,0.6091370558375635,-0.05347337357869564,981,196,0
2010-05-28,development,LV,long_short,0.0,0.06445339748626225,0.06445339748626225,1.197969543147208,-0.05347337357869564,981,196,196
2010-05-28,development,LV,long_short,10.0,0.06445339748626225,0.06325542794311503,1.197969543147208,-0.05347337357869564,981,196,196
2010-05-28,development,LV,long_short,25.0,0.06445339748626225,0.061458473628394225,1.197969543147208,-0.05347337357869564,981,196,196
2010-05-28,development,MOM,long_only,0.0,-0.08664938973453544,-0.08664938973453544,0.5177664974619289,-0.05347337357869564,981,196,0
2010-05-28,development,MOM,long_only,10.0,-0.08664938973453544,-0.08716715623199738,0.5177664974619289,-0.05347337357869564,981,196,0
2010-05-28,development,MOM,long_only,25.0,-0.08664938973453544,-0.08794380597819026,0.5177664974619289,-0.05347337357869564,981,196,0
2010-05-28,development,MOM,long_short,0.0,-0.02480522566178344,-0.02480522566178344,1.2284263959390862,-0.05347337357869564,981,196,196
2010-05-28,development,MOM,long_short,10.0,-0.02480522566178344,-0.026033652057722526,1.2284263959390862,-0.05347337357869564,981,196,196
2010-05-28,development,MOM,long_short,25.0,-0.02480522566178344,-0.027876291651631156,1.2284263959390862,-0.05347337357869564,981,196,196
2010-05-28,development,QUALITY,long_only,0.0,-0.054846761995972326,-0.054846761995972326,0.05102040816326538,-0.05352832371166414,979,195,0
2010-05-28,development,QUALITY,long_only,10.0,-0.054846761995972326,-0.05489778240413559,0.05102040816326538,-0.05352832371166414,979,195,0
2010-05-28,development,QUALITY,long_only,25.0,-0.054846761995972326,-0.05497431301638049,0.05102040816326538,-0.05352832371166414,979,195,0
2010-05-28,development,QUALITY,long_short,0.0,0.02729136628474513,0.02729136628474513,0.1530612244897961,-0.05352832371166414,979,195,195
2010-05-28,development,QUALITY,long_short,10.0,0.02729136628474513,0.027138305060255333,0.1530612244897961,-0.05352832371166414,979,195,195
2010-05-28,development,QUALITY,long_short,25.0,0.02729136628474513,0.02690871322352064,0.1530612244897961,-0.05352832371166414,979,195,195
2010-05-28,development,SIZE,long_only,0.0,-0.07446499557190793,-0.07446499557190793,0.36180904522613067,-0.05355550727561363,996,199,0
2010-05-28,development,SIZE,long_only,10.0,-0.07446499557190793,-0.07482680461713406,0.36180904522613067,-0.05355550727561363,996,199,0
2010-05-28,development,SIZE,long_only,25.0,-0.07446499557190793,-0.07536951818497326,0.36180904522613067,-0.05355550727561363,996,199,0
2010-05-28,development,SIZE,long_short,0.0,-0.016672509660548878,-0.016672509660548878,0.4522613065326633,-0.05355550727561363,996,199,199
2010-05-28,development,SIZE,long_short,10.0,-0.016672509660548878,-0.01712477096708154,0.4522613065326633,-0.05355550727561363,996,199,199
2010-05-28,development,SIZE,long_short,25.0,-0.016672509660548878,-0.017803162926880535,0.4522613065326633,-0.05355550727561363,996,199,199
2010-05-28,development,VALUE,long_only,0.0,-0.08756022658501365,-0.08756022658501365,0.1989528795811518,-0.05347340221304929,953,190,0
2010-05-28,development,VALUE,long_only,10.0,-0.08756022658501365,-0.0877591794645948,0.1989528795811518,-0.05347340221304929,953,190,0
2010-05-28,development,VALUE,long_only,25.0,-0.08756022658501365,-0.08805760878396654,0.1989528795811518,-0.05347340221304929,953,190,0
2010-05-28,development,VALUE,long_short,0.0,-0.033601994284962286,-0.033601994284962286,0.32460732984293184,-0.05347340221304929,953,190,190
2010-05-28,development,VALUE,long_short,10.0,-0.033601994284962286,-0.03392660161480522,0.32460732984293184,-0.05347340221304929,953,190,190
2010-05-28,development,VALUE,long_short,25.0,-0.033601994284962286,-0.03441351260956962,0.32460732984293184,-0.05347340221304929,953,190,190
2010-06-30,development,COMPOSITE,long_only,0.0,0.08265320895883088,0.08265320895883088,0.6358974358974359,0.0695541438925156,977,195,0
2010-06-30,development,COMPOSITE,long_only,10.0,0.08265320895883088,0.08201731152293344,0.6358974358974359,0.0695541438925156,977,195,0
2010-06-30,development,COMPOSITE,long_only,25.0,0.08265320895883088,0.08106346536908729,0.6358974358974359,0.0695541438925156,977,195,0
2010-06-30,development,COMPOSITE,long_short,0.0,0.011547485298929405,0.011547485298929405,1.0153846153846153,0.0695541438925156,977,195,195
2010-06-30,development,COMPOSITE,long_short,10.0,0.011547485298929405,0.01053210068354479,1.0153846153846153,0.0695541438925156,977,195,195
2010-06-30,development,COMPOSITE,long_short,25.0,0.011547485298929405,0.009009023760467867,1.0153846153846153,0.0695541438925156,977,195,195
2010-06-30,development,LV,long_only,0.0,0.05712780751868779,0.05712780751868779,0.3673469387755103,0.06968712499396074,978,195,0
2010-06-30,development,LV,long_only,10.0,0.05712780751868779,0.05676046057991228,0.3673469387755103,0.06968712499396074,978,195,0
2010-06-30,development,LV,long_only,25.0,0.05712780751868779,0.05620944017174902,0.3673469387755103,0.06968712499396074,978,195,0
2010-06-30,development,LV,long_short,0.0,-0.04425821679808593,-0.04425821679808593,0.7551020408163266,0.06968712499396074,978,195,195
2010-06-30,development,LV,long_short,10.0,-0.04425821679808593,-0.04501331883890226,0.7551020408163266,0.06968712499396074,978,195,195
2010-06-30,development,LV,long_short,25.0,-0.04425821679808593,-0.046145971900126745,0.7551020408163266,0.06968712499396074,978,195,195
2010-06-30,development,MOM,long_only,0.0,0.09394217817187733,0.09394217817187733,0.5408163265306123,0.06968712499396074,978,195,0
2010-06-30,development,MOM,long_only,10.0,0.09394217817187733,0.09340136184534673,0.5408163265306123,0.06968712499396074,978,195,0
2010-06-30,development,MOM,long_only,25.0,0.09394217817187733,0.0925901373555508,0.5408163265306123,0.06968712499396074,978,195,0
2010-06-30,development,MOM,long_short,0.0,0.03418643324024187,0.03418643324024187,1.2244897959183674,0.06968712499396074,978,195,195
2010-06-30,development,MOM,long_short,10.0,0.03418643324024187,0.0329619434443235,1.2244897959183674,0.06968712499396074,978,195,195
2010-06-30,development,MOM,long_short,25.0,0.03418643324024187,0.03112520875044595,1.2244897959183674,0.06968712499396074,978,195,195
2010-06-30,development,QUALITY,long_only,0.0,0.0694572252637966,0.0694572252637966,0.38578680203045695,0.06954641029354666,985,197,0
2010-06-30,development,QUALITY,long_only,10.0,0.0694572252637966,0.06907143846176614,0.38578680203045695,0.06954641029354666,985,197,0
2010-06-30,development,QUALITY,long_only,25.0,0.0694572252637966,0.06849275825872045,0.38578680203045695,0.06954641029354666,985,197,0
2010-06-30,development,QUALITY,long_short,0.0,-0.006834928391481123,-0.006834928391481123,0.7918781725888326,0.06954641029354666,985,197,197
2010-06-30,development,QUALITY,long_short,10.0,-0.006834928391481123,-0.0076268065640699555,0.7918781725888326,0.06954641029354666,985,197,197
2010-06-30,development,QUALITY,long_short,25.0,-0.006834928391481123,-0.008814623822953204,0.7918781725888326,0.06954641029354666,985,197,197
2010-06-30,development,SIZE,long_only,0.0,0.08528457274735143,0.08528457274735143,0.38190954773869346,0.06960502040059335,995,199,0
2010-06-30,development,SIZE,long_only,10.0,0.08528457274735143,0.08490266319961275,0.38190954773869346,0.06960502040059335,995,199,0
2010-06-30,development,SIZE,long_only,25.0,0.08528457274735143,0.0843297988780047,0.38190954773869346,0.06960502040059335,995,199,0
2010-06-30,development,SIZE,long_short,0.0,0.01362281832203128,0.01362281832203128,0.4924623115577889,0.06960502040059335,995,199,199
2010-06-30,development,SIZE,long_short,10.0,0.01362281832203128,0.013130356010473491,0.4924623115577889,0.06960502040059335,995,199,199
2010-06-30,development,SIZE,long_short,25.0,0.01362281832203128,0.012391662543136808,0.4924623115577889,0.06960502040059335,995,199,199
2010-06-30,development,VALUE,long_only,0.0,0.08306312730402873,0.08306312730402873,0.4375,0.06873439313254111,963,192,0
2010-06-30,development,VALUE,long_only,10.0,0.08306312730402873,0.08262562730402874,0.4375,0.06873439313254111,963,192,0
2010-06-30,development,VALUE,long_only,25.0,0.08306312730402873,0.08196937730402873,0.4375,0.06873439313254111,963,192,0
2010-06-30,development,VALUE,long_short,0.0,0.014486401871652831,0.014486401871652831,0.8958333333333333,0.06873439313254111,963,192,192
2010-06-30,development,VALUE,long_short,10.0,0.014486401871652831,0.013590568538319497,0.8958333333333333,0.06873439313254111,963,192,192
2010-06-30,development,VALUE,long_short,25.0,0.014486401871652831,0.012246818538319498,0.8958333333333333,0.06873439313254111,963,192,192
2010-07-30,development,COMPOSITE,long_only,0.0,-0.04984524029366072,-0.04984524029366072,0.45128205128205123,-0.04442485183155609,978,195,0
2010-07-30,development,COMPOSITE,long_only,10.0,-0.04984524029366072,-0.05029652234494277,0.45128205128205123,-0.04442485183155609,978,195,0
2010-07-30,development,COMPOSITE,long_only,25.0,-0.04984524029366072,-0.05097344542186585,0.45128205128205123,-0.04442485183155609,978,195,0
2010-07-30,development,COMPOSITE,long_short,0.0,0.003352204194510268,0.003352204194510268,0.6461538461538461,-0.04442485183155609,978,195,195
2010-07-30,development,COMPOSITE,long_short,10.0,0.003352204194510268,0.0027060503483564216,0.6461538461538461,-0.04442485183155609,978,195,195
2010-07-30,development,COMPOSITE,long_short,25.0,0.003352204194510268,0.0017368195791256525,0.6461538461538461,-0.04442485183155609,978,195,195
2010-07-30,development,LV,long_only,0.0,-0.043020781219296894,-0.043020781219296894,0.23469387755102045,-0.0444690661062818,980,196,0
2010-07-30,development,LV,long_only,10.0,-0.043020781219296894,-0.04325547509684791,0.23469387755102045,-0.0444690661062818,980,196,0
2010-07-30,development,LV,long_only,25.0,-0.043020781219296894,-0.043607515913174445,0.23469387755102045,-0.0444690661062818,980,196,0
2010-07-30,development,LV,long_short,0.0,0.02920988263146069,0.02920988263146069,0.5510204081632655,-0.0444690661062818,980,196,196
2010-07-30,development,LV,long_short,10.0,0.02920988263146069,0.028658862223297422,0.5510204081632655,-0.0444690661062818,980,196,196
2010-07-30,development,LV,long_short,25.0,0.02920988263146069,0.027832331611052526,0.5510204081632655,-0.0444690661062818,980,196,196
2010-07-30,development,MOM,long_only,0.0,-0.06268322037580965,-0.06268322037580965,0.4717948717948718,-0.04449734221778827,979,195,0
2010-07-30,development,MOM,long_only,10.0,-0.06268322037580965,-0.06315501524760452,0.4717948717948718,-0.04449734221778827,979,195,0
2010-07-30,development,MOM,long_only,25.0,-0.06268322037580965,-0.06386270755529683,0.4717948717948718,-0.04449734221778827,979,195,0
2010-07-30,development,MOM,long_short,0.0,-0.009274390134860552,-0.009274390134860552,0.9948717948717947,-0.04449734221778827,979,195,195
2010-07-30,development,MOM,long_short,10.0,-0.009274390134860552,-0.010269261929732347,0.9948717948717947,-0.04449734221778827,979,195,195
2010-07-30,development,MOM,long_short,25.0,-0.009274390134860552,-0.011761569622040039,0.9948717948717947,-0.04449734221778827,979,195,195
2010-07-30,development,QUALITY,long_only,0.0,-0.039330423964445846,-0.039330423964445846,0.10152284263959391,-0.04436363733660893,986,197,0
2010-07-30,development,QUALITY,long_only,10.0,-0.039330423964445846,-0.03943194680708544,0.10152284263959391,-0.04436363733660893,986,197,0
2010-07-30,development,QUALITY,long_only,25.0,-0.039330423964445846,-0.03958423107104483,0.10152284263959391,-0.04436363733660893,986,197,0
2010-07-30,development,QUALITY,long_short,0.0,0.013179799339653969,0.013179799339653969,0.15228426395939085,-0.04436363733660893,986,197,197
2010-07-30,development,QUALITY,long_short,10.0,0.013179799339653969,0.013027515075694577,0.15228426395939085,-0.04436363733660893,986,197,197
2010-07-30,development,QUALITY,long_short,25.0,0.013179799339653969,0.012799088679755492,0.15228426395939085,-0.04436363733660893,986,197,197
2010-07-30,development,SIZE,long_only,0.0,-0.06060906010375687,-0.06060906010375687,0.371859296482412,-0.044544080874523245,999,199,0
2010-07-30,development,SIZE,long_only,10.0,-0.06060906010375687,-0.06098091940023928,0.371859296482412,-0.044544080874523245,999,199,0
2010-07-30,development,SIZE,long_only,25.0,-0.06060906010375687,-0.0615387083449629,0.371859296482412,-0.044544080874523245,999,199,0
2010-07-30,development,SIZE,long_short,0.0,-0.01702291353853396,-0.01702291353853396,0.45226130653266333,-0.044544080874523245,999,199,199
2010-07-30,development,SIZE,long_short,10.0,-0.01702291353853396,-0.017475174845066624,0.45226130653266333,-0.044544080874523245,999,199,199
2010-07-30,development,SIZE,long_short,25.0,-0.01702291353853396,-0.018153566804865618,0.45226130653266333,-0.044544080874523245,999,199,199
2010-07-30,development,VALUE,long_only,0.0,-0.06039149690425423,-0.06039149690425423,0.1875,-0.043932727377786605,962,192,0
2010-07-30,development,VALUE,long_only,10.0,-0.06039149690425423,-0.06057899690425423,0.1875,-0.043932727377786605,962,192,0
2010-07-30,development,VALUE,long_only,25.0,-0.06039149690425423,-0.06086024690425423,0.1875,-0.043932727377786605,962,192,0
2010-07-30,development,VALUE,long_short,0.0,-0.025903792508754464,-0.025903792508754464,0.3645833333333333,-0.043932727377786605,962,192,192
2010-07-30,development,VALUE,long_short,10.0,-0.025903792508754464,-0.0262683758420878,0.3645833333333333,-0.043932727377786605,962,192,192
2010-07-30,development,VALUE,long_short,25.0,-0.025903792508754464,-0.026815250842087798,0.3645833333333333,-0.043932727377786605,962,192,192
2010-08-31,development,COMPOSITE,long_only,0.0,0.1211099557161834,0.1211099557161834,0.4307692307692308,0.09329662960746934,975,195,0
2010-08-31,development,COMPOSITE,long_only,10.0,0.1211099557161834,0.12067918648541416,0.4307692307692308,0.09329662960746934,975,195,0
2010-08-31,development,COMPOSITE,long_only,25.0,0.1211099557161834,0.12003303263926032,0.4307692307692308,0.09329662960746934,975,195,0
2010-08-31,development,COMPOSITE,long_short,0.0,0.016360844370478543,0.016360844370478543,0.6871794871794872,0.09329662960746934,975,195,195
2010-08-31,development,COMPOSITE,long_short,10.0,0.016360844370478543,0.015673664883299056,0.6871794871794872,0.09329662960746934,975,195,195
2010-08-31,development,COMPOSITE,long_short,25.0,0.016360844370478543,0.014642895652529825,0.6871794871794872,0.09329662960746934,975,195,195
2010-08-31,development,LV,long_only,0.0,0.08924356791127866,0.08924356791127866,0.47959183673469385,0.09339557627344569,978,195,0
2010-08-31,development,LV,long_only,10.0,0.08924356791127866,0.08876397607454396,0.47959183673469385,0.09339557627344569,978,195,0
2010-08-31,development,LV,long_only,25.0,0.08924356791127866,0.08804458831944192,0.47959183673469385,0.09339557627344569,978,195,0
2010-08-31,development,LV,long_short,0.0,-0.05413553604427829,-0.05413553604427829,0.8163265306122449,0.09339557627344569,978,195,195
2010-08-31,development,LV,long_short,10.0,-0.05413553604427829,-0.054951862574890535,0.8163265306122449,0.09339557627344569,978,195,195
2010-08-31,development,LV,long_short,25.0,-0.05413553604427829,-0.056176352370808896,0.8163265306122449,0.09339557627344569,978,195,195
2010-08-31,development,MOM,long_only,0.0,0.12436999701485091,0.12436999701485091,0.6153846153846154,0.09341086984290996,975,195,0
2010-08-31,development,MOM,long_only,10.0,0.12436999701485091,0.1237546123994663,0.6153846153846154,0.09341086984290996,975,195,0
2010-08-31,development,MOM,long_only,25.0,0.12436999701485091,0.12283153547638936,0.6153846153846154,0.09341086984290996,975,195,0
2010-08-31,development,MOM,long_short,0.0,0.007243154588758604,0.007243154588758604,1.2102564102564104,0.09341086984290996,975,195,195
2010-08-31,development,MOM,long_short,10.0,0.007243154588758604,0.006032898178502194,1.2102564102564104,0.09341086984290996,975,195,195
2010-08-31,development,MOM,long_short,25.0,0.007243154588758604,0.004217513563117578,1.2102564102564104,0.09341086984290996,975,195,195
2010-08-31,development,QUALITY,long_only,0.0,0.12276327377309132,0.12276327377309132,0.1116751269035533,0.09327232633909413,985,197,0
2010-08-31,development,QUALITY,long_only,10.0,0.12276327377309132,0.12265159864618777,0.1116751269035533,0.09327232633909413,985,197,0
2010-08-31,development,QUALITY,long_only,25.0,0.12276327377309132,0.12248408595583243,0.1116751269035533,0.09327232633909413,985,197,0
2010-08-31,development,QUALITY,long_short,0.0,0.006530253757754378,0.006530253757754378,0.18274111675126903,0.09327232633909413,985,197,197
2010-08-31,development,QUALITY,long_short,10.0,0.006530253757754378,0.006347512641003109,0.18274111675126903,0.09327232633909413,985,197,197
2010-08-31,development,QUALITY,long_short,25.0,0.006530253757754378,0.006073400965876205,0.18274111675126903,0.09327232633909413,985,197,197
2010-08-31,development,SIZE,long_only,0.0,0.12964605881991384,0.12964605881991384,0.32160804020100503,0.09340755345857127,998,199,0
2010-08-31,development,SIZE,long_only,10.0,0.12964605881991384,0.12932445077971283,0.32160804020100503,0.09340755345857127,998,199,0
2010-08-31,development,SIZE,long_only,25.0,0.12964605881991384,0.12884203871941133,0.32160804020100503,0.09340755345857127,998,199,0
2010-08-31,development,SIZE,long_short,0.0,0.03334889665843569,0.03334889665843569,0.3919597989949749,0.09340755345857127,998,199,199
2010-08-31,development,SIZE,long_short,10.0,0.03334889665843569,0.03295693685944072,0.3919597989949749,0.09340755345857127,998,199,199
2010-08-31,development,SIZE,long_short,25.0,0.03334889665843569,0.03236899716094825,0.3919597989949749,0.09340755345857127,998,199,199
2010-08-31,development,VALUE,long_only,0.0,0.1141898194023455,0.1141898194023455,0.20833333333333331,0.09331336935185401,962,192,0
2010-08-31,development,VALUE,long_only,10.0,0.1141898194023455,0.11398148606901216,0.20833333333333331,0.09331336935185401,962,192,0
2010-08-31,development,VALUE,long_only,25.0,0.1141898194023455,0.11366898606901217,0.20833333333333331,0.09331336935185401,962,192,0
2010-08-31,development,VALUE,long_short,0.0,0.01113627651518749,0.01113627651518749,0.3958333333333333,0.09331336935185401,962,192,192
2010-08-31,development,VALUE,long_short,10.0,0.01113627651518749,0.010740443181854157,0.3958333333333333,0.09331336935185401,962,192,192
2010-08-31,development,VALUE,long_short,25.0,0.01113627651518749,0.010146693181854157,0.3958333333333333,0.09331336935185401,962,192,192
2010-09-30,development,COMPOSITE,long_only,0.0,0.03724392907251689,0.03724392907251689,0.358974358974359,0.03855000273195778,974,194,0
2010-09-30,development,COMPOSITE,long_only,10.0,0.03724392907251689,0.03688495471354253,0.358974358974359,0.03855000273195778,974,194,0
2010-09-30,development,COMPOSITE,long_only,25.0,0.03724392907251689,0.03634649317508099,0.358974358974359,0.03855000273195778,974,194,0
2010-09-30,development,COMPOSITE,long_short,0.0,-0.0074920874566753,-0.0074920874566753,0.6256410256410256,0.03855000273195778,974,194,194
2010-09-30,development,COMPOSITE,long_short,10.0,-0.0074920874566753,-0.008117728482316325,0.6256410256410256,0.03855000273195778,974,194,194
2010-09-30,development,COMPOSITE,long_short,25.0,-0.0074920874566753,-0.009056190020777864,0.6256410256410256,0.03855000273195778,974,194,194
2010-09-30,development,LV,long_only,0.0,0.028365107817459486,0.028365107817459486,0.2871794871794872,0.03853266665447658,978,195,0
2010-09-30,development,LV,long_only,10.0,0.028365107817459486,0.02807792833028,0.2871794871794872,0.03853266665447658,978,195,0
2010-09-30,development,LV,long_only,25.0,0.028365107817459486,0.02764715909951077,0.2871794871794872,0.03853266665447658,978,195,0
2010-09-30,development,LV,long_short,0.0,-0.019410046151010885,-0.019410046151010885,0.5538461538461539,0.03853266665447658,978,195,195
2010-09-30,development,LV,long_short,10.0,-0.019410046151010885,-0.01996389230485704,0.5538461538461539,0.03853266665447658,978,195,195
2010-09-30,development,LV,long_short,25.0,-0.019410046151010885,-0.020794661535626268,0.5538461538461539,0.03853266665447658,978,195,195
2010-09-30,development,MOM,long_only,0.0,0.04468477392567925,0.04468477392567925,0.5948717948717948,0.03859274553683856,970,194,0
2010-09-30,development,MOM,long_only,10.0,0.04468477392567925,0.044089902130807455,0.5948717948717948,0.03859274553683856,970,194,0
2010-09-30,development,MOM,long_only,25.0,0.04468477392567925,0.04319759443849976,0.5948717948717948,0.03859274553683856,970,194,0
2010-09-30,development,MOM,long_short,0.0,0.0041587887589342,0.0041587887589342,1.0461538461538462,0.03859274553683856,970,194,194
2010-09-30,development,MOM,long_short,10.0,0.0041587887589342,0.0031126349127803543,1.0461538461538462,0.03859274553683856,970,194,194
2010-09-30,development,MOM,long_short,25.0,0.0041587887589342,0.0015434041435495845,1.0461538461538462,0.03859274553683856,970,194,194
2010-09-30,development,QUALITY,long_only,0.0,0.03908729396655148,0.03908729396655148,0.12182741116751268,0.03858981350578125,980,196,0
2010-09-30,development,QUALITY,long_only,10.0,0.03908729396655148,0.038965466555383965,0.12182741116751268,0.03858981350578125,980,196,0
2010-09-30,development,QUALITY,long_only,25.0,0.03908729396655148,0.0387827254386327,0.12182741116751268,0.03858981350578125,980,196,0
2010-09-30,development,QUALITY,long_short,0.0,0.0038310780498211614,0.0038310780498211614,0.23350253807106602,0.03858981350578125,980,196,196
2010-09-30,development,QUALITY,long_short,10.0,0.0038310780498211614,0.0035975755117500954,0.23350253807106602,0.03858981350578125,980,196,196
2010-09-30,development,QUALITY,long_short,25.0,0.0038310780498211614,0.0032473217046434964,0.23350253807106602,0.03858981350578125,980,196,196
2010-09-30,development,SIZE,long_only,0.0,0.04477262891572928,0.04477262891572928,0.31155778894472375,0.0386450872903744,993,198,0
2010-09-30,development,SIZE,long_only,10.0,0.04477262891572928,0.04446107112678455,0.31155778894472375,0.0386450872903744,993,198,0
2010-09-30,development,SIZE,long_only,25.0,0.04477262891572928,0.04399373444336747,0.31155778894472375,0.0386450872903744,993,198,0
2010-09-30,development,SIZE,long_short,0.0,0.003126241612366551,0.003126241612366551,0.3618090452261308,0.0386450872903744,993,198,198
2010-09-30,development,SIZE,long_short,10.0,0.003126241612366551,0.00276443256714042,0.3618090452261308,0.0386450872903744,993,198,198
2010-09-30,development,SIZE,long_short,25.0,0.003126241612366551,0.002221718999301224,0.3618090452261308,0.0386450872903744,993,198,198
2010-09-30,development,VALUE,long_only,0.0,0.040976925128968326,0.040976925128968326,0.16666666666666674,0.03799751715052581,956,191,0
2010-09-30,development,VALUE,long_only,10.0,0.040976925128968326,0.04081025846230166,0.16666666666666674,0.03799751715052581,956,191,0
2010-09-30,development,VALUE,long_only,25.0,0.040976925128968326,0.04056025846230166,0.16666666666666674,0.03799751715052581,956,191,0
2010-09-30,development,VALUE,long_short,0.0,0.006251908642113283,0.006251908642113283,0.3437500000000001,0.03799751715052581,956,191,191
2010-09-30,development,VALUE,long_short,10.0,0.006251908642113283,0.005908158642113283,0.3437500000000001,0.03799751715052581,956,191,191
2010-09-30,development,VALUE,long_short,25.0,0.006251908642113283,0.005392533642113282,0.3437500000000001,0.03799751715052581,956,191,191
2010-10-29,development,COMPOSITE,long_only,0.0,0.037639740814234546,0.037639740814234546,0.33673469387755106,0.0038321106753993624,981,196,0
2010-10-29,development,COMPOSITE,long_only,10.0,0.037639740814234546,0.037303006120356995,0.33673469387755106,0.0038321106753993624,981,196,0
2010-10-29,development,COMPOSITE,long_only,25.0,0.037639740814234546,0.036797904079540665,0.33673469387755106,0.0038321106753993624,981,196,0
2010-10-29,development,COMPOSITE,long_short,0.0,0.024616716969919447,0.024616716969919447,0.7142857142857144,0.0038321106753993624,981,196,196
2010-10-29,development,COMPOSITE,long_short,10.0,0.024616716969919447,0.02390243125563373,0.7142857142857144,0.0038321106753993624,981,196,196
2010-10-29,development,COMPOSITE,long_short,25.0,0.024616716969919447,0.02283100268420516,0.7142857142857144,0.0038321106753993624,981,196,196
2010-10-29,development,LV,long_only,0.0,0.013697914963151543,0.013697914963151543,0.284263959390863,0.003941810224899223,985,197,0
2010-10-29,development,LV,long_only,10.0,0.013697914963151543,0.01341365100376068,0.284263959390863,0.003941810224899223,985,197,0
2010-10-29,development,LV,long_only,25.0,0.013697914963151543,0.012987255064674385,0.284263959390863,0.003941810224899223,985,197,0
2010-10-29,development,LV,long_short,0.0,-0.01839486289992643,-0.01839486289992643,0.6192893401015231,0.003941810224899223,985,197,197
2010-10-29,development,LV,long_short,10.0,-0.01839486289992643,-0.019014152240027952,0.6192893401015231,0.003941810224899223,985,197,197
2010-10-29,development,LV,long_short,25.0,-0.01839486289992643,-0.019943086250180236,0.6192893401015231,0.003941810224899223,985,197,197
2010-10-29,development,MOM,long_only,0.0,0.045725129290350996,0.045725129290350996,0.4948453608247423,0.003844486076496136,974,194,0
2010-10-29,development,MOM,long_only,10.0,0.045725129290350996,0.04523028392952626,0.4948453608247423,0.003844486076496136,974,194,0
2010-10-29,development,MOM,long_only,25.0,0.045725129290350996,0.04448801588828914,0.4948453608247423,0.003844486076496136,974,194,0
2010-10-29,development,MOM,long_short,0.0,0.036058894121605074,0.036058894121605074,1.0824742268041239,0.003844486076496136,974,194,194
2010-10-29,development,MOM,long_short,10.0,0.036058894121605074,0.03497641989480095,1.0824742268041239,0.003844486076496136,974,194,194
2010-10-29,development,MOM,long_short,25.0,0.036058894121605074,0.03335270855459477,1.0824742268041239,0.003844486076496136,974,194,194
2010-10-29,development,QUALITY,long_only,0.0,0.032083557170138,0.032083557170138,0.09183673469387754,0.0038422241099954767,983,196,0
2010-10-29,development,QUALITY,long_only,10.0,0.032083557170138,0.03199172043544412,0.09183673469387754,0.0038422241099954767,983,196,0
2010-10-29,development,QUALITY,long_only,25.0,0.032083557170138,0.0318539653334033,0.09183673469387754,0.0038422241099954767,983,196,0
2010-10-29,development,QUALITY,long_short,0.0,0.0042572471204110505,0.0042572471204110505,0.19387755102040816,0.0038422241099954767,983,196,196
2010-10-29,development,QUALITY,long_short,10.0,0.0042572471204110505,0.004063369569390642,0.19387755102040816,0.0038422241099954767,983,196,196
2010-10-29,development,QUALITY,long_short,25.0,0.0042572471204110505,0.00377255324286003,0.19387755102040816,0.0038422241099954767,983,196,196
2010-10-29,development,SIZE,long_only,0.0,0.03052814988263615,0.03052814988263615,0.2914572864321609,0.004078565489141443,995,199,0
2010-10-29,development,SIZE,long_only,10.0,0.03052814988263615,0.030236692596203988,0.2914572864321609,0.004078565489141443,995,199,0
2010-10-29,development,SIZE,long_only,25.0,0.03052814988263615,0.029799506666555748,0.2914572864321609,0.004078565489141443,995,199,0
2010-10-29,development,SIZE,long_short,0.0,0.026387907576089224,0.026387907576089224,0.3618090452261308,0.004078565489141443,995,199,199
2010-10-29,development,SIZE,long_short,10.0,0.026387907576089224,0.026026098530863094,0.3618090452261308,0.004078565489141443,995,199,199
2010-10-29,development,SIZE,long_short,25.0,0.026387907576089224,0.025483384963023898,0.3618090452261308,0.004078565489141443,995,199,199
2010-10-29,development,VALUE,long_only,0.0,0.008462674268775174,0.008462674268775174,0.19895287958115182,0.003182183996466487,958,191,0
2010-10-29,development,VALUE,long_only,10.0,0.008462674268775174,0.008263721389194022,0.19895287958115182,0.003182183996466487,958,191,0
2010-10-29,development,VALUE,long_only,25.0,0.008462674268775174,0.007965292069822294,0.19895287958115182,0.003182183996466487,958,191,0
2010-10-29,development,VALUE,long_short,0.0,-0.018924489448406596,-0.018924489448406596,0.4397905759162304,0.003182183996466487,958,191,191
2010-10-29,development,VALUE,long_short,10.0,-0.018924489448406596,-0.019364280024322826,0.4397905759162304,0.003182183996466487,958,191,191
2010-10-29,development,VALUE,long_short,25.0,-0.018924489448406596,-0.020023965888197173,0.4397905759162304,0.003182183996466487,958,191,191
2010-11-30,development,COMPOSITE,long_only,0.0,0.06023825585081492,0.06023825585081492,0.42639593908629436,0.0655695398782409,985,197,0
2010-11-30,development,COMPOSITE,long_only,10.0,0.06023825585081492,0.05981185991172863,0.42639593908629436,0.0655695398782409,985,197,0
2010-11-30,development,COMPOSITE,long_only,25.0,0.06023825585081492,0.05917226600309919,0.42639593908629436,0.0655695398782409,985,197,0
2010-11-30,development,COMPOSITE,long_short,0.0,-0.01161924541993059,-0.01161924541993059,0.8121827411167513,0.0655695398782409,985,197,197
2010-11-30,development,COMPOSITE,long_short,10.0,-0.01161924541993059,-0.012431428161047342,0.8121827411167513,0.0655695398782409,985,197,197
2010-11-30,development,COMPOSITE,long_short,25.0,-0.01161924541993059,-0.01364970227272247,0.8121827411167513,0.0655695398782409,985,197,197
2010-11-30,development,LV,long_only,0.0,0.0634670016375553,0.0634670016375553,0.18274111675126903,0.06560656667237015,989,197,0
2010-11-30,development,LV,long_only,10.0,0.0634670016375553,0.06328426052080402,0.18274111675126903,0.06560656667237015,989,197,0
2010-11-30,development,LV,long_only,25.0,0.0634670016375553,0.06301014884567713,0.18274111675126903,0.06560656667237015,989,197,0
2010-11-30,development,LV,long_short,0.0,-0.012086412130291324,-0.012086412130291324,0.45685279187817257,0.06560656667237015,989,197,197
2010-11-30,development,LV,long_short,10.0,-0.012086412130291324,-0.012543264922169497,0.45685279187817257,0.06560656667237015,989,197,197
2010-11-30,development,LV,long_short,25.0,-0.012086412130291324,-0.013228544109986756,0.45685279187817257,0.06560656667237015,989,197,197
2010-11-30,development,MOM,long_only,0.0,0.061549957973982605,0.061549957973982605,0.6122448979591837,0.06563834310686428,980,196,0
2010-11-30,development,MOM,long_only,10.0,0.061549957973982605,0.06093771307602342,0.6122448979591837,0.06563834310686428,980,196,0
2010-11-30,development,MOM,long_only,25.0,0.061549957973982605,0.06001934572908465,0.6122448979591837,0.06563834310686428,980,196,0
2010-11-30,development,MOM,long_short,0.0,-0.020555973194774195,-0.020555973194774195,1.2040816326530615,0.06563834310686428,980,196,196
2010-11-30,development,MOM,long_short,10.0,-0.020555973194774195,-0.021760054827427256,1.2040816326530615,0.06563834310686428,980,196,196
2010-11-30,development,MOM,long_short,25.0,-0.020555973194774195,-0.02356617727640685,1.2040816326530615,0.06563834310686428,980,196,196
2010-11-30,development,QUALITY,long_only,0.0,0.05272861046485726,0.05272861046485726,0.09137055837563453,0.0655705290457479,986,197,0
2010-11-30,development,QUALITY,long_only,10.0,0.05272861046485726,0.05263723990648162,0.09137055837563453,0.0655705290457479,986,197,0
2010-11-30,development,QUALITY,long_only,25.0,0.05272861046485726,0.052500184068918175,0.09137055837563453,0.0655705290457479,986,197,0
2010-11-30,development,QUALITY,long_short,0.0,-0.022057250052583306,-0.022057250052583306,0.21319796954314724,0.0655705290457479,986,197,197
2010-11-30,development,QUALITY,long_short,10.0,-0.022057250052583306,-0.022270448022126455,0.21319796954314724,0.0655705290457479,986,197,197
2010-11-30,development,QUALITY,long_short,25.0,-0.022057250052583306,-0.022590244976441173,0.21319796954314724,0.0655705290457479,986,197,197
2010-11-30,development,SIZE,long_only,0.0,0.07762972041723093,0.07762972041723093,0.321608040201005,0.06567648920851467,999,199,0
2010-11-30,development,SIZE,long_only,10.0,0.07762972041723093,0.07730811237702992,0.321608040201005,0.06567648920851467,999,199,0
2010-11-30,development,SIZE,long_only,25.0,0.07762972041723093,0.07682570031672842,0.321608040201005,0.06567648920851467,999,199,0
2010-11-30,development,SIZE,long_short,0.0,0.014330615214328907,0.014330615214328907,0.41206030150753764,0.06567648920851467,999,199,199
2010-11-30,development,SIZE,long_short,10.0,0.014330615214328907,0.013918554912821368,0.41206030150753764,0.06567648920851467,999,199,199
2010-11-30,development,SIZE,long_short,25.0,0.014330615214328907,0.013300464460560062,0.41206030150753764,0.06567648920851467,999,199,199
2010-11-30,development,VALUE,long_only,0.0,0.09037235265465116,0.09037235265465116,0.19791666666666669,0.06577995984289813,960,192,0
2010-11-30,development,VALUE,long_only,10.0,0.09037235265465116,0.09017443598798448,0.19791666666666669,0.06577995984289813,960,192,0
2010-11-30,development,VALUE,long_only,25.0,0.09037235265465116,0.0898775609879845,0.19791666666666669,0.06577995984289813,960,192,0
2010-11-30,development,VALUE,long_short,0.0,0.03471911549644607,0.03471911549644607,0.3541666666666668,0.06577995984289813,960,192,192
2010-11-30,development,VALUE,long_short,10.0,0.03471911549644607,0.0343649488297794,0.3541666666666668,0.06577995984289813,960,192,192
2010-11-30,development,VALUE,long_short,25.0,0.03471911549644607,0.0338336988297794,0.3541666666666668,0.06577995984289813,960,192,192
2010-12-31,development,COMPOSITE,long_only,0.0,0.01500899413863777,0.01500899413863777,0.41624365482233516,0.021753122808996966,979,195,0
2010-12-31,development,COMPOSITE,long_only,10.0,0.01500899413863777,0.014592750483815435,0.41624365482233516,0.021753122808996966,979,195,0
2010-12-31,development,COMPOSITE,long_only,25.0,0.01500899413863777,0.013968385001581932,0.41624365482233516,0.021753122808996966,979,195,0
2010-12-31,development,COMPOSITE,long_short,0.0,-0.009575799157627796,-0.009575799157627796,0.7106598984771575,0.021753122808996966,979,195,195
2010-12-31,development,COMPOSITE,long_short,10.0,-0.009575799157627796,-0.010286459056104954,0.7106598984771575,0.021753122808996966,979,195,195
2010-12-31,development,COMPOSITE,long_short,25.0,-0.009575799157627796,-0.01135244890382069,0.7106598984771575,0.021753122808996966,979,195,195
2010-12-31,development,LV,long_only,0.0,0.019200762275135078,0.019200762275135078,0.19289340101522848,0.021807612478865628,980,196,0
2010-12-31,development,LV,long_only,10.0,0.019200762275135078,0.01900786887411985,0.19289340101522848,0.021807612478865628,980,196,0
2010-12-31,development,LV,long_only,25.0,0.019200762275135078,0.018718528772597005,0.19289340101522848,0.021807612478865628,980,196,0
2010-12-31,development,LV,long_short,0.0,-0.0004483086616369515,-0.0004483086616369515,0.5279187817258884,0.021807612478865628,980,196,196
2010-12-31,development,LV,long_short,10.0,-0.0004483086616369515,-0.0009762274433628398,0.5279187817258884,0.021807612478865628,980,196,196
2010-12-31,development,LV,long_short,25.0,-0.0004483086616369515,-0.0017681056159516725,0.5279187817258884,0.021807612478865628,980,196,196
2010-12-31,development,MOM,long_only,0.0,0.0177518183905731,0.0177518183905731,0.5,0.02177787704657754,975,195,0
2010-12-31,development,MOM,long_only,10.0,0.0177518183905731,0.0172518183905731,0.5,0.02177787704657754,975,195,0
2010-12-31,development,MOM,long_only,25.0,0.0177518183905731,0.0165018183905731,0.5,0.02177787704657754,975,195,0
2010-12-31,development,MOM,long_short,0.0,-0.006602637623147554,-0.006602637623147554,1.0510204081632655,0.02177787704657754,975,195,195
2010-12-31,development,MOM,long_short,10.0,-0.006602637623147554,-0.007653658031310819,1.0510204081632655,0.02177787704657754,975,195,195
2010-12-31,development,MOM,long_short,25.0,-0.006602637623147554,-0.009230188643555718,1.0510204081632655,0.02177787704657754,975,195,195
2010-12-31,development,QUALITY,long_only,0.0,0.008178816643024521,0.008178816643024521,0.09137055837563451,0.021840824296680293,981,196,0
2010-12-31,development,QUALITY,long_only,10.0,0.008178816643024521,0.008087446084648887,0.09137055837563451,0.021840824296680293,981,196,0
2010-12-31,development,QUALITY,long_only,25.0,0.008178816643024521,0.007950390247085435,0.09137055837563451,0.021840824296680293,981,196,0
2010-12-31,development,QUALITY,long_short,0.0,-0.015095651111232768,-0.015095651111232768,0.27411167512690354,0.021840824296680293,981,196,196
2010-12-31,development,QUALITY,long_short,10.0,-0.015095651111232768,-0.01536976278635967,0.27411167512690354,0.021840824296680293,981,196,196
2010-12-31,development,QUALITY,long_short,25.0,-0.015095651111232768,-0.015780930299050026,0.27411167512690354,0.021840824296680293,981,196,196
2010-12-31,development,SIZE,long_only,0.0,0.014287686610323803,0.014287686610323803,0.36180904522613067,0.021703649460746696,997,199,0
2010-12-31,development,SIZE,long_only,10.0,0.014287686610323803,0.013925877565097671,0.36180904522613067,0.021703649460746696,997,199,0
2010-12-31,development,SIZE,long_only,25.0,0.014287686610323803,0.013383163997258475,0.36180904522613067,0.021703649460746696,997,199,0
2010-12-31,development,SIZE,long_short,0.0,-0.006542303062461959,-0.006542303062461959,0.4221105527638191,0.021703649460746696,997,199,199
2010-12-31,development,SIZE,long_short,10.0,-0.006542303062461959,-0.006964413615225778,0.4221105527638191,0.021703649460746696,997,199,199
2010-12-31,development,SIZE,long_short,25.0,-0.006542303062461959,-0.007597579444371507,0.4221105527638191,0.021703649460746696,997,199,199
2010-12-31,development,VALUE,long_only,0.0,0.027090252393420826,0.027090252393420826,0.17708333333333343,0.02232712634954266,958,191,0
2010-12-31,development,VALUE,long_only,10.0,0.027090252393420826,0.02691316906008749,0.17708333333333343,0.02232712634954266,958,191,0
2010-12-31,development,VALUE,long_only,25.0,0.027090252393420826,0.026647544060087493,0.17708333333333343,0.02232712634954266,958,191,0
2010-12-31,development,VALUE,long_short,0.0,0.014406322867827236,0.014406322867827236,0.3750000000000001,0.02232712634954266,958,191,191
2010-12-31,development,VALUE,long_short,10.0,0.014406322867827236,0.014031322867827236,0.3750000000000001,0.02232712634954266,958,191,191
2010-12-31,development,VALUE,long_short,25.0,0.014406322867827236,0.013468822867827236,0.3750000000000001,0.02232712634954266,958,191,191
2011-01-31,development,COMPOSITE,long_only,0.0,0.05749803207408397,0.05749803207408397,0.29743589743589743,0.03494653676639881,978,195,0
2011-01-31,development,COMPOSITE,long_only,10.0,0.05749803207408397,0.05720059617664808,0.29743589743589743,0.03494653676639881,978,195,0
2011-01-31,development,COMPOSITE,long_only,25.0,0.05749803207408397,0.05675444233049423,0.29743589743589743,0.03494653676639881,978,195,0
2011-01-31,development,COMPOSITE,long_short,0.0,0.012280160975741517,0.012280160975741517,0.5641025641025641,0.03494653676639881,978,195,195
2011-01-31,development,COMPOSITE,long_short,10.0,0.012280160975741517,0.011716058411638954,0.5641025641025641,0.03494653676639881,978,195,195
2011-01-31,development,COMPOSITE,long_short,25.0,0.012280160975741517,0.010869904565485106,0.5641025641025641,0.03494653676639881,978,195,195
2011-01-31,development,LV,long_only,0.0,0.037941925731754575,0.037941925731754575,0.2551020408163266,0.034943111157689805,979,195,0
2011-01-31,development,LV,long_only,10.0,0.037941925731754575,0.037686823690938245,0.2551020408163266,0.034943111157689805,979,195,0
2011-01-31,development,LV,long_only,25.0,0.037941925731754575,0.03730417062971376,0.2551020408163266,0.034943111157689805,979,195,0
2011-01-31,development,LV,long_short,0.0,-0.023024267906359697,-0.023024267906359697,0.5714285714285716,0.034943111157689805,979,195,195
2011-01-31,development,LV,long_short,10.0,-0.023024267906359697,-0.023595696477788267,0.5714285714285716,0.034943111157689805,979,195,195
2011-01-31,development,LV,long_short,25.0,-0.023024267906359697,-0.024452839334931125,0.5714285714285716,0.034943111157689805,979,195,195
2011-01-31,development,MOM,long_only,0.0,0.05724243249093891,0.05724243249093891,0.4615384615384615,0.034933911391893537,978,195,0
2011-01-31,development,MOM,long_only,10.0,0.05724243249093891,0.056780894029400446,0.4615384615384615,0.034933911391893537,978,195,0
2011-01-31,development,MOM,long_only,25.0,0.05724243249093891,0.05608858633709276,0.4615384615384615,0.034933911391893537,978,195,0
2011-01-31,development,MOM,long_short,0.0,0.025090901789282753,0.025090901789282753,0.923076923076923,0.034933911391893537,978,195,195
2011-01-31,development,MOM,long_short,10.0,0.025090901789282753,0.02416782486620583,0.923076923076923,0.034933911391893537,978,195,195
2011-01-31,development,MOM,long_short,25.0,0.025090901789282753,0.022783209481590443,0.923076923076923,0.034933911391893537,978,195,195
2011-01-31,development,QUALITY,long_only,0.0,0.05387478349387545,0.05387478349387545,0.10204081632653061,0.03493098711860204,980,196,0
2011-01-31,development,QUALITY,long_only,10.0,0.05387478349387545,0.05377274267754892,0.10204081632653061,0.03493098711860204,980,196,0
2011-01-31,development,QUALITY,long_only,25.0,0.05387478349387545,0.05361968145305912,0.10204081632653061,0.03493098711860204,980,196,0
2011-01-31,development,QUALITY,long_short,0.0,-0.006386913809083083,-0.006386913809083083,0.17346938775510204,0.03493098711860204,980,196,196
2011-01-31,development,QUALITY,long_short,10.0,-0.006386913809083083,-0.006560383196838185,0.17346938775510204,0.03493098711860204,980,196,196
2011-01-31,development,QUALITY,long_short,25.0,-0.006386913809083083,-0.006820587278470838,0.17346938775510204,0.03493098711860204,980,196,196
2011-01-31,development,SIZE,long_only,0.0,0.05337296182272554,0.05337296182272554,0.2914572864321608,0.03444520347401981,998,199,0
2011-01-31,development,SIZE,long_only,10.0,0.05337296182272554,0.05308150453629338,0.2914572864321608,0.03444520347401981,998,199,0
2011-01-31,development,SIZE,long_only,25.0,0.05337296182272554,0.05264431860664513,0.2914572864321608,0.03444520347401981,998,199,0
2011-01-31,development,SIZE,long_short,0.0,0.020312197195733885,0.020312197195733885,0.3417085427135678,0.03444520347401981,998,199,199
2011-01-31,development,SIZE,long_short,10.0,0.020312197195733885,0.019970488653020316,0.3417085427135678,0.03444520347401981,998,199,199
2011-01-31,development,SIZE,long_short,25.0,0.020312197195733885,0.019457925838949966,0.3417085427135678,0.03444520347401981,998,199,199
2011-01-31,development,VALUE,long_only,0.0,0.044234800979546865,0.044234800979546865,0.19895287958115185,0.03529625343312023,958,191,0
2011-01-31,development,VALUE,long_only,10.0,0.044234800979546865,0.04403584809996571,0.19895287958115185,0.03529625343312023,958,191,0
2011-01-31,development,VALUE,long_only,25.0,0.044234800979546865,0.043737418780593985,0.19895287958115185,0.03529625343312023,958,191,0
2011-01-31,development,VALUE,long_short,0.0,-0.00840928621974028,-0.00840928621974028,0.33507853403141363,0.03529625343312023,958,191,191
2011-01-31,development,VALUE,long_short,10.0,-0.00840928621974028,-0.008744364753771694,0.33507853403141363,0.03529625343312023,958,191,191
2011-01-31,development,VALUE,long_short,25.0,-0.00840928621974028,-0.009246982554818813,0.33507853403141363,0.03529625343312023,958,191,191
2011-02-28,development,COMPOSITE,long_only,0.0,0.036779434529993445,0.036779434529993445,0.441025641025641,0.003942926112560258,972,194,0
2011-02-28,development,COMPOSITE,long_only,10.0,0.036779434529993445,0.036338408888967805,0.441025641025641,0.003942926112560258,972,194,0
2011-02-28,development,COMPOSITE,long_only,25.0,0.036779434529993445,0.03567687042742934,0.441025641025641,0.003942926112560258,972,194,0
2011-02-28,development,COMPOSITE,long_short,0.0,0.032757146295845405,0.032757146295845405,0.7692307692307692,0.003942926112560258,972,194,194
2011-02-28,development,COMPOSITE,long_short,10.0,0.032757146295845405,0.03198791552661463,0.7692307692307692,0.003942926112560258,972,194,194
2011-02-28,development,COMPOSITE,long_short,25.0,0.032757146295845405,0.03083406937276848,0.7692307692307692,0.003942926112560258,972,194,194
2011-02-28,development,LV,long_only,0.0,0.016084805856379395,0.016084805856379395,0.2153846153846154,0.003947014382387172,975,195,0
2011-02-28,development,LV,long_only,10.0,0.016084805856379395,0.01586942124099478,0.2153846153846154,0.003947014382387172,975,195,0
2011-02-28,development,LV,long_only,25.0,0.016084805856379395,0.015546344317917857,0.2153846153846154,0.003947014382387172,975,195,0
2011-02-28,development,LV,long_short,0.0,-0.008318707241225867,-0.008318707241225867,0.4923076923076922,0.003947014382387172,975,195,195
2011-02-28,development,LV,long_short,10.0,-0.008318707241225867,-0.00881101493353356,0.4923076923076922,0.003947014382387172,975,195,195
2011-02-28,development,LV,long_short,25.0,-0.008318707241225867,-0.009549476471995097,0.4923076923076922,0.003947014382387172,975,195,195
2011-02-28,development,MOM,long_only,0.0,0.03790995280024189,0.03790995280024189,0.46153846153846156,0.003948867662959825,974,194,0
2011-02-28,development,MOM,long_only,10.0,0.03790995280024189,0.037448414338703426,0.46153846153846156,0.003948867662959825,974,194,0
2011-02-28,development,MOM,long_only,25.0,0.03790995280024189,0.03675610664639574,0.46153846153846156,0.003948867662959825,974,194,0
2011-02-28,development,MOM,long_short,0.0,0.03025405440944548,0.03025405440944548,0.964102564102564,0.003948867662959825,974,194,194
2011-02-28,development,MOM,long_short,10.0,0.03025405440944548,0.029289951845342915,0.964102564102564,0.003948867662959825,974,194,194
2011-02-28,development,MOM,long_short,25.0,0.03025405440944548,0.02784379799918907,0.964102564102564,0.003948867662959825,974,194,194
2011-02-28,development,QUALITY,long_only,0.0,0.031223962374463506,0.031223962374463506,0.1428571428571429,0.003900473535395638,974,194,0
2011-02-28,development,QUALITY,long_only,10.0,0.031223962374463506,0.031081105231606364,0.1428571428571429,0.003900473535395638,974,194,0
2011-02-28,development,QUALITY,long_only,25.0,0.031223962374463506,0.03086681951732065,0.1428571428571429,0.003900473535395638,974,194,0
2011-02-28,development,QUALITY,long_short,0.0,0.014175638539670202,0.014175638539670202,0.24489795918367357,0.003900473535395638,974,194,194
2011-02-28,development,QUALITY,long_short,10.0,0.014175638539670202,0.013930740580486527,0.24489795918367357,0.003900473535395638,974,194,194
2011-02-28,development,QUALITY,long_short,25.0,0.014175638539670202,0.013563393641711018,0.24489795918367357,0.003900473535395638,974,194,194
2011-02-28,development,SIZE,long_only,0.0,0.03168516628603164,0.03168516628603164,0.3316582914572864,0.0037016115706338133,996,199,0
2011-02-28,development,SIZE,long_only,10.0,0.03168516628603164,0.03135350799457435,0.3316582914572864,0.0037016115706338133,996,199,0
2011-02-28,development,SIZE,long_only,25.0,0.03168516628603164,0.03085602055738842,0.3316582914572864,0.0037016115706338133,996,199,0
2011-02-28,development,SIZE,long_short,0.0,0.03204323811013571,0.03204323811013571,0.40201005025125625,0.0037016115706338133,996,199,199
2011-02-28,development,SIZE,long_short,10.0,0.03204323811013571,0.03164122805988445,0.40201005025125625,0.0037016115706338133,996,199,199
2011-02-28,development,SIZE,long_short,25.0,0.03204323811013571,0.03103821298450757,0.40201005025125625,0.0037016115706338133,996,199,199
2011-02-28,development,VALUE,long_only,0.0,0.014683929829873729,0.014683929829873729,0.15706806282722507,0.003816213809271423,952,190,0
2011-02-28,development,VALUE,long_only,10.0,0.014683929829873729,0.014526861767046503,0.15706806282722507,0.003816213809271423,952,190,0
2011-02-28,development,VALUE,long_only,25.0,0.014683929829873729,0.014291259672805666,0.15706806282722507,0.003816213809271423,952,190,0
2011-02-28,development,VALUE,long_short,0.0,-0.014446427505104508,-0.014446427505104508,0.37696335078534027,0.003816213809271423,952,190,190
2011-02-28,development,VALUE,long_short,10.0,-0.014446427505104508,-0.014823390855889849,0.37696335078534027,0.003816213809271423,952,190,190
2011-02-28,development,VALUE,long_short,25.0,-0.014446427505104508,-0.015388835882067858,0.37696335078534027,0.003816213809271423,952,190,190
2011-03-31,development,COMPOSITE,long_only,0.0,0.033783450281681185,0.033783450281681185,0.3402061855670103,0.029624007646987274,971,194,0
2011-03-31,development,COMPOSITE,long_only,10.0,0.033783450281681185,0.033443244096114176,0.3402061855670103,0.029624007646987274,971,194,0
2011-03-31,development,COMPOSITE,long_only,25.0,0.033783450281681185,0.03293293481776366,0.3402061855670103,0.029624007646987274,971,194,0
2011-03-31,development,COMPOSITE,long_short,0.0,0.007541395174287789,0.007541395174287789,0.6597938144329898,0.029624007646987274,971,194,194
2011-03-31,development,COMPOSITE,long_short,10.0,0.007541395174287789,0.0068816013598548,0.6597938144329898,0.029624007646987274,971,194,194
2011-03-31,development,COMPOSITE,long_short,25.0,0.007541395174287789,0.005891910638205315,0.6597938144329898,0.029624007646987274,971,194,194
2011-03-31,development,LV,long_only,0.0,0.03279964447708249,0.03279964447708249,0.24615384615384614,0.029533784444510772,975,195,0
2011-03-31,development,LV,long_only,10.0,0.03279964447708249,0.03255349063092864,0.24615384615384614,0.029533784444510772,975,195,0
2011-03-31,development,LV,long_only,25.0,0.03279964447708249,0.03218425986169787,0.24615384615384614,0.029533784444510772,975,195,0
2011-03-31,development,LV,long_short,0.0,0.0015539961618981852,0.0015539961618981852,0.5230769230769231,0.029533784444510772,975,195,195
2011-03-31,development,LV,long_short,10.0,0.0015539961618981852,0.0010309192388212622,0.5230769230769231,0.029533784444510772,975,195,195
2011-03-31,development,LV,long_short,25.0,0.0015539961618981852,0.00024630385420587727,0.5230769230769231,0.029533784444510772,975,195,195
2011-03-31,development,MOM,long_only,0.0,0.039535823737987,0.039535823737987,0.48453608247422675,0.02955274942184642,973,194,0
2011-03-31,development,MOM,long_only,10.0,0.039535823737987,0.03905128765551277,0.48453608247422675,0.02955274942184642,973,194,0
2011-03-31,development,MOM,long_only,25.0,0.039535823737987,0.038324483531801436,0.48453608247422675,0.02955274942184642,973,194,0
2011-03-31,development,MOM,long_short,0.0,0.010463284344570108,0.010463284344570108,0.9587628865979381,0.02955274942184642,973,194,194
2011-03-31,development,MOM,long_short,10.0,0.010463284344570108,0.00950452145797217,0.9587628865979381,0.02955274942184642,973,194,194
2011-03-31,development,MOM,long_short,25.0,0.010463284344570108,0.008066377128075264,0.9587628865979381,0.02955274942184642,973,194,194
2011-03-31,development,QUALITY,long_only,0.0,0.04343519439341892,0.04343519439341892,0.08247422680412371,0.029626449496882014,973,194,0
2011-03-31,development,QUALITY,long_only,10.0,0.04343519439341892,0.043352720166614796,0.08247422680412371,0.029626449496882014,973,194,0
2011-03-31,development,QUALITY,long_only,25.0,0.04343519439341892,0.04322900882640861,0.08247422680412371,0.029626449496882014,973,194,0
2011-03-31,development,QUALITY,long_short,0.0,0.009245591699550821,0.009245591699550821,0.21649484536082475,0.029626449496882014,973,194,194
2011-03-31,development,QUALITY,long_short,10.0,0.009245591699550821,0.009029096854189997,0.21649484536082475,0.029626449496882014,973,194,194
2011-03-31,development,QUALITY,long_short,25.0,0.009245591699550821,0.008704354586148759,0.21649484536082475,0.029626449496882014,973,194,194
2011-03-31,development,SIZE,long_only,0.0,0.027929485831512925,0.027929485831512925,0.3015075376884422,0.029623335822401804,997,199,0
2011-03-31,development,SIZE,long_only,10.0,0.027929485831512925,0.027627978293824483,0.3015075376884422,0.029623335822401804,997,199,0
2011-03-31,development,SIZE,long_only,25.0,0.027929485831512925,0.02717571698729182,0.3015075376884422,0.029623335822401804,997,199,0
2011-03-31,development,SIZE,long_short,0.0,-0.0024179374182440364,-0.0024179374182440364,0.3517587939698492,0.029623335822401804,997,199,199
2011-03-31,development,SIZE,long_short,10.0,-0.0024179374182440364,-0.0027696962122138857,0.3517587939698492,0.029623335822401804,997,199,199
2011-03-31,development,SIZE,long_short,25.0,-0.0024179374182440364,-0.0032973344031686598,0.3517587939698492,0.029623335822401804,997,199,199
2011-03-31,development,VALUE,long_only,0.0,0.027060051263356498,0.027060051263356498,0.1473684210526316,0.02944603040150799,952,190,0
2011-03-31,development,VALUE,long_only,10.0,0.027060051263356498,0.026912682842303866,0.1473684210526316,0.02944603040150799,952,190,0
2011-03-31,development,VALUE,long_only,25.0,0.027060051263356498,0.026691630210724918,0.1473684210526316,0.02944603040150799,952,190,0
2011-03-31,development,VALUE,long_short,0.0,-0.015182152936879544,-0.015182152936879544,0.3368421052631579,0.02944603040150799,952,190,190
2011-03-31,development,VALUE,long_short,10.0,-0.015182152936879544,-0.015518995042142701,0.3368421052631579,0.02944603040150799,952,190,190
2011-03-31,development,VALUE,long_short,25.0,-0.015182152936879544,-0.016024258200037438,0.3368421052631579,0.02944603040150799,952,190,190
2011-04-29,development,COMPOSITE,long_only,0.0,-0.003693166584907406,-0.003693166584907406,0.31958762886597947,-0.011528515784673933,966,193,0
2011-04-29,development,COMPOSITE,long_only,10.0,-0.003693166584907406,-0.004012754213773386,0.31958762886597947,-0.011528515784673933,966,193,0
2011-04-29,development,COMPOSITE,long_only,25.0,-0.003693166584907406,-0.004492135657072354,0.31958762886597947,-0.011528515784673933,966,193,0
2011-04-29,development,COMPOSITE,long_short,0.0,0.009774413847951765,0.009774413847951765,0.6288659793814435,-0.011528515784673933,966,193,193
2011-04-29,development,COMPOSITE,long_short,10.0,0.009774413847951765,0.009145547868570322,0.6288659793814435,-0.011528515784673933,966,193,193
2011-04-29,development,COMPOSITE,long_short,25.0,0.009774413847951765,0.008202248899498157,0.6288659793814435,-0.011528515784673933,966,193,193
2011-04-29,development,LV,long_only,0.0,-0.00411661361517505,-0.00411661361517505,0.19487179487179485,-0.0115358381465408,973,194,0
2011-04-29,development,LV,long_only,10.0,-0.00411661361517505,-0.004311485410046845,0.19487179487179485,-0.0115358381465408,973,194,0
2011-04-29,development,LV,long_only,25.0,-0.00411661361517505,-0.004603793102354536,0.19487179487179485,-0.0115358381465408,973,194,0
2011-04-29,development,LV,long_short,0.0,0.016053767089664092,0.016053767089664092,0.46153846153846145,-0.0115358381465408,973,194,194
2011-04-29,development,LV,long_short,10.0,0.016053767089664092,0.015592228628125631,0.46153846153846145,-0.0115358381465408,973,194,194
2011-04-29,development,LV,long_short,25.0,0.016053767089664092,0.014899920935817938,0.46153846153846145,-0.0115358381465408,973,194,194
2011-04-29,development,MOM,long_only,0.0,-0.019198170957219082,-0.019198170957219082,0.5257731958762888,-0.011552258781661447,968,193,0
2011-04-29,development,MOM,long_only,10.0,-0.019198170957219082,-0.01972394415309537,0.5257731958762888,-0.011552258781661447,968,193,0
2011-04-29,development,MOM,long_only,25.0,-0.019198170957219082,-0.020512603946909805,0.5257731958762888,-0.011552258781661447,968,193,0
2011-04-29,development,MOM,long_short,0.0,-0.007042875082468172,-0.007042875082468172,0.9278350515463919,-0.011552258781661447,968,193,193
2011-04-29,development,MOM,long_short,10.0,-0.007042875082468172,-0.007970710134014564,0.9278350515463919,-0.011552258781661447,968,193,193
2011-04-29,development,MOM,long_short,25.0,-0.007042875082468172,-0.009362462711334152,0.9278350515463919,-0.011552258781661447,968,193,193
2011-04-29,development,QUALITY,long_only,0.0,0.00547180536363589,0.00547180536363589,0.061855670103092855,-0.011547701774964697,967,193,0
2011-04-29,development,QUALITY,long_only,10.0,0.00547180536363589,0.005409949693532797,0.061855670103092855,-0.011547701774964697,967,193,0
2011-04-29,development,QUALITY,long_only,25.0,0.00547180536363589,0.0053171661883781585,0.061855670103092855,-0.011547701774964697,967,193,0
2011-04-29,development,QUALITY,long_short,0.0,0.022333768479702844,0.022333768479702844,0.13402061855670117,-0.011547701774964697,967,193,193
2011-04-29,development,QUALITY,long_short,10.0,0.022333768479702844,0.022199747861146143,0.13402061855670117,-0.011547701774964697,967,193,193
2011-04-29,development,QUALITY,long_short,25.0,0.022333768479702844,0.02199871693331109,0.13402061855670117,-0.011547701774964697,967,193,193
2011-04-29,development,SIZE,long_only,0.0,-0.017551259748220006,-0.017551259748220006,0.32160804020100503,-0.01148173216432804,995,199,0
2011-04-29,development,SIZE,long_only,10.0,-0.017551259748220006,-0.017872867788421013,0.32160804020100503,-0.01148173216432804,995,199,0
2011-04-29,development,SIZE,long_only,25.0,-0.017551259748220006,-0.018355279848722518,0.32160804020100503,-0.01148173216432804,995,199,0
2011-04-29,development,SIZE,long_short,0.0,-0.009260870370266036,-0.009260870370266036,0.3919597989949748,-0.01148173216432804,995,199,199
2011-04-29,development,SIZE,long_short,10.0,-0.009260870370266036,-0.00965283016926101,0.3919597989949748,-0.01148173216432804,995,199,199
2011-04-29,development,SIZE,long_short,25.0,-0.009260870370266036,-0.010240769867753474,0.3919597989949748,-0.01148173216432804,995,199,199
2011-04-29,development,VALUE,long_only,0.0,-0.017115417848143036,-0.017115417848143036,0.1263157894736842,-0.011666170313935216,946,189,0
2011-04-29,development,VALUE,long_only,10.0,-0.017115417848143036,-0.01724173363761672,0.1263157894736842,-0.011666170313935216,946,189,0
2011-04-29,development,VALUE,long_only,25.0,-0.017115417848143036,-0.017431207321827246,0.1263157894736842,-0.011666170313935216,946,189,0
2011-04-29,development,VALUE,long_short,0.0,-0.014625999623258414,-0.014625999623258414,0.23157894736842105,-0.011666170313935216,946,189,189
2011-04-29,development,VALUE,long_short,10.0,-0.014625999623258414,-0.014857578570626835,0.23157894736842105,-0.011666170313935216,946,189,189
2011-04-29,development,VALUE,long_short,25.0,-0.014625999623258414,-0.015204946991679466,0.23157894736842105,-0.011666170313935216,946,189,189
2011-05-31,development,COMPOSITE,long_only,0.0,-0.0007204086593084649,-0.0007204086593084649,0.33160621761658016,-0.016646039024785786,962,192,0
2011-05-31,development,COMPOSITE,long_only,10.0,-0.0007204086593084649,-0.0010520148769250452,0.33160621761658016,-0.016646039024785786,962,192,0
2011-05-31,development,COMPOSITE,long_only,25.0,-0.0007204086593084649,-0.0015494242033499152,0.33160621761658016,-0.016646039024785786,962,192,0
2011-05-31,development,COMPOSITE,long_short,0.0,0.027218344094887943,0.027218344094887943,0.6217616580310877,-0.016646039024785786,962,192,192
2011-05-31,development,COMPOSITE,long_short,10.0,0.027218344094887943,0.026596582436856857,0.6217616580310877,-0.016646039024785786,962,192,192
2011-05-31,development,COMPOSITE,long_short,25.0,0.027218344094887943,0.025663939949810224,0.6217616580310877,-0.016646039024785786,962,192,192
2011-05-31,development,LV,long_only,0.0,-0.014642782819509625,-0.014642782819509625,0.20618556701030927,-0.01662682981067033,973,194,0
2011-05-31,development,LV,long_only,10.0,-0.014642782819509625,-0.014848968386519935,0.20618556701030927,-0.01662682981067033,973,194,0
2011-05-31,development,LV,long_only,25.0,-0.014642782819509625,-0.015158246737035398,0.20618556701030927,-0.01662682981067033,973,194,0
2011-05-31,development,LV,long_short,0.0,0.01056895586757861,0.01056895586757861,0.48453608247422675,-0.01662682981067033,973,194,194
2011-05-31,development,LV,long_short,10.0,0.01056895586757861,0.010084419785104383,0.48453608247422675,-0.01662682981067033,973,194,194
2011-05-31,development,LV,long_short,25.0,0.01056895586757861,0.009357615661393042,0.48453608247422675,-0.01662682981067033,973,194,194
2011-05-31,development,MOM,long_only,0.0,-0.004194092452396064,-0.004194092452396064,0.43523316062176165,-0.016626065326367588,965,193,0
2011-05-31,development,MOM,long_only,10.0,-0.004194092452396064,-0.004629325613017826,0.43523316062176165,-0.016626065326367588,965,193,0
2011-05-31,development,MOM,long_only,25.0,-0.004194092452396064,-0.005282175353950468,0.43523316062176165,-0.016626065326367588,965,193,0
2011-05-31,development,MOM,long_short,0.0,0.025735128386743196,0.025735128386743196,0.8808290155440415,-0.016626065326367588,965,193,193
2011-05-31,development,MOM,long_short,10.0,0.025735128386743196,0.024854299371199155,0.8808290155440415,-0.016626065326367588,965,193,193
2011-05-31,development,MOM,long_short,25.0,0.025735128386743196,0.02353305584788309,0.8808290155440415,-0.016626065326367588,965,193,193
2011-05-31,development,QUALITY,long_only,0.0,-0.0023559386347739315,-0.0023559386347739315,0.1139896373056994,-0.01661656891609502,963,192,0
2011-05-31,development,QUALITY,long_only,10.0,-0.0023559386347739315,-0.0024699282720796307,0.1139896373056994,-0.01661656891609502,963,192,0
2011-05-31,development,QUALITY,long_only,25.0,-0.0023559386347739315,-0.00264091272803818,0.1139896373056994,-0.01661656891609502,963,192,0
2011-05-31,development,QUALITY,long_short,0.0,0.023083073689256436,0.023083073689256436,0.24870466321243503,-0.01661656891609502,963,192,192
2011-05-31,development,QUALITY,long_short,10.0,0.023083073689256436,0.022834369026044,0.24870466321243503,-0.01661656891609502,963,192,192
2011-05-31,development,QUALITY,long_short,25.0,0.023083073689256436,0.02246131203122535,0.24870466321243503,-0.01661656891609502,963,192,192
2011-05-31,development,SIZE,long_only,0.0,-0.0183957635333553,-0.0183957635333553,0.29145728643216084,-0.016962302477803688,992,198,0
2011-05-31,development,SIZE,long_only,10.0,-0.0183957635333553,-0.01868722081978746,0.29145728643216084,-0.016962302477803688,992,198,0
2011-05-31,development,SIZE,long_only,25.0,-0.0183957635333553,-0.0191244067494357,0.29145728643216084,-0.016962302477803688,992,198,0
2011-05-31,development,SIZE,long_short,0.0,-0.003190463219396801,-0.003190463219396801,0.34170854271356793,-0.016962302477803688,992,198,198
2011-05-31,development,SIZE,long_short,10.0,-0.003190463219396801,-0.003532171762110369,0.34170854271356793,-0.016962302477803688,992,198,198
2011-05-31,development,SIZE,long_short,25.0,-0.003190463219396801,-0.004044734576180721,0.34170854271356793,-0.016962302477803688,992,198,198
2011-05-31,development,VALUE,long_only,0.0,-0.02490131045008646,-0.02490131045008646,0.1481481481481482,-0.016328481320680193,942,188,0
2011-05-31,development,VALUE,long_only,10.0,-0.02490131045008646,-0.025049458598234608,0.1481481481481482,-0.016328481320680193,942,188,0
2011-05-31,development,VALUE,long_only,25.0,-0.02490131045008646,-0.025271680820456832,0.1481481481481482,-0.016328481320680193,942,188,0
2011-05-31,development,VALUE,long_short,0.0,-0.012980537240046424,-0.012980537240046424,0.26455026455026465,-0.016328481320680193,942,188,188
2011-05-31,development,VALUE,long_short,10.0,-0.012980537240046424,-0.013245087504596688,0.26455026455026465,-0.016328481320680193,942,188,188
2011-05-31,development,VALUE,long_short,25.0,-0.012980537240046424,-0.013641912901422085,0.26455026455026465,-0.016328481320680193,942,188,188
2011-06-30,development,COMPOSITE,long_only,0.0,-0.04296503960417601,-0.04296503960417601,0.5538461538461538,-0.02196072741492476,975,195,0
2011-06-30,development,COMPOSITE,long_only,10.0,-0.04296503960417601,-0.043518885758022166,0.5538461538461538,-0.02196072741492476,975,195,0
2011-06-30,development,COMPOSITE,long_only,25.0,-0.04296503960417601,-0.0443496549887914,0.5538461538461538,-0.02196072741492476,975,195,0
2011-06-30,development,COMPOSITE,long_short,0.0,-0.014214233732589595,-0.014214233732589595,1.046153846153846,-0.02196072741492476,975,195,195
2011-06-30,development,COMPOSITE,long_short,10.0,-0.014214233732589595,-0.01526038757874344,1.046153846153846,-0.02196072741492476,975,195,195
2011-06-30,development,COMPOSITE,long_short,25.0,-0.014214233732589595,-0.01682961834797421,1.046153846153846,-0.02196072741492476,975,195,195
2011-06-30,development,LV,long_only,0.0,-0.03757846503144579,-0.03757846503144579,0.39999999999999997,-0.02201652373856804,978,195,0
2011-06-30,development,LV,long_only,10.0,-0.03757846503144579,-0.037978465031445786,0.39999999999999997,-0.02201652373856804,978,195,0
2011-06-30,development,LV,long_only,25.0,-0.03757846503144579,-0.03857846503144579,0.39999999999999997,-0.02201652373856804,978,195,0
2011-06-30,development,LV,long_short,0.0,-0.00661602913400989,-0.00661602913400989,0.8102564102564102,-0.02201652373856804,978,195,195
2011-06-30,development,LV,long_short,10.0,-0.00661602913400989,-0.0074262855442663,0.8102564102564102,-0.02201652373856804,978,195,195
2011-06-30,development,LV,long_short,25.0,-0.00661602913400989,-0.008641670159650915,0.8102564102564102,-0.02201652373856804,978,195,195
2011-06-30,development,MOM,long_only,0.0,-0.029634140067352294,-0.029634140067352294,0.5699481865284974,-0.022020913754185738,969,193,0
2011-06-30,development,MOM,long_only,10.0,-0.029634140067352294,-0.030204088253880792,0.5699481865284974,-0.022020913754185738,969,193,0
2011-06-30,development,MOM,long_only,25.0,-0.029634140067352294,-0.031059010533673537,0.5699481865284974,-0.022020913754185738,969,193,0
2011-06-30,development,MOM,long_short,0.0,0.009207953773774652,0.009207953773774652,1.05699481865285,-0.022020913754185738,969,193,193
2011-06-30,development,MOM,long_short,10.0,0.009207953773774652,0.008150958955121801,1.05699481865285,-0.022020913754185738,969,193,193
2011-06-30,development,MOM,long_short,25.0,0.009207953773774652,0.006565466727142527,1.05699481865285,-0.022020913754185738,969,193,193
2011-06-30,development,QUALITY,long_only,0.0,-0.03916691588555753,-0.03916691588555753,0.3469387755102041,-0.022242327405605118,984,196,0
2011-06-30,development,QUALITY,long_only,10.0,-0.03916691588555753,-0.03951385466106773,0.3469387755102041,-0.022242327405605118,984,196,0
2011-06-30,development,QUALITY,long_only,25.0,-0.03916691588555753,-0.04003426282433303,0.3469387755102041,-0.022242327405605118,984,196,0
2011-06-30,development,QUALITY,long_short,0.0,0.0015638284028467227,0.0015638284028467227,0.9489795918367347,-0.022242327405605118,984,196,196
2011-06-30,development,QUALITY,long_short,10.0,0.0015638284028467227,0.000614848811009988,0.9489795918367347,-0.022242327405605118,984,196,196
2011-06-30,development,QUALITY,long_short,25.0,0.0015638284028467227,-0.0008086205767451143,0.9489795918367347,-0.022242327405605118,984,196,196
2011-06-30,development,SIZE,long_only,0.0,-0.04195223924279663,-0.04195223924279663,0.391959798994975,-0.022440642110492126,995,199,0
2011-06-30,development,SIZE,long_only,10.0,-0.04195223924279663,-0.042344199041791604,0.391959798994975,-0.022440642110492126,995,199,0
2011-06-30,development,SIZE,long_only,25.0,-0.04195223924279663,-0.04293213874028407,0.391959798994975,-0.022440642110492126,995,199,0
2011-06-30,development,SIZE,long_short,0.0,-0.01289312998179499,-0.01289312998179499,0.48241206030150774,-0.022440642110492126,995,199,199
2011-06-30,development,SIZE,long_short,10.0,-0.01289312998179499,-0.013375542042096499,0.48241206030150774,-0.022440642110492126,995,199,199
2011-06-30,development,SIZE,long_short,25.0,-0.01289312998179499,-0.01409916013254876,0.48241206030150774,-0.022440642110492126,995,199,199
2011-06-30,development,VALUE,long_only,0.0,-0.04404296960976978,-0.04404296960976978,0.38341968911917096,-0.022205878876543128,966,193,0
2011-06-30,development,VALUE,long_only,10.0,-0.04404296960976978,-0.04442638929888895,0.38341968911917096,-0.022205878876543128,966,193,0
2011-06-30,development,VALUE,long_only,25.0,-0.04404296960976978,-0.045001518832567707,0.38341968911917096,-0.022205878876543128,966,193,0
2011-06-30,development,VALUE,long_short,0.0,-0.016623564381863236,-0.016623564381863236,0.9015544041450776,-0.022205878876543128,966,193,193
2011-06-30,development,VALUE,long_short,10.0,-0.016623564381863236,-0.017525118786008313,0.9015544041450776,-0.022205878876543128,966,193,193
2011-06-30,development,VALUE,long_short,25.0,-0.016623564381863236,-0.01887745039222593,0.9015544041450776,-0.022205878876543128,966,193,193
2011-07-29,development,COMPOSITE,long_only,0.0,-0.06962807911929862,-0.06962807911929862,0.46153846153846156,-0.05641054449406828,975,195,0
2011-07-29,development,COMPOSITE,long_only,10.0,-0.06962807911929862,-0.07008961758083708,0.46153846153846156,-0.05641054449406828,975,195,0
2011-07-29,development,COMPOSITE,long_only,25.0,-0.06962807911929862,-0.07078192527314478,0.46153846153846156,-0.05641054449406828,975,195,0
2011-07-29,development,COMPOSITE,long_short,0.0,0.006724370605489584,0.006724370605489584,0.8,-0.05641054449406828,975,195,195
2011-07-29,development,COMPOSITE,long_short,10.0,0.006724370605489584,0.005924370605489584,0.8,-0.05641054449406828,975,195,195
2011-07-29,development,COMPOSITE,long_short,25.0,0.006724370605489584,0.004724370605489584,0.8,-0.05641054449406828,975,195,195
2011-07-29,development,LV,long_only,0.0,-0.04222481586426806,-0.04222481586426806,0.31794871794871793,-0.056460096100311725,978,195,0
2011-07-29,development,LV,long_only,10.0,-0.04222481586426806,-0.04254276458221678,0.31794871794871793,-0.056460096100311725,978,195,0
2011-07-29,development,LV,long_only,25.0,-0.04222481586426806,-0.043019687659139855,0.31794871794871793,-0.056460096100311725,978,195,0
2011-07-29,development,LV,long_short,0.0,0.05944196870034242,0.05944196870034242,0.6974358974358974,-0.056460096100311725,978,195,195
2011-07-29,development,LV,long_short,10.0,0.05944196870034242,0.05874453280290652,0.6974358974358974,-0.056460096100311725,978,195,195
2011-07-29,development,LV,long_short,25.0,0.05944196870034242,0.05769837895675268,0.6974358974358974,-0.056460096100311725,978,195,195
2011-07-29,development,MOM,long_only,0.0,-0.09420205680747012,-0.09420205680747012,0.5567010309278352,-0.056315071849836126,972,194,0
2011-07-29,development,MOM,long_only,10.0,-0.09420205680747012,-0.09475875783839796,0.5567010309278352,-0.056315071849836126,972,194,0
2011-07-29,development,MOM,long_only,25.0,-0.09420205680747012,-0.09559380938478972,0.5567010309278352,-0.056315071849836126,972,194,0
2011-07-29,development,MOM,long_short,0.0,-0.017651290979883695,-0.017651290979883695,1.1443298969072169,-0.056315071849836126,972,194,194
2011-07-29,development,MOM,long_short,10.0,-0.017651290979883695,-0.018795620876790913,1.1443298969072169,-0.056315071849836126,972,194,194
2011-07-29,development,MOM,long_short,25.0,-0.017651290979883695,-0.02051211572215174,1.1443298969072169,-0.056315071849836126,972,194,194
2011-07-29,development,QUALITY,long_only,0.0,-0.05882865799999409,-0.05882865799999409,0.10204081632653061,-0.056689511470316006,983,196,0
2011-07-29,development,QUALITY,long_only,10.0,-0.05882865799999409,-0.05893069881632062,0.10204081632653061,-0.056689511470316006,983,196,0
2011-07-29,development,QUALITY,long_only,25.0,-0.05882865799999409,-0.05908376004081042,0.10204081632653061,-0.056689511470316006,983,196,0
2011-07-29,development,QUALITY,long_short,0.0,0.03252749960534682,0.03252749960534682,0.19387755102040816,-0.056689511470316006,983,196,196
2011-07-29,development,QUALITY,long_short,10.0,0.03252749960534682,0.03233362205432642,0.19387755102040816,-0.056689511470316006,983,196,196
2011-07-29,development,QUALITY,long_short,25.0,0.03252749960534682,0.0320428057277958,0.19387755102040816,-0.056689511470316006,983,196,196
2011-07-29,development,SIZE,long_only,0.0,-0.08432401335458654,-0.08432401335458654,0.4120603015075377,-0.056653735622641865,998,199,0
2011-07-29,development,SIZE,long_only,10.0,-0.08432401335458654,-0.08473607365609408,0.4120603015075377,-0.056653735622641865,998,199,0
2011-07-29,development,SIZE,long_only,25.0,-0.08432401335458654,-0.08535416410835539,0.4120603015075377,-0.056653735622641865,998,199,0
2011-07-29,development,SIZE,long_short,0.0,-0.031013319497682643,-0.031013319497682643,0.4723618090452261,-0.056653735622641865,998,199,199
2011-07-29,development,SIZE,long_short,10.0,-0.031013319497682643,-0.03148568130672787,0.4723618090452261,-0.056653735622641865,998,199,199
2011-07-29,development,SIZE,long_short,25.0,-0.031013319497682643,-0.03219422402029571,0.4723618090452261,-0.056653735622641865,998,199,199
2011-07-29,development,VALUE,long_only,0.0,-0.0846209427811497,-0.0846209427811497,0.1865284974093263,-0.05666956474611046,964,192,0
2011-07-29,development,VALUE,long_only,10.0,-0.0846209427811497,-0.08480747127855903,0.1865284974093263,-0.05666956474611046,964,192,0
2011-07-29,development,VALUE,long_only,25.0,-0.0846209427811497,-0.08508726402467302,0.1865284974093263,-0.05666956474611046,964,192,0
2011-07-29,development,VALUE,long_short,0.0,-0.02631903744293083,-0.02631903744293083,0.3523316062176164,-0.05666956474611046,964,192,192
2011-07-29,development,VALUE,long_short,10.0,-0.02631903744293083,-0.026671369049148446,0.3523316062176164,-0.05666956474611046,964,192,192
2011-07-29,development,VALUE,long_short,25.0,-0.02631903744293083,-0.027199866458474872,0.3523316062176164,-0.05666956474611046,964,192,192
2011-08-31,development,COMPOSITE,long_only,0.0,-0.1033739390887762,-0.1033739390887762,0.37948717948717947,-0.07216679186553954,970,194,0
2011-08-31,development,COMPOSITE,long_only,10.0,-0.1033739390887762,-0.10375342626826338,0.37948717948717947,-0.07216679186553954,970,194,0
2011-08-31,development,COMPOSITE,long_only,25.0,-0.1033739390887762,-0.10432265703749416,0.37948717948717947,-0.07216679186553954,970,194,0
2011-08-31,development,COMPOSITE,long_short,0.0,-0.011520257571203084,-0.011520257571203084,0.6666666666666667,-0.07216679186553954,970,194,194
2011-08-31,development,COMPOSITE,long_short,10.0,-0.011520257571203084,-0.01218692423786975,0.6666666666666667,-0.07216679186553954,970,194,194
2011-08-31,development,COMPOSITE,long_short,25.0,-0.011520257571203084,-0.01318692423786975,0.6666666666666667,-0.07216679186553954,970,194,194
2011-08-31,development,LV,long_only,0.0,-0.07268674591009094,-0.07268674591009094,0.4205128205128205,-0.07228971420802256,972,194,0
2011-08-31,development,LV,long_only,10.0,-0.07268674591009094,-0.07310725873060377,0.4205128205128205,-0.07228971420802256,972,194,0
2011-08-31,development,LV,long_only,25.0,-0.07268674591009094,-0.07373802796137299,0.4205128205128205,-0.07228971420802256,972,194,0
2011-08-31,development,LV,long_short,0.0,0.05632316755648198,0.05632316755648198,0.923076923076923,-0.07228971420802256,972,194,194
2011-08-31,development,LV,long_short,10.0,0.05632316755648198,0.05540009063340506,0.923076923076923,-0.07228971420802256,972,194,194
2011-08-31,development,LV,long_short,25.0,0.05632316755648198,0.05401547524878967,0.923076923076923,-0.07228971420802256,972,194,194
2011-08-31,development,MOM,long_only,0.0,-0.12324116739404625,-0.12324116739404625,0.5360824742268041,-0.07227777699142489,970,194,0
2011-08-31,development,MOM,long_only,10.0,-0.12324116739404625,-0.12377724986827306,0.5360824742268041,-0.07227777699142489,970,194,0
2011-08-31,development,MOM,long_only,25.0,-0.12324116739404625,-0.12458137357961327,0.5360824742268041,-0.07227777699142489,970,194,0
2011-08-31,development,MOM,long_short,0.0,-0.02332925575605503,-0.02332925575605503,1.0206185567010309,-0.07227777699142489,970,194,194
2011-08-31,development,MOM,long_short,10.0,-0.02332925575605503,-0.02434987431275606,1.0206185567010309,-0.07227777699142489,970,194,194
2011-08-31,development,MOM,long_short,25.0,-0.02332925575605503,-0.025880802147807608,1.0206185567010309,-0.07227777699142489,970,194,194
2011-08-31,development,QUALITY,long_only,0.0,-0.08081295167489426,-0.08081295167489426,0.15306122448979598,-0.07247399031862191,978,195,0
2011-08-31,development,QUALITY,long_only,10.0,-0.08081295167489426,-0.08096601289938406,0.15306122448979598,-0.07247399031862191,978,195,0
2011-08-31,development,QUALITY,long_only,25.0,-0.08081295167489426,-0.08119560473611875,0.15306122448979598,-0.07247399031862191,978,195,0
2011-08-31,development,QUALITY,long_short,0.0,0.04139855596395648,0.04139855596395648,0.4285714285714287,-0.07247399031862191,978,195,195
2011-08-31,development,QUALITY,long_short,10.0,0.04139855596395648,0.04096998453538505,0.4285714285714287,-0.07247399031862191,978,195,195
2011-08-31,development,QUALITY,long_short,25.0,0.04139855596395648,0.04032712739252791,0.4285714285714287,-0.07247399031862191,978,195,195
2011-08-31,development,SIZE,long_only,0.0,-0.11570233042280803,-0.11570233042280803,0.44221105527638194,-0.07262921502322106,995,199,0
2011-08-31,development,SIZE,long_only,10.0,-0.11570233042280803,-0.11614454147808441,0.44221105527638194,-0.07262921502322106,995,199,0
2011-08-31,development,SIZE,long_only,25.0,-0.11570233042280803,-0.11680785806099898,0.44221105527638194,-0.07262921502322106,995,199,0
2011-08-31,development,SIZE,long_short,0.0,-0.04141441903245516,-0.04141441903245516,0.5025125628140703,-0.07262921502322106,995,199,199
2011-08-31,development,SIZE,long_short,10.0,-0.04141441903245516,-0.04191693159526923,0.5025125628140703,-0.07262921502322106,995,199,199
2011-08-31,development,SIZE,long_short,25.0,-0.04141441903245516,-0.04267070043949033,0.5025125628140703,-0.07262921502322106,995,199,199
2011-08-31,development,VALUE,long_only,0.0,-0.1187499730182415,-0.1187499730182415,0.20833333333333337,-0.07269759683162064,958,191,0
2011-08-31,development,VALUE,long_only,10.0,-0.1187499730182415,-0.11895830635157484,0.20833333333333337,-0.07269759683162064,958,191,0
2011-08-31,development,VALUE,long_only,25.0,-0.1187499730182415,-0.11927080635157483,0.20833333333333337,-0.07269759683162064,958,191,0
2011-08-31,development,VALUE,long_short,0.0,-0.031733948790990806,-0.031733948790990806,0.47916666666666674,-0.07269759683162064,958,191,191
2011-08-31,development,VALUE,long_short,10.0,-0.031733948790990806,-0.032213115457657475,0.47916666666666674,-0.07269759683162064,958,191,191
2011-08-31,development,VALUE,long_short,25.0,-0.031733948790990806,-0.03293186545765747,0.47916666666666674,-0.07269759683162064,958,191,191
2011-09-30,development,COMPOSITE,long_only,0.0,0.15098871307110417,0.15098871307110417,0.5435897435897434,0.11032232314397966,978,195,0
2011-09-30,development,COMPOSITE,long_only,10.0,0.15098871307110417,0.15044512332751442,0.5435897435897434,0.11032232314397966,978,195,0
2011-09-30,development,COMPOSITE,long_only,25.0,0.15098871307110417,0.1496297387121298,0.5435897435897434,0.11032232314397966,978,195,0
2011-09-30,development,COMPOSITE,long_short,0.0,0.016537913833609762,0.016537913833609762,0.9025641025641025,0.11032232314397966,978,195,195
2011-09-30,development,COMPOSITE,long_short,10.0,0.016537913833609762,0.01563534973104566,0.9025641025641025,0.11032232314397966,978,195,195
2011-09-30,development,COMPOSITE,long_short,25.0,0.016537913833609762,0.014281503577199506,0.9025641025641025,0.11032232314397966,978,195,195
2011-09-30,development,LV,long_only,0.0,0.10197324740817804,0.10197324740817804,0.40816326530612246,0.11048638400645455,980,196,0
2011-09-30,development,LV,long_only,10.0,0.10197324740817804,0.10156508414287191,0.40816326530612246,0.11048638400645455,980,196,0
2011-09-30,development,LV,long_only,25.0,0.10197324740817804,0.10095283924491273,0.40816326530612246,0.11048638400645455,980,196,0
2011-09-30,development,LV,long_short,0.0,-0.08214177262296124,-0.08214177262296124,0.9591836734693878,0.11048638400645455,980,196,196
2011-09-30,development,LV,long_short,10.0,-0.08214177262296124,-0.08310095629643063,0.9591836734693878,0.11048638400645455,980,196,196
2011-09-30,development,LV,long_short,25.0,-0.08214177262296124,-0.08453973180663471,0.9591836734693878,0.11048638400645455,980,196,196
2011-09-30,development,MOM,long_only,0.0,0.1747350464704171,0.1747350464704171,0.45360824742268047,0.11008883782130367,973,194,0
2011-09-30,development,MOM,long_only,10.0,0.1747350464704171,0.1742814382229944,0.45360824742268047,0.11008883782130367,973,194,0
2011-09-30,development,MOM,long_only,25.0,0.1747350464704171,0.1736010258518604,0.45360824742268047,0.11008883782130367,973,194,0
2011-09-30,development,MOM,long_short,0.0,0.04569077675440281,0.04569077675440281,1.0309278350515463,0.11008883782130367,973,194,194
2011-09-30,development,MOM,long_short,10.0,0.04569077675440281,0.044659848919351264,1.0309278350515463,0.11008883782130367,973,194,194
2011-09-30,development,MOM,long_short,25.0,0.04569077675440281,0.04311345716677395,1.0309278350515463,0.11008883782130367,973,194,194
2011-09-30,development,QUALITY,long_only,0.0,0.13598697295291123,0.13598697295291123,0.07142857142857151,0.11037325036756596,982,196,0
2011-09-30,development,QUALITY,long_only,10.0,0.13598697295291123,0.13591554438148265,0.07142857142857151,0.11037325036756596,982,196,0
2011-09-30,development,QUALITY,long_only,25.0,0.13598697295291123,0.13580840152433982,0.07142857142857151,0.11037325036756596,982,196,0
2011-09-30,development,QUALITY,long_short,0.0,-0.015724253939603146,-0.015724253939603146,0.23469387755102056,0.11037325036756596,982,196,196
2011-09-30,development,QUALITY,long_short,10.0,-0.015724253939603146,-0.015958947817154165,0.23469387755102056,0.11037325036756596,982,196,196
2011-09-30,development,QUALITY,long_short,25.0,-0.015724253939603146,-0.016310988633480697,0.23469387755102056,0.11037325036756596,982,196,196
2011-09-30,development,SIZE,long_only,0.0,0.17145814867946313,0.17145814867946313,0.4120603015075377,0.1107322473487151,997,199,0
2011-09-30,development,SIZE,long_only,10.0,0.17145814867946313,0.1710460883779556,0.4120603015075377,0.1107322473487151,997,199,0
2011-09-30,development,SIZE,long_only,25.0,0.17145814867946313,0.1704279979256943,0.4120603015075377,0.1107322473487151,997,199,0
2011-09-30,development,SIZE,long_short,0.0,0.05221719687377671,0.05221719687377671,0.5125628140703518,0.1107322473487151,997,199,199
2011-09-30,development,SIZE,long_short,10.0,0.05221719687377671,0.05170463405970636,0.5125628140703518,0.1107322473487151,997,199,199
2011-09-30,development,SIZE,long_short,25.0,0.05221719687377671,0.05093578983860083,0.5125628140703518,0.1107322473487151,997,199,199
2011-09-30,development,VALUE,long_only,0.0,0.1579789633496117,0.1579789633496117,0.27083333333333337,0.11063940032509188,962,192,0
2011-09-30,development,VALUE,long_only,10.0,0.1579789633496117,0.15770813001627837,0.27083333333333337,0.11063940032509188,962,192,0
2011-09-30,development,VALUE,long_only,25.0,0.1579789633496117,0.15730188001627837,0.27083333333333337,0.11063940032509188,962,192,0
2011-09-30,development,VALUE,long_short,0.0,0.03966738424758915,0.03966738424758915,0.5,0.11063940032509188,962,192,192
2011-09-30,development,VALUE,long_short,10.0,0.03966738424758915,0.03916738424758915,0.5,0.11063940032509188,962,192,192
2011-09-30,development,VALUE,long_short,25.0,0.03966738424758915,0.03841738424758915,0.5,0.11063940032509188,962,192,192
2011-10-31,development,COMPOSITE,long_only,0.0,0.0019478999576764654,0.0019478999576764654,0.49230769230769234,-0.002148033435066499,978,195,0
2011-10-31,development,COMPOSITE,long_only,10.0,0.0019478999576764654,0.0014555922653687729,0.49230769230769234,-0.002148033435066499,978,195,0
2011-10-31,development,COMPOSITE,long_only,25.0,0.0019478999576764654,0.0007171307269072346,0.49230769230769234,-0.002148033435066499,978,195,0
2011-10-31,development,COMPOSITE,long_short,0.0,0.023431746601370568,0.023431746601370568,0.8615384615384616,-0.002148033435066499,978,195,195
2011-10-31,development,COMPOSITE,long_short,10.0,0.023431746601370568,0.022570208139832106,0.8615384615384616,-0.002148033435066499,978,195,195
2011-10-31,development,COMPOSITE,long_short,25.0,0.023431746601370568,0.021277900447524412,0.8615384615384616,-0.002148033435066499,978,195,195
2011-10-31,development,LV,long_only,0.0,0.008586974636271914,0.008586974636271914,0.42857142857142855,-0.002128094616716477,980,196,0
2011-10-31,development,LV,long_only,10.0,0.008586974636271914,0.008158403207700485,0.42857142857142855,-0.002128094616716477,980,196,0
2011-10-31,development,LV,long_only,25.0,0.008586974636271914,0.007515546064843343,0.42857142857142855,-0.002128094616716477,980,196,0
2011-10-31,development,LV,long_short,0.0,0.03682181041639151,0.03682181041639151,0.9081632653061222,-0.002128094616716477,980,196,196
2011-10-31,development,LV,long_short,10.0,0.03682181041639151,0.03591364715108539,0.9081632653061222,-0.002128094616716477,980,196,196
2011-10-31,development,LV,long_short,25.0,0.03682181041639151,0.0345514022531262,0.9081632653061222,-0.002128094616716477,980,196,196
2011-10-31,development,MOM,long_only,0.0,-0.0027917792197784414,-0.0027917792197784414,0.5567010309278351,-0.0015647831144586562,971,194,0
2011-10-31,development,MOM,long_only,10.0,-0.0027917792197784414,-0.0033484802507062765,0.5567010309278351,-0.0015647831144586562,971,194,0
2011-10-31,development,MOM,long_only,25.0,-0.0027917792197784414,-0.004183531797098029,0.5567010309278351,-0.0015647831144586562,971,194,0
2011-10-31,development,MOM,long_short,0.0,0.005026325147273299,0.005026325147273299,1.2577319587628866,-0.0015647831144586562,971,194,194
2011-10-31,development,MOM,long_short,10.0,0.005026325147273299,0.0037685931885104128,1.2577319587628866,-0.0015647831144586562,971,194,194
2011-10-31,development,MOM,long_short,25.0,0.005026325147273299,0.001881995250366083,1.2577319587628866,-0.0015647831144586562,971,194,194
2011-10-31,development,QUALITY,long_only,0.0,-0.0001566098128851644,-0.0001566098128851644,0.06122448979591844,-0.0021462536014442537,979,195,0
2011-10-31,development,QUALITY,long_only,10.0,-0.0001566098128851644,-0.00021783430268108284,0.06122448979591844,-0.0021462536014442537,979,195,0
2011-10-31,development,QUALITY,long_only,25.0,-0.0001566098128851644,-0.0003096710373749605,0.06122448979591844,-0.0021462536014442537,979,195,0
2011-10-31,development,QUALITY,long_short,0.0,0.007446742469268663,0.007446742469268663,0.22448979591836749,-0.0021462536014442537,979,195,195
2011-10-31,development,QUALITY,long_short,10.0,0.007446742469268663,0.007222252673350296,0.22448979591836749,-0.0021462536014442537,979,195,195
2011-10-31,development,QUALITY,long_short,25.0,0.007446742469268663,0.006885517979472744,0.22448979591836749,-0.0021462536014442537,979,195,195
2011-10-31,development,SIZE,long_only,0.0,-0.0009430663226423393,-0.0009430663226423393,0.4321608040201005,-0.0022155704058268227,996,199,0
2011-10-31,development,SIZE,long_only,10.0,-0.0009430663226423393,-0.0013752271266624398,0.4321608040201005,-0.0022155704058268227,996,199,0
2011-10-31,development,SIZE,long_only,25.0,-0.0009430663226423393,-0.0020234683326925905,0.4321608040201005,-0.0022155704058268227,996,199,0
2011-10-31,development,SIZE,long_short,0.0,0.001701935843707635,0.001701935843707635,0.5326633165829147,-0.0022155704058268227,996,199,199
2011-10-31,development,SIZE,long_short,10.0,0.001701935843707635,0.00116927252712472,0.5326633165829147,-0.0022155704058268227,996,199,199
2011-10-31,development,SIZE,long_short,25.0,0.001701935843707635,0.00037027755225034834,0.5326633165829147,-0.0022155704058268227,996,199,199
2011-10-31,development,VALUE,long_only,0.0,-0.003292708992656032,-0.003292708992656032,0.27083333333333337,-0.0021511624845979033,958,191,0
2011-10-31,development,VALUE,long_only,10.0,-0.003292708992656032,-0.0035635423259893655,0.27083333333333337,-0.0021511624845979033,958,191,0
2011-10-31,development,VALUE,long_only,25.0,-0.003292708992656032,-0.0039697923259893655,0.27083333333333337,-0.0021511624845979033,958,191,0
2011-10-31,development,VALUE,long_short,0.0,0.001120849792084756,0.001120849792084756,0.4687500000000001,-0.0021511624845979033,958,191,191
2011-10-31,development,VALUE,long_short,10.0,0.001120849792084756,0.0006520997920847559,0.4687500000000001,-0.0021511624845979033,958,191,191
2011-10-31,development,VALUE,long_short,25.0,0.001120849792084756,-5.102520791524438e-05,0.4687500000000001,-0.0021511624845979033,958,191,191
2011-11-30,development,COMPOSITE,long_only,0.0,-0.003495423856081858,-0.003495423856081858,0.46153846153846156,0.0076043565092526804,976,195,0
2011-11-30,development,COMPOSITE,long_only,10.0,-0.003495423856081858,-0.0039569623176203194,0.46153846153846156,0.0076043565092526804,976,195,0
2011-11-30,development,COMPOSITE,long_only,25.0,-0.003495423856081858,-0.004649270009928012,0.46153846153846156,0.0076043565092526804,976,195,0
2011-11-30,development,COMPOSITE,long_short,0.0,0.004011365114523562,0.004011365114523562,0.9333333333333333,0.0076043565092526804,976,195,195
2011-11-30,development,COMPOSITE,long_short,10.0,0.004011365114523562,0.0030780317811902286,0.9333333333333333,0.0076043565092526804,976,195,195
2011-11-30,development,COMPOSITE,long_short,25.0,0.004011365114523562,0.0016780317811902284,0.9333333333333333,0.0076043565092526804,976,195,195
2011-11-30,development,LV,long_only,0.0,0.00621941621986129,0.00621941621986129,0.37755102040816324,0.007519362929116653,981,196,0
2011-11-30,development,LV,long_only,10.0,0.00621941621986129,0.005841865199453127,0.37755102040816324,0.007519362929116653,981,196,0
2011-11-30,development,LV,long_only,25.0,0.00621941621986129,0.005275538668840882,0.37755102040816324,0.007519362929116653,981,196,0
2011-11-30,development,LV,long_short,0.0,0.030707855161283274,0.030707855161283274,0.8265306122448979,0.007519362929116653,981,196,196
2011-11-30,development,LV,long_short,10.0,0.030707855161283274,0.029881324549038375,0.8265306122448979,0.007519362929116653,981,196,196
2011-11-30,development,LV,long_short,25.0,0.030707855161283274,0.02864152863067103,0.8265306122448979,0.007519362929116653,981,196,196
2011-11-30,development,MOM,long_only,0.0,-0.01971765495362697,-0.01971765495362697,0.5567010309278351,0.007641382084703719,971,194,0
2011-11-30,development,MOM,long_only,10.0,-0.01971765495362697,-0.020274355984554807,0.5567010309278351,0.007641382084703719,971,194,0
2011-11-30,development,MOM,long_only,25.0,-0.01971765495362697,-0.021109407530946558,0.5567010309278351,0.007641382084703719,971,194,0
2011-11-30,development,MOM,long_short,0.0,-0.01257058509177532,-0.01257058509177532,1.2061855670103094,0.007641382084703719,971,194,194
2011-11-30,development,MOM,long_short,10.0,-0.01257058509177532,-0.01377677065878563,1.2061855670103094,0.007641382084703719,971,194,194
2011-11-30,development,MOM,long_short,25.0,-0.01257058509177532,-0.015586049009301094,1.2061855670103094,0.007641382084703719,971,194,194
2011-11-30,development,QUALITY,long_only,0.0,-0.00990772820687743,-0.00990772820687743,0.08205128205128205,0.007578636621147769,977,195,0
2011-11-30,development,QUALITY,long_only,10.0,-0.00990772820687743,-0.00998977948892871,0.08205128205128205,0.007578636621147769,977,195,0
2011-11-30,development,QUALITY,long_only,25.0,-0.00990772820687743,-0.010112856412005634,0.08205128205128205,0.007578636621147769,977,195,0
2011-11-30,development,QUALITY,long_short,0.0,-0.009986868475454443,-0.009986868475454443,0.18461538461538463,0.007578636621147769,977,195,195
2011-11-30,development,QUALITY,long_short,10.0,-0.009986868475454443,-0.010171483860069826,0.18461538461538463,0.007578636621147769,977,195,195
2011-11-30,development,QUALITY,long_short,25.0,-0.009986868475454443,-0.010448406936992904,0.18461538461538463,0.007578636621147769,977,195,195
2011-11-30,development,SIZE,long_only,0.0,-0.0003402405800282736,-0.0003402405800282736,0.43216080402010054,0.007496692311180938,996,199,0
2011-11-30,development,SIZE,long_only,10.0,-0.0003402405800282736,-0.0007724013840483741,0.43216080402010054,0.007496692311180938,996,199,0
2011-11-30,development,SIZE,long_only,25.0,-0.0003402405800282736,-0.001420642590078525,0.43216080402010054,0.007496692311180938,996,199,0
2011-11-30,development,SIZE,long_short,0.0,-0.0024194470206732703,-0.0024194470206732703,0.47236180904522607,0.007496692311180938,996,199,199
2011-11-30,development,SIZE,long_short,10.0,-0.0024194470206732703,-0.0028918088297184962,0.47236180904522607,0.007496692311180938,996,199,199
2011-11-30,development,SIZE,long_short,25.0,-0.0024194470206732703,-0.0036003515432863355,0.47236180904522607,0.007496692311180938,996,199,199
2011-11-30,development,VALUE,long_only,0.0,0.0004376520452356042,0.0004376520452356042,0.23036649214659688,0.007711851447070511,956,191,0
2011-11-30,development,VALUE,long_only,10.0,0.0004376520452356042,0.0002072855530890073,0.23036649214659688,0.007711851447070511,956,191,0
2011-11-30,development,VALUE,long_only,25.0,0.0004376520452356042,-0.00013826418513088808,0.23036649214659688,0.007711851447070511,956,191,0
2011-11-30,development,VALUE,long_short,0.0,0.011113596467951544,0.011113596467951544,0.47120418848167545,0.007711851447070511,956,191,191
2011-11-30,development,VALUE,long_short,10.0,0.011113596467951544,0.010642392279469868,0.47120418848167545,0.007711851447070511,956,191,191
2011-11-30,development,VALUE,long_short,25.0,0.011113596467951544,0.009935585996747355,0.47120418848167545,0.007711851447070511,956,191,191
2011-12-30,development,COMPOSITE,long_only,0.0,0.04711627951840672,0.04711627951840672,0.37948717948717947,0.04789840142859078,975,195,0
2011-12-30,development,COMPOSITE,long_only,10.0,0.04711627951840672,0.04673679233891954,0.37948717948717947,0.04789840142859078,975,195,0
2011-12-30,development,COMPOSITE,long_only,25.0,0.04711627951840672,0.04616756156968877,0.37948717948717947,0.04789840142859078,975,195,0
2011-12-30,development,COMPOSITE,long_short,0.0,-0.03904816865459365,-0.03904816865459365,0.6666666666666667,0.04789840142859078,975,195,195
2011-12-30,development,COMPOSITE,long_short,10.0,-0.03904816865459365,-0.03971483532126032,0.6666666666666667,0.04789840142859078,975,195,195
2011-12-30,development,COMPOSITE,long_short,25.0,-0.03904816865459365,-0.040714835321260315,0.6666666666666667,0.04789840142859078,975,195,195
2011-12-30,development,LV,long_only,0.0,0.033878104762637466,0.033878104762637466,0.19387755102040816,0.04787856174153983,980,196,0
2011-12-30,development,LV,long_only,10.0,0.033878104762637466,0.03368422721161706,0.19387755102040816,0.04787856174153983,980,196,0
2011-12-30,development,LV,long_only,25.0,0.033878104762637466,0.03339341088508645,0.19387755102040816,0.04787856174153983,980,196,0
2011-12-30,development,LV,long_short,0.0,-0.07350423135493406,-0.07350423135493406,0.3877551020408163,0.04787856174153983,980,196,196
2011-12-30,development,LV,long_short,10.0,-0.07350423135493406,-0.07389198645697487,0.3877551020408163,0.04787856174153983,980,196,196
2011-12-30,development,LV,long_short,25.0,-0.07350423135493406,-0.0744736191100361,0.3877551020408163,0.04787856174153983,980,196,196
2011-12-30,development,MOM,long_only,0.0,0.054850276262973785,0.054850276262973785,0.4948453608247423,0.04799350831230058,973,194,0
2011-12-30,development,MOM,long_only,10.0,0.054850276262973785,0.054355430902149046,0.4948453608247423,0.04799350831230058,973,194,0
2011-12-30,development,MOM,long_only,25.0,0.054850276262973785,0.05361316286091193,0.4948453608247423,0.04799350831230058,973,194,0
2011-12-30,development,MOM,long_short,0.0,-0.032659175283506606,-0.032659175283506606,0.9484536082474226,0.04799350831230058,973,194,194
2011-12-30,development,MOM,long_short,10.0,-0.032659175283506606,-0.033607628891754025,0.9484536082474226,0.04799350831230058,973,194,194
2011-12-30,development,MOM,long_short,25.0,-0.032659175283506606,-0.035030309304125165,0.9484536082474226,0.04799350831230058,973,194,194
2011-12-30,development,QUALITY,long_only,0.0,0.07355823164800784,0.07355823164800784,0.08205128205128205,0.04786611952321543,977,195,0
2011-12-30,development,QUALITY,long_only,10.0,0.07355823164800784,0.07347618036595656,0.08205128205128205,0.04786611952321543,977,195,0
2011-12-30,development,QUALITY,long_only,25.0,0.07355823164800784,0.07335310344287964,0.08205128205128205,0.04786611952321543,977,195,0
2011-12-30,development,QUALITY,long_short,0.0,-2.9007892848372657e-06,-2.9007892848372657e-06,0.22564102564102564,0.04786611952321543,977,195,195
2011-12-30,development,QUALITY,long_short,10.0,-2.9007892848372657e-06,-0.00022854181492586292,0.22564102564102564,0.04786611952321543,977,195,195
2011-12-30,development,QUALITY,long_short,25.0,-2.9007892848372657e-06,-0.0005670033533874014,0.22564102564102564,0.04786611952321543,977,195,195
2011-12-30,development,SIZE,long_only,0.0,0.06288291847706873,0.06288291847706873,0.3417085427135679,0.04804995284153432,996,199,0
2011-12-30,development,SIZE,long_only,10.0,0.06288291847706873,0.06254120993435516,0.3417085427135679,0.04804995284153432,996,199,0
2011-12-30,development,SIZE,long_only,25.0,0.06288291847706873,0.06202864712028481,0.3417085427135679,0.04804995284153432,996,199,0
2011-12-30,development,SIZE,long_short,0.0,0.014712786391324877,0.014712786391324877,0.44221105527638194,0.04804995284153432,996,199,199
2011-12-30,development,SIZE,long_short,10.0,0.014712786391324877,0.014270575336048495,0.44221105527638194,0.04804995284153432,996,199,199
2011-12-30,development,SIZE,long_short,25.0,0.014712786391324877,0.013607258753133922,0.44221105527638194,0.04804995284153432,996,199,199
2011-12-30,development,VALUE,long_only,0.0,0.06521082758031237,0.06521082758031237,0.1780104712041885,0.04785176743721697,956,191,0
2011-12-30,development,VALUE,long_only,10.0,0.06521082758031237,0.06503281710910817,0.1780104712041885,0.04785176743721697,956,191,0
2011-12-30,development,VALUE,long_only,25.0,0.06521082758031237,0.0647658014023019,0.1780104712041885,0.04785176743721697,956,191,0
2011-12-30,development,VALUE,long_short,0.0,0.002046464876638031,0.002046464876638031,0.3769633507853404,0.04785176743721697,956,191,191
2011-12-30,development,VALUE,long_short,10.0,0.002046464876638031,0.0016695015258526905,0.3769633507853404,0.04785176743721697,956,191,191
2011-12-30,development,VALUE,long_short,25.0,0.002046464876638031,0.0011040564996746796,0.3769633507853404,0.04785176743721697,956,191,191
2012-01-31,development,COMPOSITE,long_only,0.0,0.04569199626446367,0.04569199626446367,0.3794871794871796,0.044996399769309164,968,193,0
2012-01-31,development,COMPOSITE,long_only,10.0,0.04569199626446367,0.04531250908497649,0.3794871794871796,0.044996399769309164,968,193,0
2012-01-31,development,COMPOSITE,long_only,25.0,0.04569199626446367,0.044743278315745726,0.3794871794871796,0.044996399769309164,968,193,0
2012-01-31,development,COMPOSITE,long_short,0.0,0.0005361955173051464,0.0005361955173051464,0.6974358974358976,0.044996399769309164,968,193,193
2012-01-31,development,COMPOSITE,long_short,10.0,0.0005361955173051464,-0.0001612403801307513,0.6974358974358976,0.044996399769309164,968,193,193
2012-01-31,development,COMPOSITE,long_short,25.0,0.0005361955173051464,-0.001207394226284598,0.6974358974358976,0.044996399769309164,968,193,193
2012-01-31,development,LV,long_only,0.0,0.039602770002689254,0.039602770002689254,0.2551020408163266,0.04515242047318509,977,195,0
2012-01-31,development,LV,long_only,10.0,0.039602770002689254,0.039347667961872924,0.2551020408163266,0.04515242047318509,977,195,0
2012-01-31,development,LV,long_only,25.0,0.039602770002689254,0.03896501490064844,0.2551020408163266,0.04515242047318509,977,195,0
2012-01-31,development,LV,long_short,0.0,-0.022632597662248177,-0.022632597662248177,0.5408163265306124,0.04515242047318509,977,195,195
2012-01-31,development,LV,long_short,10.0,-0.022632597662248177,-0.02317341398877879,0.5408163265306124,0.04515242047318509,977,195,195
2012-01-31,development,LV,long_short,25.0,-0.022632597662248177,-0.023984638478574707,0.5408163265306124,0.04515242047318509,977,195,195
2012-01-31,development,MOM,long_only,0.0,0.054053423092630504,0.054053423092630504,0.5154639175257731,0.045024394094281016,970,194,0
2012-01-31,development,MOM,long_only,10.0,0.054053423092630504,0.05353795917510473,0.5154639175257731,0.045024394094281016,970,194,0
2012-01-31,development,MOM,long_only,25.0,0.054053423092630504,0.05276476329881607,0.5154639175257731,0.045024394094281016,970,194,0
2012-01-31,development,MOM,long_short,0.0,0.003133627704655256,0.003133627704655256,1.0618556701030928,0.045024394094281016,970,194,194
2012-01-31,development,MOM,long_short,10.0,0.003133627704655256,0.002071772034552163,1.0618556701030928,0.045024394094281016,970,194,194
2012-01-31,development,MOM,long_short,25.0,0.003133627704655256,0.0004789885293975237,1.0618556701030928,0.045024394094281016,970,194,194
2012-01-31,development,QUALITY,long_only,0.0,0.04481382377075718,0.04481382377075718,0.10256410256410255,0.045030097050194985,970,194,0
2012-01-31,development,QUALITY,long_only,10.0,0.04481382377075718,0.04471125966819308,0.10256410256410255,0.045030097050194985,970,194,0
2012-01-31,development,QUALITY,long_only,25.0,0.04481382377075718,0.04455741351434692,0.10256410256410255,0.045030097050194985,970,194,0
2012-01-31,development,QUALITY,long_short,0.0,-0.005179840633379535,-0.005179840633379535,0.2564102564102564,0.045030097050194985,970,194,194
2012-01-31,development,QUALITY,long_short,10.0,-0.005179840633379535,-0.0054362508897897914,0.2564102564102564,0.045030097050194985,970,194,194
2012-01-31,development,QUALITY,long_short,25.0,-0.005179840633379535,-0.005820866274405177,0.2564102564102564,0.045030097050194985,970,194,194
2012-01-31,development,SIZE,long_only,0.0,0.046430428107850696,0.046430428107850696,0.37185929648241206,0.04520029699044699,995,199,0
2012-01-31,development,SIZE,long_only,10.0,0.046430428107850696,0.046058568811368286,0.37185929648241206,0.04520029699044699,995,199,0
2012-01-31,development,SIZE,long_only,25.0,0.046430428107850696,0.045500779866644664,0.37185929648241206,0.04520029699044699,995,199,0
2012-01-31,development,SIZE,long_short,0.0,0.003022631019944306,0.003022631019944306,0.45226130653266333,0.04520029699044699,995,199,199
2012-01-31,development,SIZE,long_short,10.0,0.003022631019944306,0.002570369713411643,0.45226130653266333,0.04520029699044699,995,199,199
2012-01-31,development,SIZE,long_short,25.0,0.003022631019944306,0.001891977753612648,0.45226130653266333,0.04520029699044699,995,199,199
2012-01-31,development,VALUE,long_only,0.0,0.05765954890774247,0.05765954890774247,0.18848167539267013,0.04470291841191422,951,190,0
2012-01-31,development,VALUE,long_only,10.0,0.05765954890774247,0.0574710672323498,0.18848167539267013,0.04470291841191422,951,190,0
2012-01-31,development,VALUE,long_only,25.0,0.05765954890774247,0.05718834471926079,0.18848167539267013,0.04470291841191422,951,190,0
2012-01-31,development,VALUE,long_short,0.0,0.00981463224769396,0.00981463224769396,0.41884816753926696,0.04470291841191422,951,190,190
2012-01-31,development,VALUE,long_short,10.0,0.00981463224769396,0.009395784080154693,0.41884816753926696,0.04470291841191422,951,190,190
2012-01-31,development,VALUE,long_short,25.0,0.00981463224769396,0.008767511828845793,0.41884816753926696,0.04470291841191422,951,190,190
2012-02-29,development,COMPOSITE,long_only,0.0,0.014908508095219819,0.014908508095219819,0.31958762886597947,0.031388401562052415,971,194,0
2012-02-29,development,COMPOSITE,long_only,10.0,0.014908508095219819,0.01458892046635384,0.31958762886597947,0.031388401562052415,971,194,0
2012-02-29,development,COMPOSITE,long_only,25.0,0.014908508095219819,0.01410953902305487,0.31958762886597947,0.031388401562052415,971,194,0
2012-02-29,development,COMPOSITE,long_short,0.0,-0.0046266579641938005,-0.0046266579641938005,0.6082474226804125,0.031388401562052415,971,194,194
2012-02-29,development,COMPOSITE,long_short,10.0,-0.0046266579641938005,-0.005234905386874213,0.6082474226804125,0.031388401562052415,971,194,194
2012-02-29,development,COMPOSITE,long_short,25.0,-0.0046266579641938005,-0.006147276520894832,0.6082474226804125,0.031388401562052415,971,194,194
2012-02-29,development,LV,long_only,0.0,0.022060344976421252,0.022060344976421252,0.23469387755102047,0.03127525783715493,980,196,0
2012-02-29,development,LV,long_only,10.0,0.022060344976421252,0.021825651098870233,0.23469387755102047,0.03127525783715493,980,196,0
2012-02-29,development,LV,long_only,25.0,0.022060344976421252,0.0214736102825437,0.23469387755102047,0.03127525783715493,980,196,0
2012-02-29,development,LV,long_short,0.0,0.009673158685494532,0.009673158685494532,0.5408163265306124,0.03127525783715493,980,196,196
2012-02-29,development,LV,long_short,10.0,0.009673158685494532,0.00913234235896392,0.5408163265306124,0.03127525783715493,980,196,196
2012-02-29,development,LV,long_short,25.0,0.009673158685494532,0.008321117869168,0.5408163265306124,0.03127525783715493,980,196,196
2012-02-29,development,MOM,long_only,0.0,0.019141205969280213,0.019141205969280213,0.49230769230769234,0.031259224088838015,975,195,0
2012-02-29,development,MOM,long_only,10.0,0.019141205969280213,0.018648898276972522,0.49230769230769234,0.031259224088838015,975,195,0
2012-02-29,development,MOM,long_only,25.0,0.019141205969280213,0.017910436738510983,0.49230769230769234,0.031259224088838015,975,195,0
2012-02-29,development,MOM,long_short,0.0,0.004541936905550155,0.004541936905550155,0.9435897435897436,0.031259224088838015,975,195,195
2012-02-29,development,MOM,long_short,10.0,0.004541936905550155,0.0035983471619604112,0.9435897435897436,0.031259224088838015,975,195,195
2012-02-29,development,MOM,long_short,25.0,0.004541936905550155,0.002182962546575796,0.9435897435897436,0.031259224088838015,975,195,195
2012-02-29,development,QUALITY,long_only,0.0,0.026282942928205343,0.026282942928205343,0.020618556701030927,0.031390024303435536,972,194,0
2012-02-29,development,QUALITY,long_only,10.0,0.026282942928205343,0.02626232437150431,0.020618556701030927,0.031390024303435536,972,194,0
2012-02-29,development,QUALITY,long_only,25.0,0.026282942928205343,0.026231396536452765,0.020618556701030927,0.031390024303435536,972,194,0
2012-02-29,development,QUALITY,long_short,0.0,0.01500519447054826,0.01500519447054826,0.12371134020618557,0.031390024303435536,972,194,194
2012-02-29,development,QUALITY,long_short,10.0,0.01500519447054826,0.014881483130342075,0.12371134020618557,0.031390024303435536,972,194,194
2012-02-29,development,QUALITY,long_short,25.0,0.01500519447054826,0.014695916120032796,0.12371134020618557,0.031390024303435536,972,194,194
2012-02-29,development,SIZE,long_only,0.0,0.016834606237095248,0.016834606237095248,0.3015075376884422,0.031220781227284847,997,199,0
2012-02-29,development,SIZE,long_only,10.0,0.016834606237095248,0.016533098699406806,0.3015075376884422,0.031220781227284847,997,199,0
2012-02-29,development,SIZE,long_only,25.0,0.016834606237095248,0.016080837392874144,0.3015075376884422,0.031220781227284847,997,199,0
2012-02-29,development,SIZE,long_short,0.0,-0.011370890176274632,-0.011370890176274632,0.37185929648241206,0.031220781227284847,997,199,199
2012-02-29,development,SIZE,long_short,10.0,-0.011370890176274632,-0.011742749472757044,0.37185929648241206,0.031220781227284847,997,199,199
2012-02-29,development,SIZE,long_short,25.0,-0.011370890176274632,-0.012300538417480663,0.37185929648241206,0.031220781227284847,997,199,199
2012-02-29,development,VALUE,long_only,0.0,0.002243484985407343,0.002243484985407343,0.22105263157894736,0.03138988969748077,951,190,0
2012-02-29,development,VALUE,long_only,10.0,0.002243484985407343,0.0020224323538283956,0.22105263157894736,0.03138988969748077,951,190,0
2012-02-29,development,VALUE,long_only,25.0,0.002243484985407343,0.0016908534064599746,0.22105263157894736,0.03138988969748077,951,190,0
2012-02-29,development,VALUE,long_short,0.0,-0.022462414486845352,-0.022462414486845352,0.35789473684210527,0.03138988969748077,951,190,190
2012-02-29,development,VALUE,long_short,10.0,-0.022462414486845352,-0.022820309223687458,0.35789473684210527,0.03138988969748077,951,190,190
2012-02-29,development,VALUE,long_short,25.0,-0.022462414486845352,-0.023357151328950616,0.35789473684210527,0.03138988969748077,951,190,190
2012-03-30,development,COMPOSITE,long_only,0.0,0.002257527665485936,0.002257527665485936,0.3298969072164949,-0.007280893510890148,967,193,0
2012-03-30,development,COMPOSITE,long_only,10.0,0.002257527665485936,0.001927630758269441,0.3298969072164949,-0.007280893510890148,967,193,0
2012-03-30,development,COMPOSITE,long_only,25.0,0.002257527665485936,0.0014327853974446987,0.3298969072164949,-0.007280893510890148,967,193,0
2012-03-30,development,COMPOSITE,long_short,0.0,0.024577317357063998,0.024577317357063998,0.6185567010309281,-0.007280893510890148,967,193,193
2012-03-30,development,COMPOSITE,long_short,10.0,0.024577317357063998,0.02395876065603307,0.6185567010309281,-0.007280893510890148,967,193,193
2012-03-30,development,COMPOSITE,long_short,25.0,0.024577317357063998,0.023030925604486677,0.6185567010309281,-0.007280893510890148,967,193,193
2012-03-30,development,LV,long_only,0.0,0.001724507121204311,0.001724507121204311,0.24489795918367352,-0.007285440920230906,978,195,0
2012-03-30,development,LV,long_only,10.0,0.001724507121204311,0.0014796091620206376,0.24489795918367352,-0.007285440920230906,978,195,0
2012-03-30,development,LV,long_only,25.0,0.001724507121204311,0.0011122622232451272,0.24489795918367352,-0.007285440920230906,978,195,0
2012-03-30,development,LV,long_short,0.0,0.023611934605379335,0.023611934605379335,0.4795918367346941,-0.007285440920230906,978,195,195
2012-03-30,development,LV,long_short,10.0,0.023611934605379335,0.02313234276864464,0.4795918367346941,-0.007285440920230906,978,195,195
2012-03-30,development,LV,long_short,25.0,0.023611934605379335,0.0224129550135426,0.4795918367346941,-0.007285440920230906,978,195,195
2012-03-30,development,MOM,long_only,0.0,0.006403950591557203,0.006403950591557203,0.48205128205128206,-0.0073946386053251436,972,194,0
2012-03-30,development,MOM,long_only,10.0,0.006403950591557203,0.0059218993095059205,0.48205128205128206,-0.0073946386053251436,972,194,0
2012-03-30,development,MOM,long_only,25.0,0.006403950591557203,0.005198822386428998,0.48205128205128206,-0.0073946386053251436,972,194,0
2012-03-30,development,MOM,long_short,0.0,0.04059035933854807,0.04059035933854807,1.005128205128205,-0.0073946386053251436,972,194,194
2012-03-30,development,MOM,long_short,10.0,0.04059035933854807,0.039585231133419864,1.005128205128205,-0.0073946386053251436,972,194,194
2012-03-30,development,MOM,long_short,25.0,0.04059035933854807,0.03807753882572756,1.005128205128205,-0.0073946386053251436,972,194,194
2012-03-30,development,QUALITY,long_only,0.0,-0.015607438137245832,-0.015607438137245832,0.0721649484536083,-0.007296824628235438,968,193,0
2012-03-30,development,QUALITY,long_only,10.0,-0.015607438137245832,-0.01567960308569944,0.0721649484536083,-0.007296824628235438,968,193,0
2012-03-30,development,QUALITY,long_only,25.0,-0.015607438137245832,-0.015787850508379855,0.0721649484536083,-0.007296824628235438,968,193,0
2012-03-30,development,QUALITY,long_short,0.0,-0.012531976680938991,-0.012531976680938991,0.22680412371134034,-0.007296824628235438,968,193,193
2012-03-30,development,QUALITY,long_short,10.0,-0.012531976680938991,-0.012758780804650332,0.22680412371134034,-0.007296824628235438,968,193,193
2012-03-30,development,QUALITY,long_short,25.0,-0.012531976680938991,-0.013098986990217342,0.22680412371134034,-0.007296824628235438,968,193,193
2012-03-30,development,SIZE,long_only,0.0,-0.011610997650791564,-0.011610997650791564,0.3316582914572864,-0.007655178200567195,995,199,0
2012-03-30,development,SIZE,long_only,10.0,-0.011610997650791564,-0.01194265594224885,0.3316582914572864,-0.007655178200567195,995,199,0
2012-03-30,development,SIZE,long_only,25.0,-0.011610997650791564,-0.012440143379434781,0.3316582914572864,-0.007655178200567195,995,199,0
2012-03-30,development,SIZE,long_short,0.0,-0.006654261822680201,-0.006654261822680201,0.40201005025125625,-0.007655178200567195,995,199,199
2012-03-30,development,SIZE,long_short,10.0,-0.006654261822680201,-0.007056271872931457,0.40201005025125625,-0.007655178200567195,995,199,199
2012-03-30,development,SIZE,long_short,25.0,-0.006654261822680201,-0.007659286948308341,0.40201005025125625,-0.007655178200567195,995,199,199
2012-03-30,development,VALUE,long_only,0.0,-0.018370907903756922,-0.018370907903756922,0.1894736842105263,-0.0075262064734341015,947,189,0
2012-03-30,development,VALUE,long_only,10.0,-0.018370907903756922,-0.01856038158796745,0.1894736842105263,-0.0075262064734341015,947,189,0
2012-03-30,development,VALUE,long_only,25.0,-0.018370907903756922,-0.01884459211428324,0.1894736842105263,-0.0075262064734341015,947,189,0
2012-03-30,development,VALUE,long_short,0.0,-0.008229983770311668,-0.008229983770311668,0.46315789473684216,-0.0075262064734341015,947,189,189
2012-03-30,development,VALUE,long_short,10.0,-0.008229983770311668,-0.00869314166504851,0.46315789473684216,-0.0075262064734341015,947,189,189
2012-03-30,development,VALUE,long_short,25.0,-0.008229983770311668,-0.009387878507153774,0.46315789473684216,-0.0075262064734341015,947,189,189
2012-04-30,development,COMPOSITE,long_only,0.0,-0.0459392214707806,-0.0459392214707806,0.36269430051813456,-0.06079558591084462,964,192,0
2012-04-30,development,COMPOSITE,long_only,10.0,-0.0459392214707806,-0.04630191577129873,0.36269430051813456,-0.06079558591084462,964,192,0
2012-04-30,development,COMPOSITE,long_only,25.0,-0.0459392214707806,-0.046845957222075935,0.36269430051813456,-0.06079558591084462,964,192,0
2012-04-30,development,COMPOSITE,long_short,0.0,0.054543924506243346,0.054543924506243346,0.7357512953367873,-0.06079558591084462,964,192,192
2012-04-30,development,COMPOSITE,long_short,10.0,0.054543924506243346,0.05380817321090656,0.7357512953367873,-0.06079558591084462,964,192,192
2012-04-30,development,COMPOSITE,long_short,25.0,0.054543924506243346,0.05270454626790138,0.7357512953367873,-0.06079558591084462,964,192,192
2012-04-30,development,LV,long_only,0.0,-0.04868087783611151,-0.04868087783611151,0.15384615384615385,-0.060859980239733075,976,195,0
2012-04-30,development,LV,long_only,10.0,-0.04868087783611151,-0.04883472398995767,0.15384615384615385,-0.060859980239733075,976,195,0
2012-04-30,development,LV,long_only,25.0,-0.04868087783611151,-0.0490654932207269,0.15384615384615385,-0.060859980239733075,976,195,0
2012-04-30,development,LV,long_short,0.0,0.0758487427729791,0.0758487427729791,0.3487179487179487,-0.060859980239733075,976,195,195
2012-04-30,development,LV,long_short,10.0,0.0758487427729791,0.07550002482426114,0.3487179487179487,-0.060859980239733075,976,195,195
2012-04-30,development,LV,long_short,25.0,0.0758487427729791,0.07497694790118423,0.3487179487179487,-0.060859980239733075,976,195,195
2012-04-30,development,MOM,long_only,0.0,-0.06354813128548482,-0.06354813128548482,0.4845360824742269,-0.06077312369355845,969,193,0
2012-04-30,development,MOM,long_only,10.0,-0.06354813128548482,-0.06403266736795905,0.4845360824742269,-0.06077312369355845,969,193,0
2012-04-30,development,MOM,long_only,25.0,-0.06354813128548482,-0.0647594714916704,0.4845360824742269,-0.06077312369355845,969,193,0
2012-04-30,development,MOM,long_short,0.0,0.04047940009287984,0.04047940009287984,0.9896907216494847,-0.06077312369355845,969,193,193
2012-04-30,development,MOM,long_short,10.0,0.04047940009287984,0.03948970937123036,0.9896907216494847,-0.06077312369355845,969,193,193
2012-04-30,development,MOM,long_short,25.0,0.04047940009287984,0.038005173288756126,0.9896907216494847,-0.06077312369355845,969,193,193
2012-04-30,development,QUALITY,long_only,0.0,-0.07079021890210555,-0.07079021890210555,0.04145077720207244,-0.06079558591084462,964,192,0
2012-04-30,development,QUALITY,long_only,10.0,-0.07079021890210555,-0.07083166967930762,0.04145077720207244,-0.06079558591084462,964,192,0
2012-04-30,development,QUALITY,long_only,25.0,-0.07079021890210555,-0.07089384584511073,0.04145077720207244,-0.06079558591084462,964,192,0
2012-04-30,development,QUALITY,long_short,0.0,0.01659615688358868,0.01659615688358868,0.21761658031088066,-0.06079558591084462,964,192,192
2012-04-30,development,QUALITY,long_short,10.0,0.01659615688358868,0.0163785403032778,0.21761658031088066,-0.06079558591084462,964,192,192
2012-04-30,development,QUALITY,long_short,25.0,0.01659615688358868,0.016052115432811476,0.21761658031088066,-0.06079558591084462,964,192,192
2012-04-30,development,SIZE,long_only,0.0,-0.07026943833187412,-0.07026943833187412,0.2914572864321609,-0.06101654742791153,994,198,0
2012-04-30,development,SIZE,long_only,10.0,-0.07026943833187412,-0.07056089561830628,0.2914572864321609,-0.06101654742791153,994,198,0
2012-04-30,development,SIZE,long_only,25.0,-0.07026943833187412,-0.07099808154795452,0.2914572864321609,-0.06101654742791153,994,198,0
2012-04-30,development,SIZE,long_short,0.0,-0.006703095231603935,-0.006703095231603935,0.3517587939698493,-0.06101654742791153,994,198,198
2012-04-30,development,SIZE,long_short,10.0,-0.006703095231603935,-0.007054854025573785,0.3517587939698493,-0.06101654742791153,994,198,198
2012-04-30,development,SIZE,long_short,25.0,-0.006703095231603935,-0.007582492216528559,0.3517587939698493,-0.06101654742791153,994,198,198
2012-04-30,development,VALUE,long_only,0.0,-0.0828792365164512,-0.0828792365164512,0.17989417989417994,-0.06057166183562439,943,188,0
2012-04-30,development,VALUE,long_only,10.0,-0.0828792365164512,-0.08305913069634538,0.17989417989417994,-0.06057166183562439,943,188,0
2012-04-30,development,VALUE,long_only,25.0,-0.0828792365164512,-0.08332897196618665,0.17989417989417994,-0.06057166183562439,943,188,0
2012-04-30,development,VALUE,long_short,0.0,-0.015416323053846633,-0.015416323053846633,0.37037037037037046,-0.06057166183562439,943,188,188
2012-04-30,development,VALUE,long_short,10.0,-0.015416323053846633,-0.015786693424217003,0.37037037037037046,-0.06057166183562439,943,188,188
2012-04-30,development,VALUE,long_short,25.0,-0.015416323053846633,-0.01634224897977256,0.37037037037037046,-0.06057166183562439,943,188,188
2012-05-31,development,COMPOSITE,long_only,0.0,0.02444641678691756,0.02444641678691756,0.2797927461139895,0.03795899373627062,968,193,0
2012-05-31,development,COMPOSITE,long_only,10.0,0.02444641678691756,0.02416662404080357,0.2797927461139895,0.03795899373627062,968,193,0
2012-05-31,development,COMPOSITE,long_only,25.0,0.02444641678691756,0.023746934921632587,0.2797927461139895,0.03795899373627062,968,193,0
2012-05-31,development,COMPOSITE,long_short,0.0,-0.00839133564052821,-0.00839133564052821,0.5803108808290154,0.03795899373627062,968,193,193
2012-05-31,development,COMPOSITE,long_short,10.0,-0.00839133564052821,-0.008971646521357226,0.5803108808290154,0.03795899373627062,968,193,193
2012-05-31,development,COMPOSITE,long_short,25.0,-0.00839133564052821,-0.009842112842600748,0.5803108808290154,0.03795899373627062,968,193,193
2012-05-31,development,LV,long_only,0.0,0.03801345989849178,0.03801345989849178,0.19387755102040827,0.03798171309601053,983,196,0
2012-05-31,development,LV,long_only,10.0,0.03801345989849178,0.037819582347471375,0.19387755102040827,0.03798171309601053,983,196,0
2012-05-31,development,LV,long_only,25.0,0.03801345989849178,0.03752876602094076,0.19387755102040827,0.03798171309601053,983,196,0
2012-05-31,development,LV,long_short,0.0,0.00821219385705015,0.00821219385705015,0.41836734693877564,0.03798171309601053,983,196,196
2012-05-31,development,LV,long_short,10.0,0.00821219385705015,0.0077938265101113735,0.41836734693877564,0.03798171309601053,983,196,196
2012-05-31,development,LV,long_short,25.0,0.00821219385705015,0.00716627548970321,0.41836734693877564,0.03798171309601053,983,196,196
2012-05-31,development,MOM,long_only,0.0,0.017806754669776118,0.017806754669776118,0.4615384615384617,0.03779814389921955,975,195,0
2012-05-31,development,MOM,long_only,10.0,0.017806754669776118,0.017345216208237656,0.4615384615384617,0.03779814389921955,975,195,0
2012-05-31,development,MOM,long_only,25.0,0.017806754669776118,0.016652908515929963,0.4615384615384617,0.03779814389921955,975,195,0
2012-05-31,development,MOM,long_short,0.0,-0.0007278093599041493,-0.0007278093599041493,0.9538461538461538,0.03779814389921955,975,195,195
2012-05-31,development,MOM,long_short,10.0,-0.0007278093599041493,-0.0016816555137503031,0.9538461538461538,0.03779814389921955,975,195,195
2012-05-31,development,MOM,long_short,25.0,-0.0007278093599041493,-0.0031124247445195336,0.9538461538461538,0.03779814389921955,975,195,195
2012-05-31,development,QUALITY,long_only,0.0,0.022030540496600637,0.022030540496600637,0.07253886010362684,0.03795899373627062,968,193,0
2012-05-31,development,QUALITY,long_only,10.0,0.022030540496600637,0.02195800163649701,0.07253886010362684,0.03795899373627062,968,193,0
2012-05-31,development,QUALITY,long_only,25.0,0.022030540496600637,0.02184919334634157,0.07253886010362684,0.03795899373627062,968,193,0
2012-05-31,development,QUALITY,long_short,0.0,-0.017647610835562575,-0.017647610835562575,0.2176165803108807,0.03795899373627062,968,193,193
2012-05-31,development,QUALITY,long_short,10.0,-0.017647610835562575,-0.017865227415873455,0.2176165803108807,0.03795899373627062,968,193,193
2012-05-31,development,QUALITY,long_short,25.0,-0.017647610835562575,-0.018191652286339777,0.2176165803108807,0.03795899373627062,968,193,193
2012-05-31,development,SIZE,long_only,0.0,0.03208244740987003,0.03208244740987003,0.3517587939698493,0.03782476203253343,999,199,0
2012-05-31,development,SIZE,long_only,10.0,0.03208244740987003,0.03173068861590018,0.3517587939698493,0.03782476203253343,999,199,0
2012-05-31,development,SIZE,long_only,25.0,0.03208244740987003,0.031203050424945405,0.3517587939698493,0.03782476203253343,999,199,0
2012-05-31,development,SIZE,long_short,0.0,-0.0005871776144120936,-0.0005871776144120936,0.4321608040201007,0.03782476203253343,999,199,199
2012-05-31,development,SIZE,long_short,10.0,-0.0005871776144120936,-0.0010193384184321943,0.4321608040201007,0.03782476203253343,999,199,199
2012-05-31,development,SIZE,long_short,25.0,-0.0005871776144120936,-0.0016675796244623455,0.4321608040201007,0.03782476203253343,999,199,199
2012-05-31,development,VALUE,long_only,0.0,0.03592012449074308,0.03592012449074308,0.23280423280423287,0.03811864008006392,947,189,0
2012-05-31,development,VALUE,long_only,10.0,0.03592012449074308,0.03568732025793885,0.23280423280423287,0.03811864008006392,947,189,0
2012-05-31,development,VALUE,long_only,25.0,0.03592012449074308,0.0353381139087325,0.23280423280423287,0.03811864008006392,947,189,0
2012-05-31,development,VALUE,long_short,0.0,0.010778868278237824,0.010778868278237824,0.4761904761904763,0.03811864008006392,947,189,189
2012-05-31,development,VALUE,long_short,10.0,0.010778868278237824,0.010302677802047348,0.4761904761904763,0.03811864008006392,947,189,189
2012-05-31,development,VALUE,long_short,25.0,0.010778868278237824,0.009588392087761632,0.4761904761904763,0.03811864008006392,947,189,189
2012-06-29,development,COMPOSITE,long_only,0.0,-0.0004431244666838925,-0.0004431244666838925,0.36269430051813456,0.009873062893190152,962,192,0
2012-06-29,development,COMPOSITE,long_only,10.0,-0.0004431244666838925,-0.0008058187672020272,0.36269430051813456,0.009873062893190152,962,192,0
2012-06-29,development,COMPOSITE,long_only,25.0,-0.0004431244666838925,-0.0013498602179792289,0.36269430051813456,0.009873062893190152,962,192,0
2012-06-29,development,COMPOSITE,long_short,0.0,0.010340851607459005,0.010340851607459005,0.6010362694300516,0.009873062893190152,962,192,192
2012-06-29,development,COMPOSITE,long_short,10.0,0.010340851607459005,0.009739815338028953,0.6010362694300516,0.009873062893190152,962,192,192
2012-06-29,development,COMPOSITE,long_short,25.0,0.010340851607459005,0.008838260933883875,0.6010362694300516,0.009873062893190152,962,192,192
2012-06-29,development,LV,long_only,0.0,0.003655687526351406,0.003655687526351406,0.1938775510204082,0.009941977798264692,977,195,0
2012-06-29,development,LV,long_only,10.0,0.003655687526351406,0.0034618099753309975,0.1938775510204082,0.009941977798264692,977,195,0
2012-06-29,development,LV,long_only,25.0,0.003655687526351406,0.0031709936488003854,0.1938775510204082,0.009941977798264692,977,195,0
2012-06-29,development,LV,long_short,0.0,0.021204992284983265,0.021204992284983265,0.46938775510204095,0.009941977798264692,977,195,195
2012-06-29,development,LV,long_short,10.0,0.021204992284983265,0.020735604529881223,0.46938775510204095,0.009941977798264692,977,195,195
2012-06-29,development,LV,long_short,25.0,0.021204992284983265,0.020031522897228163,0.46938775510204095,0.009941977798264692,977,195,195
2012-06-29,development,MOM,long_only,0.0,0.006051482655968777,0.006051482655968777,0.523076923076923,0.009940971761360674,970,194,0
2012-06-29,development,MOM,long_only,10.0,0.006051482655968777,0.005528405732891854,0.523076923076923,0.009940971761360674,970,194,0
2012-06-29,development,MOM,long_only,25.0,0.006051482655968777,0.00474379034827647,0.523076923076923,0.009940971761360674,970,194,0
2012-06-29,development,MOM,long_short,0.0,0.0244744400378899,0.0244744400378899,0.9435897435897436,0.009940971761360674,970,194,194
2012-06-29,development,MOM,long_short,10.0,0.0244744400378899,0.023530850294300156,0.9435897435897436,0.009940971761360674,970,194,194
2012-06-29,development,MOM,long_short,25.0,0.0244744400378899,0.022115465678915543,0.9435897435897436,0.009940971761360674,970,194,194
2012-06-29,development,QUALITY,long_only,0.0,-0.011212271490105202,-0.011212271490105202,0.13471502590673565,0.009873062893190152,962,192,0
2012-06-29,development,QUALITY,long_only,10.0,-0.011212271490105202,-0.011346986516011938,0.13471502590673565,0.009873062893190152,962,192,0
2012-06-29,development,QUALITY,long_only,25.0,-0.011212271490105202,-0.011549059054872041,0.13471502590673565,0.009873062893190152,962,192,0
2012-06-29,development,QUALITY,long_short,0.0,-0.011456658831591408,-0.011456658831591408,0.2383419689119169,0.009873062893190152,962,192,192
2012-06-29,development,QUALITY,long_short,10.0,-0.011456658831591408,-0.011695000800503326,0.2383419689119169,0.009873062893190152,962,192,192
2012-06-29,development,QUALITY,long_short,25.0,-0.011456658831591408,-0.0120525137538712,0.2383419689119169,0.009873062893190152,962,192,192
2012-06-29,development,SIZE,long_only,0.0,-0.021017493564050697,-0.021017493564050697,0.271356783919598,0.0094020184776183,995,199,0
2012-06-29,development,SIZE,long_only,10.0,-0.021017493564050697,-0.021288850347970296,0.271356783919598,0.0094020184776183,995,199,0
2012-06-29,development,SIZE,long_only,25.0,-0.021017493564050697,-0.02169588552384969,0.271356783919598,0.0094020184776183,995,199,0
2012-06-29,development,SIZE,long_short,0.0,-0.02665585331180797,-0.02665585331180797,0.3316582914572864,0.0094020184776183,995,199,199
2012-06-29,development,SIZE,long_short,10.0,-0.02665585331180797,-0.026987511603265256,0.3316582914572864,0.0094020184776183,995,199,199
2012-06-29,development,SIZE,long_short,25.0,-0.02665585331180797,-0.027484999040451184,0.3316582914572864,0.0094020184776183,995,199,199
2012-06-29,development,VALUE,long_only,0.0,-0.005444843671296633,-0.005444843671296633,0.17989417989417994,0.00985228224614668,941,188,0
2012-06-29,development,VALUE,long_only,10.0,-0.005444843671296633,-0.0056247378511908135,0.17989417989417994,0.00985228224614668,941,188,0
2012-06-29,development,VALUE,long_only,25.0,-0.005444843671296633,-0.005894579121032083,0.17989417989417994,0.00985228224614668,941,188,0
2012-06-29,development,VALUE,long_short,0.0,-0.003235273857825397,-0.003235273857825397,0.4126984126984128,0.00985228224614668,941,188,188
2012-06-29,development,VALUE,long_short,10.0,-0.003235273857825397,-0.0036479722705238097,0.4126984126984128,0.00985228224614668,941,188,188
2012-06-29,development,VALUE,long_short,25.0,-0.003235273857825397,-0.004267019889571429,0.4126984126984128,0.00985228224614668,941,188,188
2012-07-31,development,COMPOSITE,long_only,0.0,0.02567763112149901,0.02567763112149901,0.4948453608247423,0.02526652360641187,974,194,0
2012-07-31,development,COMPOSITE,long_only,10.0,0.02567763112149901,0.02518278576067427,0.4948453608247423,0.02526652360641187,974,194,0
2012-07-31,development,COMPOSITE,long_only,25.0,0.02567763112149901,0.024440517719437158,0.4948453608247423,0.02526652360641187,974,194,0
2012-07-31,development,COMPOSITE,long_short,0.0,-0.017523054830495776,-0.017523054830495776,0.8865979381443299,0.02526652360641187,974,194,194
2012-07-31,development,COMPOSITE,long_short,10.0,-0.017523054830495776,-0.018409652768640105,0.8865979381443299,0.02526652360641187,974,194,194
2012-07-31,development,COMPOSITE,long_short,25.0,-0.017523054830495776,-0.019739549675856602,0.8865979381443299,0.02526652360641187,974,194,194
2012-07-31,development,LV,long_only,0.0,0.02265658435444124,0.02265658435444124,0.17435897435897435,0.025243412067425086,978,195,0
2012-07-31,development,LV,long_only,10.0,0.02265658435444124,0.022482225380082266,0.17435897435897435,0.025243412067425086,978,195,0
2012-07-31,development,LV,long_only,25.0,0.02265658435444124,0.022220686918543803,0.17435897435897435,0.025243412067425086,978,195,0
2012-07-31,development,LV,long_short,0.0,-0.03964065315625875,-0.03964065315625875,0.38974358974358975,0.025243412067425086,978,195,195
2012-07-31,development,LV,long_short,10.0,-0.03964065315625875,-0.04003039674600234,0.38974358974358975,0.025243412067425086,978,195,195
2012-07-31,development,LV,long_short,25.0,-0.03964065315625875,-0.040615012130617724,0.38974358974358975,0.025243412067425086,978,195,195
2012-07-31,development,MOM,long_only,0.0,0.038573947513053,0.038573947513053,0.5567010309278351,0.02512980997670313,974,194,0
2012-07-31,development,MOM,long_only,10.0,0.038573947513053,0.038017246482125164,0.5567010309278351,0.02512980997670313,974,194,0
2012-07-31,development,MOM,long_only,25.0,0.038573947513053,0.03718219493573341,0.5567010309278351,0.02512980997670313,974,194,0
2012-07-31,development,MOM,long_short,0.0,-0.013600006332993908,-0.013600006332993908,0.979381443298969,0.02512980997670313,974,194,194
2012-07-31,development,MOM,long_short,10.0,-0.013600006332993908,-0.014579387776292876,0.979381443298969,0.02512980997670313,974,194,194
2012-07-31,development,MOM,long_short,25.0,-0.013600006332993908,-0.01604845994124133,0.979381443298969,0.02512980997670313,974,194,194
2012-07-31,development,QUALITY,long_only,0.0,0.03564810172293885,0.03564810172293885,0.29591836734693877,0.025096796236493843,981,196,0
2012-07-31,development,QUALITY,long_only,10.0,0.03564810172293885,0.03535218335559191,0.29591836734693877,0.025096796236493843,981,196,0
2012-07-31,development,QUALITY,long_only,25.0,0.03564810172293885,0.0349083058045715,0.29591836734693877,0.025096796236493843,981,196,0
2012-07-31,development,QUALITY,long_short,0.0,-0.012855941339504292,-0.012855941339504292,0.7755102040816326,0.025096796236493843,981,196,196
2012-07-31,development,QUALITY,long_short,10.0,-0.012855941339504292,-0.013631451543585924,0.7755102040816326,0.025096796236493843,981,196,196
2012-07-31,development,QUALITY,long_short,25.0,-0.012855941339504292,-0.014794716849708374,0.7755102040816326,0.025096796236493843,981,196,196
2012-07-31,development,SIZE,long_only,0.0,0.0481367692381251,0.0481367692381251,0.371859296482412,0.025003438904849552,996,199,0
2012-07-31,development,SIZE,long_only,10.0,0.0481367692381251,0.04776490994164269,0.371859296482412,0.025003438904849552,996,199,0
2012-07-31,development,SIZE,long_only,25.0,0.0481367692381251,0.047207120996919066,0.371859296482412,0.025003438904849552,996,199,0
2012-07-31,development,SIZE,long_short,0.0,0.02472109012275655,0.02472109012275655,0.4522613065326634,0.025003438904849552,996,199,199
2012-07-31,development,SIZE,long_short,10.0,0.02472109012275655,0.024268828816223886,0.4522613065326634,0.025003438904849552,996,199,199
2012-07-31,development,SIZE,long_short,25.0,0.02472109012275655,0.023590436856424892,0.4522613065326634,0.025003438904849552,996,199,199
2012-07-31,development,VALUE,long_only,0.0,0.04752379293105831,0.04752379293105831,0.34375,0.025298754849327542,960,192,0
2012-07-31,development,VALUE,long_only,10.0,0.04752379293105831,0.04718004293105831,0.34375,0.025298754849327542,960,192,0
2012-07-31,development,VALUE,long_only,25.0,0.04752379293105831,0.04666441793105831,0.34375,0.025298754849327542,960,192,0
2012-07-31,development,VALUE,long_short,0.0,0.008368445404545916,0.008368445404545916,0.75,0.025298754849327542,960,192,192
2012-07-31,development,VALUE,long_short,10.0,0.008368445404545916,0.0076184454045459165,0.75,0.025298754849327542,960,192,192
2012-07-31,development,VALUE,long_short,25.0,0.008368445404545916,0.006493445404545916,0.75,0.025298754849327542,960,192,192
2012-08-31,development,COMPOSITE,long_only,0.0,0.019025035864332386,0.019025035864332386,0.3877551020408163,0.02586282798382196,980,196,0
2012-08-31,development,COMPOSITE,long_only,10.0,0.019025035864332386,0.01863728076229157,0.3877551020408163,0.02586282798382196,980,196,0
2012-08-31,development,COMPOSITE,long_only,25.0,0.019025035864332386,0.018055648109230344,0.3877551020408163,0.02586282798382196,980,196,0
2012-08-31,development,COMPOSITE,long_short,0.0,-0.001465279184030213,-0.001465279184030213,0.7551020408163266,0.02586282798382196,980,196,196
2012-08-31,development,COMPOSITE,long_short,10.0,-0.001465279184030213,-0.00222038122484654,0.7551020408163266,0.02586282798382196,980,196,196
2012-08-31,development,COMPOSITE,long_short,25.0,-0.001465279184030213,-0.0033530342860710297,0.7551020408163266,0.02586282798382196,980,196,196
2012-08-31,development,LV,long_only,0.0,0.020293077066935682,0.020293077066935682,0.26530612244897966,0.025900242647510986,982,196,0
2012-08-31,development,LV,long_only,10.0,0.020293077066935682,0.020027770944486704,0.26530612244897966,0.025900242647510986,982,196,0
2012-08-31,development,LV,long_only,25.0,0.020293077066935682,0.019629811760813232,0.26530612244897966,0.025900242647510986,982,196,0
2012-08-31,development,LV,long_short,0.0,0.0025493366951079483,0.0025493366951079483,0.4795918367346941,0.025900242647510986,982,196,196
2012-08-31,development,LV,long_short,10.0,0.0025493366951079483,0.002069744858373254,0.4795918367346941,0.025900242647510986,982,196,196
2012-08-31,development,LV,long_short,25.0,0.0025493366951079483,0.001350357103271213,0.4795918367346941,0.025900242647510986,982,196,196
2012-08-31,development,MOM,long_only,0.0,0.015821341577291443,0.015821341577291443,0.5102040816326531,0.025914928553524758,980,196,0
2012-08-31,development,MOM,long_only,10.0,0.015821341577291443,0.01531113749565879,0.5102040816326531,0.025914928553524758,980,196,0
2012-08-31,development,MOM,long_only,25.0,0.015821341577291443,0.01454583137320981,0.5102040816326531,0.025914928553524758,980,196,0
2012-08-31,development,MOM,long_short,0.0,-0.006480336069813066,-0.006480336069813066,0.9693877551020408,0.025914928553524758,980,196,196
2012-08-31,development,MOM,long_short,10.0,-0.006480336069813066,-0.007449723824915107,0.9693877551020408,0.025914928553524758,980,196,196
2012-08-31,development,MOM,long_short,25.0,-0.006480336069813066,-0.008903805457568168,0.9693877551020408,0.025914928553524758,980,196,196
2012-08-31,development,QUALITY,long_only,0.0,0.01380663238532116,0.01380663238532116,0.09183673469387754,0.025850062264646492,984,196,0
2012-08-31,development,QUALITY,long_only,10.0,0.01380663238532116,0.013714795650627281,0.09183673469387754,0.025850062264646492,984,196,0
2012-08-31,development,QUALITY,long_only,25.0,0.01380663238532116,0.013577040548586466,0.09183673469387754,0.025850062264646492,984,196,0
2012-08-31,development,QUALITY,long_short,0.0,-0.0073553475855614265,-0.0073553475855614265,0.20408163265306123,0.025850062264646492,984,196,196
2012-08-31,development,QUALITY,long_short,10.0,-0.0073553475855614265,-0.007559429218214488,0.20408163265306123,0.025850062264646492,984,196,196
2012-08-31,development,QUALITY,long_short,25.0,-0.0073553475855614265,-0.00786555166719408,0.20408163265306123,0.025850062264646492,984,196,196
2012-08-31,development,SIZE,long_only,0.0,0.020685563266946882,0.020685563266946882,0.2914572864321608,0.026325231984988297,999,199,0
2012-08-31,development,SIZE,long_only,10.0,0.020685563266946882,0.02039410598051472,0.2914572864321608,0.026325231984988297,999,199,0
2012-08-31,development,SIZE,long_only,25.0,0.020685563266946882,0.01995692005086648,0.2914572864321608,0.026325231984988297,999,199,0
2012-08-31,development,SIZE,long_short,0.0,-0.0023670861457752595,-0.0023670861457752595,0.3417085427135679,0.026325231984988297,999,199,199
2012-08-31,development,SIZE,long_short,10.0,-0.0023670861457752595,-0.002708794688488827,0.3417085427135679,0.026325231984988297,999,199,199
2012-08-31,development,SIZE,long_short,25.0,-0.0023670861457752595,-0.0032213575025591794,0.3417085427135679,0.026325231984988297,999,199,199
2012-08-31,development,VALUE,long_only,0.0,0.028361077929177296,0.028361077929177296,0.21874999999999997,0.02589836581317375,963,192,0
2012-08-31,development,VALUE,long_only,10.0,0.028361077929177296,0.028142327929177296,0.21874999999999997,0.02589836581317375,963,192,0
2012-08-31,development,VALUE,long_only,25.0,0.028361077929177296,0.027814202929177297,0.21874999999999997,0.02589836581317375,963,192,0
2012-08-31,development,VALUE,long_short,0.0,0.009892243775085869,0.009892243775085869,0.3645833333333333,0.02589836581317375,963,192,192
2012-08-31,development,VALUE,long_short,10.0,0.009892243775085869,0.009527660441752536,0.3645833333333333,0.02589836581317375,963,192,192
2012-08-31,development,VALUE,long_short,25.0,0.009892243775085869,0.008980785441752535,0.3645833333333333,0.02589836581317375,963,192,192
2012-09-28,development,COMPOSITE,long_only,0.0,-0.01369429573446384,-0.01369429573446384,0.4081632653061225,-0.016876094086631155,974,194,0
2012-09-28,development,COMPOSITE,long_only,10.0,-0.01369429573446384,-0.014102458999769963,0.4081632653061225,-0.016876094086631155,974,194,0
2012-09-28,development,COMPOSITE,long_only,25.0,-0.01369429573446384,-0.014714703897729147,0.4081632653061225,-0.016876094086631155,974,194,0
2012-09-28,development,COMPOSITE,long_short,0.0,0.0038551353319098915,0.0038551353319098915,0.8265306122448981,-0.016876094086631155,974,194,194
2012-09-28,development,COMPOSITE,long_short,10.0,0.0038551353319098915,0.0030286047196649932,0.8265306122448981,-0.016876094086631155,974,194,194
2012-09-28,development,COMPOSITE,long_short,25.0,0.0038551353319098915,0.001788808801297646,0.8265306122448981,-0.016876094086631155,974,194,194
2012-09-28,development,LV,long_only,0.0,-0.011781789873367941,-0.011781789873367941,0.2959183673469388,-0.016848242249446303,976,195,0
2012-09-28,development,LV,long_only,10.0,-0.011781789873367941,-0.01207770824071488,0.2959183673469388,-0.016848242249446303,976,195,0
2012-09-28,development,LV,long_only,25.0,-0.011781789873367941,-0.012521585791735288,0.2959183673469388,-0.016848242249446303,976,195,0
2012-09-28,development,LV,long_short,0.0,-0.00045671881996526414,-0.00045671881996526414,0.6224489795918369,-0.016848242249446303,976,195,195
2012-09-28,development,LV,long_short,10.0,-0.00045671881996526414,-0.0010791677995571009,0.6224489795918369,-0.016848242249446303,976,195,195
2012-09-28,development,LV,long_short,25.0,-0.00045671881996526414,-0.0020128412689448564,0.6224489795918369,-0.016848242249446303,976,195,195
2012-09-28,development,MOM,long_only,0.0,-0.005872881499559413,-0.005872881499559413,0.6020408163265306,-0.01695208308724168,972,194,0
2012-09-28,development,MOM,long_only,10.0,-0.005872881499559413,-0.006474922315885943,0.6020408163265306,-0.01695208308724168,972,194,0
2012-09-28,development,MOM,long_only,25.0,-0.005872881499559413,-0.007377983540375739,0.6020408163265306,-0.01695208308724168,972,194,0
2012-09-28,development,MOM,long_short,0.0,0.0015432200921698652,0.0015432200921698652,1.0816326530612246,-0.01695208308724168,972,194,194
2012-09-28,development,MOM,long_short,10.0,0.0015432200921698652,0.00046158743910864057,1.0816326530612246,-0.01695208308724168,972,194,194
2012-09-28,development,MOM,long_short,25.0,0.0015432200921698652,-0.0011608615404831964,1.0816326530612246,-0.01695208308724168,972,194,194
2012-09-28,development,QUALITY,long_only,0.0,-0.02091223058322637,-0.02091223058322637,0.09183673469387764,-0.01690602621205311,976,195,0
2012-09-28,development,QUALITY,long_only,10.0,-0.02091223058322637,-0.021004067317920247,0.09183673469387764,-0.01690602621205311,976,195,0
2012-09-28,development,QUALITY,long_only,25.0,-0.02091223058322637,-0.021141822419961064,0.09183673469387764,-0.01690602621205311,976,195,0
2012-09-28,development,QUALITY,long_short,0.0,-0.019292940651788305,-0.019292940651788305,0.2142857142857144,-0.01690602621205311,976,195,195
2012-09-28,development,QUALITY,long_short,10.0,-0.019292940651788305,-0.01950722636607402,0.2142857142857144,-0.01690602621205311,976,195,195
2012-09-28,development,QUALITY,long_short,25.0,-0.019292940651788305,-0.01982865493750259,0.2142857142857144,-0.01690602621205311,976,195,195
2012-09-28,development,SIZE,long_only,0.0,-0.0033785918756326022,-0.0033785918756326022,0.3015075376884423,-0.01694417575332094,994,198,0
2012-09-28,development,SIZE,long_only,10.0,-0.0033785918756326022,-0.0036800994133210445,0.3015075376884423,-0.01694417575332094,994,198,0
2012-09-28,development,SIZE,long_only,25.0,-0.0033785918756326022,-0.004132360719853708,0.3015075376884423,-0.01694417575332094,994,198,0
2012-09-28,development,SIZE,long_short,0.0,0.0036986627559019766,0.0036986627559019766,0.3618090452261308,-0.01694417575332094,994,198,198
2012-09-28,development,SIZE,long_short,10.0,0.0036986627559019766,0.0033368537106758457,0.3618090452261308,-0.01694417575332094,994,198,198
2012-09-28,development,SIZE,long_short,25.0,0.0036986627559019766,0.0027941401428366497,0.3618090452261308,-0.01694417575332094,994,198,198
2012-09-28,development,VALUE,long_only,0.0,0.003667813984920383,0.003667813984920383,0.1770833333333334,-0.016911618078509525,955,191,0
2012-09-28,development,VALUE,long_only,10.0,0.003667813984920383,0.0034907306515870496,0.1770833333333334,-0.016911618078509525,955,191,0
2012-09-28,development,VALUE,long_only,25.0,0.003667813984920383,0.0032251056515870493,0.1770833333333334,-0.016911618078509525,955,191,0
2012-09-28,development,VALUE,long_short,0.0,0.012330120711887549,0.012330120711887549,0.3333333333333335,-0.016911618078509525,955,191,191
2012-09-28,development,VALUE,long_short,10.0,0.012330120711887549,0.011996787378554216,0.3333333333333335,-0.016911618078509525,955,191,191
2012-09-28,development,VALUE,long_short,25.0,0.012330120711887549,0.011496787378554215,0.3333333333333335,-0.016911618078509525,955,191,191
2012-10-31,development,COMPOSITE,long_only,0.0,0.018804081267530817,0.018804081267530817,0.4387755102040817,0.006979387439554384,980,196,0
2012-10-31,development,COMPOSITE,long_only,10.0,0.018804081267530817,0.018365305757326734,0.4387755102040817,0.006979387439554384,980,196,0
2012-10-31,development,COMPOSITE,long_only,25.0,0.018804081267530817,0.017707142492020614,0.4387755102040817,0.006979387439554384,980,196,0
2012-10-31,development,COMPOSITE,long_short,0.0,0.004411448859236599,0.004411448859236599,0.9591836734693877,0.006979387439554384,980,196,196
2012-10-31,development,COMPOSITE,long_short,10.0,0.004411448859236599,0.003452265185767211,0.9591836734693877,0.006979387439554384,980,196,196
2012-10-31,development,COMPOSITE,long_short,25.0,0.004411448859236599,0.0020134896755631296,0.9591836734693877,0.006979387439554384,980,196,196
2012-10-31,development,LV,long_only,0.0,0.02026430746935527,0.02026430746935527,0.33673469387755106,0.007097439754633009,982,196,0
2012-10-31,development,LV,long_only,10.0,0.02026430746935527,0.019927572775477718,0.33673469387755106,0.007097439754633009,982,196,0
2012-10-31,development,LV,long_only,25.0,0.02026430746935527,0.01942247073466139,0.33673469387755106,0.007097439754633009,982,196,0
2012-10-31,development,LV,long_short,0.0,-0.004478211702617935,-0.004478211702617935,0.7142857142857144,0.007097439754633009,982,196,196
2012-10-31,development,LV,long_short,10.0,-0.004478211702617935,-0.0051924974169036495,0.7142857142857144,0.007097439754633009,982,196,196
2012-10-31,development,LV,long_short,25.0,-0.004478211702617935,-0.006263925988332222,0.7142857142857144,0.007097439754633009,982,196,196
2012-10-31,development,MOM,long_only,0.0,0.02059353597846897,0.02059353597846897,0.6153846153846154,0.007000835440023568,977,195,0
2012-10-31,development,MOM,long_only,10.0,0.02059353597846897,0.019978151363084354,0.6153846153846154,0.007000835440023568,977,195,0
2012-10-31,development,MOM,long_only,25.0,0.02059353597846897,0.01905507444000743,0.6153846153846154,0.007000835440023568,977,195,0
2012-10-31,development,MOM,long_short,0.0,0.009757251557795478,0.009757251557795478,1.241025641025641,0.007000835440023568,977,195,195
2012-10-31,development,MOM,long_short,10.0,0.009757251557795478,0.008516225916769836,1.241025641025641,0.007000835440023568,977,195,195
2012-10-31,development,MOM,long_short,25.0,0.009757251557795478,0.0066546874552313754,1.241025641025641,0.007000835440023568,977,195,195
2012-10-31,development,QUALITY,long_only,0.0,0.025638102196927113,0.025638102196927113,0.09183673469387763,0.007000183524241475,981,196,0
2012-10-31,development,QUALITY,long_only,10.0,0.025638102196927113,0.025546265462233236,0.09183673469387763,0.007000183524241475,981,196,0
2012-10-31,development,QUALITY,long_only,25.0,0.025638102196927113,0.02540851036019242,0.09183673469387763,0.007000183524241475,981,196,0
2012-10-31,development,QUALITY,long_short,0.0,-0.003958302639255713,-0.003958302639255713,0.2653061224489798,0.007000183524241475,981,196,196
2012-10-31,development,QUALITY,long_short,10.0,-0.003958302639255713,-0.004223608761704693,0.2653061224489798,0.007000183524241475,981,196,196
2012-10-31,development,QUALITY,long_short,25.0,-0.003958302639255713,-0.004621567945378162,0.2653061224489798,0.007000183524241475,981,196,196
2012-10-31,development,SIZE,long_only,0.0,0.016784845748722448,0.016784845748722448,0.3115577889447237,0.007877305437694632,999,199,0
2012-10-31,development,SIZE,long_only,10.0,0.016784845748722448,0.016473287959777726,0.3115577889447237,0.007877305437694632,999,199,0
2012-10-31,development,SIZE,long_only,25.0,0.016784845748722448,0.01600595127636064,0.3115577889447237,0.007877305437694632,999,199,0
2012-10-31,development,SIZE,long_short,0.0,0.007825337809871838,0.007825337809871838,0.3718592964824122,0.007877305437694632,999,199,199
2012-10-31,development,SIZE,long_short,10.0,0.007825337809871838,0.007453478513389426,0.3718592964824122,0.007877305437694632,999,199,199
2012-10-31,development,SIZE,long_short,25.0,0.007825337809871838,0.006895689568665807,0.3718592964824122,0.007877305437694632,999,199,199
2012-10-31,development,VALUE,long_only,0.0,0.010690180483516465,0.010690180483516465,0.19791666666666674,0.0068254879047841485,960,192,0
2012-10-31,development,VALUE,long_only,10.0,0.010690180483516465,0.010492263816849798,0.19791666666666674,0.0068254879047841485,960,192,0
2012-10-31,development,VALUE,long_only,25.0,0.010690180483516465,0.010195388816849798,0.19791666666666674,0.0068254879047841485,960,192,0
2012-10-31,development,VALUE,long_short,0.0,-0.002077884656193081,-0.002077884656193081,0.3750000000000001,0.0068254879047841485,960,192,192
2012-10-31,development,VALUE,long_short,10.0,-0.002077884656193081,-0.0024528846561930814,0.3750000000000001,0.0068254879047841485,960,192,192
2012-10-31,development,VALUE,long_short,25.0,-0.002077884656193081,-0.0030153846561930815,0.3750000000000001,0.0068254879047841485,960,192,192
2012-11-30,development,COMPOSITE,long_only,0.0,0.022589203502508995,0.022589203502508995,0.3163265306122449,0.010233868645974697,974,194,0
2012-11-30,development,COMPOSITE,long_only,10.0,0.022589203502508995,0.02227287697189675,0.3163265306122449,0.010233868645974697,974,194,0
2012-11-30,development,COMPOSITE,long_only,25.0,0.022589203502508995,0.021798387175978384,0.3163265306122449,0.010233868645974697,974,194,0
2012-11-30,development,COMPOSITE,long_short,0.0,-0.010142270427390807,-0.010142270427390807,0.6224489795918369,0.010233868645974697,974,194,194
2012-11-30,development,COMPOSITE,long_short,10.0,-0.010142270427390807,-0.010764719406982644,0.6224489795918369,0.010233868645974697,974,194,194
2012-11-30,development,COMPOSITE,long_short,25.0,-0.010142270427390807,-0.011698392876370398,0.6224489795918369,0.010233868645974697,974,194,194
2012-11-30,development,LV,long_only,0.0,0.010183839941279315,0.010183839941279315,0.47959183673469397,0.010228025167788767,976,195,0
2012-11-30,development,LV,long_only,10.0,0.010183839941279315,0.009704248104544622,0.47959183673469397,0.010228025167788767,976,195,0
2012-11-30,development,LV,long_only,25.0,0.010183839941279315,0.00898486034944258,0.47959183673469397,0.010228025167788767,976,195,0
2012-11-30,development,LV,long_short,0.0,-0.030856361729876082,-0.030856361729876082,0.9081632653061226,0.010228025167788767,976,195,195
2012-11-30,development,LV,long_short,10.0,-0.030856361729876082,-0.0317645249951822,0.9081632653061226,0.010228025167788767,976,195,195
2012-11-30,development,LV,long_short,25.0,-0.030856361729876082,-0.03312676989314139,0.9081632653061226,0.010228025167788767,976,195,195
2012-11-30,development,MOM,long_only,0.0,0.02415133648268874,0.02415133648268874,0.5948717948717949,0.01021448852237507,971,194,0
2012-11-30,development,MOM,long_only,10.0,0.02415133648268874,0.023556464687816945,0.5948717948717949,0.01021448852237507,971,194,0
2012-11-30,development,MOM,long_only,25.0,0.02415133648268874,0.022664156995509253,0.5948717948717949,0.01021448852237507,971,194,0
2012-11-30,development,MOM,long_short,0.0,-0.018808284637442687,-0.018808284637442687,1.0974358974358975,0.01021448852237507,971,194,194
2012-11-30,development,MOM,long_short,10.0,-0.018808284637442687,-0.019905720534878584,1.0974358974358975,0.01021448852237507,971,194,194
2012-11-30,development,MOM,long_short,25.0,-0.018808284637442687,-0.02155187438103243,1.0974358974358975,0.01021448852237507,971,194,194
2012-11-30,development,QUALITY,long_only,0.0,0.016742777352841794,0.016742777352841794,0.08163265306122458,0.010234924067855644,976,195,0
2012-11-30,development,QUALITY,long_only,10.0,0.016742777352841794,0.01666114469978057,0.08163265306122458,0.010234924067855644,976,195,0
2012-11-30,development,QUALITY,long_only,25.0,0.016742777352841794,0.016538695720188734,0.08163265306122458,0.010234924067855644,976,195,0
2012-11-30,development,QUALITY,long_short,0.0,-0.008027238737835677,-0.008027238737835677,0.20408163265306137,0.010234924067855644,976,195,195
2012-11-30,development,QUALITY,long_short,10.0,-0.008027238737835677,-0.008231320370488739,0.20408163265306137,0.010234924067855644,976,195,195
2012-11-30,development,QUALITY,long_short,25.0,-0.008027238737835677,-0.008537442819468331,0.20408163265306137,0.010234924067855644,976,195,195
2012-11-30,development,SIZE,long_only,0.0,0.024753105426741966,0.024753105426741966,0.2613065326633166,0.01007506347567251,996,199,0
2012-11-30,development,SIZE,long_only,10.0,0.024753105426741966,0.02449179889407865,0.2613065326633166,0.01007506347567251,996,199,0
2012-11-30,development,SIZE,long_only,25.0,0.024753105426741966,0.024099839095083675,0.2613065326633166,0.01007506347567251,996,199,0
2012-11-30,development,SIZE,long_short,0.0,0.010832991864416556,0.010832991864416556,0.3316582914572864,0.01007506347567251,996,199,199
2012-11-30,development,SIZE,long_short,10.0,0.010832991864416556,0.01050133357295927,0.3316582914572864,0.01007506347567251,996,199,199
2012-11-30,development,SIZE,long_short,25.0,0.010832991864416556,0.010003846135773339,0.3316582914572864,0.01007506347567251,996,199,199
2012-11-30,development,VALUE,long_only,0.0,0.03995711170223373,0.03995711170223373,0.17708333333333337,0.010379755577408823,955,191,0
2012-11-30,development,VALUE,long_only,10.0,0.03995711170223373,0.0397800283689004,0.17708333333333337,0.010379755577408823,955,191,0
2012-11-30,development,VALUE,long_only,25.0,0.03995711170223373,0.0395144033689004,0.17708333333333337,0.010379755577408823,955,191,0
2012-11-30,development,VALUE,long_short,0.0,0.02631282603363256,0.02631282603363256,0.32291666666666685,0.010379755577408823,955,191,191
2012-11-30,development,VALUE,long_short,10.0,0.02631282603363256,0.025989909366965894,0.32291666666666685,0.010379755577408823,955,191,191
2012-11-30,development,VALUE,long_short,25.0,0.02631282603363256,0.02550553436696589,0.32291666666666685,0.010379755577408823,955,191,191
2012-12-31,development,COMPOSITE,long_only,0.0,0.07519343060266243,0.07519343060266243,0.3402061855670103,0.054733017754040145,974,194,0
2012-12-31,development,COMPOSITE,long_only,10.0,0.07519343060266243,0.07485322441709541,0.3402061855670103,0.054733017754040145,974,194,0
2012-12-31,development,COMPOSITE,long_only,25.0,0.07519343060266243,0.0743429151387449,0.3402061855670103,0.054733017754040145,974,194,0
2012-12-31,development,COMPOSITE,long_short,0.0,0.011286448683768577,0.011286448683768577,0.6804123711340206,0.054733017754040145,974,194,194
2012-12-31,development,COMPOSITE,long_short,10.0,0.011286448683768577,0.010606036312634556,0.6804123711340206,0.054733017754040145,974,194,194
2012-12-31,development,COMPOSITE,long_short,25.0,0.011286448683768577,0.009585417755933526,0.6804123711340206,0.054733017754040145,974,194,194
2012-12-31,development,LV,long_only,0.0,0.061285147633412675,0.061285147633412675,0.22564102564102562,0.054721851091960746,976,195,0
2012-12-31,development,LV,long_only,10.0,0.061285147633412675,0.06105950660777165,0.22564102564102562,0.054721851091960746,976,195,0
2012-12-31,development,LV,long_only,25.0,0.061285147633412675,0.06072104506931011,0.22564102564102562,0.054721851091960746,976,195,0
2012-12-31,development,LV,long_short,0.0,-0.011147957534575806,-0.011147957534575806,0.5128205128205128,0.054721851091960746,976,195,195
2012-12-31,development,LV,long_short,10.0,-0.011147957534575806,-0.011660778047396318,0.5128205128205128,0.054721851091960746,976,195,195
2012-12-31,development,LV,long_short,25.0,-0.011147957534575806,-0.012430008816627088,0.5128205128205128,0.054721851091960746,976,195,195
2012-12-31,development,MOM,long_only,0.0,0.06777894824943126,0.06777894824943126,0.5051546391752577,0.05471866569641132,973,194,0
2012-12-31,development,MOM,long_only,10.0,0.06777894824943126,0.067273793610256,0.5051546391752577,0.05471866569641132,973,194,0
2012-12-31,development,MOM,long_only,25.0,0.06777894824943126,0.06651606165149311,0.5051546391752577,0.05471866569641132,973,194,0
2012-12-31,development,MOM,long_short,0.0,-0.00612508397758329,-0.00612508397758329,1.1443298969072164,0.05471866569641132,973,194,194
2012-12-31,development,MOM,long_short,10.0,-0.00612508397758329,-0.007269413874490507,1.1443298969072164,0.05471866569641132,973,194,194
2012-12-31,development,MOM,long_short,25.0,-0.00612508397758329,-0.008985908719851332,1.1443298969072164,0.05471866569641132,973,194,194
2012-12-31,development,QUALITY,long_only,0.0,0.0677110967989598,0.0677110967989598,0.05128205128205128,0.054715229462453344,976,195,0
2012-12-31,development,QUALITY,long_only,10.0,0.0677110967989598,0.06765981474767775,0.05128205128205128,0.054715229462453344,976,195,0
2012-12-31,development,QUALITY,long_only,25.0,0.0677110967989598,0.06758289167075467,0.05128205128205128,0.054715229462453344,976,195,0
2012-12-31,development,QUALITY,long_short,0.0,0.0035516541435008436,0.0035516541435008436,0.17435897435897435,0.054715229462453344,976,195,195
2012-12-31,development,QUALITY,long_short,10.0,0.0035516541435008436,0.003377295169141869,0.17435897435897435,0.054715229462453344,976,195,195
2012-12-31,development,QUALITY,long_short,25.0,0.0035516541435008436,0.0031157567076034076,0.17435897435897435,0.054715229462453344,976,195,195
2012-12-31,development,SIZE,long_only,0.0,0.062084030938375306,0.062084030938375306,0.2613065326633166,0.055183631991080784,996,199,0
2012-12-31,development,SIZE,long_only,10.0,0.062084030938375306,0.06182272440571199,0.2613065326633166,0.055183631991080784,996,199,0
2012-12-31,development,SIZE,long_only,25.0,0.062084030938375306,0.061430764606717016,0.2613065326633166,0.055183631991080784,996,199,0
2012-12-31,development,SIZE,long_short,0.0,0.004538792490342087,0.004538792490342087,0.31155778894472363,0.055183631991080784,996,199,199
2012-12-31,development,SIZE,long_short,10.0,0.004538792490342087,0.004227234701397364,0.31155778894472363,0.055183631991080784,996,199,199
2012-12-31,development,SIZE,long_short,25.0,0.004538792490342087,0.003759898017980278,0.31155778894472363,0.055183631991080784,996,199,199
2012-12-31,development,VALUE,long_only,0.0,0.08021612018252883,0.08021612018252883,0.12565445026178004,0.05451690502300032,954,190,0
2012-12-31,development,VALUE,long_only,10.0,0.08021612018252883,0.08009046573226705,0.12565445026178004,0.05451690502300032,954,190,0
2012-12-31,development,VALUE,long_only,25.0,0.08021612018252883,0.07990198405687438,0.12565445026178004,0.05451690502300032,954,190,0
2012-12-31,development,VALUE,long_short,0.0,0.007458386821033184,0.007458386821033184,0.3350785340314135,0.05451690502300032,954,190,190
2012-12-31,development,VALUE,long_short,10.0,0.007458386821033184,0.0071233082870017705,0.3350785340314135,0.05451690502300032,954,190,190
2012-12-31,development,VALUE,long_short,25.0,0.007458386821033184,0.00662069048595465,0.3350785340314135,0.05451690502300032,954,190,190
2013-01-31,development,COMPOSITE,long_only,0.0,0.01529723772915616,0.01529723772915616,0.3076923076923077,0.0132993353350729,977,195,0
2013-01-31,development,COMPOSITE,long_only,10.0,0.01529723772915616,0.014989545421463853,0.3076923076923077,0.0132993353350729,977,195,0
2013-01-31,development,COMPOSITE,long_only,25.0,0.01529723772915616,0.014528006959925392,0.3076923076923077,0.0132993353350729,977,195,0
2013-01-31,development,COMPOSITE,long_short,0.0,0.013183874605859576,0.013183874605859576,0.6256410256410255,0.0132993353350729,977,195,195
2013-01-31,development,COMPOSITE,long_short,10.0,0.013183874605859576,0.01255823358021855,0.6256410256410255,0.0132993353350729,977,195,195
2013-01-31,development,COMPOSITE,long_short,25.0,0.013183874605859576,0.011619772041757011,0.6256410256410255,0.0132993353350729,977,195,195
2013-01-31,development,LV,long_only,0.0,0.028210897863229084,0.028210897863229084,0.2346938775510205,0.013304530386074112,982,196,0
2013-01-31,development,LV,long_only,10.0,0.028210897863229084,0.027976203985678065,0.2346938775510205,0.013304530386074112,982,196,0
2013-01-31,development,LV,long_only,25.0,0.028210897863229084,0.027624163169351533,0.2346938775510205,0.013304530386074112,982,196,0
2013-01-31,development,LV,long_short,0.0,0.030608217230180288,0.030608217230180288,0.4081632653061226,0.013304530386074112,982,196,196
2013-01-31,development,LV,long_short,10.0,0.030608217230180288,0.030200053964874164,0.4081632653061226,0.013304530386074112,982,196,196
2013-01-31,development,LV,long_short,25.0,0.030608217230180288,0.02958780906691498,0.4081632653061226,0.013304530386074112,982,196,196
2013-01-31,development,MOM,long_only,0.0,0.015147852760212842,0.015147852760212842,0.5230769230769231,0.013281659322805704,976,195,0
2013-01-31,development,MOM,long_only,10.0,0.015147852760212842,0.01462477583713592,0.5230769230769231,0.013281659322805704,976,195,0
2013-01-31,development,MOM,long_only,25.0,0.015147852760212842,0.013840160452520534,0.5230769230769231,0.013281659322805704,976,195,0
2013-01-31,development,MOM,long_short,0.0,0.01386555241731664,0.01386555241731664,0.9538461538461538,0.013281659322805704,976,195,195
2013-01-31,development,MOM,long_short,10.0,0.01386555241731664,0.012911706263470485,0.9538461538461538,0.013281659322805704,976,195,195
2013-01-31,development,MOM,long_short,25.0,0.01386555241731664,0.011480937032701255,0.9538461538461538,0.013281659322805704,976,195,195
2013-01-31,development,QUALITY,long_only,0.0,0.0018324910654796008,0.0018324910654796008,0.05128205128205128,0.013317409425613498,979,195,0
2013-01-31,development,QUALITY,long_only,10.0,0.0018324910654796008,0.0017812090141975496,0.05128205128205128,0.013317409425613498,979,195,0
2013-01-31,development,QUALITY,long_only,25.0,0.0018324910654796008,0.0017042859372744727,0.05128205128205128,0.013317409425613498,979,195,0
2013-01-31,development,QUALITY,long_short,0.0,-0.015099213212100941,-0.015099213212100941,0.1641025641025641,0.013317409425613498,979,195,195
2013-01-31,development,QUALITY,long_short,10.0,-0.015099213212100941,-0.015263315776203506,0.1641025641025641,0.013317409425613498,979,195,195
2013-01-31,development,QUALITY,long_short,25.0,-0.015099213212100941,-0.015509469622357351,0.1641025641025641,0.013317409425613498,979,195,195
2013-01-31,development,SIZE,long_only,0.0,0.00915495165046457,0.00915495165046457,0.1708542713567839,0.013069227582362852,997,199,0
2013-01-31,development,SIZE,long_only,10.0,0.00915495165046457,0.008984097379107787,0.1708542713567839,0.013069227582362852,997,199,0
2013-01-31,development,SIZE,long_only,25.0,0.00915495165046457,0.008727815972072612,0.1708542713567839,0.013069227582362852,997,199,0
2013-01-31,development,SIZE,long_short,0.0,-0.003888162704858209,-0.003888162704858209,0.25125628140703515,0.013069227582362852,997,199,199
2013-01-31,development,SIZE,long_short,10.0,-0.003888162704858209,-0.004139418986265244,0.25125628140703515,0.013069227582362852,997,199,199
2013-01-31,development,SIZE,long_short,25.0,-0.003888162704858209,-0.004516303408375797,0.25125628140703515,0.013069227582362852,997,199,199
2013-01-31,development,VALUE,long_only,0.0,0.012813427076816267,0.012813427076816267,0.12565445026178004,0.013592804355190604,957,191,0
2013-01-31,development,VALUE,long_only,10.0,0.012813427076816267,0.012687772626554487,0.12565445026178004,0.013592804355190604,957,191,0
2013-01-31,development,VALUE,long_only,25.0,0.012813427076816267,0.012499290951161817,0.12565445026178004,0.013592804355190604,957,191,0
2013-01-31,development,VALUE,long_short,0.0,0.0009549130472063191,0.0009549130472063191,0.2931937172774868,0.013592804355190604,957,191,191
2013-01-31,development,VALUE,long_short,10.0,0.0009549130472063191,0.0006617193299288324,0.2931937172774868,0.013592804355190604,957,191,191
2013-01-31,development,VALUE,long_short,25.0,0.0009549130472063191,0.00022192875401260206,0.2931937172774868,0.013592804355190604,957,191,191
2013-02-28,development,COMPOSITE,long_only,0.0,0.045045980898843936,0.045045980898843936,0.31794871794871793,0.03973574937594222,977,195,0
2013-02-28,development,COMPOSITE,long_only,10.0,0.045045980898843936,0.044728032180895216,0.31794871794871793,0.03973574937594222,977,195,0
2013-02-28,development,COMPOSITE,long_only,25.0,0.045045980898843936,0.04425110910397214,0.31794871794871793,0.03973574937594222,977,195,0
2013-02-28,development,COMPOSITE,long_short,0.0,-0.0030869247147857584,-0.0030869247147857584,0.5743589743589744,0.03973574937594222,977,195,195
2013-02-28,development,COMPOSITE,long_short,10.0,-0.0030869247147857584,-0.003661283689144733,0.5743589743589744,0.03973574937594222,977,195,195
2013-02-28,development,COMPOSITE,long_short,25.0,-0.0030869247147857584,-0.004522822150683194,0.5743589743589744,0.03973574937594222,977,195,195
2013-02-28,development,LV,long_only,0.0,0.047144044668695664,0.047144044668695664,0.3756345177664975,0.03976934375518504,985,197,0
2013-02-28,development,LV,long_only,10.0,0.047144044668695664,0.04676841015092917,0.3756345177664975,0.03976934375518504,985,197,0
2013-02-28,development,LV,long_only,25.0,0.047144044668695664,0.04620495837427942,0.3756345177664975,0.03976934375518504,985,197,0
2013-02-28,development,LV,long_short,0.0,-0.008520621935448992,-0.008520621935448992,0.7918781725888324,0.03976934375518504,985,197,197
2013-02-28,development,LV,long_short,10.0,-0.008520621935448992,-0.009312500108037825,0.7918781725888324,0.03976934375518504,985,197,197
2013-02-28,development,LV,long_short,25.0,-0.008520621935448992,-0.010500317366921072,0.7918781725888324,0.03976934375518504,985,197,197
2013-02-28,development,MOM,long_only,0.0,0.049733156379563714,0.049733156379563714,0.5435897435897437,0.03974892776012754,978,195,0
2013-02-28,development,MOM,long_only,10.0,0.049733156379563714,0.04918956663597397,0.5435897435897437,0.03974892776012754,978,195,0
2013-02-28,development,MOM,long_only,25.0,0.049733156379563714,0.04837418202058936,0.5435897435897437,0.03974892776012754,978,195,0
2013-02-28,development,MOM,long_short,0.0,0.0037541484730987734,0.0037541484730987734,1.0769230769230769,0.03974892776012754,978,195,195
2013-02-28,development,MOM,long_short,10.0,0.0037541484730987734,0.0026772253961756965,1.0769230769230769,0.03974892776012754,978,195,195
2013-02-28,development,MOM,long_short,25.0,0.0037541484730987734,0.0010618407807910808,1.0769230769230769,0.03974892776012754,978,195,195
2013-02-28,development,QUALITY,long_only,0.0,0.044325949883826474,0.044325949883826474,0.07179487179487179,0.03973214688418822,979,195,0
2013-02-28,development,QUALITY,long_only,10.0,0.044325949883826474,0.0442541550120316,0.07179487179487179,0.03973214688418822,979,195,0
2013-02-28,development,QUALITY,long_only,25.0,0.044325949883826474,0.04414646270433929,0.07179487179487179,0.03973214688418822,979,195,0
2013-02-28,development,QUALITY,long_short,0.0,-0.004293921346769154,-0.004293921346769154,0.20512820512820512,0.03973214688418822,979,195,195
2013-02-28,development,QUALITY,long_short,10.0,-0.004293921346769154,-0.004499049551897359,0.20512820512820512,0.03973214688418822,979,195,195
2013-02-28,development,QUALITY,long_short,25.0,-0.004293921346769154,-0.004806741859589667,0.20512820512820512,0.03973214688418822,979,195,195
2013-02-28,development,SIZE,long_only,0.0,0.052023776068476635,0.052023776068476635,0.29145728643216084,0.039958179054550604,999,199,0
2013-02-28,development,SIZE,long_only,10.0,0.052023776068476635,0.05173231878204448,0.29145728643216084,0.039958179054550604,999,199,0
2013-02-28,development,SIZE,long_only,25.0,0.052023776068476635,0.05129513285239623,0.29145728643216084,0.039958179054550604,999,199,0
2013-02-28,development,SIZE,long_short,0.0,0.004788751733281841,0.004788751733281841,0.37185929648241206,0.039958179054550604,999,199,199
2013-02-28,development,SIZE,long_short,10.0,0.004788751733281841,0.004416892436799429,0.37185929648241206,0.039958179054550604,999,199,199
2013-02-28,development,SIZE,long_short,25.0,0.004788751733281841,0.0038591034920758102,0.37185929648241206,0.039958179054550604,999,199,199
2013-02-28,development,VALUE,long_only,0.0,0.051876994647930434,0.051876994647930434,0.15706806282722513,0.03917098233827454,956,191,0
2013-02-28,development,VALUE,long_only,10.0,0.051876994647930434,0.05171992658510321,0.15706806282722513,0.03917098233827454,956,191,0
2013-02-28,development,VALUE,long_only,25.0,0.051876994647930434,0.05148432449086237,0.15706806282722513,0.03917098233827454,956,191,0
2013-02-28,development,VALUE,long_short,0.0,0.0034457126413978446,0.0034457126413978446,0.29319371727748694,0.03917098233827454,956,191,191
2013-02-28,development,VALUE,long_short,10.0,0.0034457126413978446,0.0031525189241203575,0.29319371727748694,0.03917098233827454,956,191,191
2013-02-28,development,VALUE,long_short,25.0,0.0034457126413978446,0.002712728348204127,0.29319371727748694,0.03917098233827454,956,191,191
2013-03-28,development,COMPOSITE,long_only,0.0,0.0009431984504572632,0.0009431984504572632,0.3076923076923077,0.01688595953328966,972,194,0
2013-03-28,development,COMPOSITE,long_only,10.0,0.0009431984504572632,0.0006355061427649555,0.3076923076923077,0.01688595953328966,972,194,0
2013-03-28,development,COMPOSITE,long_only,25.0,0.0009431984504572632,0.00017396768122649386,0.3076923076923077,0.01688595953328966,972,194,0
2013-03-28,development,COMPOSITE,long_short,0.0,-0.012276488809264616,-0.012276488809264616,0.6153846153846153,0.01688595953328966,972,194,194
2013-03-28,development,COMPOSITE,long_short,10.0,-0.012276488809264616,-0.01289187342464923,0.6153846153846153,0.01688595953328966,972,194,194
2013-03-28,development,COMPOSITE,long_short,25.0,-0.012276488809264616,-0.013814950347726155,0.6153846153846153,0.01688595953328966,972,194,194
2013-03-28,development,LV,long_only,0.0,0.004286453520097622,0.004286453520097622,0.23350253807106602,0.016602940864061482,983,196,0
2013-03-28,development,LV,long_only,10.0,0.004286453520097622,0.004052950982026556,0.23350253807106602,0.016602940864061482,983,196,0
2013-03-28,development,LV,long_only,25.0,0.004286453520097622,0.003702697174919957,0.23350253807106602,0.016602940864061482,983,196,0
2013-03-28,development,LV,long_short,0.0,-0.004014589399743557,-0.004014589399743557,0.5076142131979696,0.016602940864061482,983,196,196
2013-03-28,development,LV,long_short,10.0,-0.004014589399743557,-0.004522203612941526,0.5076142131979696,0.016602940864061482,983,196,196
2013-03-28,development,LV,long_short,25.0,-0.004014589399743557,-0.005283624932738481,0.5076142131979696,0.016602940864061482,983,196,196
2013-03-28,development,MOM,long_only,0.0,0.006261712592633613,0.006261712592633613,0.4205128205128205,0.016894196664046998,974,194,0
2013-03-28,development,MOM,long_only,10.0,0.006261712592633613,0.005841199772120793,0.4205128205128205,0.016894196664046998,974,194,0
2013-03-28,development,MOM,long_only,25.0,0.006261712592633613,0.005210430541351562,0.4205128205128205,0.016894196664046998,974,194,0
2013-03-28,development,MOM,long_short,0.0,-0.000584748930167572,-0.000584748930167572,0.9948717948717949,0.016894196664046998,974,194,194
2013-03-28,development,MOM,long_short,10.0,-0.000584748930167572,-0.001579620725039367,0.9948717948717949,0.016894196664046998,974,194,194
2013-03-28,development,MOM,long_short,25.0,-0.000584748930167572,-0.0030719284173470595,0.9948717948717949,0.016894196664046998,974,194,194
2013-03-28,development,QUALITY,long_only,0.0,0.007381821907693677,0.007381821907693677,0.061538461538461514,0.016872939061062228,974,194,0
2013-03-28,development,QUALITY,long_only,10.0,0.007381821907693677,0.0073202834461552155,0.061538461538461514,0.016872939061062228,974,194,0
2013-03-28,development,QUALITY,long_only,25.0,0.007381821907693677,0.007227975753847524,0.061538461538461514,0.016872939061062228,974,194,0
2013-03-28,development,QUALITY,long_short,0.0,-0.007582769035824208,-0.007582769035824208,0.10256410256410253,0.016872939061062228,974,194,194
2013-03-28,development,QUALITY,long_short,10.0,-0.007582769035824208,-0.00768533313838831,0.10256410256410253,0.016872939061062228,974,194,194
2013-03-28,development,QUALITY,long_short,25.0,-0.007582769035824208,-0.007839179292234464,0.10256410256410253,0.016872939061062228,974,194,194
2013-03-28,development,SIZE,long_only,0.0,0.004931127084867187,0.004931127084867187,0.21105527638190955,0.016963608725706437,998,199,0
2013-03-28,development,SIZE,long_only,10.0,0.004931127084867187,0.004720071808485277,0.21105527638190955,0.016963608725706437,998,199,0
2013-03-28,development,SIZE,long_only,25.0,0.004931127084867187,0.0044034888939124125,0.21105527638190955,0.016963608725706437,998,199,0
2013-03-28,development,SIZE,long_short,0.0,-0.011465755825483122,-0.011465755825483122,0.24120603015075376,0.016963608725706437,998,199,199
2013-03-28,development,SIZE,long_short,10.0,-0.011465755825483122,-0.011706961855633876,0.24120603015075376,0.016963608725706437,998,199,199
2013-03-28,development,SIZE,long_short,25.0,-0.011465755825483122,-0.012068770900860006,0.24120603015075376,0.016963608725706437,998,199,199
2013-03-28,development,VALUE,long_only,0.0,0.010762796453106056,0.010762796453106056,0.13612565445026173,0.01669420002347685,951,190,0
2013-03-28,development,VALUE,long_only,10.0,0.010762796453106056,0.010626670798655794,0.13612565445026173,0.01669420002347685,951,190,0
2013-03-28,development,VALUE,long_only,25.0,0.010762796453106056,0.010422482316980402,0.13612565445026173,0.01669420002347685,951,190,0
2013-03-28,development,VALUE,long_short,0.0,0.006683697977233742,0.006683697977233742,0.2303664921465967,0.01669420002347685,951,190,190
2013-03-28,development,VALUE,long_short,10.0,0.006683697977233742,0.006453331485087145,0.2303664921465967,0.01669420002347685,951,190,190
2013-03-28,development,VALUE,long_short,25.0,0.006683697977233742,0.00610778174686725,0.2303664921465967,0.01669420002347685,951,190,190
2013-04-30,development,COMPOSITE,long_only,0.0,0.0320345097841458,0.0320345097841458,0.2886597938144331,0.026377653861613184,968,193,0
2013-04-30,development,COMPOSITE,long_only,10.0,0.0320345097841458,0.031745849990331365,0.2886597938144331,0.026377653861613184,968,193,0
2013-04-30,development,COMPOSITE,long_only,25.0,0.0320345097841458,0.03131286029960972,0.2886597938144331,0.026377653861613184,968,193,0
2013-04-30,development,COMPOSITE,long_short,0.0,-0.008341041231761617,-0.008341041231761617,0.6185567010309281,0.026377653861613184,968,193,193
2013-04-30,development,COMPOSITE,long_short,10.0,-0.008341041231761617,-0.008959597932792546,0.6185567010309281,0.026377653861613184,968,193,193
2013-04-30,development,COMPOSITE,long_short,25.0,-0.008341041231761617,-0.009887432984338938,0.6185567010309281,0.026377653861613184,968,193,193
2013-04-30,development,LV,long_only,0.0,0.022022963310837133,0.022022963310837133,0.2755102040816326,0.026159326432237822,982,196,0
2013-04-30,development,LV,long_only,10.0,0.022022963310837133,0.0217474531067555,0.2755102040816326,0.026159326432237822,982,196,0
2013-04-30,development,LV,long_only,25.0,0.022022963310837133,0.02133418780063305,0.2755102040816326,0.026159326432237822,982,196,0
2013-04-30,development,LV,long_short,0.0,-0.02138721172518305,-0.02138721172518305,0.5306122448979591,0.026159326432237822,982,196,196
2013-04-30,development,LV,long_short,10.0,-0.02138721172518305,-0.021917823970081008,0.5306122448979591,0.026159326432237822,982,196,196
2013-04-30,development,LV,long_short,25.0,-0.02138721172518305,-0.022713742337427945,0.5306122448979591,0.026159326432237822,982,196,196
2013-04-30,development,MOM,long_only,0.0,0.03302467560427639,0.03302467560427639,0.4742268041237113,0.0264681172883319,974,194,0
2013-04-30,development,MOM,long_only,10.0,0.03302467560427639,0.032550448800152676,0.4742268041237113,0.0264681172883319,974,194,0
2013-04-30,development,MOM,long_only,25.0,0.03302467560427639,0.03183910859396711,0.4742268041237113,0.0264681172883319,974,194,0
2013-04-30,development,MOM,long_short,0.0,-0.014164579925981309,-0.014164579925981309,1.0,0.0264681172883319,974,194,194
2013-04-30,development,MOM,long_short,10.0,-0.014164579925981309,-0.01516457992598131,1.0,0.0264681172883319,974,194,194
2013-04-30,development,MOM,long_short,25.0,-0.014164579925981309,-0.016664579925981308,1.0,0.0264681172883319,974,194,194
2013-04-30,development,QUALITY,long_only,0.0,0.03089938292082777,0.03089938292082777,0.13402061855670103,0.02634152949846595,970,194,0
2013-04-30,development,QUALITY,long_only,10.0,0.03089938292082777,0.03076536230227107,0.13402061855670103,0.02634152949846595,970,194,0
2013-04-30,development,QUALITY,long_only,25.0,0.03089938292082777,0.030564331374436017,0.13402061855670103,0.02634152949846595,970,194,0
2013-04-30,development,QUALITY,long_short,0.0,-0.011506702665616528,-0.011506702665616528,0.27835051546391754,0.02634152949846595,970,194,194
2013-04-30,development,QUALITY,long_short,10.0,-0.011506702665616528,-0.011785053181080446,0.27835051546391754,0.02634152949846595,970,194,194
2013-04-30,development,QUALITY,long_short,25.0,-0.011506702665616528,-0.012202578954276322,0.27835051546391754,0.02634152949846595,970,194,194
2013-04-30,development,SIZE,long_only,0.0,0.04357599281155115,0.04357599281155115,0.3015075376884422,0.02588498346342502,997,199,0
2013-04-30,development,SIZE,long_only,10.0,0.04357599281155115,0.043274485273862705,0.3015075376884422,0.02588498346342502,997,199,0
2013-04-30,development,SIZE,long_only,25.0,0.04357599281155115,0.04282222396733004,0.3015075376884422,0.02588498346342502,997,199,0
2013-04-30,development,SIZE,long_short,0.0,0.021062953515149276,0.021062953515149276,0.36180904522613067,0.02588498346342502,997,199,199
2013-04-30,development,SIZE,long_short,10.0,0.021062953515149276,0.020701144469923147,0.36180904522613067,0.02588498346342502,997,199,199
2013-04-30,development,SIZE,long_short,25.0,0.021062953515149276,0.02015843090208395,0.36180904522613067,0.02588498346342502,997,199,199
2013-04-30,development,VALUE,long_only,0.0,0.0424938324282534,0.0424938324282534,0.1894736842105263,0.026450463965992405,946,189,0
2013-04-30,development,VALUE,long_only,10.0,0.0424938324282534,0.042304358744042876,0.1894736842105263,0.026450463965992405,946,189,0
2013-04-30,development,VALUE,long_only,25.0,0.0424938324282534,0.04202014821772709,0.1894736842105263,0.026450463965992405,946,189,0
2013-04-30,development,VALUE,long_short,0.0,0.010575035725430587,0.010575035725430587,0.41052631578947363,0.026450463965992405,946,189,189
2013-04-30,development,VALUE,long_short,10.0,0.010575035725430587,0.010164509409641113,0.41052631578947363,0.026450463965992405,946,189,189
2013-04-30,development,VALUE,long_short,25.0,0.010575035725430587,0.009548719935956903,0.41052631578947363,0.026450463965992405,946,189,189
2013-05-31,development,COMPOSITE,long_only,0.0,-0.007471887206115267,-0.007471887206115267,0.37305699481865284,-0.012957004239408342,968,193,0
2013-05-31,development,COMPOSITE,long_only,10.0,-0.007471887206115267,-0.00784494420093392,0.37305699481865284,-0.012957004239408342,968,193,0
2013-05-31,development,COMPOSITE,long_only,25.0,-0.007471887206115267,-0.008404529693161899,0.37305699481865284,-0.012957004239408342,968,193,0
2013-05-31,development,COMPOSITE,long_short,0.0,0.011746728109520713,0.011746728109520713,0.6321243523316062,-0.012957004239408342,968,193,193
2013-05-31,development,COMPOSITE,long_short,10.0,0.011746728109520713,0.011114603757189107,0.6321243523316062,-0.012957004239408342,968,193,193
2013-05-31,development,COMPOSITE,long_short,25.0,0.011746728109520713,0.010166417228691698,0.6321243523316062,-0.012957004239408342,968,193,193
2013-05-31,development,LV,long_only,0.0,-0.00300177103775487,-0.00300177103775487,0.21428571428571425,-0.013066638721061282,981,196,0
2013-05-31,development,LV,long_only,10.0,-0.00300177103775487,-0.003216056752040584,0.21428571428571425,-0.013066638721061282,981,196,0
2013-05-31,development,LV,long_only,25.0,-0.00300177103775487,-0.0035374853234691555,0.21428571428571425,-0.013066638721061282,981,196,0
2013-05-31,development,LV,long_short,0.0,0.023476865714507893,0.023476865714507893,0.4897959183673469,-0.013066638721061282,981,196,196
2013-05-31,development,LV,long_short,10.0,0.023476865714507893,0.022987069796140545,0.4897959183673469,-0.013066638721061282,981,196,196
2013-05-31,development,LV,long_short,25.0,0.023476865714507893,0.022252375918589525,0.4897959183673469,-0.013066638721061282,981,196,196
2013-05-31,development,MOM,long_only,0.0,-0.01963827518861003,-0.01963827518861003,0.5948717948717949,-0.012935846962576283,975,195,0
2013-05-31,development,MOM,long_only,10.0,-0.01963827518861003,-0.020233146983481824,0.5948717948717949,-0.012935846962576283,975,195,0
2013-05-31,development,MOM,long_only,25.0,-0.01963827518861003,-0.021125454675789516,0.5948717948717949,-0.012935846962576283,975,195,0
2013-05-31,development,MOM,long_short,0.0,-0.004584079549701393,-0.004584079549701393,0.9948717948717948,-0.012935846962576283,975,195,195
2013-05-31,development,MOM,long_short,10.0,-0.004584079549701393,-0.005578951344573188,0.9948717948717948,-0.012935846962576283,975,195,195
2013-05-31,development,MOM,long_short,25.0,-0.004584079549701393,-0.00707125903688088,0.9948717948717948,-0.012935846962576283,975,195,195
2013-05-31,development,QUALITY,long_only,0.0,-0.007465741154170805,-0.007465741154170805,0.10309278350515472,-0.012966126007973873,969,193,0
2013-05-31,development,QUALITY,long_only,10.0,-0.007465741154170805,-0.00756883393767596,0.10309278350515472,-0.012966126007973873,969,193,0
2013-05-31,development,QUALITY,long_only,25.0,-0.007465741154170805,-0.007723473112933692,0.10309278350515472,-0.012966126007973873,969,193,0
2013-05-31,development,QUALITY,long_short,0.0,0.01020711316335099,0.01020711316335099,0.22680412371134034,-0.012966126007973873,969,193,193
2013-05-31,development,QUALITY,long_short,10.0,0.01020711316335099,0.009980309039639649,0.22680412371134034,-0.012966126007973873,969,193,193
2013-05-31,development,QUALITY,long_short,25.0,0.01020711316335099,0.009640102854072638,0.22680412371134034,-0.012966126007973873,969,193,193
2013-05-31,development,SIZE,long_only,0.0,-0.00478171779998348,-0.00478171779998348,0.2814070351758794,-0.013048520762609633,996,199,0
2013-05-31,development,SIZE,long_only,10.0,-0.00478171779998348,-0.00506312483515936,0.2814070351758794,-0.013048520762609633,996,199,0
2013-05-31,development,SIZE,long_only,25.0,-0.00478171779998348,-0.005485235387923179,0.2814070351758794,-0.013048520762609633,996,199,0
2013-05-31,development,SIZE,long_short,0.0,0.001729460106888318,0.001729460106888318,0.38190954773869346,-0.013048520762609633,996,199,199
2013-05-31,development,SIZE,long_short,10.0,0.001729460106888318,0.0013475505591496245,0.38190954773869346,-0.013048520762609633,996,199,199
2013-05-31,development,SIZE,long_short,25.0,0.001729460106888318,0.0007746862375415844,0.38190954773869346,-0.013048520762609633,996,199,199
2013-05-31,development,VALUE,long_only,0.0,-0.013706813291833554,-0.013706813291833554,0.14814814814814814,-0.01298632796366124,945,189,0
2013-05-31,development,VALUE,long_only,10.0,-0.013706813291833554,-0.013854961439981703,0.14814814814814814,-0.01298632796366124,945,189,0
2013-05-31,development,VALUE,long_only,25.0,-0.013706813291833554,-0.014077183662203924,0.14814814814814814,-0.01298632796366124,945,189,0
2013-05-31,development,VALUE,long_short,0.0,-0.013017812944400528,-0.013017812944400528,0.4021164021164021,-0.01298632796366124,945,189,189
2013-05-31,development,VALUE,long_short,10.0,-0.013017812944400528,-0.01341992934651693,0.4021164021164021,-0.01298632796366124,945,189,189
2013-05-31,development,VALUE,long_short,25.0,-0.013017812944400528,-0.014023103949691534,0.4021164021164021,-0.01298632796366124,945,189,189
2013-06-28,development,COMPOSITE,long_only,0.0,0.07192015036173485,0.07192015036173485,0.49740932642487035,0.05396393250528238,963,192,0
2013-06-28,development,COMPOSITE,long_only,10.0,0.07192015036173485,0.07142274103530999,0.49740932642487035,0.05396393250528238,963,192,0
2013-06-28,development,COMPOSITE,long_only,25.0,0.07192015036173485,0.07067662704567268,0.49740932642487035,0.05396393250528238,963,192,0
2013-06-28,development,COMPOSITE,long_short,0.0,0.00139834611708483,0.00139834611708483,0.8911917098445593,0.05396393250528238,963,192,192
2013-06-28,development,COMPOSITE,long_short,10.0,0.00139834611708483,0.0005071544072402707,0.8911917098445593,0.05396393250528238,963,192,192
2013-06-28,development,COMPOSITE,long_short,25.0,0.00139834611708483,-0.0008296331575265684,0.8911917098445593,0.05396393250528238,963,192,192
2013-06-28,development,LV,long_only,0.0,0.05159065277762756,0.05159065277762756,0.4183673469387756,0.055039206400020885,978,195,0
2013-06-28,development,LV,long_only,10.0,0.05159065277762756,0.05117228543068879,0.4183673469387756,0.055039206400020885,978,195,0
2013-06-28,development,LV,long_only,25.0,0.05159065277762756,0.05054473441028062,0.4183673469387756,0.055039206400020885,978,195,0
2013-06-28,development,LV,long_short,0.0,-0.039772769836455696,-0.039772769836455696,0.806122448979592,0.055039206400020885,978,195,195
2013-06-28,development,LV,long_short,10.0,-0.039772769836455696,-0.040578892285435285,0.806122448979592,0.055039206400020885,978,195,195
2013-06-28,development,LV,long_short,25.0,-0.039772769836455696,-0.04178807595890468,0.806122448979592,0.055039206400020885,978,195,195
2013-06-28,development,MOM,long_only,0.0,0.08019848190745005,0.08019848190745005,0.5128205128205128,0.05506192792435617,973,194,0
2013-06-28,development,MOM,long_only,10.0,0.08019848190745005,0.07968566139462953,0.5128205128205128,0.05506192792435617,973,194,0
2013-06-28,development,MOM,long_only,25.0,0.08019848190745005,0.07891643062539877,0.5128205128205128,0.05506192792435617,973,194,0
2013-06-28,development,MOM,long_short,0.0,0.014613781016188541,0.014613781016188541,1.0769230769230769,0.05506192792435617,973,194,194
2013-06-28,development,MOM,long_short,10.0,0.014613781016188541,0.013536857939265463,1.0769230769230769,0.05506192792435617,973,194,194
2013-06-28,development,MOM,long_short,25.0,0.014613781016188541,0.011921473323880848,1.0769230769230769,0.05506192792435617,973,194,194
2013-06-28,development,QUALITY,long_only,0.0,0.06929284279273075,0.06929284279273075,0.03108808290155431,0.05394587752796289,964,192,0
2013-06-28,development,QUALITY,long_only,10.0,0.06929284279273075,0.06926175470982919,0.03108808290155431,0.05394587752796289,964,192,0
2013-06-28,development,QUALITY,long_only,25.0,0.06929284279273075,0.06921512258547687,0.03108808290155431,0.05394587752796289,964,192,0
2013-06-28,development,QUALITY,long_short,0.0,-0.00816069376785143,-0.00816069376785143,0.1139896373056993,0.05394587752796289,964,192,192
2013-06-28,development,QUALITY,long_short,10.0,-0.00816069376785143,-0.00827468340515713,0.1139896373056993,0.05394587752796289,964,192,192
2013-06-28,development,QUALITY,long_short,25.0,-0.00816069376785143,-0.00844566786111568,0.1139896373056993,0.05394587752796289,964,192,192
2013-06-28,development,SIZE,long_only,0.0,0.08210893149803672,0.08210893149803672,0.271356783919598,0.05516836560385348,996,199,0
2013-06-28,development,SIZE,long_only,10.0,0.08210893149803672,0.08183757471411712,0.271356783919598,0.05516836560385348,996,199,0
2013-06-28,development,SIZE,long_only,25.0,0.08210893149803672,0.08143053953823773,0.271356783919598,0.05516836560385348,996,199,0
2013-06-28,development,SIZE,long_short,0.0,0.022570517473997367,0.022570517473997367,0.32160804020100503,0.05516836560385348,996,199,199
2013-06-28,development,SIZE,long_short,10.0,0.022570517473997367,0.02224890943379636,0.32160804020100503,0.05516836560385348,996,199,199
2013-06-28,development,SIZE,long_short,25.0,0.022570517473997367,0.021766497373494856,0.32160804020100503,0.05516836560385348,996,199,199
2013-06-28,development,VALUE,long_only,0.0,0.07278068845812767,0.07278068845812767,0.15873015873015872,0.05417526753242535,939,187,0
2013-06-28,development,VALUE,long_only,10.0,0.07278068845812767,0.07262195829939751,0.15873015873015872,0.05417526753242535,939,187,0
2013-06-28,development,VALUE,long_only,25.0,0.07278068845812767,0.07238386306130228,0.15873015873015872,0.05417526753242535,939,187,0
2013-06-28,development,VALUE,long_short,0.0,0.006081576883271507,0.006081576883271507,0.2751322751322751,0.05417526753242535,939,187,187
2013-06-28,development,VALUE,long_short,10.0,0.006081576883271507,0.005806444608139232,0.2751322751322751,0.05417526753242535,939,187,187
2013-06-28,development,VALUE,long_short,25.0,0.006081576883271507,0.005393746195440819,0.2751322751322751,0.05417526753242535,939,187,187
2013-07-31,development,COMPOSITE,long_only,0.0,-0.031129260898000204,-0.031129260898000204,0.5102040816326531,-0.026925019473911082,980,196,0
2013-07-31,development,COMPOSITE,long_only,10.0,-0.031129260898000204,-0.03163946497963286,0.5102040816326531,-0.026925019473911082,980,196,0
2013-07-31,development,COMPOSITE,long_only,25.0,-0.031129260898000204,-0.032404771102081835,0.5102040816326531,-0.026925019473911082,980,196,0
2013-07-31,development,COMPOSITE,long_short,0.0,-0.023477959589797023,-0.023477959589797023,0.9081632653061225,-0.026925019473911082,980,196,196
2013-07-31,development,COMPOSITE,long_short,10.0,-0.023477959589797023,-0.024386122855103144,0.9081632653061225,-0.026925019473911082,980,196,196
2013-07-31,development,COMPOSITE,long_short,25.0,-0.023477959589797023,-0.02574836775306233,0.9081632653061225,-0.026925019473911082,980,196,196
2013-07-31,development,LV,long_only,0.0,-0.024144205845399003,-0.024144205845399003,0.3061224489795919,-0.02690278265045943,981,196,0
2013-07-31,development,LV,long_only,10.0,-0.024144205845399003,-0.024450328294378595,0.3061224489795919,-0.02690278265045943,981,196,0
2013-07-31,development,LV,long_only,25.0,-0.024144205845399003,-0.02490951196784798,0.3061224489795919,-0.02690278265045943,981,196,0
2013-07-31,development,LV,long_short,0.0,-0.0063901578952192395,-0.0063901578952192395,0.5408163265306123,-0.02690278265045943,981,196,196
2013-07-31,development,LV,long_short,10.0,-0.0063901578952192395,-0.0069309742217498515,0.5408163265306123,-0.02690278265045943,981,196,196
2013-07-31,development,LV,long_short,25.0,-0.0063901578952192395,-0.007742198711545771,0.5408163265306123,-0.02690278265045943,981,196,196
2013-07-31,development,MOM,long_only,0.0,-0.02748458678593698,-0.02748458678593698,0.5128205128205128,-0.026901063655432714,979,195,0
2013-07-31,development,MOM,long_only,10.0,-0.02748458678593698,-0.027997407298757493,0.5128205128205128,-0.026901063655432714,979,195,0
2013-07-31,development,MOM,long_only,25.0,-0.02748458678593698,-0.02876663806798826,0.5128205128205128,-0.026901063655432714,979,195,0
2013-07-31,development,MOM,long_short,0.0,-0.011122551822694428,-0.011122551822694428,1.046153846153846,-0.026901063655432714,979,195,195
2013-07-31,development,MOM,long_short,10.0,-0.011122551822694428,-0.012168705668848274,1.046153846153846,-0.026901063655432714,979,195,195
2013-07-31,development,MOM,long_short,25.0,-0.011122551822694428,-0.013737936438079043,1.046153846153846,-0.026901063655432714,979,195,195
2013-07-31,development,QUALITY,long_only,0.0,-0.02450287217173755,-0.02450287217173755,0.32487309644670054,-0.027048853740754917,986,197,0
2013-07-31,development,QUALITY,long_only,10.0,-0.02450287217173755,-0.02482774526818425,0.32487309644670054,-0.027048853740754917,986,197,0
2013-07-31,development,QUALITY,long_only,25.0,-0.02450287217173755,-0.025315054912854303,0.32487309644670054,-0.027048853740754917,986,197,0
2013-07-31,development,QUALITY,long_short,0.0,-0.0090772652652654,-0.0090772652652654,0.7309644670050761,-0.027048853740754917,986,197,197
2013-07-31,development,QUALITY,long_short,10.0,-0.0090772652652654,-0.009808229732270475,0.7309644670050761,-0.027048853740754917,986,197,197
2013-07-31,development,QUALITY,long_short,25.0,-0.0090772652652654,-0.01090467643277809,0.7309644670050761,-0.027048853740754917,986,197,197
2013-07-31,development,SIZE,long_only,0.0,-0.02801766370278774,-0.02801766370278774,0.27999999999999997,-0.027196446340939363,1000,200,0
2013-07-31,development,SIZE,long_only,10.0,-0.02801766370278774,-0.02829766370278774,0.27999999999999997,-0.027196446340939363,1000,200,0
2013-07-31,development,SIZE,long_only,25.0,-0.02801766370278774,-0.02871766370278774,0.27999999999999997,-0.027196446340939363,1000,200,0
2013-07-31,development,SIZE,long_short,0.0,-0.005221269079123934,-0.005221269079123934,0.3299999999999999,-0.027196446340939363,1000,200,200
2013-07-31,development,SIZE,long_short,10.0,-0.005221269079123934,-0.005551269079123933,0.3299999999999999,-0.027196446340939363,1000,200,200
2013-07-31,development,SIZE,long_short,25.0,-0.005221269079123934,-0.006046269079123934,0.3299999999999999,-0.027196446340939363,1000,200,200
2013-07-31,development,VALUE,long_only,0.0,-0.03493821249797969,-0.03493821249797969,0.30208333333333326,-0.02670577880146167,961,192,0
2013-07-31,development,VALUE,long_only,10.0,-0.03493821249797969,-0.03524029583131302,0.30208333333333326,-0.02670577880146167,961,192,0
2013-07-31,development,VALUE,long_only,25.0,-0.03493821249797969,-0.03569342083131302,0.30208333333333326,-0.02670577880146167,961,192,0
2013-07-31,development,VALUE,long_short,0.0,-0.016809331865503284,-0.016809331865503284,0.71875,-0.02670577880146167,961,192,192
2013-07-31,development,VALUE,long_short,10.0,-0.016809331865503284,-0.017528081865503285,0.71875,-0.02670577880146167,961,192,192
2013-07-31,development,VALUE,long_short,25.0,-0.016809331865503284,-0.018606206865503284,0.71875,-0.02670577880146167,961,192,192
2013-08-30,development,COMPOSITE,long_only,0.0,0.05904211294868391,0.05904211294868391,0.43877551020408156,0.03559237019747805,980,196,0
2013-08-30,development,COMPOSITE,long_only,10.0,0.05904211294868391,0.05860333743847983,0.43877551020408156,0.03559237019747805,980,196,0
2013-08-30,development,COMPOSITE,long_only,25.0,0.05904211294868391,0.05794517417317371,0.43877551020408156,0.03559237019747805,980,196,0
2013-08-30,development,COMPOSITE,long_short,0.0,0.014462209500790676,0.014462209500790676,0.7448979591836734,0.03559237019747805,980,196,196
2013-08-30,development,COMPOSITE,long_short,10.0,0.014462209500790676,0.013717311541607003,0.7448979591836734,0.03559237019747805,980,196,196
2013-08-30,development,COMPOSITE,long_short,25.0,0.014462209500790676,0.012599964602831493,0.7448979591836734,0.03559237019747805,980,196,196
2013-08-30,development,LV,long_only,0.0,0.049210843796303486,0.049210843796303486,0.35714285714285715,0.03556638702646234,983,196,0
2013-08-30,development,LV,long_only,10.0,0.049210843796303486,0.04885370093916063,0.35714285714285715,0.03556638702646234,983,196,0
2013-08-30,development,LV,long_only,25.0,0.049210843796303486,0.048317986653446346,0.35714285714285715,0.03556638702646234,983,196,0
2013-08-30,development,LV,long_short,0.0,-0.008193365369165592,-0.008193365369165592,0.7040816326530612,0.03556638702646234,983,196,196
2013-08-30,development,LV,long_short,10.0,-0.008193365369165592,-0.008897447001818652,0.7040816326530612,0.03556638702646234,983,196,196
2013-08-30,development,LV,long_short,25.0,-0.008193365369165592,-0.009953569450798245,0.7040816326530612,0.03556638702646234,983,196,196
2013-08-30,development,MOM,long_only,0.0,0.06797847873181792,0.06797847873181792,0.46153846153846156,0.03562189270151056,976,195,0
2013-08-30,development,MOM,long_only,10.0,0.06797847873181792,0.06751694027027946,0.46153846153846156,0.03562189270151056,976,195,0
2013-08-30,development,MOM,long_only,25.0,0.06797847873181792,0.06682463257797176,0.46153846153846156,0.03562189270151056,976,195,0
2013-08-30,development,MOM,long_short,0.0,0.032128320645847495,0.032128320645847495,0.994871794871795,0.03562189270151056,976,195,195
2013-08-30,development,MOM,long_short,10.0,0.032128320645847495,0.0311334488509757,0.994871794871795,0.03562189270151056,976,195,195
2013-08-30,development,MOM,long_short,25.0,0.032128320645847495,0.02964114115866801,0.994871794871795,0.03562189270151056,976,195,195
2013-08-30,development,QUALITY,long_only,0.0,0.055967282143142935,0.055967282143142935,0.0812182741116751,0.03558225200742521,982,196,0
2013-08-30,development,QUALITY,long_only,10.0,0.055967282143142935,0.05588606386903126,0.0812182741116751,0.03558225200742521,982,196,0
2013-08-30,development,QUALITY,long_only,25.0,0.055967282143142935,0.05576423645786375,0.0812182741116751,0.03558225200742521,982,196,0
2013-08-30,development,QUALITY,long_short,0.0,0.0016807663191781542,0.0016807663191781542,0.15228426395939082,0.03558225200742521,982,196,196
2013-08-30,development,QUALITY,long_short,10.0,0.0016807663191781542,0.0015284820552187634,0.15228426395939082,0.03558225200742521,982,196,196
2013-08-30,development,QUALITY,long_short,25.0,0.0016807663191781542,0.0013000556592796771,0.15228426395939082,0.03558225200742521,982,196,196
2013-08-30,development,SIZE,long_only,0.0,0.05606335201501285,0.05606335201501285,0.27,0.035456563789976546,998,199,0
2013-08-30,development,SIZE,long_only,10.0,0.05606335201501285,0.05579335201501285,0.27,0.035456563789976546,998,199,0
2013-08-30,development,SIZE,long_only,25.0,0.05606335201501285,0.05538835201501285,0.27,0.035456563789976546,998,199,0
2013-08-30,development,SIZE,long_short,0.0,0.014297682864519098,0.014297682864519098,0.34,0.035456563789976546,998,199,199
2013-08-30,development,SIZE,long_short,10.0,0.014297682864519098,0.013957682864519098,0.34,0.035456563789976546,998,199,199
2013-08-30,development,SIZE,long_short,25.0,0.014297682864519098,0.013447682864519098,0.34,0.035456563789976546,998,199,199
2013-08-30,development,VALUE,long_only,0.0,0.0465471899042713,0.0465471899042713,0.15625000000000008,0.03502974311761757,958,191,0
2013-08-30,development,VALUE,long_only,10.0,0.0465471899042713,0.0463909399042713,0.15625000000000008,0.03502974311761757,958,191,0
2013-08-30,development,VALUE,long_only,25.0,0.0465471899042713,0.0461565649042713,0.15625000000000008,0.03502974311761757,958,191,0
2013-08-30,development,VALUE,long_short,0.0,-0.014497838260140406,-0.014497838260140406,0.2812500000000002,0.03502974311761757,958,191,191
2013-08-30,development,VALUE,long_short,10.0,-0.014497838260140406,-0.014779088260140407,0.2812500000000002,0.03502974311761757,958,191,191
2013-08-30,development,VALUE,long_short,25.0,-0.014497838260140406,-0.015200963260140407,0.2812500000000002,0.03502974311761757,958,191,191
2013-09-30,development,COMPOSITE,long_only,0.0,0.033534781357561994,0.033534781357561994,0.3877551020408164,0.04331183529392575,975,195,0
2013-09-30,development,COMPOSITE,long_only,10.0,0.033534781357561994,0.03314702625552118,0.3877551020408164,0.04331183529392575,975,195,0
2013-09-30,development,COMPOSITE,long_only,25.0,0.033534781357561994,0.032565393602459955,0.3877551020408164,0.04331183529392575,975,195,0
2013-09-30,development,COMPOSITE,long_short,0.0,0.007752791755413668,0.007752791755413668,0.6632653061224492,0.04331183529392575,975,195,195
2013-09-30,development,COMPOSITE,long_short,10.0,0.007752791755413668,0.0070895264492912185,0.6632653061224492,0.04331183529392575,975,195,195
2013-09-30,development,COMPOSITE,long_short,25.0,0.007752791755413668,0.006094628490107544,0.6632653061224492,0.04331183529392575,975,195,195
2013-09-30,development,LV,long_only,0.0,0.04402906653915624,0.04402906653915624,0.27551020408163274,0.04330867642370824,978,195,0
2013-09-30,development,LV,long_only,10.0,0.04402906653915624,0.043753556335074606,0.27551020408163274,0.04330867642370824,978,195,0
2013-09-30,development,LV,long_only,25.0,0.04402906653915624,0.043340291028952156,0.27551020408163274,0.04330867642370824,978,195,0
2013-09-30,development,LV,long_short,0.0,0.02401245637636815,0.02401245637636815,0.5408163265306124,0.04330867642370824,978,195,195
2013-09-30,development,LV,long_short,10.0,0.02401245637636815,0.02347164004983754,0.5408163265306124,0.04330867642370824,978,195,195
2013-09-30,development,LV,long_short,25.0,0.02401245637636815,0.02266041556004162,0.5408163265306124,0.04330867642370824,978,195,195
2013-09-30,development,MOM,long_only,0.0,0.029408588351068604,0.029408588351068604,0.4717948717948718,0.043374541291768,970,194,0
2013-09-30,development,MOM,long_only,10.0,0.029408588351068604,0.02893679347927373,0.4717948717948718,0.043374541291768,970,194,0
2013-09-30,development,MOM,long_only,25.0,0.029408588351068604,0.028229101171581426,0.4717948717948718,0.043374541291768,970,194,0
2013-09-30,development,MOM,long_short,0.0,-0.0017592072412954659,-0.0017592072412954659,0.964102564102564,0.043374541291768,970,194,194
2013-09-30,development,MOM,long_short,10.0,-0.0017592072412954659,-0.00272330980539803,0.964102564102564,0.043374541291768,970,194,194
2013-09-30,development,MOM,long_short,25.0,-0.0017592072412954659,-0.004169463651551876,0.964102564102564,0.043374541291768,970,194,194
2013-09-30,development,QUALITY,long_only,0.0,0.029997664220676564,0.029997664220676564,0.09183673469387764,0.04339525876383066,976,195,0
2013-09-30,development,QUALITY,long_only,10.0,0.029997664220676564,0.029905827485982688,0.09183673469387764,0.04339525876383066,976,195,0
2013-09-30,development,QUALITY,long_only,25.0,0.029997664220676564,0.02976807238394187,0.09183673469387764,0.04339525876383066,976,195,0
2013-09-30,development,QUALITY,long_short,0.0,0.0002688911801133143,0.0002688911801133143,0.22448979591836749,0.04339525876383066,976,195,195
2013-09-30,development,QUALITY,long_short,10.0,0.0002688911801133143,4.440138419494681e-05,0.22448979591836749,0.04339525876383066,976,195,195
2013-09-30,development,QUALITY,long_short,25.0,0.0002688911801133143,-0.0002923333096826045,0.22448979591836749,0.04339525876383066,976,195,195
2013-09-30,development,SIZE,long_only,0.0,0.03978263350842217,0.03978263350842217,0.2613065326633166,0.04355662517925051,996,199,0
2013-09-30,development,SIZE,long_only,10.0,0.03978263350842217,0.03952132697575885,0.2613065326633166,0.04355662517925051,996,199,0
2013-09-30,development,SIZE,long_only,25.0,0.03978263350842217,0.03912936717676388,0.2613065326633166,0.04355662517925051,996,199,0
2013-09-30,development,SIZE,long_short,0.0,-0.00454341414113729,-0.00454341414113729,0.31155778894472363,0.04355662517925051,996,199,199
2013-09-30,development,SIZE,long_short,10.0,-0.00454341414113729,-0.004854971930082014,0.31155778894472363,0.04355662517925051,996,199,199
2013-09-30,development,SIZE,long_short,25.0,-0.00454341414113729,-0.005322308613499099,0.31155778894472363,0.04355662517925051,996,199,199
2013-09-30,development,VALUE,long_only,0.0,0.05231020138564764,0.05231020138564764,0.16753926701570676,0.04336698987867117,952,190,0
2013-09-30,development,VALUE,long_only,10.0,0.05231020138564764,0.05214266211863193,0.16753926701570676,0.04336698987867117,952,190,0
2013-09-30,development,VALUE,long_only,25.0,0.05231020138564764,0.05189135321810837,0.16753926701570676,0.04336698987867117,952,190,0
2013-09-30,development,VALUE,long_short,0.0,0.02542355660038387,0.02542355660038387,0.3350785340314136,0.04336698987867117,952,190,190
2013-09-30,development,VALUE,long_short,10.0,0.02542355660038387,0.02508847806635246,0.3350785340314136,0.04336698987867117,952,190,190
2013-09-30,development,VALUE,long_short,25.0,0.02542355660038387,0.024585860265305338,0.3350785340314136,0.04336698987867117,952,190,190
2013-10-31,development,COMPOSITE,long_only,0.0,0.03435743881789004,0.03435743881789004,0.36923076923076925,0.030083508655765354,978,195,0
2013-10-31,development,COMPOSITE,long_only,10.0,0.03435743881789004,0.03398820804865927,0.36923076923076925,0.030083508655765354,978,195,0
2013-10-31,development,COMPOSITE,long_only,25.0,0.03435743881789004,0.033434361894813115,0.36923076923076925,0.030083508655765354,978,195,0
2013-10-31,development,COMPOSITE,long_short,0.0,0.01023451635871675,0.01023451635871675,0.6461538461538461,0.030083508655765354,978,195,195
2013-10-31,development,COMPOSITE,long_short,10.0,0.01023451635871675,0.009588362512562903,0.6461538461538461,0.030083508655765354,978,195,195
2013-10-31,development,COMPOSITE,long_short,25.0,0.01023451635871675,0.008619131743332134,0.6461538461538461,0.030083508655765354,978,195,195
2013-10-31,development,LV,long_only,0.0,0.029234135230593674,0.029234135230593674,0.24489795918367355,0.03004579418908699,981,196,0
2013-10-31,development,LV,long_only,10.0,0.029234135230593674,0.02898923727141,0.24489795918367355,0.03004579418908699,981,196,0
2013-10-31,development,LV,long_only,25.0,0.029234135230593674,0.02862189033263449,0.24489795918367355,0.03004579418908699,981,196,0
2013-10-31,development,LV,long_short,0.0,0.0035855419432240534,0.0035855419432240534,0.4591836734693879,0.03004579418908699,981,196,196
2013-10-31,development,LV,long_short,10.0,0.0035855419432240534,0.0031263582697546653,0.4591836734693879,0.03004579418908699,981,196,196
2013-10-31,development,LV,long_short,25.0,0.0035855419432240534,0.0024375827595505837,0.4591836734693879,0.03004579418908699,981,196,196
2013-10-31,development,MOM,long_only,0.0,0.030068030791445842,0.030068030791445842,0.5051546391752577,0.030130631928919165,971,194,0
2013-10-31,development,MOM,long_only,10.0,0.030068030791445842,0.029562876152270583,0.5051546391752577,0.030130631928919165,971,194,0
2013-10-31,development,MOM,long_only,25.0,0.030068030791445842,0.028805144193507697,0.5051546391752577,0.030130631928919165,971,194,0
2013-10-31,development,MOM,long_short,0.0,0.00863846536582839,0.00863846536582839,0.9381443298969072,0.030130631928919165,971,194,194
2013-10-31,development,MOM,long_short,10.0,0.00863846536582839,0.007700321035931482,0.9381443298969072,0.030130631928919165,971,194,194
2013-10-31,development,MOM,long_short,25.0,0.00863846536582839,0.006293104541086122,0.9381443298969072,0.030130631928919165,971,194,194
2013-10-31,development,QUALITY,long_only,0.0,0.02701151859907832,0.02701151859907832,0.061538461538461535,0.030083508655765354,978,195,0
2013-10-31,development,QUALITY,long_only,10.0,0.02701151859907832,0.02694998013753986,0.061538461538461535,0.030083508655765354,978,195,0
2013-10-31,development,QUALITY,long_only,25.0,0.02701151859907832,0.026857672445232166,0.061538461538461535,0.030083508655765354,978,195,0
2013-10-31,development,QUALITY,long_short,0.0,-0.0006552709128364058,-0.0006552709128364058,0.15384615384615385,0.030083508655765354,978,195,195
2013-10-31,development,QUALITY,long_short,10.0,-0.0006552709128364058,-0.0008091170666825596,0.15384615384615385,0.030083508655765354,978,195,195
2013-10-31,development,QUALITY,long_short,25.0,-0.0006552709128364058,-0.0010398862974517905,0.15384615384615385,0.030083508655765354,978,195,195
2013-10-31,development,SIZE,long_only,0.0,0.04106155531229275,0.04106155531229275,0.2512562814070352,0.030092638485932577,998,199,0
2013-10-31,development,SIZE,long_only,10.0,0.04106155531229275,0.04081029903088571,0.2512562814070352,0.030092638485932577,998,199,0
2013-10-31,development,SIZE,long_only,25.0,0.04106155531229275,0.040433414608775156,0.2512562814070352,0.030092638485932577,998,199,0
2013-10-31,development,SIZE,long_short,0.0,0.012005040002005836,0.012005040002005836,0.2914572864321608,0.030092638485932577,998,199,199
2013-10-31,development,SIZE,long_short,10.0,0.012005040002005836,0.011713582715573675,0.2914572864321608,0.030092638485932577,998,199,199
2013-10-31,development,SIZE,long_short,25.0,0.012005040002005836,0.011276396785925433,0.2914572864321608,0.030092638485932577,998,199,199
2013-10-31,development,VALUE,long_only,0.0,0.026095359010893743,0.026095359010893743,0.12631578947368421,0.03043273987233076,953,190,0
2013-10-31,development,VALUE,long_only,10.0,0.026095359010893743,0.02596904322142006,0.12631578947368421,0.03043273987233076,953,190,0
2013-10-31,development,VALUE,long_only,25.0,0.026095359010893743,0.025779569537209533,0.12631578947368421,0.03043273987233076,953,190,0
2013-10-31,development,VALUE,long_short,0.0,0.00823724227416858,0.00823724227416858,0.2947368421052632,0.03043273987233076,953,190,190
2013-10-31,development,VALUE,long_short,10.0,0.00823724227416858,0.007942505432063318,0.2947368421052632,0.03043273987233076,953,190,190
2013-10-31,development,VALUE,long_short,25.0,0.00823724227416858,0.007500400168905423,0.2947368421052632,0.03043273987233076,953,190,190
2013-11-29,development,COMPOSITE,long_only,0.0,0.0359811437007901,0.0359811437007901,0.4205128205128205,0.026905523773141735,973,194,0
2013-11-29,development,COMPOSITE,long_only,10.0,0.0359811437007901,0.03556063088027728,0.4205128205128205,0.026905523773141735,973,194,0
2013-11-29,development,COMPOSITE,long_only,25.0,0.0359811437007901,0.03492986164950805,0.4205128205128205,0.026905523773141735,973,194,0
2013-11-29,development,COMPOSITE,long_short,0.0,0.005933069592188011,0.005933069592188011,0.8205128205128205,0.026905523773141735,973,194,194
2013-11-29,development,COMPOSITE,long_short,10.0,0.005933069592188011,0.005112556771675191,0.8205128205128205,0.026905523773141735,973,194,194
2013-11-29,development,COMPOSITE,long_short,25.0,0.005933069592188011,0.00388178754090596,0.8205128205128205,0.026905523773141735,973,194,194
2013-11-29,development,LV,long_only,0.0,0.028926420551581206,0.028926420551581206,0.34693877551020413,0.027096558790400904,978,195,0
2013-11-29,development,LV,long_only,10.0,0.028926420551581206,0.028579481776071003,0.34693877551020413,0.027096558790400904,978,195,0
2013-11-29,development,LV,long_only,25.0,0.028926420551581206,0.028059073612805695,0.34693877551020413,0.027096558790400904,978,195,0
2013-11-29,development,LV,long_short,0.0,-0.004285953672006491,-0.004285953672006491,0.6734693877551022,0.027096558790400904,978,195,195
2013-11-29,development,LV,long_short,10.0,-0.004285953672006491,-0.0049594230597615925,0.6734693877551022,0.027096558790400904,978,195,195
2013-11-29,development,LV,long_short,25.0,-0.004285953672006491,-0.005969627141394247,0.6734693877551022,0.027096558790400904,978,195,195
2013-11-29,development,MOM,long_only,0.0,0.030109953162735247,0.030109953162735247,0.5257731958762887,0.026910665555908944,974,194,0
2013-11-29,development,MOM,long_only,10.0,0.030109953162735247,0.02958417996685896,0.5257731958762887,0.026910665555908944,974,194,0
2013-11-29,development,MOM,long_only,25.0,0.030109953162735247,0.028795520173044525,0.5257731958762887,0.026910665555908944,974,194,0
2013-11-29,development,MOM,long_short,0.0,-0.004821690829713633,-0.004821690829713633,1.1030927835051547,0.026910665555908944,974,194,194
2013-11-29,development,MOM,long_short,10.0,-0.004821690829713633,-0.005924783613218788,1.1030927835051547,0.026910665555908944,974,194,194
2013-11-29,development,MOM,long_short,25.0,-0.004821690829713633,-0.00757942278847652,1.1030927835051547,0.026910665555908944,974,194,194
2013-11-29,development,QUALITY,long_only,0.0,0.028485489415770927,0.028485489415770927,0.08205128205128204,0.026905523773141735,973,194,0
2013-11-29,development,QUALITY,long_only,10.0,0.028485489415770927,0.028403438133719646,0.08205128205128204,0.026905523773141735,973,194,0
2013-11-29,development,QUALITY,long_only,25.0,0.028485489415770927,0.028280361210642722,0.08205128205128204,0.026905523773141735,973,194,0
2013-11-29,development,QUALITY,long_short,0.0,-0.006723474670259777,-0.006723474670259777,0.16410256410256407,0.026905523773141735,973,194,194
2013-11-29,development,QUALITY,long_short,10.0,-0.006723474670259777,-0.006887577234362341,0.16410256410256407,0.026905523773141735,973,194,194
2013-11-29,development,QUALITY,long_short,25.0,-0.006723474670259777,-0.0071337310805161865,0.16410256410256407,0.026905523773141735,973,194,194
2013-11-29,development,SIZE,long_only,0.0,0.031145938636356826,0.031145938636356826,0.2814070351758794,0.02778668371771439,995,199,0
2013-11-29,development,SIZE,long_only,10.0,0.031145938636356826,0.030864531601180946,0.2814070351758794,0.02778668371771439,995,199,0
2013-11-29,development,SIZE,long_only,25.0,0.031145938636356826,0.03044242104841713,0.2814070351758794,0.02778668371771439,995,199,0
2013-11-29,development,SIZE,long_short,0.0,0.0038381069687782954,0.0038381069687782954,0.3316582914572864,0.02778668371771439,995,199,199
2013-11-29,development,SIZE,long_short,10.0,0.0038381069687782954,0.003506448677321009,0.3316582914572864,0.02778668371771439,995,199,199
2013-11-29,development,SIZE,long_short,25.0,0.0038381069687782954,0.0030089612401350795,0.3316582914572864,0.02778668371771439,995,199,199
2013-11-29,development,VALUE,long_only,0.0,0.032746304258111876,0.032746304258111876,0.16842105263157892,0.02693332880716479,949,189,0
2013-11-29,development,VALUE,long_only,10.0,0.032746304258111876,0.032577883205480294,0.16842105263157892,0.02693332880716479,949,189,0
2013-11-29,development,VALUE,long_only,25.0,0.032746304258111876,0.03232525162653293,0.16842105263157892,0.02693332880716479,949,189,0
2013-11-29,development,VALUE,long_short,0.0,0.008241547029301702,0.008241547029301702,0.34736842105263155,0.02693332880716479,949,189,189
2013-11-29,development,VALUE,long_short,10.0,0.008241547029301702,0.00789417860824907,0.34736842105263155,0.02693332880716479,949,189,189
2013-11-29,development,VALUE,long_short,25.0,0.008241547029301702,0.007373125976670123,0.34736842105263155,0.02693332880716479,949,189,189
2013-12-31,development,COMPOSITE,long_only,0.0,-0.027799395430962714,-0.027799395430962714,0.3917525773195876,-0.03350267640458196,971,194,0
2013-12-31,development,COMPOSITE,long_only,10.0,-0.027799395430962714,-0.0281911480082823,0.3917525773195876,-0.03350267640458196,971,194,0
2013-12-31,development,COMPOSITE,long_only,25.0,-0.027799395430962714,-0.028778776874261683,0.3917525773195876,-0.03350267640458196,971,194,0
2013-12-31,development,COMPOSITE,long_short,0.0,-0.011388123088094502,-0.011388123088094502,0.7319587628865979,-0.03350267640458196,971,194,194
2013-12-31,development,COMPOSITE,long_short,10.0,-0.011388123088094502,-0.0121200818509811,0.7319587628865979,-0.03350267640458196,971,194,194
2013-12-31,development,COMPOSITE,long_short,25.0,-0.011388123088094502,-0.013218019995310998,0.7319587628865979,-0.03350267640458196,971,194,194
2013-12-31,development,LV,long_only,0.0,-0.03689568112778446,-0.03689568112778446,0.2358974358974359,-0.03381755728013135,977,195,0
2013-12-31,development,LV,long_only,10.0,-0.03689568112778446,-0.0371315785636819,0.2358974358974359,-0.03381755728013135,977,195,0
2013-12-31,development,LV,long_only,25.0,-0.03689568112778446,-0.037485424717528054,0.2358974358974359,-0.03381755728013135,977,195,0
2013-12-31,development,LV,long_short,0.0,-0.0247359748712849,-0.0247359748712849,0.45128205128205123,-0.03381755728013135,977,195,195
2013-12-31,development,LV,long_short,10.0,-0.0247359748712849,-0.02518725692256695,0.45128205128205123,-0.03381755728013135,977,195,195
2013-12-31,development,LV,long_short,25.0,-0.0247359748712849,-0.025864179999490026,0.45128205128205123,-0.03381755728013135,977,195,195
2013-12-31,development,MOM,long_only,0.0,-0.012941304308107488,-0.012941304308107488,0.5051546391752577,-0.033702906176669906,973,194,0
2013-12-31,development,MOM,long_only,10.0,-0.012941304308107488,-0.013446458947282747,0.5051546391752577,-0.033702906176669906,973,194,0
2013-12-31,development,MOM,long_only,25.0,-0.012941304308107488,-0.014204190906045633,0.5051546391752577,-0.033702906176669906,973,194,0
2013-12-31,development,MOM,long_short,0.0,0.018415019364824342,0.018415019364824342,0.9175257731958764,-0.033702906176669906,973,194,194
2013-12-31,development,MOM,long_short,10.0,0.018415019364824342,0.017497493591628464,0.9175257731958764,-0.033702906176669906,973,194,194
2013-12-31,development,MOM,long_short,25.0,0.018415019364824342,0.01612120493183465,0.9175257731958764,-0.033702906176669906,973,194,194
2013-12-31,development,QUALITY,long_only,0.0,-0.03375150787646827,-0.03375150787646827,0.05154639175257732,-0.03352084874981735,970,194,0
2013-12-31,development,QUALITY,long_only,10.0,-0.03375150787646827,-0.03380305426822085,0.05154639175257732,-0.03352084874981735,970,194,0
2013-12-31,development,QUALITY,long_only,25.0,-0.03375150787646827,-0.033880373855849716,0.05154639175257732,-0.03352084874981735,970,194,0
2013-12-31,development,QUALITY,long_short,0.0,-0.014884576777338081,-0.014884576777338081,0.13402061855670103,-0.03352084874981735,970,194,194
2013-12-31,development,QUALITY,long_short,10.0,-0.014884576777338081,-0.015018597395894782,0.13402061855670103,-0.03352084874981735,970,194,194
2013-12-31,development,QUALITY,long_short,25.0,-0.014884576777338081,-0.015219628323729834,0.13402061855670103,-0.03352084874981735,970,194,194
2013-12-31,development,SIZE,long_only,0.0,-0.02812513063063069,-0.02812513063063069,0.2110552763819096,-0.034029460254149796,994,198,0
2013-12-31,development,SIZE,long_only,10.0,-0.02812513063063069,-0.0283361859070126,0.2110552763819096,-0.034029460254149796,994,198,0
2013-12-31,development,SIZE,long_only,25.0,-0.02812513063063069,-0.028652768821585465,0.2110552763819096,-0.034029460254149796,994,198,0
2013-12-31,development,SIZE,long_short,0.0,0.0043520589895156385,0.0043520589895156385,0.2512562814070353,-0.034029460254149796,994,198,198
2013-12-31,development,SIZE,long_short,10.0,0.0043520589895156385,0.004100802708108603,0.2512562814070353,-0.034029460254149796,994,198,198
2013-12-31,development,SIZE,long_short,25.0,0.0043520589895156385,0.00372391828599805,0.2512562814070353,-0.034029460254149796,994,198,198
2013-12-31,development,VALUE,long_only,0.0,-0.023933188054270558,-0.023933188054270558,0.13756613756613756,-0.033619499135651196,947,189,0
2013-12-31,development,VALUE,long_only,10.0,-0.023933188054270558,-0.024070754191836696,0.13756613756613756,-0.033619499135651196,947,189,0
2013-12-31,development,VALUE,long_only,25.0,-0.023933188054270558,-0.024277103398185902,0.13756613756613756,-0.033619499135651196,947,189,0
2013-12-31,development,VALUE,long_short,0.0,-0.005035048002581657,-0.005035048002581657,0.30687830687830686,-0.033619499135651196,947,189,189
2013-12-31,development,VALUE,long_short,10.0,-0.005035048002581657,-0.005341926309459964,0.30687830687830686,-0.033619499135651196,947,189,189
2013-12-31,development,VALUE,long_short,25.0,-0.005035048002581657,-0.005802243769777424,0.30687830687830686,-0.033619499135651196,947,189,189
2014-01-31,development,COMPOSITE,long_only,0.0,0.05229368833313799,0.05229368833313799,0.38144329896907225,0.0468471281561226,967,193,0
2014-01-31,development,COMPOSITE,long_only,10.0,0.05229368833313799,0.05191224503416891,0.38144329896907225,0.0468471281561226,967,193,0
2014-01-31,development,COMPOSITE,long_only,25.0,0.05229368833313799,0.051340080085715306,0.38144329896907225,0.0468471281561226,967,193,0
2014-01-31,development,COMPOSITE,long_short,0.0,7.34647726654972e-05,7.34647726654972e-05,0.6701030927835054,0.0468471281561226,967,193,193
2014-01-31,development,COMPOSITE,long_short,10.0,7.34647726654972e-05,-0.0005966383201180083,0.6701030927835054,0.0468471281561226,967,193,193
2014-01-31,development,COMPOSITE,long_short,25.0,7.34647726654972e-05,-0.0016017929592932665,0.6701030927835054,0.0468471281561226,967,193,193
2014-01-31,development,LV,long_only,0.0,0.052348180059709,0.052348180059709,0.2358974358974359,0.046790610433589785,975,195,0
2014-01-31,development,LV,long_only,10.0,0.052348180059709,0.05211228262381157,0.2358974358974359,0.046790610433589785,975,195,0
2014-01-31,development,LV,long_only,25.0,0.052348180059709,0.05175843646996541,0.2358974358974359,0.046790610433589785,975,195,0
2014-01-31,development,LV,long_short,0.0,-0.014896478835885735,-0.014896478835885735,0.48205128205128206,0.046790610433589785,975,195,195
2014-01-31,development,LV,long_short,10.0,-0.014896478835885735,-0.015378530117937017,0.48205128205128206,0.046790610433589785,975,195,195
2014-01-31,development,LV,long_short,25.0,-0.014896478835885735,-0.01610160704101394,0.48205128205128206,0.046790610433589785,975,195,195
2014-01-31,development,MOM,long_only,0.0,0.06610721036514741,0.06610721036514741,0.4329896907216495,0.046866875883689096,970,194,0
2014-01-31,development,MOM,long_only,10.0,0.06610721036514741,0.06567422067442576,0.4329896907216495,0.046866875883689096,970,194,0
2014-01-31,development,MOM,long_only,25.0,0.06610721036514741,0.0650247361383433,0.4329896907216495,0.046866875883689096,970,194,0
2014-01-31,development,MOM,long_short,0.0,0.013166195737737297,0.013166195737737297,0.9793814432989691,0.046866875883689096,970,194,194
2014-01-31,development,MOM,long_short,10.0,0.013166195737737297,0.012186814294438329,0.9793814432989691,0.046866875883689096,970,194,194
2014-01-31,development,MOM,long_short,25.0,0.013166195737737297,0.010717742129489874,0.9793814432989691,0.046866875883689096,970,194,194
2014-01-31,development,QUALITY,long_only,0.0,0.06082894874850016,0.06082894874850016,0.2474226804123712,0.04690390591280061,967,193,0
2014-01-31,development,QUALITY,long_only,10.0,0.06082894874850016,0.06058152606808779,0.2474226804123712,0.04690390591280061,967,193,0
2014-01-31,development,QUALITY,long_only,25.0,0.06082894874850016,0.06021039204746923,0.2474226804123712,0.04690390591280061,967,193,0
2014-01-31,development,QUALITY,long_short,0.0,0.003822686201823036,0.003822686201823036,0.4226804123711342,0.04690390591280061,967,193,193
2014-01-31,development,QUALITY,long_short,10.0,0.003822686201823036,0.003400005789451902,0.4226804123711342,0.04690390591280061,967,193,193
2014-01-31,development,QUALITY,long_short,25.0,0.003822686201823036,0.002765985170895201,0.4226804123711342,0.04690390591280061,967,193,193
2014-01-31,development,SIZE,long_only,0.0,0.05207114117255633,0.05207114117255633,0.4020100502512564,0.04667462531306141,999,199,0
2014-01-31,development,SIZE,long_only,10.0,0.05207114117255633,0.051669131122305076,0.4020100502512564,0.04667462531306141,999,199,0
2014-01-31,development,SIZE,long_only,25.0,0.05207114117255633,0.05106611604692819,0.4020100502512564,0.04667462531306141,999,199,0
2014-01-31,development,SIZE,long_short,0.0,0.0016092517376897096,0.0016092517376897096,0.5025125628140705,0.04667462531306141,999,199,199
2014-01-31,development,SIZE,long_short,10.0,0.0016092517376897096,0.001106739174875639,0.5025125628140705,0.04667462531306141,999,199,199
2014-01-31,development,SIZE,long_short,25.0,0.0016092517376897096,0.00035297033065453324,0.5025125628140705,0.04667462531306141,999,199,199
2014-01-31,development,VALUE,long_only,0.0,0.04910441970763852,0.04910441970763852,0.23280423280423285,0.04649561106014121,943,188,0
2014-01-31,development,VALUE,long_only,10.0,0.04910441970763852,0.04887161547483429,0.23280423280423285,0.04649561106014121,943,188,0
2014-01-31,development,VALUE,long_only,25.0,0.04910441970763852,0.04852240912562794,0.23280423280423285,0.04649561106014121,943,188,0
2014-01-31,development,VALUE,long_short,0.0,0.002747616196610422,0.002747616196610422,0.5185185185185187,0.04649561106014121,943,188,188
2014-01-31,development,VALUE,long_short,10.0,0.002747616196610422,0.002229097678091903,0.5185185185185187,0.04649561106014121,943,188,188
2014-01-31,development,VALUE,long_short,25.0,0.002747616196610422,0.0014513199003141253,0.5185185185185187,0.04649561106014121,943,188,188
2014-02-28,development,COMPOSITE,long_only,0.0,-0.0077213103559893685,-0.0077213103559893685,0.31088082901554404,0.005369301976815112,965,193,0
2014-02-28,development,COMPOSITE,long_only,10.0,-0.0077213103559893685,-0.008032191185004912,0.31088082901554404,0.005369301976815112,965,193,0
2014-02-28,development,COMPOSITE,long_only,25.0,-0.0077213103559893685,-0.008498512428528228,0.31088082901554404,0.005369301976815112,965,193,0
2014-02-28,development,COMPOSITE,long_short,0.0,0.002473799394118067,0.002473799394118067,0.6424870466321244,0.005369301976815112,965,193,193
2014-02-28,development,COMPOSITE,long_short,10.0,0.002473799394118067,0.0018313123474859422,0.6424870466321244,0.005369301976815112,965,193,193
2014-02-28,development,COMPOSITE,long_short,25.0,0.002473799394118067,0.0008675817775377558,0.6424870466321244,0.005369301976815112,965,193,193
2014-02-28,development,LV,long_only,0.0,0.004938568458773228,0.004938568458773228,0.482051282051282,0.005249073846078184,974,194,0
2014-02-28,development,LV,long_only,10.0,0.004938568458773228,0.004456517176721945,0.482051282051282,0.005249073846078184,974,194,0
2014-02-28,development,LV,long_only,25.0,0.004938568458773228,0.0037334402536450227,0.482051282051282,0.005249073846078184,974,194,0
2014-02-28,development,LV,long_short,0.0,0.03083897309891685,0.03083897309891685,0.8512820512820511,0.005249073846078184,974,194,194
2014-02-28,development,LV,long_short,10.0,0.03083897309891685,0.0299876910476348,0.8512820512820511,0.005249073846078184,974,194,194
2014-02-28,development,LV,long_short,25.0,0.03083897309891685,0.02871076797071172,0.8512820512820511,0.005249073846078184,974,194,194
2014-02-28,development,MOM,long_only,0.0,-0.026818675325077004,-0.026818675325077004,0.44329896907216493,0.0053168733255379505,971,194,0
2014-02-28,development,MOM,long_only,10.0,-0.026818675325077004,-0.027261974294149168,0.44329896907216493,0.0053168733255379505,971,194,0
2014-02-28,development,MOM,long_only,25.0,-0.026818675325077004,-0.027926922747757415,0.44329896907216493,0.0053168733255379505,971,194,0
2014-02-28,development,MOM,long_short,0.0,-0.026406846891101093,-0.026406846891101093,0.8350515463917526,0.0053168733255379505,971,194,194
2014-02-28,development,MOM,long_short,10.0,-0.026406846891101093,-0.027241898437492845,0.8350515463917526,0.0053168733255379505,971,194,194
2014-02-28,development,MOM,long_short,25.0,-0.026406846891101093,-0.028494475757080476,0.8350515463917526,0.0053168733255379505,971,194,194
2014-02-28,development,QUALITY,long_only,0.0,-0.015903131013087574,-0.015903131013087574,0.08290155440414508,0.005378892649995455,965,193,0
2014-02-28,development,QUALITY,long_only,10.0,-0.015903131013087574,-0.015986032567491718,0.08290155440414508,0.005378892649995455,965,193,0
2014-02-28,development,QUALITY,long_only,25.0,-0.015903131013087574,-0.016110384899097937,0.08290155440414508,0.005378892649995455,965,193,0
2014-02-28,development,QUALITY,long_short,0.0,0.00745916629488759,0.00745916629488759,0.1968911917098446,0.005378892649995455,965,193,193
2014-02-28,development,QUALITY,long_short,10.0,0.00745916629488759,0.007262275103177745,0.1968911917098446,0.005378892649995455,965,193,193
2014-02-28,development,QUALITY,long_short,25.0,0.00745916629488759,0.006966938315612978,0.1968911917098446,0.005378892649995455,965,193,193
2014-02-28,development,SIZE,long_only,0.0,-0.00754280669566407,-0.00754280669566407,0.3015075376884422,0.004808465698573166,999,199,0
2014-02-28,development,SIZE,long_only,10.0,-0.00754280669566407,-0.007844314233352512,0.3015075376884422,0.004808465698573166,999,199,0
2014-02-28,development,SIZE,long_only,25.0,-0.00754280669566407,-0.008296575539885175,0.3015075376884422,0.004808465698573166,999,199,0
2014-02-28,development,SIZE,long_short,0.0,-0.008517546422965943,-0.008517546422965943,0.37185929648241206,0.004808465698573166,999,199,199
2014-02-28,development,SIZE,long_short,10.0,-0.008517546422965943,-0.008889405719448355,0.37185929648241206,0.004808465698573166,999,199,199
2014-02-28,development,SIZE,long_short,25.0,-0.008517546422965943,-0.009447194664171973,0.37185929648241206,0.004808465698573166,999,199,199
2014-02-28,development,VALUE,long_only,0.0,0.021505559027112528,0.021505559027112528,0.18085106382978722,0.005433673190692009,942,188,0
2014-02-28,development,VALUE,long_only,10.0,0.021505559027112528,0.02132470796328274,0.18085106382978722,0.005433673190692009,942,188,0
2014-02-28,development,VALUE,long_only,25.0,0.021505559027112528,0.02105343136753806,0.18085106382978722,0.005433673190692009,942,188,0
2014-02-28,development,VALUE,long_short,0.0,0.03621227453185919,0.03621227453185919,0.351063829787234,0.005433673190692009,942,188,188
2014-02-28,development,VALUE,long_short,10.0,0.03621227453185919,0.03586121070207196,0.351063829787234,0.005433673190692009,942,188,188
2014-02-28,development,VALUE,long_short,25.0,0.03621227453185919,0.035334614957391104,0.351063829787234,0.005433673190692009,942,188,188
2014-03-31,development,COMPOSITE,long_only,0.0,-0.01851120598641292,-0.01851120598641292,0.3316062176165803,0.0022898650284800984,966,193,0
2014-03-31,development,COMPOSITE,long_only,10.0,-0.01851120598641292,-0.0188428122040295,0.3316062176165803,0.0022898650284800984,966,193,0
2014-03-31,development,COMPOSITE,long_only,25.0,-0.01851120598641292,-0.01934022153045437,0.3316062176165803,0.0022898650284800984,966,193,0
2014-03-31,development,COMPOSITE,long_short,0.0,-0.01289967089222343,-0.01289967089222343,0.6424870466321244,0.0022898650284800984,966,193,193
2014-03-31,development,COMPOSITE,long_short,10.0,-0.01289967089222343,-0.013542157938855555,0.6424870466321244,0.0022898650284800984,966,193,193
2014-03-31,development,COMPOSITE,long_short,25.0,-0.01289967089222343,-0.014505888508803742,0.6424870466321244,0.0022898650284800984,966,193,193
2014-03-31,development,LV,long_only,0.0,-0.007418506515308187,-0.007418506515308187,0.30769230769230765,0.0023109048722998117,976,195,0
2014-03-31,development,LV,long_only,10.0,-0.007418506515308187,-0.007726198823000494,0.30769230769230765,0.0023109048722998117,976,195,0
2014-03-31,development,LV,long_only,25.0,-0.007418506515308187,-0.008187737284538955,0.30769230769230765,0.0023109048722998117,976,195,0
2014-03-31,development,LV,long_short,0.0,0.021248668760053723,0.021248668760053723,0.6871794871794872,0.0023109048722998117,976,195,195
2014-03-31,development,LV,long_short,10.0,0.021248668760053723,0.020561489272874236,0.6871794871794872,0.0023109048722998117,976,195,195
2014-03-31,development,LV,long_short,25.0,0.021248668760053723,0.019530720042105005,0.6871794871794872,0.0023109048722998117,976,195,195
2014-03-31,development,MOM,long_only,0.0,-0.036391221492194016,-0.036391221492194016,0.5051546391752577,0.002391539836100844,971,194,0
2014-03-31,development,MOM,long_only,10.0,-0.036391221492194016,-0.03689637613136927,0.5051546391752577,0.002391539836100844,971,194,0
2014-03-31,development,MOM,long_only,25.0,-0.036391221492194016,-0.03765410809013216,0.5051546391752577,0.002391539836100844,971,194,0
2014-03-31,development,MOM,long_short,0.0,-0.03700482253125918,-0.03700482253125918,1.0,0.002391539836100844,971,194,194
2014-03-31,development,MOM,long_short,10.0,-0.03700482253125918,-0.03800482253125918,1.0,0.002391539836100844,971,194,194
2014-03-31,development,MOM,long_short,25.0,-0.03700482253125918,-0.039504822531259184,1.0,0.002391539836100844,971,194,194
2014-03-31,development,QUALITY,long_only,0.0,-0.021605008651310605,-0.021605008651310605,0.07253886010362694,0.002229999447686983,966,193,0
2014-03-31,development,QUALITY,long_only,10.0,-0.021605008651310605,-0.021677547511414232,0.07253886010362694,0.002229999447686983,966,193,0
2014-03-31,development,QUALITY,long_only,25.0,-0.021605008651310605,-0.021786355801569672,0.07253886010362694,0.002229999447686983,966,193,0
2014-03-31,development,QUALITY,long_short,0.0,0.0006574811329686809,0.0006574811329686809,0.16580310880829016,0.002229999447686983,966,193,193
2014-03-31,development,QUALITY,long_short,10.0,0.0006574811329686809,0.0004916780241603908,0.16580310880829016,0.002229999447686983,966,193,193
2014-03-31,development,QUALITY,long_short,25.0,0.0006574811329686809,0.00024297336094795545,0.16580310880829016,0.002229999447686983,966,193,193
2014-03-31,development,SIZE,long_only,0.0,-0.025391889360790548,-0.025391889360790548,0.3015075376884422,0.0016014436918073672,999,199,0
2014-03-31,development,SIZE,long_only,10.0,-0.025391889360790548,-0.02569339689847899,0.3015075376884422,0.0016014436918073672,999,199,0
2014-03-31,development,SIZE,long_only,25.0,-0.025391889360790548,-0.026145658205011652,0.3015075376884422,0.0016014436918073672,999,199,0
2014-03-31,development,SIZE,long_short,0.0,-0.026253087720827902,-0.026253087720827902,0.35175879396984927,0.0016014436918073672,999,199,199
2014-03-31,development,SIZE,long_short,10.0,-0.026253087720827902,-0.02660484651479775,0.35175879396984927,0.0016014436918073672,999,199,199
2014-03-31,development,SIZE,long_short,25.0,-0.026253087720827902,-0.027132484705752524,0.35175879396984927,0.0016014436918073672,999,199,199
2014-03-31,development,VALUE,long_only,0.0,0.0003962875162608132,0.0003962875162608132,0.18085106382978722,0.0019414020890848134,943,188,0
2014-03-31,development,VALUE,long_only,10.0,0.0003962875162608132,0.00021543645243102594,0.18085106382978722,0.0019414020890848134,943,188,0
2014-03-31,development,VALUE,long_only,25.0,0.0003962875162608132,-5.584014331365492e-05,0.18085106382978722,0.0019414020890848134,943,188,0
2014-03-31,development,VALUE,long_short,0.0,0.021168015505071674,0.021168015505071674,0.36170212765957444,0.0019414020890848134,943,188,188
2014-03-31,development,VALUE,long_short,10.0,0.021168015505071674,0.020806313377412098,0.36170212765957444,0.0019414020890848134,943,188,188
2014-03-31,development,VALUE,long_short,25.0,0.021168015505071674,0.020263760185922738,0.36170212765957444,0.0019414020890848134,943,188,188
2014-04-30,development,COMPOSITE,long_only,0.0,0.010050375593183624,0.010050375593183624,0.34196891191709844,0.02154614716419189,965,193,0
2014-04-30,development,COMPOSITE,long_only,10.0,0.010050375593183624,0.009708406681266525,0.34196891191709844,0.02154614716419189,965,193,0
2014-04-30,development,COMPOSITE,long_only,25.0,0.010050375593183624,0.009195453313390878,0.34196891191709844,0.02154614716419189,965,193,0
2014-04-30,development,COMPOSITE,long_short,0.0,-0.008571522328869798,-0.008571522328869798,0.5906735751295337,0.02154614716419189,965,193,193
2014-04-30,development,COMPOSITE,long_short,10.0,-0.008571522328869798,-0.009162195903999332,0.5906735751295337,0.02154614716419189,965,193,193
2014-04-30,development,COMPOSITE,long_short,25.0,-0.008571522328869798,-0.010048206266693631,0.5906735751295337,0.02154614716419189,965,193,193
2014-04-30,development,LV,long_only,0.0,0.021557609339110922,0.021557609339110922,0.26666666666666666,0.021605894789437606,977,195,0
2014-04-30,development,LV,long_only,10.0,0.021557609339110922,0.021290942672444257,0.26666666666666666,0.021605894789437606,977,195,0
2014-04-30,development,LV,long_only,25.0,0.021557609339110922,0.020890942672444256,0.26666666666666666,0.021605894789437606,977,195,0
2014-04-30,development,LV,long_short,0.0,0.005908733582832275,0.005908733582832275,0.5230769230769231,0.021605894789437606,977,195,195
2014-04-30,development,LV,long_short,10.0,0.005908733582832275,0.005385656659755352,0.5230769230769231,0.021605894789437606,977,195,195
2014-04-30,development,LV,long_short,25.0,0.005908733582832275,0.0046010412751399665,0.5230769230769231,0.021605894789437606,977,195,195
2014-04-30,development,MOM,long_only,0.0,0.027136484877015088,0.027136484877015088,0.4845360824742268,0.021587932967100026,971,194,0
2014-04-30,development,MOM,long_only,10.0,0.027136484877015088,0.026651948794540862,0.4845360824742268,0.021587932967100026,971,194,0
2014-04-30,development,MOM,long_only,25.0,0.027136484877015088,0.02592514467082952,0.4845360824742268,0.021587932967100026,971,194,0
2014-04-30,development,MOM,long_short,0.0,0.017914826784875555,0.017914826784875555,0.8969072164948453,0.021587932967100026,971,194,194
2014-04-30,development,MOM,long_short,10.0,0.017914826784875555,0.01701791956838071,0.8969072164948453,0.021587932967100026,971,194,194
2014-04-30,development,MOM,long_short,25.0,0.017914826784875555,0.015672558743638442,0.8969072164948453,0.021587932967100026,971,194,194
2014-04-30,development,QUALITY,long_only,0.0,0.016436194080665663,0.016436194080665663,0.0829015544041451,0.02171249203943098,965,193,0
2014-04-30,development,QUALITY,long_only,10.0,0.016436194080665663,0.01635329252626152,0.0829015544041451,0.02171249203943098,965,193,0
2014-04-30,development,QUALITY,long_only,25.0,0.016436194080665663,0.0162289401946553,0.0829015544041451,0.02171249203943098,965,193,0
2014-04-30,development,QUALITY,long_short,0.0,-0.006334938566878151,-0.006334938566878151,0.18652849740932642,0.02171249203943098,965,193,193
2014-04-30,development,QUALITY,long_short,10.0,-0.006334938566878151,-0.006521467064287478,0.18652849740932642,0.02171249203943098,965,193,193
2014-04-30,development,QUALITY,long_short,25.0,-0.006334938566878151,-0.006801259810401467,0.18652849740932642,0.02171249203943098,965,193,193
2014-04-30,development,SIZE,long_only,0.0,0.014081628611644468,0.014081628611644468,0.3015075376884422,0.021568984341048487,998,199,0
2014-04-30,development,SIZE,long_only,10.0,0.014081628611644468,0.013780121073956026,0.3015075376884422,0.021568984341048487,998,199,0
2014-04-30,development,SIZE,long_only,25.0,0.014081628611644468,0.013327859767423362,0.3015075376884422,0.021568984341048487,998,199,0
2014-04-30,development,SIZE,long_short,0.0,-0.013418093518327706,-0.013418093518327706,0.36180904522613067,0.021568984341048487,998,199,199
2014-04-30,development,SIZE,long_short,10.0,-0.013418093518327706,-0.013779902563553837,0.36180904522613067,0.021568984341048487,998,199,199
2014-04-30,development,SIZE,long_short,25.0,-0.013418093518327706,-0.014322616131393033,0.36180904522613067,0.021568984341048487,998,199,199
2014-04-30,development,VALUE,long_only,0.0,0.012980813446946274,0.012980813446946274,0.18085106382978722,0.021050526931503888,941,188,0
2014-04-30,development,VALUE,long_only,10.0,0.012980813446946274,0.012799962383116486,0.18085106382978722,0.021050526931503888,941,188,0
2014-04-30,development,VALUE,long_only,25.0,0.012980813446946274,0.012528685787371806,0.18085106382978722,0.021050526931503888,941,188,0
2014-04-30,development,VALUE,long_short,0.0,-0.0118318835794558,-0.0118318835794558,0.3829787234042553,0.021050526931503888,941,188,188
2014-04-30,development,VALUE,long_short,10.0,-0.0118318835794558,-0.012214862302860056,0.3829787234042553,0.021050526931503888,941,188,188
2014-04-30,development,VALUE,long_short,25.0,-0.0118318835794558,-0.012789330387966438,0.3829787234042553,0.021050526931503888,941,188,188
2014-05-30,development,COMPOSITE,long_only,0.0,0.04448174169372999,0.04448174169372999,0.39378238341968896,0.023439503665645,962,192,0
2014-05-30,development,COMPOSITE,long_only,10.0,0.04448174169372999,0.0440879593103103,0.39378238341968896,0.023439503665645,962,192,0
2014-05-30,development,COMPOSITE,long_only,25.0,0.04448174169372999,0.04349728573518077,0.39378238341968896,0.023439503665645,962,192,0
2014-05-30,development,COMPOSITE,long_short,0.0,0.006688758762144111,0.006688758762144111,0.6632124352331603,0.023439503665645,962,192,192
2014-05-30,development,COMPOSITE,long_short,10.0,0.006688758762144111,0.006025546326910951,0.6632124352331603,0.023439503665645,962,192,192
2014-05-30,development,COMPOSITE,long_short,25.0,0.006688758762144111,0.00503072767406121,0.6632124352331603,0.023439503665645,962,192,192
2014-05-30,development,LV,long_only,0.0,0.02703869574303798,0.02703869574303798,0.2871794871794872,0.02340130681960651,977,195,0
2014-05-30,development,LV,long_only,10.0,0.02703869574303798,0.026751516255858494,0.2871794871794872,0.02340130681960651,977,195,0
2014-05-30,development,LV,long_only,25.0,0.02703869574303798,0.026320747025089263,0.2871794871794872,0.02340130681960651,977,195,0
2014-05-30,development,LV,long_short,0.0,-0.03721639281810797,-0.03721639281810797,0.5846153846153846,0.02340130681960651,977,195,195
2014-05-30,development,LV,long_short,10.0,-0.03721639281810797,-0.037801008202723356,0.5846153846153846,0.02340130681960651,977,195,195
2014-05-30,development,LV,long_short,25.0,-0.03721639281810797,-0.03867793127964643,0.5846153846153846,0.02340130681960651,977,195,195
2014-05-30,development,MOM,long_only,0.0,0.058866637098911295,0.058866637098911295,0.44329896907216493,0.0236016824974009,970,194,0
2014-05-30,development,MOM,long_only,10.0,0.058866637098911295,0.05842333812983913,0.44329896907216493,0.0236016824974009,970,194,0
2014-05-30,development,MOM,long_only,25.0,0.058866637098911295,0.057758389676230884,0.44329896907216493,0.0236016824974009,970,194,0
2014-05-30,development,MOM,long_short,0.0,0.020457330403973954,0.020457330403973954,0.865979381443299,0.0236016824974009,970,194,194
2014-05-30,development,MOM,long_short,10.0,0.020457330403973954,0.019591351022530654,0.865979381443299,0.0236016824974009,970,194,194
2014-05-30,development,MOM,long_short,25.0,0.020457330403973954,0.018292381950365706,0.865979381443299,0.0236016824974009,970,194,194
2014-05-30,development,QUALITY,long_only,0.0,0.041869116456712846,0.041869116456712846,0.09326424870466313,0.023489226495571953,962,192,0
2014-05-30,development,QUALITY,long_only,10.0,0.041869116456712846,0.04177585220800818,0.09326424870466313,0.023489226495571953,962,192,0
2014-05-30,development,QUALITY,long_only,25.0,0.041869116456712846,0.04163595583495119,0.09326424870466313,0.023489226495571953,962,192,0
2014-05-30,development,QUALITY,long_short,0.0,-0.009092808055504433,-0.009092808055504433,0.16580310880828997,0.023489226495571953,962,192,192
2014-05-30,development,QUALITY,long_short,10.0,-0.009092808055504433,-0.009258611164312723,0.16580310880828997,0.023489226495571953,962,192,192
2014-05-30,development,QUALITY,long_short,25.0,-0.009092808055504433,-0.009507315827525158,0.16580310880828997,0.023489226495571953,962,192,192
2014-05-30,development,SIZE,long_only,0.0,0.056986270313743495,0.056986270313743495,0.25,0.023821959020165755,1000,200,0
2014-05-30,development,SIZE,long_only,10.0,0.056986270313743495,0.056736270313743495,0.25,0.023821959020165755,1000,200,0
2014-05-30,development,SIZE,long_only,25.0,0.056986270313743495,0.056361270313743494,0.25,0.023821959020165755,1000,200,0
2014-05-30,development,SIZE,long_short,0.0,0.030479639600957197,0.030479639600957197,0.32,0.023821959020165755,1000,200,200
2014-05-30,development,SIZE,long_short,10.0,0.030479639600957197,0.030159639600957196,0.32,0.023821959020165755,1000,200,200
2014-05-30,development,SIZE,long_short,25.0,0.030479639600957197,0.029679639600957198,0.32,0.023821959020165755,1000,200,200
2014-05-30,development,VALUE,long_only,0.0,0.04552768261413839,0.04552768261413839,0.17021276595744678,0.023990349976196423,938,187,0
2014-05-30,development,VALUE,long_only,10.0,0.04552768261413839,0.04535746984818095,0.17021276595744678,0.023990349976196423,938,187,0
2014-05-30,development,VALUE,long_only,25.0,0.04552768261413839,0.045102150699244774,0.17021276595744678,0.023990349976196423,938,187,0
2014-05-30,development,VALUE,long_short,0.0,-0.0009110873575967973,-0.0009110873575967973,0.30851063829787223,0.023990349976196423,938,187,187
2014-05-30,development,VALUE,long_short,10.0,-0.0009110873575967973,-0.0012195979958946695,0.30851063829787223,0.023990349976196423,938,187,187
2014-05-30,development,VALUE,long_short,25.0,-0.0009110873575967973,-0.001682363953341478,0.30851063829787223,0.023990349976196423,938,187,187
2014-06-30,development,COMPOSITE,long_only,0.0,-0.03765365275362175,-0.03765365275362175,0.35051546391752575,-0.017175730548748887,973,194,0
2014-06-30,development,COMPOSITE,long_only,10.0,-0.03765365275362175,-0.038004168217539276,0.35051546391752575,-0.017175730548748887,973,194,0
2014-06-30,development,COMPOSITE,long_only,25.0,-0.03765365275362175,-0.038529941413415564,0.35051546391752575,-0.017175730548748887,973,194,0
2014-06-30,development,COMPOSITE,long_short,0.0,-0.0075444487615568216,-0.0075444487615568216,0.7731958762886597,-0.017175730548748887,973,194,194
2014-06-30,development,COMPOSITE,long_short,10.0,-0.0075444487615568216,-0.008317644637845482,0.7731958762886597,-0.017175730548748887,973,194,194
2014-06-30,development,COMPOSITE,long_short,25.0,-0.0075444487615568216,-0.009477438452278471,0.7731958762886597,-0.017175730548748887,973,194,194
2014-06-30,development,LV,long_only,0.0,-0.026660955348080065,-0.026660955348080065,0.19487179487179487,-0.01702703066180413,977,195,0
2014-06-30,development,LV,long_only,10.0,-0.026660955348080065,-0.02685582714295186,0.19487179487179487,-0.01702703066180413,977,195,0
2014-06-30,development,LV,long_only,25.0,-0.026660955348080065,-0.027148134835259553,0.19487179487179487,-0.01702703066180413,977,195,0
2014-06-30,development,LV,long_short,0.0,0.02440301038490844,0.02440301038490844,0.45128205128205123,-0.01702703066180413,977,195,195
2014-06-30,development,LV,long_short,10.0,0.02440301038490844,0.02395172833362639,0.45128205128205123,-0.01702703066180413,977,195,195
2014-06-30,development,LV,long_short,25.0,0.02440301038490844,0.023274805256703314,0.45128205128205123,-0.01702703066180413,977,195,195
2014-06-30,development,MOM,long_only,0.0,-0.0430290823322432,-0.0430290823322432,0.4948453608247423,-0.016789685181807297,970,194,0
2014-06-30,development,MOM,long_only,10.0,-0.0430290823322432,-0.04352392769306794,0.4948453608247423,-0.016789685181807297,970,194,0
2014-06-30,development,MOM,long_only,25.0,-0.0430290823322432,-0.044266195734305055,0.4948453608247423,-0.016789685181807297,970,194,0
2014-06-30,development,MOM,long_short,0.0,-0.015151992173015591,-0.015151992173015591,1.0206185567010309,-0.016789685181807297,970,194,194
2014-06-30,development,MOM,long_short,10.0,-0.015151992173015591,-0.01617261072971662,1.0206185567010309,-0.016789685181807297,970,194,194
2014-06-30,development,MOM,long_short,25.0,-0.015151992173015591,-0.017703538564768168,1.0206185567010309,-0.016789685181807297,970,194,194
2014-06-30,development,QUALITY,long_only,0.0,-0.039443483136612625,-0.039443483136612625,0.28571428571428575,-0.017202247029499813,982,196,0
2014-06-30,development,QUALITY,long_only,10.0,-0.039443483136612625,-0.03972919742232691,0.28571428571428575,-0.017202247029499813,982,196,0
2014-06-30,development,QUALITY,long_only,25.0,-0.039443483136612625,-0.04015776885089834,0.28571428571428575,-0.017202247029499813,982,196,0
2014-06-30,development,QUALITY,long_short,0.0,-0.0024284191124349114,-0.0024284191124349114,0.653061224489796,-0.017202247029499813,982,196,196
2014-06-30,development,QUALITY,long_short,10.0,-0.0024284191124349114,-0.0030814803369247075,0.653061224489796,-0.017202247029499813,982,196,196
2014-06-30,development,QUALITY,long_short,25.0,-0.0024284191124349114,-0.004061072173659402,0.653061224489796,-0.017202247029499813,982,196,196
2014-06-30,development,SIZE,long_only,0.0,-0.05781805559616297,-0.05781805559616297,0.19,-0.01711496922736818,998,199,0
2014-06-30,development,SIZE,long_only,10.0,-0.05781805559616297,-0.058008055596162976,0.19,-0.01711496922736818,998,199,0
2014-06-30,development,SIZE,long_only,25.0,-0.05781805559616297,-0.058293055596162976,0.19,-0.01711496922736818,998,199,0
2014-06-30,development,SIZE,long_short,0.0,-0.0390188787453315,-0.0390188787453315,0.22999999999999998,-0.01711496922736818,998,199,199
2014-06-30,development,SIZE,long_short,10.0,-0.0390188787453315,-0.0392488787453315,0.22999999999999998,-0.01711496922736818,998,199,199
2014-06-30,development,SIZE,long_short,25.0,-0.0390188787453315,-0.0395938787453315,0.22999999999999998,-0.01711496922736818,998,199,199
2014-06-30,development,VALUE,long_only,0.0,-0.03819322719399652,-0.03819322719399652,0.30366492146596846,-0.017299085544654542,958,191,0
2014-06-30,development,VALUE,long_only,10.0,-0.03819322719399652,-0.03849689211546249,0.30366492146596846,-0.017299085544654542,958,191,0
2014-06-30,development,VALUE,long_only,25.0,-0.03819322719399652,-0.038952389497661444,0.30366492146596846,-0.017299085544654542,958,191,0
2014-06-30,development,VALUE,long_short,0.0,0.009640817162601078,0.009640817162601078,0.6806282722513086,-0.017299085544654542,958,191,191
2014-06-30,development,VALUE,long_short,10.0,0.009640817162601078,0.008960188890349769,0.6806282722513086,-0.017299085544654542,958,191,191
2014-06-30,development,VALUE,long_short,25.0,0.009640817162601078,0.007939246481972806,0.6806282722513086,-0.017299085544654542,958,191,191
2014-07-31,development,COMPOSITE,long_only,0.0,0.050423042366320864,0.050423042366320864,0.3917525773195876,0.04257618882062056,964,192,0
2014-07-31,development,COMPOSITE,long_only,10.0,0.050423042366320864,0.050031289789001274,0.3917525773195876,0.04257618882062056,964,192,0
2014-07-31,development,COMPOSITE,long_only,25.0,0.050423042366320864,0.049443660923021895,0.3917525773195876,0.04257618882062056,964,192,0
2014-07-31,development,COMPOSITE,long_short,0.0,-0.004274392413250244,-0.004274392413250244,0.7422680412371134,0.04257618882062056,964,192,192
2014-07-31,development,COMPOSITE,long_short,10.0,-0.004274392413250244,-0.0050166604544873575,0.7422680412371134,0.04257618882062056,964,192,192
2014-07-31,development,COMPOSITE,long_short,25.0,-0.004274392413250244,-0.006130062516343028,0.7422680412371134,0.04257618882062056,964,192,192
2014-07-31,development,LV,long_only,0.0,0.04364098014576749,0.04364098014576749,0.23589743589743598,0.04181471550305208,967,193,0
2014-07-31,development,LV,long_only,10.0,0.04364098014576749,0.043405082709870056,0.23589743589743598,0.04181471550305208,967,193,0
2014-07-31,development,LV,long_only,25.0,0.04364098014576749,0.0430512365560239,0.23589743589743598,0.04181471550305208,967,193,0
2014-07-31,development,LV,long_short,0.0,-0.01671696360706917,-0.01671696360706917,0.5641025641025643,0.04181471550305208,967,193,193
2014-07-31,development,LV,long_short,10.0,-0.01671696360706917,-0.017281066171171734,0.5641025641025643,0.04181471550305208,967,193,193
2014-07-31,development,LV,long_short,25.0,-0.01671696360706917,-0.01812722001732558,0.5641025641025643,0.04181471550305208,967,193,193
2014-07-31,development,MOM,long_only,0.0,0.0636747134257384,0.0636747134257384,0.5154639175257733,0.04232479155634973,961,192,0
2014-07-31,development,MOM,long_only,10.0,0.0636747134257384,0.06315924950821263,0.5154639175257733,0.04232479155634973,961,192,0
2014-07-31,development,MOM,long_only,25.0,0.0636747134257384,0.06238605363192396,0.5154639175257733,0.04232479155634973,961,192,0
2014-07-31,development,MOM,long_short,0.0,0.014187109791878597,0.014187109791878597,1.0206185567010309,0.04232479155634973,961,192,192
2014-07-31,development,MOM,long_short,10.0,0.014187109791878597,0.013166491235177567,1.0206185567010309,0.04232479155634973,961,192,192
2014-07-31,development,MOM,long_short,25.0,0.014187109791878597,0.01163556340012602,1.0206185567010309,0.04232479155634973,961,192,192
2014-07-31,development,QUALITY,long_only,0.0,0.0551948642558167,0.0551948642558167,0.10204081632653067,0.042627089665865155,973,194,0
2014-07-31,development,QUALITY,long_only,10.0,0.0551948642558167,0.055092823439490166,0.10204081632653067,0.042627089665865155,973,194,0
2014-07-31,development,QUALITY,long_only,25.0,0.0551948642558167,0.05493976221500037,0.10204081632653067,0.042627089665865155,973,194,0
2014-07-31,development,QUALITY,long_short,0.0,0.00022330470216466725,0.00022330470216466725,0.24489795918367357,0.042627089665865155,973,194,194
2014-07-31,development,QUALITY,long_short,10.0,0.00022330470216466725,-2.159325701900632e-05,0.24489795918367357,0.042627089665865155,973,194,194
2014-07-31,development,QUALITY,long_short,25.0,0.00022330470216466725,-0.0003889401957945167,0.24489795918367357,0.042627089665865155,973,194,194
2014-07-31,development,SIZE,long_only,0.0,0.05633329706835402,0.05633329706835402,0.23115577889447234,0.0419202176352146,996,199,0
2014-07-31,development,SIZE,long_only,10.0,0.05633329706835402,0.05610214128945955,0.23115577889447234,0.0419202176352146,996,199,0
2014-07-31,development,SIZE,long_only,25.0,0.05633329706835402,0.05575540762111784,0.23115577889447234,0.0419202176352146,996,199,0
2014-07-31,development,SIZE,long_short,0.0,0.01622053086667112,0.01622053086667112,0.2814070351758794,0.0419202176352146,996,199,199
2014-07-31,development,SIZE,long_short,10.0,0.01622053086667112,0.01593912383149524,0.2814070351758794,0.0419202176352146,996,199,199
2014-07-31,development,SIZE,long_short,25.0,0.01622053086667112,0.015517013278731423,0.2814070351758794,0.0419202176352146,996,199,199
2014-07-31,development,VALUE,long_only,0.0,0.042685166208129295,0.042685166208129295,0.15706806282722502,0.04288295193973056,949,189,0
2014-07-31,development,VALUE,long_only,10.0,0.042685166208129295,0.04252809814530207,0.15706806282722502,0.04288295193973056,949,189,0
2014-07-31,development,VALUE,long_only,25.0,0.042685166208129295,0.04229249605106123,0.15706806282722502,0.04288295193973056,949,189,0
2014-07-31,development,VALUE,long_short,0.0,-0.018272088780068106,-0.018272088780068106,0.39790575916230353,0.04288295193973056,949,189,189
2014-07-31,development,VALUE,long_short,10.0,-0.018272088780068106,-0.01866999453923041,0.39790575916230353,0.04288295193973056,949,189,189
2014-07-31,development,VALUE,long_short,25.0,-0.018272088780068106,-0.019266853177973865,0.39790575916230353,0.04288295193973056,949,189,189
2014-08-29,development,COMPOSITE,long_only,0.0,-0.04004288145127301,-0.04004288145127301,0.34196891191709833,-0.016963620787001706,966,193,0
2014-08-29,development,COMPOSITE,long_only,10.0,-0.04004288145127301,-0.0403848503631901,0.34196891191709833,-0.016963620787001706,966,193,0
2014-08-29,development,COMPOSITE,long_only,25.0,-0.04004288145127301,-0.04089780373106575,0.34196891191709833,-0.016963620787001706,966,193,0
2014-08-29,development,COMPOSITE,long_short,0.0,-0.008917406570583163,-0.008917406570583163,0.6424870466321242,-0.016963620787001706,966,193,193
2014-08-29,development,COMPOSITE,long_short,10.0,-0.008917406570583163,-0.009559893617215287,0.6424870466321242,-0.016963620787001706,966,193,193
2014-08-29,development,COMPOSITE,long_short,25.0,-0.008917406570583163,-0.010523624187163474,0.6424870466321242,-0.016963620787001706,966,193,193
2014-08-29,development,LV,long_only,0.0,-0.020096229273539015,-0.020096229273539015,0.29896907216494856,-0.01664191667920003,971,194,0
2014-08-29,development,LV,long_only,10.0,-0.020096229273539015,-0.020395198345703962,0.29896907216494856,-0.01664191667920003,971,194,0
2014-08-29,development,LV,long_only,25.0,-0.020096229273539015,-0.020843651953951384,0.29896907216494856,-0.01664191667920003,971,194,0
2014-08-29,development,LV,long_short,0.0,0.02965875972911961,0.02965875972911961,0.6494845360824744,-0.01664191667920003,971,194,194
2014-08-29,development,LV,long_short,10.0,0.02965875972911961,0.029009275193037136,0.6494845360824744,-0.01664191667920003,971,194,194
2014-08-29,development,LV,long_short,25.0,0.02965875972911961,0.028035048388913426,0.6494845360824744,-0.01664191667920003,971,194,194
2014-08-29,development,MOM,long_only,0.0,-0.046544639240103255,-0.046544639240103255,0.39583333333333337,-0.016653878716103312,963,192,0
2014-08-29,development,MOM,long_only,10.0,-0.046544639240103255,-0.04694047257343659,0.39583333333333337,-0.016653878716103312,963,192,0
2014-08-29,development,MOM,long_only,25.0,-0.046544639240103255,-0.04753422257343659,0.39583333333333337,-0.016653878716103312,963,192,0
2014-08-29,development,MOM,long_short,0.0,-0.008822276230941062,-0.008822276230941062,0.96875,-0.016653878716103312,963,192,192
2014-08-29,development,MOM,long_short,10.0,-0.008822276230941062,-0.009791026230941063,0.96875,-0.016653878716103312,963,192,192
2014-08-29,development,MOM,long_short,25.0,-0.008822276230941062,-0.011244151230941062,0.96875,-0.016653878716103312,963,192,192
2014-08-29,development,QUALITY,long_only,0.0,-0.02627665754751582,-0.02627665754751582,0.09278350515463918,-0.016994642718785806,971,194,0
2014-08-29,development,QUALITY,long_only,10.0,-0.02627665754751582,-0.02636944105267046,0.09278350515463918,-0.016994642718785806,971,194,0
2014-08-29,development,QUALITY,long_only,25.0,-0.02627665754751582,-0.026508616310402418,0.09278350515463918,-0.016994642718785806,971,194,0
2014-08-29,development,QUALITY,long_short,0.0,0.01679742099362442,0.01679742099362442,0.18556701030927836,-0.016994642718785806,971,194,194
2014-08-29,development,QUALITY,long_short,10.0,0.01679742099362442,0.01661185398331514,0.18556701030927836,-0.016994642718785806,971,194,194
2014-08-29,development,QUALITY,long_short,25.0,0.01679742099362442,0.016333503467851222,0.18556701030927836,-0.016994642718785806,971,194,194
2014-08-29,development,SIZE,long_only,0.0,-0.05314874687693089,-0.05314874687693089,0.21105527638190952,-0.016930818641412947,998,199,0
2014-08-29,development,SIZE,long_only,10.0,-0.05314874687693089,-0.053359802153312805,0.21105527638190952,-0.016930818641412947,998,199,0
2014-08-29,development,SIZE,long_only,25.0,-0.05314874687693089,-0.05367638506788567,0.21105527638190952,-0.016930818641412947,998,199,0
2014-08-29,development,SIZE,long_short,0.0,-0.03952132749229727,-0.03952132749229727,0.25125628140703515,-0.016930818641412947,998,199,199
2014-08-29,development,SIZE,long_short,10.0,-0.03952132749229727,-0.0397725837737043,0.25125628140703515,-0.016930818641412947,998,199,199
2014-08-29,development,SIZE,long_short,25.0,-0.03952132749229727,-0.04014946819581486,0.25125628140703515,-0.016930818641412947,998,199,199
2014-08-29,development,VALUE,long_only,0.0,-0.04802210630148672,-0.04802210630148672,0.1164021164021164,-0.016864393044586985,947,189,0
2014-08-29,development,VALUE,long_only,10.0,-0.04802210630148672,-0.04813850841788884,0.1164021164021164,-0.016864393044586985,947,189,0
2014-08-29,development,VALUE,long_only,25.0,-0.04802210630148672,-0.04831311159249201,0.1164021164021164,-0.016864393044586985,947,189,0
2014-08-29,development,VALUE,long_short,0.0,-0.019083610988216378,-0.019083610988216378,0.2962962962962963,-0.016864393044586985,947,189,189
2014-08-29,development,VALUE,long_short,10.0,-0.019083610988216378,-0.019379907284512676,0.2962962962962963,-0.016864393044586985,947,189,189
2014-08-29,development,VALUE,long_short,25.0,-0.019083610988216378,-0.019824351728957117,0.2962962962962963,-0.016864393044586985,947,189,189
2014-09-30,development,COMPOSITE,long_only,0.0,0.023667732792297787,0.023667732792297787,0.42487046632124353,0.024228146071143944,969,193,0
2014-09-30,development,COMPOSITE,long_only,10.0,0.023667732792297787,0.023242862325976544,0.42487046632124353,0.024228146071143944,969,193,0
2014-09-30,development,COMPOSITE,long_only,25.0,0.023667732792297787,0.022605556626494678,0.42487046632124353,0.024228146071143944,969,193,0
2014-09-30,development,COMPOSITE,long_short,0.0,-0.0037887388358443814,-0.0037887388358443814,0.7564766839378239,0.024228146071143944,969,193,193
2014-09-30,development,COMPOSITE,long_short,10.0,-0.0037887388358443814,-0.004545215519782205,0.7564766839378239,0.024228146071143944,969,193,193
2014-09-30,development,COMPOSITE,long_short,25.0,-0.0037887388358443814,-0.005679930545688941,0.7564766839378239,0.024228146071143944,969,193,193
2014-09-30,development,LV,long_only,0.0,0.02502295103655431,0.02502295103655431,0.28865979381443296,0.023084605431273438,974,194,0
2014-09-30,development,LV,long_only,10.0,0.02502295103655431,0.024734291242739875,0.28865979381443296,0.023084605431273438,974,194,0
2014-09-30,development,LV,long_only,25.0,0.02502295103655431,0.024301301552018227,0.28865979381443296,0.023084605431273438,974,194,0
2014-09-30,development,LV,long_short,0.0,-0.00871552433894734,-0.00871552433894734,0.5567010309278351,0.023084605431273438,974,194,194
2014-09-30,development,LV,long_short,10.0,-0.00871552433894734,-0.009272225369875174,0.5567010309278351,0.023084605431273438,974,194,194
2014-09-30,development,LV,long_short,25.0,-0.00871552433894734,-0.010107276916266927,0.5567010309278351,0.023084605431273438,974,194,194
2014-09-30,development,MOM,long_only,0.0,0.014598179367140725,0.014598179367140725,0.49740932642487035,0.023450936280054156,966,193,0
2014-09-30,development,MOM,long_only,10.0,0.014598179367140725,0.014100770040715855,0.49740932642487035,0.023450936280054156,966,193,0
2014-09-30,development,MOM,long_only,25.0,0.014598179367140725,0.013354656051078549,0.49740932642487035,0.023450936280054156,966,193,0
2014-09-30,development,MOM,long_short,0.0,-0.00855123319597759,-0.00855123319597759,1.0777202072538858,0.023450936280054156,966,193,193
2014-09-30,development,MOM,long_short,10.0,-0.00855123319597759,-0.009628953403231477,1.0777202072538858,0.023450936280054156,966,193,193
2014-09-30,development,MOM,long_short,25.0,-0.00855123319597759,-0.011245533714112306,1.0777202072538858,0.023450936280054156,966,193,193
2014-09-30,development,QUALITY,long_only,0.0,0.041710679546775556,0.041710679546775556,0.10309278350515463,0.024405420060865553,972,194,0
2014-09-30,development,QUALITY,long_only,10.0,0.041710679546775556,0.0416075867632704,0.10309278350515463,0.024405420060865553,972,194,0
2014-09-30,development,QUALITY,long_only,25.0,0.041710679546775556,0.04145294758801267,0.10309278350515463,0.024405420060865553,972,194,0
2014-09-30,development,QUALITY,long_short,0.0,0.01777031935917821,0.01777031935917821,0.25773195876288657,0.024405420060865553,972,194,194
2014-09-30,development,QUALITY,long_short,10.0,0.01777031935917821,0.017512587400415325,0.25773195876288657,0.024405420060865553,972,194,194
2014-09-30,development,QUALITY,long_short,25.0,0.01777031935917821,0.017125989462270994,0.25773195876288657,0.024405420060865553,972,194,194
2014-09-30,development,SIZE,long_only,0.0,0.04570523541559066,0.04570523541559066,0.2613065326633166,0.023186105339791912,999,199,0
2014-09-30,development,SIZE,long_only,10.0,0.04570523541559066,0.045443928882927344,0.2613065326633166,0.023186105339791912,999,199,0
2014-09-30,development,SIZE,long_only,25.0,0.04570523541559066,0.04505196908393237,0.2613065326633166,0.023186105339791912,999,199,0
2014-09-30,development,SIZE,long_short,0.0,0.022131137925015653,0.022131137925015653,0.271356783919598,0.023186105339791912,999,199,199
2014-09-30,development,SIZE,long_short,10.0,0.022131137925015653,0.021859781141096053,0.271356783919598,0.023186105339791912,999,199,199
2014-09-30,development,SIZE,long_short,25.0,0.022131137925015653,0.02145274596521666,0.271356783919598,0.023186105339791912,999,199,199
2014-09-30,development,VALUE,long_only,0.0,0.01679900073954443,0.01679900073954443,0.13756613756613756,0.023589455596747026,948,189,0
2014-09-30,development,VALUE,long_only,10.0,0.01679900073954443,0.016661434601978293,0.13756613756613756,0.023589455596747026,948,189,0
2014-09-30,development,VALUE,long_only,25.0,0.01679900073954443,0.016455085395629086,0.13756613756613756,0.023589455596747026,948,189,0
2014-09-30,development,VALUE,long_short,0.0,-0.012017372989752712,-0.012017372989752712,0.25396825396825395,0.023589455596747026,948,189,189
2014-09-30,development,VALUE,long_short,10.0,-0.012017372989752712,-0.012271341243720967,0.25396825396825395,0.023589455596747026,948,189,189
2014-09-30,development,VALUE,long_short,25.0,-0.012017372989752712,-0.012652293624673346,0.25396825396825395,0.023589455596747026,948,189,189
2014-10-31,development,COMPOSITE,long_only,0.0,0.014123531202418882,0.014123531202418882,0.3005181347150259,0.028390487193098977,968,193,0
2014-10-31,development,COMPOSITE,long_only,10.0,0.014123531202418882,0.013823013067703857,0.3005181347150259,0.028390487193098977,968,193,0
2014-10-31,development,COMPOSITE,long_only,25.0,0.014123531202418882,0.013372235865631316,0.3005181347150259,0.028390487193098977,968,193,0
2014-10-31,development,COMPOSITE,long_short,0.0,-0.007292717379524562,-0.007292717379524562,0.6217616580310881,0.028390487193098977,968,193,193
2014-10-31,development,COMPOSITE,long_short,10.0,-0.007292717379524562,-0.00791447903755565,0.6217616580310881,0.028390487193098977,968,193,193
2014-10-31,development,COMPOSITE,long_short,25.0,-0.007292717379524562,-0.008847121524602281,0.6217616580310881,0.028390487193098977,968,193,193
2014-10-31,development,LV,long_only,0.0,0.03309824235192443,0.03309824235192443,0.2564102564102564,0.02753435671345695,975,195,0
2014-10-31,development,LV,long_only,10.0,0.03309824235192443,0.03284183209551417,0.2564102564102564,0.02753435671345695,975,195,0
2014-10-31,development,LV,long_only,25.0,0.03309824235192443,0.03245721671089879,0.2564102564102564,0.02753435671345695,975,195,0
2014-10-31,development,LV,long_short,0.0,0.023925103890385963,0.023925103890385963,0.5743589743589743,0.02753435671345695,975,195,195
2014-10-31,development,LV,long_short,10.0,0.023925103890385963,0.023350744916026987,0.5743589743589743,0.02753435671345695,975,195,195
2014-10-31,development,LV,long_short,25.0,0.023925103890385963,0.022489206454488528,0.5743589743589743,0.02753435671345695,975,195,195
2014-10-31,development,MOM,long_only,0.0,0.013320040716291465,0.013320040716291465,0.43523316062176165,0.027436158581129966,965,193,0
2014-10-31,development,MOM,long_only,10.0,0.013320040716291465,0.012884807555669705,0.43523316062176165,0.027436158581129966,965,193,0
2014-10-31,development,MOM,long_only,25.0,0.013320040716291465,0.01223195781473706,0.43523316062176165,0.027436158581129966,965,193,0
2014-10-31,development,MOM,long_short,0.0,-0.008237339389476763,-0.008237339389476763,0.9015544041450777,0.027436158581129966,965,193,193
2014-10-31,development,MOM,long_short,10.0,-0.008237339389476763,-0.00913889379362184,0.9015544041450777,0.027436158581129966,965,193,193
2014-10-31,development,MOM,long_short,25.0,-0.008237339389476763,-0.010491225399839457,0.9015544041450777,0.027436158581129966,965,193,193
2014-10-31,development,QUALITY,long_only,0.0,0.04209356951650488,0.04209356951650488,0.08247422680412375,0.028605992850773507,969,193,0
2014-10-31,development,QUALITY,long_only,10.0,0.04209356951650488,0.042011095289700755,0.08247422680412375,0.028605992850773507,969,193,0
2014-10-31,development,QUALITY,long_only,25.0,0.04209356951650488,0.04188738394949457,0.08247422680412375,0.028605992850773507,969,193,0
2014-10-31,development,QUALITY,long_short,0.0,0.017883556546897817,0.017883556546897817,0.2577319587628867,0.028605992850773507,969,193,193
2014-10-31,development,QUALITY,long_short,10.0,0.017883556546897817,0.01762582458813493,0.2577319587628867,0.028605992850773507,969,193,193
2014-10-31,development,QUALITY,long_short,25.0,0.017883556546897817,0.0172392266499906,0.2577319587628867,0.028605992850773507,969,193,193
2014-10-31,development,SIZE,long_only,0.0,0.007532303057626868,0.007532303057626868,0.271356783919598,0.027551131401653123,995,199,0
2014-10-31,development,SIZE,long_only,10.0,0.007532303057626868,0.00726094627370727,0.271356783919598,0.027551131401653123,995,199,0
2014-10-31,development,SIZE,long_only,25.0,0.007532303057626868,0.006853911097827873,0.271356783919598,0.027551131401653123,995,199,0
2014-10-31,development,SIZE,long_short,0.0,-0.020900213216725447,-0.020900213216725447,0.3316582914572864,0.027551131401653123,995,199,199
2014-10-31,development,SIZE,long_short,10.0,-0.020900213216725447,-0.021231871508182735,0.3316582914572864,0.027551131401653123,995,199,199
2014-10-31,development,SIZE,long_short,25.0,-0.020900213216725447,-0.021729358945368663,0.3316582914572864,0.027551131401653123,995,199,199
2014-10-31,development,VALUE,long_only,0.0,0.0019657617720558723,0.0019657617720558723,0.17989417989417988,0.02868097470262248,945,189,0
2014-10-31,development,VALUE,long_only,10.0,0.0019657617720558723,0.0017858675921616923,0.17989417989417988,0.02868097470262248,945,189,0
2014-10-31,development,VALUE,long_only,25.0,0.0019657617720558723,0.0015160263223204225,0.17989417989417988,0.02868097470262248,945,189,0
2014-10-31,development,VALUE,long_short,0.0,-0.014364818429407011,-0.014364818429407011,0.4126984126984127,0.02868097470262248,945,189,189
2014-10-31,development,VALUE,long_short,10.0,-0.014364818429407011,-0.014777516842105425,0.4126984126984127,0.02868097470262248,945,189,189
2014-10-31,development,VALUE,long_short,25.0,-0.014364818429407011,-0.015396564461153043,0.4126984126984127,0.02868097470262248,945,189,189
2014-11-28,development,COMPOSITE,long_only,0.0,0.0010736736604011628,0.0010736736604011628,0.22797927461139894,-0.0023469278672640457,966,193,0
2014-11-28,development,COMPOSITE,long_only,10.0,0.0010736736604011628,0.0008456943857897639,0.22797927461139894,-0.0023469278672640457,966,193,0
2014-11-28,development,COMPOSITE,long_only,25.0,0.0010736736604011628,0.0005037254738726654,0.22797927461139894,-0.0023469278672640457,966,193,0
2014-11-28,development,COMPOSITE,long_short,0.0,0.007025001747310425,0.007025001747310425,0.5077720207253886,-0.0023469278672640457,966,193,193
2014-11-28,development,COMPOSITE,long_short,10.0,0.007025001747310425,0.006517229726585036,0.5077720207253886,-0.0023469278672640457,966,193,193
2014-11-28,development,COMPOSITE,long_short,25.0,0.007025001747310425,0.005755571695496953,0.5077720207253886,-0.0023469278672640457,966,193,193
2014-11-28,development,LV,long_only,0.0,0.000334425532638459,0.000334425532638459,0.3384615384615385,-0.0026587941662120505,977,195,0
2014-11-28,development,LV,long_only,10.0,0.000334425532638459,-4.0360058230795e-06,0.3384615384615385,-0.0026587941662120505,977,195,0
2014-11-28,development,LV,long_only,25.0,0.000334425532638459,-0.0005117283135153872,0.3384615384615385,-0.0026587941662120505,977,195,0
2014-11-28,development,LV,long_short,0.0,-2.2355480450613266e-05,-2.2355480450613266e-05,0.6871794871794872,-0.0026587941662120505,977,195,195
2014-11-28,development,LV,long_short,10.0,-2.2355480450613266e-05,-0.0007095349676301006,0.6871794871794872,-0.0026587941662120505,977,195,195
2014-11-28,development,LV,long_short,25.0,-2.2355480450613266e-05,-0.0017403041983993313,0.6871794871794872,-0.0026587941662120505,977,195,195
2014-11-28,development,MOM,long_only,0.0,-0.006880468200347169,-0.006880468200347169,0.5595854922279795,-0.0026672225354302426,967,193,0
2014-11-28,development,MOM,long_only,10.0,-0.006880468200347169,-0.0074400536925751486,0.5595854922279795,-0.0026672225354302426,967,193,0
2014-11-28,development,MOM,long_only,25.0,-0.006880468200347169,-0.008279431930917118,0.5595854922279795,-0.0026672225354302426,967,193,0
2014-11-28,development,MOM,long_short,0.0,-0.009326583810510406,-0.009326583810510406,1.150259067357513,-0.0026672225354302426,967,193,193
2014-11-28,development,MOM,long_short,10.0,-0.009326583810510406,-0.010476842877867919,1.150259067357513,-0.0026672225354302426,967,193,193
2014-11-28,development,MOM,long_short,25.0,-0.009326583810510406,-0.01220223147890419,1.150259067357513,-0.0026672225354302426,967,193,193
2014-11-28,development,QUALITY,long_only,0.0,0.006647426352978436,0.006647426352978436,0.09326424870466321,-0.0021641930120588444,967,193,0
2014-11-28,development,QUALITY,long_only,10.0,0.006647426352978436,0.0065541621042737724,0.09326424870466321,-0.0021641930120588444,967,193,0
2014-11-28,development,QUALITY,long_only,25.0,0.006647426352978436,0.006414265731216778,0.09326424870466321,-0.0021641930120588444,967,193,0
2014-11-28,development,QUALITY,long_short,0.0,0.011984952341475246,0.011984952341475246,0.18652849740932645,-0.0021641930120588444,967,193,193
2014-11-28,development,QUALITY,long_short,10.0,0.011984952341475246,0.01179842384406592,0.18652849740932645,-0.0021641930120588444,967,193,193
2014-11-28,development,QUALITY,long_short,25.0,0.011984952341475246,0.01151863109795193,0.18652849740932645,-0.0021641930120588444,967,193,193
2014-11-28,development,SIZE,long_only,0.0,0.004629518755809463,0.004629518755809463,0.25125628140703515,-0.002580095188425637,997,199,0
2014-11-28,development,SIZE,long_only,10.0,0.004629518755809463,0.004378262474402428,0.25125628140703515,-0.002580095188425637,997,199,0
2014-11-28,development,SIZE,long_only,25.0,0.004629518755809463,0.004001378052291875,0.25125628140703515,-0.002580095188425637,997,199,0
2014-11-28,development,SIZE,long_short,0.0,0.0016130185134997773,0.0016130185134997773,0.2814070351758794,-0.002580095188425637,997,199,199
2014-11-28,development,SIZE,long_short,10.0,0.0016130185134997773,0.001331611478323898,0.2814070351758794,-0.002580095188425637,997,199,199
2014-11-28,development,SIZE,long_short,25.0,0.0016130185134997773,0.0009095009255600788,0.2814070351758794,-0.002580095188425637,997,199,199
2014-11-28,development,VALUE,long_only,0.0,0.004989072990614104,0.004989072990614104,0.1481481481481482,-0.0021167325129556164,942,188,0
2014-11-28,development,VALUE,long_only,10.0,0.004989072990614104,0.004840924842465956,0.1481481481481482,-0.0021167325129556164,942,188,0
2014-11-28,development,VALUE,long_only,25.0,0.004989072990614104,0.004618702620243734,0.1481481481481482,-0.0021167325129556164,942,188,0
2014-11-28,development,VALUE,long_short,0.0,0.005931055664119852,0.005931055664119852,0.3492063492063493,-0.0021167325129556164,942,188,188
2014-11-28,development,VALUE,long_short,10.0,0.005931055664119852,0.005581849314913503,0.3492063492063493,-0.0021167325129556164,942,188,188
2014-11-28,development,VALUE,long_short,25.0,0.005931055664119852,0.005058039791103979,0.3492063492063493,-0.0021167325129556164,942,188,188
2014-12-31,development,COMPOSITE,long_only,0.0,-0.0175140976378705,-0.0175140976378705,0.383419689119171,-0.030298502766636405,958,191,0
2014-12-31,development,COMPOSITE,long_only,10.0,-0.0175140976378705,-0.01789751732698967,0.383419689119171,-0.030298502766636405,958,191,0
2014-12-31,development,COMPOSITE,long_only,25.0,-0.0175140976378705,-0.018472646860668428,0.383419689119171,-0.030298502766636405,958,191,0
2014-12-31,development,COMPOSITE,long_short,0.0,0.011912528939194096,0.011912528939194096,0.7046632124352332,-0.030298502766636405,958,191,191
2014-12-31,development,COMPOSITE,long_short,10.0,0.011912528939194096,0.011207865726758862,0.7046632124352332,-0.030298502766636405,958,191,191
2014-12-31,development,COMPOSITE,long_short,25.0,0.011912528939194096,0.010150870908106013,0.7046632124352332,-0.030298502766636405,958,191,191
2014-12-31,development,LV,long_only,0.0,-0.018677606296696177,-0.018677606296696177,0.2461538461538462,-0.029815966404299957,968,193,0
2014-12-31,development,LV,long_only,10.0,-0.018677606296696177,-0.018923760142850025,0.2461538461538462,-0.029815966404299957,968,193,0
2014-12-31,development,LV,long_only,25.0,-0.018677606296696177,-0.019292990912080792,0.2461538461538462,-0.029815966404299957,968,193,0
2014-12-31,development,LV,long_short,0.0,0.0011284548315016732,0.0011284548315016732,0.5743589743589745,-0.029815966404299957,968,193,193
2014-12-31,development,LV,long_short,10.0,0.0011284548315016732,0.0005540958571426986,0.5743589743589745,-0.029815966404299957,968,193,193
2014-12-31,development,LV,long_short,25.0,0.0011284548315016732,-0.00030744260439576326,0.5743589743589745,-0.029815966404299957,968,193,193
2014-12-31,development,MOM,long_only,0.0,-0.00844742096512304,-0.00844742096512304,0.5803108808290154,-0.02971945305624695,960,192,0
2014-12-31,development,MOM,long_only,10.0,-0.00844742096512304,-0.009027731845952056,0.5803108808290154,-0.02971945305624695,960,192,0
2014-12-31,development,MOM,long_only,25.0,-0.00844742096512304,-0.009898198167195577,0.5803108808290154,-0.02971945305624695,960,192,0
2014-12-31,development,MOM,long_short,0.0,0.027290002961925432,0.027290002961925432,1.1606217616580308,-0.02971945305624695,960,192,192
2014-12-31,development,MOM,long_short,10.0,0.027290002961925432,0.0261293812002674,1.1606217616580308,-0.02971945305624695,960,192,192
2014-12-31,development,MOM,long_short,25.0,0.027290002961925432,0.024388448557780357,1.1606217616580308,-0.02971945305624695,960,192,192
2014-12-31,development,QUALITY,long_only,0.0,-0.015757349918643013,-0.015757349918643013,0.17616580310880836,-0.030398980692912296,959,191,0
2014-12-31,development,QUALITY,long_only,10.0,-0.015757349918643013,-0.01593351572175182,0.17616580310880836,-0.030398980692912296,959,191,0
2014-12-31,development,QUALITY,long_only,25.0,-0.015757349918643013,-0.016197764426415035,0.17616580310880836,-0.030398980692912296,959,191,0
2014-12-31,development,QUALITY,long_short,0.0,-0.0007949551679401435,-0.0007949551679401435,0.3212435233160623,-0.030398980692912296,959,191,191
2014-12-31,development,QUALITY,long_short,10.0,-0.0007949551679401435,-0.0011161986912562058,0.3212435233160623,-0.030398980692912296,959,191,191
2014-12-31,development,QUALITY,long_short,25.0,-0.0007949551679401435,-0.0015980639762302993,0.3212435233160623,-0.030398980692912296,959,191,191
2014-12-31,development,SIZE,long_only,0.0,-0.03072431705023028,-0.03072431705023028,0.2814070351758795,-0.029814151499989745,991,198,0
2014-12-31,development,SIZE,long_only,10.0,-0.03072431705023028,-0.03100572408540616,0.2814070351758795,-0.029814151499989745,991,198,0
2014-12-31,development,SIZE,long_only,25.0,-0.03072431705023028,-0.03142783463816998,0.2814070351758795,-0.029814151499989745,991,198,0
2014-12-31,development,SIZE,long_short,0.0,0.002291602948508553,0.002291602948508553,0.3517587939698493,-0.029814151499989745,991,198,198
2014-12-31,development,SIZE,long_short,10.0,0.002291602948508553,0.001939844154538704,0.3517587939698493,-0.029814151499989745,991,198,198
2014-12-31,development,SIZE,long_short,25.0,0.002291602948508553,0.0014122059635839298,0.3517587939698493,-0.029814151499989745,991,198,198
2014-12-31,development,VALUE,long_only,0.0,-0.03891598321595573,-0.03891598321595573,0.18085106382978733,-0.030629409052853343,934,186,0
2014-12-31,development,VALUE,long_only,10.0,-0.03891598321595573,-0.03909683427978551,0.18085106382978733,-0.030629409052853343,934,186,0
2014-12-31,development,VALUE,long_only,25.0,-0.03891598321595573,-0.039368110875530195,0.18085106382978733,-0.030629409052853343,934,186,0
2014-12-31,development,VALUE,long_short,0.0,-0.02132485716634065,-0.02132485716634065,0.36170212765957477,-0.030629409052853343,934,186,186
2014-12-31,development,VALUE,long_short,10.0,-0.02132485716634065,-0.021686559294000225,0.36170212765957477,-0.030629409052853343,934,186,186
2014-12-31,development,VALUE,long_short,25.0,-0.02132485716634065,-0.022229112485489585,0.36170212765957477,-0.030629409052853343,934,186,186
2015-01-30,development,COMPOSITE,long_only,0.0,0.06460112558737544,0.06460112558737544,0.30208333333333337,0.06048317196441105,960,192,0
2015-01-30,development,COMPOSITE,long_only,10.0,0.06460112558737544,0.06429904225404211,0.30208333333333337,0.06048317196441105,960,192,0
2015-01-30,development,COMPOSITE,long_only,25.0,0.06460112558737544,0.0638459172540421,0.30208333333333337,0.06048317196441105,960,192,0
2015-01-30,development,COMPOSITE,long_short,0.0,-0.015448054383854284,-0.015448054383854284,0.6145833333333334,0.06048317196441105,960,192,192
2015-01-30,development,COMPOSITE,long_short,10.0,-0.015448054383854284,-0.01606263771718762,0.6145833333333334,0.06048317196441105,960,192,192
2015-01-30,development,COMPOSITE,long_short,25.0,-0.015448054383854284,-0.01698451271718762,0.6145833333333334,0.06048317196441105,960,192,192
2015-01-30,development,LV,long_only,0.0,0.06464328874512085,0.06464328874512085,0.21761658031088088,0.06036619248649908,969,193,0
2015-01-30,development,LV,long_only,10.0,0.06464328874512085,0.06442567216480996,0.21761658031088088,0.06036619248649908,969,193,0
2015-01-30,development,LV,long_only,25.0,0.06464328874512085,0.06409924729434364,0.21761658031088088,0.06036619248649908,969,193,0
2015-01-30,development,LV,long_short,0.0,-0.02371149884777672,-0.02371149884777672,0.4870466321243523,0.06036619248649908,969,193,193
2015-01-30,development,LV,long_short,10.0,-0.02371149884777672,-0.024198545479901072,0.4870466321243523,0.06036619248649908,969,193,193
2015-01-30,development,LV,long_short,25.0,-0.02371149884777672,-0.024929115428087602,0.4870466321243523,0.06036619248649908,969,193,193
2015-01-30,development,MOM,long_only,0.0,0.06211932201753278,0.06211932201753278,0.47668393782383406,0.060267178298042394,965,193,0
2015-01-30,development,MOM,long_only,10.0,0.06211932201753278,0.06164263807970895,0.47668393782383406,0.060267178298042394,965,193,0
2015-01-30,development,MOM,long_only,25.0,0.06211932201753278,0.06092761217297319,0.47668393782383406,0.060267178298042394,965,193,0
2015-01-30,development,MOM,long_short,0.0,-0.02904679852952173,-0.02904679852952173,1.0051813471502589,0.060267178298042394,965,193,193
2015-01-30,development,MOM,long_short,10.0,-0.02904679852952173,-0.03005197987667199,1.0051813471502589,0.060267178298042394,965,193,193
2015-01-30,development,MOM,long_short,25.0,-0.02904679852952173,-0.031559751897397376,1.0051813471502589,0.060267178298042394,965,193,193
2015-01-30,development,QUALITY,long_only,0.0,0.06270046938520907,0.06270046938520907,0.15625000000000006,0.06048317196441105,960,192,0
2015-01-30,development,QUALITY,long_only,10.0,0.06270046938520907,0.06254421938520907,0.15625000000000006,0.06048317196441105,960,192,0
2015-01-30,development,QUALITY,long_only,25.0,0.06270046938520907,0.06230984438520907,0.15625000000000006,0.06048317196441105,960,192,0
2015-01-30,development,QUALITY,long_short,0.0,-0.023998115514222415,-0.023998115514222415,0.2916666666666668,0.06048317196441105,960,192,192
2015-01-30,development,QUALITY,long_short,10.0,-0.023998115514222415,-0.02428978218088908,0.2916666666666668,0.06048317196441105,960,192,192
2015-01-30,development,QUALITY,long_short,25.0,-0.023998115514222415,-0.02472728218088908,0.2916666666666668,0.06048317196441105,960,192,192
2015-01-30,development,SIZE,long_only,0.0,0.0777485577499996,0.0777485577499996,0.33165829145728654,0.06041991020750326,995,199,0
2015-01-30,development,SIZE,long_only,10.0,0.0777485577499996,0.07741689945854231,0.33165829145728654,0.06041991020750326,995,199,0
2015-01-30,development,SIZE,long_only,25.0,0.0777485577499996,0.07691941202135638,0.33165829145728654,0.06041991020750326,995,199,0
2015-01-30,development,SIZE,long_short,0.0,0.01992569091021465,0.01992569091021465,0.40201005025125647,0.06041991020750326,995,199,199
2015-01-30,development,SIZE,long_short,10.0,0.01992569091021465,0.019523680859963394,0.40201005025125647,0.06041991020750326,995,199,199
2015-01-30,development,SIZE,long_short,25.0,0.01992569091021465,0.01892066578458651,0.40201005025125647,0.06041991020750326,995,199,199
2015-01-30,development,VALUE,long_only,0.0,0.07503865630239456,0.07503865630239456,0.20320855614973277,0.06076627101619926,935,187,0
2015-01-30,development,VALUE,long_only,10.0,0.07503865630239456,0.07483544774624483,0.20320855614973277,0.06076627101619926,935,187,0
2015-01-30,development,VALUE,long_only,25.0,0.07503865630239456,0.07453063491202024,0.20320855614973277,0.06076627101619926,935,187,0
2015-01-30,development,VALUE,long_short,0.0,0.009040608108806917,0.009040608108806917,0.37433155080213937,0.06076627101619926,935,187,187
2015-01-30,development,VALUE,long_short,10.0,0.009040608108806917,0.008666276558004778,0.37433155080213937,0.06076627101619926,935,187,187
2015-01-30,development,VALUE,long_short,25.0,0.009040608108806917,0.008104779231801569,0.37433155080213937,0.06076627101619926,935,187,187
2015-02-27,development,COMPOSITE,long_only,0.0,0.00813874156833121,0.00813874156833121,0.4583333333333333,-0.013116360540771227,961,192,0
2015-02-27,development,COMPOSITE,long_only,10.0,0.00813874156833121,0.007680408234997877,0.4583333333333333,-0.013116360540771227,961,192,0
2015-02-27,development,COMPOSITE,long_only,25.0,0.00813874156833121,0.006992908234997876,0.4583333333333333,-0.013116360540771227,961,192,0
2015-02-27,development,COMPOSITE,long_short,0.0,0.010609536391730262,0.010609536391730262,0.8958333333333333,-0.013116360540771227,961,192,192
2015-02-27,development,COMPOSITE,long_short,10.0,0.010609536391730262,0.009713703058396929,0.8958333333333333,-0.013116360540771227,961,192,192
2015-02-27,development,COMPOSITE,long_short,25.0,0.010609536391730262,0.008369953058396929,0.8958333333333333,-0.013116360540771227,961,192,192
2015-02-27,development,LV,long_only,0.0,0.00013327308653431915,0.00013327308653431915,0.3076923076923078,-0.013048173300737705,976,195,0
2015-02-27,development,LV,long_only,10.0,0.00013327308653431915,-0.00017441922115798872,0.3076923076923078,-0.013048173300737705,976,195,0
2015-02-27,development,LV,long_only,25.0,0.00013327308653431915,-0.0006359576826964504,0.3076923076923078,-0.013048173300737705,976,195,0
2015-02-27,development,LV,long_short,0.0,0.0002773117900327529,0.0002773117900327529,0.6974358974358977,-0.013048173300737705,976,195,195
2015-02-27,development,LV,long_short,10.0,0.0002773117900327529,-0.0004201241074031449,0.6974358974358977,-0.013048173300737705,976,195,195
2015-02-27,development,LV,long_short,25.0,0.0002773117900327529,-0.0014662779535569916,0.6974358974358977,-0.013048173300737705,976,195,195
2015-02-27,development,MOM,long_only,0.0,0.009178902997583999,0.009178902997583999,0.6494845360824744,-0.013144680741812988,970,194,0
2015-02-27,development,MOM,long_only,10.0,0.009178902997583999,0.008529418461501525,0.6494845360824744,-0.013144680741812988,970,194,0
2015-02-27,development,MOM,long_only,25.0,0.009178902997583999,0.007555191657377813,0.6494845360824744,-0.013144680741812988,970,194,0
2015-02-27,development,MOM,long_short,0.0,0.024302077713435073,0.024302077713435073,1.195876288659794,-0.013144680741812988,970,194,194
2015-02-27,development,MOM,long_short,10.0,0.024302077713435073,0.02310620142477528,1.195876288659794,-0.013144680741812988,970,194,194
2015-02-27,development,MOM,long_short,25.0,0.024302077713435073,0.021312386991785587,1.195876288659794,-0.013144680741812988,970,194,194
2015-02-27,development,QUALITY,long_only,0.0,0.004569482117132121,0.004569482117132121,0.125,-0.013116360540771227,961,192,0
2015-02-27,development,QUALITY,long_only,10.0,0.004569482117132121,0.004444482117132121,0.125,-0.013116360540771227,961,192,0
2015-02-27,development,QUALITY,long_only,25.0,0.004569482117132121,0.004256982117132121,0.125,-0.013116360540771227,961,192,0
2015-02-27,development,QUALITY,long_short,0.0,-0.0019519042381084773,-0.0019519042381084773,0.24999999999999997,-0.013116360540771227,961,192,192
2015-02-27,development,QUALITY,long_short,10.0,-0.0019519042381084773,-0.002201904238108477,0.24999999999999997,-0.013116360540771227,961,192,192
2015-02-27,development,QUALITY,long_short,25.0,-0.0019519042381084773,-0.002576904238108477,0.24999999999999997,-0.013116360540771227,961,192,192
2015-02-27,development,SIZE,long_only,0.0,0.009269206334078402,0.009269206334078402,0.2613065326633166,-0.013040468732695584,996,199,0
2015-02-27,development,SIZE,long_only,10.0,0.009269206334078402,0.009007899801415085,0.2613065326633166,-0.013040468732695584,996,199,0
2015-02-27,development,SIZE,long_only,25.0,0.009269206334078402,0.008615940002420112,0.2613065326633166,-0.013040468732695584,996,199,0
2015-02-27,development,SIZE,long_short,0.0,0.020632079947576258,0.020632079947576258,0.32160804020100503,-0.013040468732695584,996,199,199
2015-02-27,development,SIZE,long_short,10.0,0.020632079947576258,0.02031047190737525,0.32160804020100503,-0.013040468732695584,996,199,199
2015-02-27,development,SIZE,long_short,25.0,0.020632079947576258,0.019828059847073747,0.32160804020100503,-0.013040468732695584,996,199,199
2015-02-27,development,VALUE,long_only,0.0,-0.009665370673651927,-0.009665370673651927,0.1925133689839572,-0.013090979090793903,936,187,0
2015-02-27,development,VALUE,long_only,10.0,-0.009665370673651927,-0.009857884042635885,0.1925133689839572,-0.013090979090793903,936,187,0
2015-02-27,development,VALUE,long_only,25.0,-0.009665370673651927,-0.01014665409611182,0.1925133689839572,-0.013090979090793903,936,187,0
2015-02-27,development,VALUE,long_short,0.0,-0.020411854538138652,-0.020411854538138652,0.3957219251336898,-0.013090979090793903,936,187,187
2015-02-27,development,VALUE,long_short,10.0,-0.020411854538138652,-0.020807576463272342,0.3957219251336898,-0.013090979090793903,936,187,187
2015-02-27,development,VALUE,long_short,25.0,-0.020411854538138652,-0.021401159350972875,0.3957219251336898,-0.013090979090793903,936,187,187
2015-03-31,development,COMPOSITE,long_only,0.0,-0.011133794713153513,-0.011133794713153513,0.3125,0.00789063584948253,962,192,0
2015-03-31,development,COMPOSITE,long_only,10.0,-0.011133794713153513,-0.011446294713153513,0.3125,0.00789063584948253,962,192,0
2015-03-31,development,COMPOSITE,long_only,25.0,-0.011133794713153513,-0.011915044713153513,0.3125,0.00789063584948253,962,192,0
2015-03-31,development,COMPOSITE,long_short,0.0,-0.02444291192754143,-0.02444291192754143,0.6354166666666666,0.00789063584948253,962,192,192
2015-03-31,development,COMPOSITE,long_short,10.0,-0.02444291192754143,-0.025078328594208096,0.6354166666666666,0.00789063584948253,962,192,192
2015-03-31,development,COMPOSITE,long_short,25.0,-0.02444291192754143,-0.026031453594208095,0.6354166666666666,0.00789063584948253,962,192,192
2015-03-31,development,LV,long_only,0.0,-0.0069465038967690155,-0.0069465038967690155,0.3282051282051282,0.007602819522973538,978,195,0
2015-03-31,development,LV,long_only,10.0,-0.0069465038967690155,-0.007274709024974143,0.3282051282051282,0.007602819522973538,978,195,0
2015-03-31,development,LV,long_only,25.0,-0.0069465038967690155,-0.007767016717281836,0.3282051282051282,0.007602819522973538,978,195,0
2015-03-31,development,LV,long_short,0.0,-0.015868103964844938,-0.015868103964844938,0.7282051282051283,0.007602819522973538,978,195,195
2015-03-31,development,LV,long_short,10.0,-0.015868103964844938,-0.016596309093050068,0.7282051282051283,0.007602819522973538,978,195,195
2015-03-31,development,LV,long_short,25.0,-0.015868103964844938,-0.01768861678535776,0.7282051282051283,0.007602819522973538,978,195,195
2015-03-31,development,MOM,long_only,0.0,-0.020057925693245552,-0.020057925693245552,0.5979381443298969,0.007619175697088951,971,194,0
2015-03-31,development,MOM,long_only,10.0,-0.020057925693245552,-0.02065586383757545,0.5979381443298969,0.007619175697088951,971,194,0
2015-03-31,development,MOM,long_only,25.0,-0.020057925693245552,-0.021552771054070295,0.5979381443298969,0.007619175697088951,971,194,0
2015-03-31,development,MOM,long_short,0.0,-0.0426970135390882,-0.0426970135390882,1.175257731958763,0.007619175697088951,971,194,194
2015-03-31,development,MOM,long_short,10.0,-0.0426970135390882,-0.04387227127104696,1.175257731958763,0.007619175697088951,971,194,194
2015-03-31,development,MOM,long_short,25.0,-0.0426970135390882,-0.0456351578689851,1.175257731958763,0.007619175697088951,971,194,194
2015-03-31,development,QUALITY,long_only,0.0,-0.014446321588631121,-0.014446321588631121,0.08333333333333333,0.00789063584948253,962,192,0
2015-03-31,development,QUALITY,long_only,10.0,-0.014446321588631121,-0.014529654921964454,0.08333333333333333,0.00789063584948253,962,192,0
2015-03-31,development,QUALITY,long_only,25.0,-0.014446321588631121,-0.014654654921964454,0.08333333333333333,0.00789063584948253,962,192,0
2015-03-31,development,QUALITY,long_short,0.0,-0.007718218171455812,-0.007718218171455812,0.21875,0.00789063584948253,962,192,192
2015-03-31,development,QUALITY,long_short,10.0,-0.007718218171455812,-0.007936968171455812,0.21875,0.00789063584948253,962,192,192
2015-03-31,development,QUALITY,long_short,25.0,-0.007718218171455812,-0.008265093171455812,0.21875,0.00789063584948253,962,192,192
2015-03-31,development,SIZE,long_only,0.0,-0.00452351936915924,-0.00452351936915924,0.22110552763819094,0.007486794254003993,997,199,0
2015-03-31,development,SIZE,long_only,10.0,-0.00452351936915924,-0.004744624896797431,0.22110552763819094,0.007486794254003993,997,199,0
2015-03-31,development,SIZE,long_only,25.0,-0.00452351936915924,-0.005076283188254717,0.22110552763819094,0.007486794254003993,997,199,0
2015-03-31,development,SIZE,long_short,0.0,-0.011954211188225771,-0.011954211188225771,0.23115577889447234,0.007486794254003993,997,199,199
2015-03-31,development,SIZE,long_short,10.0,-0.011954211188225771,-0.012185366967120243,0.23115577889447234,0.007486794254003993,997,199,199
2015-03-31,development,SIZE,long_short,25.0,-0.011954211188225771,-0.012532100635461951,0.23115577889447234,0.007486794254003993,997,199,199
2015-03-31,development,VALUE,long_only,0.0,0.01743983352935162,0.01743983352935162,0.11764705882352938,0.0076413310198539825,937,187,0
2015-03-31,development,VALUE,long_only,10.0,0.01743983352935162,0.017322186470528092,0.11764705882352938,0.0076413310198539825,937,187,0
2015-03-31,development,VALUE,long_only,25.0,0.01743983352935162,0.017145715882292797,0.11764705882352938,0.0076413310198539825,937,187,0
2015-03-31,development,VALUE,long_short,0.0,0.022783377215553506,0.022783377215553506,0.267379679144385,0.0076413310198539825,937,187,187
2015-03-31,development,VALUE,long_short,10.0,0.022783377215553506,0.02251599753640912,0.267379679144385,0.0076413310198539825,937,187,187
2015-03-31,development,VALUE,long_short,25.0,0.022783377215553506,0.022114928017692544,0.267379679144385,0.0076413310198539825,937,187,187
2015-04-30,development,COMPOSITE,long_only,0.0,0.021877452660891594,0.021877452660891594,0.3333333333333333,0.013518950174428331,959,191,0
2015-04-30,development,COMPOSITE,long_only,10.0,0.021877452660891594,0.02154411932755826,0.3333333333333333,0.013518950174428331,959,191,0
2015-04-30,development,COMPOSITE,long_only,25.0,0.021877452660891594,0.021044119327558262,0.3333333333333333,0.013518950174428331,959,191,0
2015-04-30,development,COMPOSITE,long_short,0.0,0.009384920538464788,0.009384920538464788,0.6666666666666667,0.013518950174428331,959,191,191
2015-04-30,development,COMPOSITE,long_short,10.0,0.009384920538464788,0.008718253871798122,0.6666666666666667,0.013518950174428331,959,191,191
2015-04-30,development,COMPOSITE,long_short,25.0,0.009384920538464788,0.007718253871798121,0.6666666666666667,0.013518950174428331,959,191,191
2015-04-30,development,LV,long_only,0.0,0.01717264742452925,0.01717264742452925,0.18367346938775517,0.013168140412918907,981,196,0
2015-04-30,development,LV,long_only,10.0,0.01717264742452925,0.016988973955141495,0.18367346938775517,0.013168140412918907,981,196,0
2015-04-30,development,LV,long_only,25.0,0.01717264742452925,0.016713463751059865,0.18367346938775517,0.013168140412918907,981,196,0
2015-04-30,development,LV,long_short,0.0,-0.0017163358896523564,-0.0017163358896523564,0.4285714285714287,0.013168140412918907,981,196,196
2015-04-30,development,LV,long_short,10.0,-0.0017163358896523564,-0.002144907318223785,0.4285714285714287,0.013168140412918907,981,196,196
2015-04-30,development,LV,long_short,25.0,-0.0017163358896523564,-0.002787764461080928,0.4285714285714287,0.013168140412918907,981,196,196
2015-04-30,development,MOM,long_only,0.0,0.04507914096936816,0.04507914096936816,0.5567010309278351,0.013112367168585909,968,193,0
2015-04-30,development,MOM,long_only,10.0,0.04507914096936816,0.04452243993844032,0.5567010309278351,0.013112367168585909,968,193,0
2015-04-30,development,MOM,long_only,25.0,0.04507914096936816,0.04368738839204857,0.5567010309278351,0.013112367168585909,968,193,0
2015-04-30,development,MOM,long_short,0.0,0.04818353136873097,0.04818353136873097,1.0824742268041239,0.013112367168585909,968,193,193
2015-04-30,development,MOM,long_short,10.0,0.04818353136873097,0.04710105714192685,1.0824742268041239,0.013112367168585909,968,193,193
2015-04-30,development,MOM,long_short,25.0,0.04818353136873097,0.045477345801720664,1.0824742268041239,0.013112367168585909,968,193,193
2015-04-30,development,QUALITY,long_only,0.0,0.020356943291751632,0.020356943291751632,0.10416666666666675,0.013518950174428331,959,191,0
2015-04-30,development,QUALITY,long_only,10.0,0.020356943291751632,0.020252776625084967,0.10416666666666675,0.013518950174428331,959,191,0
2015-04-30,development,QUALITY,long_only,25.0,0.020356943291751632,0.020096526625084966,0.10416666666666675,0.013518950174428331,959,191,0
2015-04-30,development,QUALITY,long_short,0.0,-0.01401955984726154,-0.01401955984726154,0.2395833333333335,0.013518950174428331,959,191,191
2015-04-30,development,QUALITY,long_short,10.0,-0.01401955984726154,-0.014259143180594873,0.2395833333333335,0.013518950174428331,959,191,191
2015-04-30,development,QUALITY,long_short,25.0,-0.01401955984726154,-0.014618518180594873,0.2395833333333335,0.013518950174428331,959,191,191
2015-04-30,development,SIZE,long_only,0.0,0.019317867725318093,0.019317867725318093,0.3316582914572864,0.01327851725376801,995,199,0
2015-04-30,development,SIZE,long_only,10.0,0.019317867725318093,0.018986209433860805,0.3316582914572864,0.01327851725376801,995,199,0
2015-04-30,development,SIZE,long_only,25.0,0.019317867725318093,0.018488721996674878,0.3316582914572864,0.01327851725376801,995,199,0
2015-04-30,development,SIZE,long_short,0.0,0.005263928007994988,0.005263928007994988,0.40201005025125625,0.01327851725376801,995,199,199
2015-04-30,development,SIZE,long_short,10.0,0.005263928007994988,0.004861917957743731,0.40201005025125625,0.01327851725376801,995,199,199
2015-04-30,development,SIZE,long_short,25.0,0.005263928007994988,0.004258902882366847,0.40201005025125625,0.01327851725376801,995,199,199
2015-04-30,development,VALUE,long_only,0.0,0.005591301709064196,0.005591301709064196,0.16042780748663119,0.01370311387340389,934,186,0
2015-04-30,development,VALUE,long_only,10.0,0.005591301709064196,0.005430873901577565,0.16042780748663119,0.01370311387340389,934,186,0
2015-04-30,development,VALUE,long_only,25.0,0.005591301709064196,0.005190232190347618,0.16042780748663119,0.01370311387340389,934,186,0
2015-04-30,development,VALUE,long_short,0.0,-0.012244487504276737,-0.012244487504276737,0.3208556149732623,0.01370311387340389,934,186,186
2015-04-30,development,VALUE,long_short,10.0,-0.012244487504276737,-0.012565343119249998,0.3208556149732623,0.01370311387340389,934,186,186
2015-04-30,development,VALUE,long_short,25.0,-0.012244487504276737,-0.013046626541709893,0.3208556149732623,0.01370311387340389,934,186,186
2015-05-29,development,COMPOSITE,long_only,0.0,-0.009978721549216793,-0.009978721549216793,0.33507853403141363,-0.01714985403916241,959,191,0
2015-05-29,development,COMPOSITE,long_only,10.0,-0.009978721549216793,-0.010313800083248207,0.33507853403141363,-0.01714985403916241,959,191,0
2015-05-29,development,COMPOSITE,long_only,25.0,-0.009978721549216793,-0.010816417884295326,0.33507853403141363,-0.01714985403916241,959,191,0
2015-05-29,development,COMPOSITE,long_short,0.0,0.01607959144159193,0.01607959144159193,0.6387434554973822,-0.01714985403916241,959,191,191
2015-05-29,development,COMPOSITE,long_short,10.0,0.01607959144159193,0.015440847986094549,0.6387434554973822,-0.01714985403916241,959,191,191
2015-05-29,development,COMPOSITE,long_short,25.0,0.01607959144159193,0.014482732802848475,0.6387434554973822,-0.01714985403916241,959,191,191
2015-05-29,development,LV,long_only,0.0,-0.014169100531521348,-0.014169100531521348,0.24489795918367346,-0.017089736060724878,983,196,0
2015-05-29,development,LV,long_only,10.0,-0.014169100531521348,-0.014413998490705023,0.24489795918367346,-0.017089736060724878,983,196,0
2015-05-29,development,LV,long_only,25.0,-0.014169100531521348,-0.014781345429480532,0.24489795918367346,-0.017089736060724878,983,196,0
2015-05-29,development,LV,long_short,0.0,0.008760931130149228,0.008760931130149228,0.5510204081632653,-0.017089736060724878,983,196,196
2015-05-29,development,LV,long_short,10.0,0.008760931130149228,0.008209910721985963,0.5510204081632653,-0.017089736060724878,983,196,196
2015-05-29,development,LV,long_short,25.0,0.008760931130149228,0.0073833801097410645,0.5510204081632653,-0.017089736060724878,983,196,196
2015-05-29,development,MOM,long_only,0.0,-0.004465940556322247,-0.004465940556322247,0.48453608247422686,-0.017143754291111937,974,194,0
2015-05-29,development,MOM,long_only,10.0,-0.004465940556322247,-0.004950476638796474,0.48453608247422686,-0.017143754291111937,974,194,0
2015-05-29,development,MOM,long_only,25.0,-0.004465940556322247,-0.005677280762507814,0.48453608247422686,-0.017143754291111937,974,194,0
2015-05-29,development,MOM,long_short,0.0,0.019860923929790497,0.019860923929790497,0.927835051546392,-0.017143754291111937,974,194,194
2015-05-29,development,MOM,long_short,10.0,0.019860923929790497,0.018933088878244107,0.927835051546392,-0.017143754291111937,974,194,194
2015-05-29,development,MOM,long_short,25.0,0.019860923929790497,0.017541336300924516,0.927835051546392,-0.017143754291111937,974,194,194
2015-05-29,development,QUALITY,long_only,0.0,-0.005285464831890805,-0.005285464831890805,0.08376963350785341,-0.01714985403916241,959,191,0
2015-05-29,development,QUALITY,long_only,10.0,-0.005285464831890805,-0.005369234465398658,0.08376963350785341,-0.01714985403916241,959,191,0
2015-05-29,development,QUALITY,long_only,25.0,-0.005285464831890805,-0.005494888915660438,0.08376963350785341,-0.01714985403916241,959,191,0
2015-05-29,development,QUALITY,long_short,0.0,0.012874916658461657,0.012874916658461657,0.1884816753926702,-0.01714985403916241,959,191,191
2015-05-29,development,QUALITY,long_short,10.0,0.012874916658461657,0.012686434983068987,0.1884816753926702,-0.01714985403916241,959,191,191
2015-05-29,development,QUALITY,long_short,25.0,0.012874916658461657,0.012403712469979981,0.1884816753926702,-0.01714985403916241,959,191,191
2015-05-29,development,SIZE,long_only,0.0,-0.013548379295816971,-0.013548379295816971,0.2613065326633166,-0.017169080803940927,995,199,0
2015-05-29,development,SIZE,long_only,10.0,-0.013548379295816971,-0.013809685828480288,0.2613065326633166,-0.017169080803940927,995,199,0
2015-05-29,development,SIZE,long_only,25.0,-0.013548379295816971,-0.014201645627475262,0.2613065326633166,-0.017169080803940927,995,199,0
2015-05-29,development,SIZE,long_short,0.0,0.005352735116910989,0.005352735116910989,0.3316582914572864,-0.017169080803940927,995,199,199
2015-05-29,development,SIZE,long_short,10.0,0.005352735116910989,0.005021076825453702,0.3316582914572864,-0.017169080803940927,995,199,199
2015-05-29,development,SIZE,long_short,25.0,0.005352735116910989,0.004523589388267773,0.3316582914572864,-0.017169080803940927,995,199,199
2015-05-29,development,VALUE,long_only,0.0,-0.02711029058347686,-0.02711029058347686,0.14973262032085577,-0.017368352817512922,935,187,0
2015-05-29,development,VALUE,long_only,10.0,-0.02711029058347686,-0.027260023203797716,0.14973262032085577,-0.017368352817512922,935,187,0
2015-05-29,development,VALUE,long_only,25.0,-0.02711029058347686,-0.027484622134278998,0.14973262032085577,-0.017368352817512922,935,187,0
2015-05-29,development,VALUE,long_short,0.0,-0.013706238746611405,-0.013706238746611405,0.28877005347593615,-0.017368352817512922,935,187,187
2015-05-29,development,VALUE,long_short,10.0,-0.013706238746611405,-0.013995008800087342,0.28877005347593615,-0.017368352817512922,935,187,187
2015-05-29,development,VALUE,long_short,25.0,-0.013706238746611405,-0.014428163880301246,0.28877005347593615,-0.017368352817512922,935,187,187
2015-06-30,development,COMPOSITE,long_only,0.0,0.00756342716161997,0.00756342716161997,0.4,0.01595571315796419,977,195,0
2015-06-30,development,COMPOSITE,long_only,10.0,0.00756342716161997,0.00716342716161997,0.4,0.01595571315796419,977,195,0
2015-06-30,development,COMPOSITE,long_only,25.0,0.00756342716161997,0.00656342716161997,0.4,0.01595571315796419,977,195,0
2015-06-30,development,COMPOSITE,long_short,0.0,0.009032309418466564,0.009032309418466564,0.8615384615384616,0.01595571315796419,977,195,195
2015-06-30,development,COMPOSITE,long_short,10.0,0.009032309418466564,0.008170770956928102,0.8615384615384616,0.01595571315796419,977,195,195
2015-06-30,development,COMPOSITE,long_short,25.0,0.009032309418466564,0.00687846326462041,0.8615384615384616,0.01595571315796419,977,195,195
2015-06-30,development,LV,long_only,0.0,0.011265957796750365,0.011265957796750365,0.18367346938775508,0.019084429841809955,983,196,0
2015-06-30,development,LV,long_only,10.0,0.011265957796750365,0.01108228432736261,0.18367346938775508,0.019084429841809955,983,196,0
2015-06-30,development,LV,long_only,25.0,0.011265957796750365,0.010806774123280977,0.18367346938775508,0.019084429841809955,983,196,0
2015-06-30,development,LV,long_short,0.0,0.029457300267082105,0.029457300267082105,0.44897959183673464,0.019084429841809955,983,196,196
2015-06-30,development,LV,long_short,10.0,0.029457300267082105,0.02900832067524537,0.44897959183673464,0.019084429841809955,983,196,196
2015-06-30,development,LV,long_short,25.0,0.029457300267082105,0.02833485128749027,0.44897959183673464,0.019084429841809955,983,196,196
2015-06-30,development,MOM,long_only,0.0,0.025074181177939796,0.025074181177939796,0.44329896907216493,0.019027935803626696,972,194,0
2015-06-30,development,MOM,long_only,10.0,0.025074181177939796,0.02463088220886763,0.44329896907216493,0.019027935803626696,972,194,0
2015-06-30,development,MOM,long_only,25.0,0.025074181177939796,0.023965933755259385,0.44329896907216493,0.019027935803626696,972,194,0
2015-06-30,development,MOM,long_short,0.0,0.05508832928296601,0.05508832928296601,0.8865979381443299,0.019027935803626696,972,194,194
2015-06-30,development,MOM,long_short,10.0,0.05508832928296601,0.05420173134482168,0.8865979381443299,0.019027935803626696,972,194,194
2015-06-30,development,MOM,long_short,25.0,0.05508832928296601,0.05287183443760519,0.8865979381443299,0.019027935803626696,972,194,194
2015-06-30,development,QUALITY,long_only,0.0,0.006637944771328559,0.006637944771328559,0.30612244897959195,0.01586141198160996,983,196,0
2015-06-30,development,QUALITY,long_only,10.0,0.006637944771328559,0.006331822322348967,0.30612244897959195,0.01586141198160996,983,196,0
2015-06-30,development,QUALITY,long_only,25.0,0.006637944771328559,0.005872638648879579,0.30612244897959195,0.01586141198160996,983,196,0
2015-06-30,development,QUALITY,long_short,0.0,0.011810808689529714,0.011810808689529714,0.7551020408163267,0.01586141198160996,983,196,196
2015-06-30,development,QUALITY,long_short,10.0,0.011810808689529714,0.011055706648713387,0.7551020408163267,0.01586141198160996,983,196,196
2015-06-30,development,QUALITY,long_short,25.0,0.011810808689529714,0.009923053587488897,0.7551020408163267,0.01586141198160996,983,196,196
2015-06-30,development,SIZE,long_only,0.0,-0.018990644957120054,-0.018990644957120054,0.2914572864321609,0.018967761283560376,994,198,0
2015-06-30,development,SIZE,long_only,10.0,-0.018990644957120054,-0.019282102243552215,0.2914572864321609,0.018967761283560376,994,198,0
2015-06-30,development,SIZE,long_only,25.0,-0.018990644957120054,-0.019719288173200455,0.2914572864321609,0.018967761283560376,994,198,0
2015-06-30,development,SIZE,long_short,0.0,-0.0339293794306174,-0.0339293794306174,0.3618090452261308,0.018967761283560376,994,198,198
2015-06-30,development,SIZE,long_short,10.0,-0.0339293794306174,-0.03429118847584353,0.3618090452261308,0.018967761283560376,994,198,198
2015-06-30,development,SIZE,long_short,25.0,-0.0339293794306174,-0.034833902043682724,0.3618090452261308,0.018967761283560376,994,198,198
2015-06-30,development,VALUE,long_only,0.0,-0.025543427388812035,-0.025543427388812035,0.40624999999999994,0.01550468282338027,960,192,0
2015-06-30,development,VALUE,long_only,10.0,-0.025543427388812035,-0.025949677388812036,0.40624999999999994,0.01550468282338027,960,192,0
2015-06-30,development,VALUE,long_only,25.0,-0.025543427388812035,-0.026559052388812034,0.40624999999999994,0.01550468282338027,960,192,0
2015-06-30,development,VALUE,long_short,0.0,-0.030648918575015054,-0.030648918575015054,0.8541666666666664,0.01550468282338027,960,192,192
2015-06-30,development,VALUE,long_short,10.0,-0.030648918575015054,-0.03150308524168172,0.8541666666666664,0.01550468282338027,960,192,192
2015-06-30,development,VALUE,long_short,25.0,-0.030648918575015054,-0.03278433524168172,0.8541666666666664,0.01550468282338027,960,192,192
2015-07-31,development,COMPOSITE,long_only,0.0,-0.05704746635997747,-0.05704746635997747,0.36923076923076925,-0.06164303786531157,975,195,0
2015-07-31,development,COMPOSITE,long_only,10.0,-0.05704746635997747,-0.05741669712920824,0.36923076923076925,-0.06164303786531157,975,195,0
2015-07-31,development,COMPOSITE,long_only,25.0,-0.05704746635997747,-0.05797054328305439,0.36923076923076925,-0.06164303786531157,975,195,0
2015-07-31,development,COMPOSITE,long_short,0.0,0.013095224801428107,0.013095224801428107,0.6461538461538461,-0.06164303786531157,975,195,195
2015-07-31,development,COMPOSITE,long_short,10.0,0.013095224801428107,0.01244907095527426,0.6461538461538461,-0.06164303786531157,975,195,195
2015-07-31,development,COMPOSITE,long_short,25.0,0.013095224801428107,0.011479840186043491,0.6461538461538461,-0.06164303786531157,975,195,195
2015-07-31,development,LV,long_only,0.0,-0.05391697680941696,-0.05391697680941696,0.26530612244897955,-0.060755609673423,980,196,0
2015-07-31,development,LV,long_only,10.0,-0.05391697680941696,-0.054182282931865944,0.26530612244897955,-0.060755609673423,980,196,0
2015-07-31,development,LV,long_only,25.0,-0.05391697680941696,-0.05458024211553941,0.26530612244897955,-0.060755609673423,980,196,0
2015-07-31,development,LV,long_short,0.0,0.015693178950645696,0.015693178950645696,0.5816326530612245,-0.060755609673423,980,196,196
2015-07-31,development,LV,long_short,10.0,0.015693178950645696,0.015111546297584471,0.5816326530612245,-0.060755609673423,980,196,196
2015-07-31,development,LV,long_short,25.0,0.015693178950645696,0.014239097317992635,0.5816326530612245,-0.060755609673423,980,196,196
2015-07-31,development,MOM,long_only,0.0,-0.06856139406361134,-0.06856139406361134,0.441025641025641,-0.060787122979564324,976,195,0
2015-07-31,development,MOM,long_only,10.0,-0.06856139406361134,-0.06900241970463698,0.441025641025641,-0.060787122979564324,976,195,0
2015-07-31,development,MOM,long_only,25.0,-0.06856139406361134,-0.06966395816617543,0.441025641025641,-0.060787122979564324,976,195,0
2015-07-31,development,MOM,long_short,0.0,-0.00710445784278821,-0.00710445784278821,0.9230769230769229,-0.060787122979564324,976,195,195
2015-07-31,development,MOM,long_short,10.0,-0.00710445784278821,-0.008027534765865133,0.9230769230769229,-0.060787122979564324,976,195,195
2015-07-31,development,MOM,long_short,25.0,-0.00710445784278821,-0.009412150150480518,0.9230769230769229,-0.060787122979564324,976,195,195
2015-07-31,development,QUALITY,long_only,0.0,-0.056604803681462104,-0.056604803681462104,0.13265306122448978,-0.061767933550339604,982,196,0
2015-07-31,development,QUALITY,long_only,10.0,-0.056604803681462104,-0.05673745674268659,0.13265306122448978,-0.061767933550339604,982,196,0
2015-07-31,development,QUALITY,long_only,25.0,-0.056604803681462104,-0.056936436334523326,0.13265306122448978,-0.061767933550339604,982,196,0
2015-07-31,development,QUALITY,long_short,0.0,0.008720417145078868,0.008720417145078868,0.336734693877551,-0.061767933550339604,982,196,196
2015-07-31,development,QUALITY,long_short,10.0,0.008720417145078868,0.008383682451201318,0.336734693877551,-0.061767933550339604,982,196,196
2015-07-31,development,QUALITY,long_short,25.0,0.008720417145078868,0.007878580410384991,0.336734693877551,-0.061767933550339604,982,196,196
2015-07-31,development,SIZE,long_only,0.0,-0.05026637538546644,-0.05026637538546644,0.33333333333333337,-0.06076455531775861,994,198,0
2015-07-31,development,SIZE,long_only,10.0,-0.05026637538546644,-0.05059970871879977,0.33333333333333337,-0.06076455531775861,994,198,0
2015-07-31,development,SIZE,long_only,25.0,-0.05026637538546644,-0.05109970871879977,0.33333333333333337,-0.06076455531775861,994,198,0
2015-07-31,development,SIZE,long_short,0.0,0.007521347844482489,0.007521347844482489,0.4343434343434344,-0.06076455531775861,994,198,198
2015-07-31,development,SIZE,long_short,10.0,0.007521347844482489,0.007087004410139055,0.4343434343434344,-0.06076455531775861,994,198,198
2015-07-31,development,SIZE,long_short,25.0,0.007521347844482489,0.0064354892586239035,0.4343434343434344,-0.06076455531775861,994,198,198
2015-07-31,development,VALUE,long_only,0.0,-0.046987554650206514,-0.046987554650206514,0.21875000000000003,-0.06191499482098402,959,191,0
2015-07-31,development,VALUE,long_only,10.0,-0.046987554650206514,-0.04720630465020651,0.21875000000000003,-0.06191499482098402,959,191,0
2015-07-31,development,VALUE,long_only,25.0,-0.046987554650206514,-0.04753442965020652,0.21875000000000003,-0.06191499482098402,959,191,0
2015-07-31,development,VALUE,long_short,0.0,0.011309320078510193,0.011309320078510193,0.4479166666666668,-0.06191499482098402,959,191,191
2015-07-31,development,VALUE,long_short,10.0,0.011309320078510193,0.010861403411843525,0.4479166666666668,-0.06191499482098402,959,191,191
2015-07-31,development,VALUE,long_short,25.0,0.011309320078510193,0.010189528411843526,0.4479166666666668,-0.06191499482098402,959,191,191
2015-08-31,development,COMPOSITE,long_only,0.0,-0.03599494143172734,-0.03599494143172734,0.36923076923076925,-0.02781688641821702,977,195,0
2015-08-31,development,COMPOSITE,long_only,10.0,-0.03599494143172734,-0.036364172200958104,0.36923076923076925,-0.02781688641821702,977,195,0
2015-08-31,development,COMPOSITE,long_only,25.0,-0.03599494143172734,-0.03691801835480426,0.36923076923076925,-0.02781688641821702,977,195,0
2015-08-31,development,COMPOSITE,long_short,0.0,0.020404057761686755,0.020404057761686755,0.7076923076923076,-0.02781688641821702,977,195,195
2015-08-31,development,COMPOSITE,long_short,10.0,0.020404057761686755,0.019696365453994447,0.7076923076923076,-0.02781688641821702,977,195,195
2015-08-31,development,COMPOSITE,long_short,25.0,0.020404057761686755,0.018634826992455986,0.7076923076923076,-0.02781688641821702,977,195,195
2015-08-31,development,LV,long_only,0.0,-0.02567528543944532,-0.02567528543944532,0.326530612244898,-0.027639276664089288,984,196,0
2015-08-31,development,LV,long_only,10.0,-0.02567528543944532,-0.02600181605169022,0.326530612244898,-0.027639276664089288,984,196,0
2015-08-31,development,LV,long_only,25.0,-0.02567528543944532,-0.026491611970057564,0.326530612244898,-0.027639276664089288,984,196,0
2015-08-31,development,LV,long_short,0.0,0.05737248964754447,0.05737248964754447,0.7040816326530611,-0.027639276664089288,984,196,196
2015-08-31,development,LV,long_short,10.0,0.05737248964754447,0.056668408014891404,0.7040816326530611,-0.027639276664089288,984,196,196
2015-08-31,development,LV,long_short,25.0,0.05737248964754447,0.055612285565911815,0.7040816326530611,-0.027639276664089288,984,196,196
2015-08-31,development,MOM,long_only,0.0,-0.04272767055093242,-0.04272767055093242,0.441025641025641,-0.027575604512819037,979,195,0
2015-08-31,development,MOM,long_only,10.0,-0.04272767055093242,-0.04316869619195806,0.441025641025641,-0.027575604512819037,979,195,0
2015-08-31,development,MOM,long_only,25.0,-0.04272767055093242,-0.04383023465349652,0.441025641025641,-0.027575604512819037,979,195,0
2015-08-31,development,MOM,long_short,0.0,0.02538691302186901,0.02538691302186901,0.9025641025641026,-0.027575604512819037,979,195,195
2015-08-31,development,MOM,long_short,10.0,0.02538691302186901,0.02448434891930491,0.9025641025641026,-0.027575604512819037,979,195,195
2015-08-31,development,MOM,long_short,25.0,0.02538691302186901,0.023130502765458753,0.9025641025641026,-0.027575604512819037,979,195,195
2015-08-31,development,QUALITY,long_only,0.0,-0.03205674016742395,-0.03205674016742395,0.07142857142857142,-0.02778434444336772,980,196,0
2015-08-31,development,QUALITY,long_only,10.0,-0.03205674016742395,-0.03212816873885252,0.07142857142857142,-0.02778434444336772,980,196,0
2015-08-31,development,QUALITY,long_only,25.0,-0.03205674016742395,-0.03223531159599538,0.07142857142857142,-0.02778434444336772,980,196,0
2015-08-31,development,QUALITY,long_short,0.0,0.039756191411834944,0.039756191411834944,0.19387755102040816,-0.02778434444336772,980,196,196
2015-08-31,development,QUALITY,long_short,10.0,0.039756191411834944,0.03956231386081454,0.19387755102040816,-0.02778434444336772,980,196,196
2015-08-31,development,QUALITY,long_short,25.0,0.039756191411834944,0.039271497534283925,0.19387755102040816,-0.02778434444336772,980,196,196
2015-08-31,development,SIZE,long_only,0.0,-0.053878580440715106,-0.053878580440715106,0.27135678391959805,-0.028095532764161643,999,199,0
2015-08-31,development,SIZE,long_only,10.0,-0.053878580440715106,-0.0541499372246347,0.27135678391959805,-0.028095532764161643,999,199,0
2015-08-31,development,SIZE,long_only,25.0,-0.053878580440715106,-0.0545569724005141,0.27135678391959805,-0.028095532764161643,999,199,0
2015-08-31,development,SIZE,long_short,0.0,-0.026684754481565705,-0.026684754481565705,0.341708542713568,-0.028095532764161643,999,199,199
2015-08-31,development,SIZE,long_short,10.0,-0.026684754481565705,-0.027026463024279274,0.341708542713568,-0.028095532764161643,999,199,199
2015-08-31,development,SIZE,long_short,25.0,-0.026684754481565705,-0.027539025838349624,0.341708542713568,-0.028095532764161643,999,199,199
2015-08-31,development,VALUE,long_only,0.0,-0.06354008952481918,-0.06354008952481918,0.13612565445026178,-0.027520952808829893,957,191,0
2015-08-31,development,VALUE,long_only,10.0,-0.06354008952481918,-0.06367621517926944,0.13612565445026178,-0.027520952808829893,957,191,0
2015-08-31,development,VALUE,long_only,25.0,-0.06354008952481918,-0.06388040366094484,0.13612565445026178,-0.027520952808829893,957,191,0
2015-08-31,development,VALUE,long_short,0.0,-0.026175666972822323,-0.026175666972822323,0.3036649214659686,-0.027520952808829893,957,191,191
2015-08-31,development,VALUE,long_short,10.0,-0.026175666972822323,-0.02647933189428829,0.3036649214659686,-0.027520952808829893,957,191,191
2015-08-31,development,VALUE,long_short,25.0,-0.026175666972822323,-0.026934829276487243,0.3036649214659686,-0.027520952808829893,957,191,191
2015-09-30,development,COMPOSITE,long_only,0.0,0.05380854998955227,0.05380854998955227,0.30769230769230765,0.0767183525225085,972,194,0
2015-09-30,development,COMPOSITE,long_only,10.0,0.05380854998955227,0.05350085768185996,0.30769230769230765,0.0767183525225085,972,194,0
2015-09-30,development,COMPOSITE,long_only,25.0,0.05380854998955227,0.0530393192203215,0.30769230769230765,0.0767183525225085,972,194,0
2015-09-30,development,COMPOSITE,long_short,0.0,-0.028271270593991156,-0.028271270593991156,0.5538461538461539,0.0767183525225085,972,194,194
2015-09-30,development,COMPOSITE,long_short,10.0,-0.028271270593991156,-0.02882511674783731,0.5538461538461539,0.0767183525225085,972,194,194
2015-09-30,development,COMPOSITE,long_short,25.0,-0.028271270593991156,-0.02965588597860654,0.5538461538461539,0.0767183525225085,972,194,194
2015-09-30,development,LV,long_only,0.0,0.06301879155655246,0.06301879155655246,0.37755102040816324,0.07851793476970875,982,196,0
2015-09-30,development,LV,long_only,10.0,0.06301879155655246,0.0626412405361443,0.37755102040816324,0.07851793476970875,982,196,0
2015-09-30,development,LV,long_only,25.0,0.06301879155655246,0.062074914005532056,0.37755102040816324,0.07851793476970875,982,196,0
2015-09-30,development,LV,long_short,0.0,0.006850554098645101,0.006850554098645101,0.7244897959183673,0.07851793476970875,982,196,196
2015-09-30,development,LV,long_short,10.0,0.006850554098645101,0.006126064302726733,0.7244897959183673,0.07851793476970875,982,196,196
2015-09-30,development,LV,long_short,25.0,0.006850554098645101,0.005039329608849182,0.7244897959183673,0.07851793476970875,982,196,196
2015-09-30,development,MOM,long_only,0.0,0.05564688356998283,0.05564688356998283,0.47179487179487173,0.07861879668768842,974,194,0
2015-09-30,development,MOM,long_only,10.0,0.05564688356998283,0.05517508869818796,0.47179487179487173,0.07861879668768842,974,194,0
2015-09-30,development,MOM,long_only,25.0,0.05564688356998283,0.05446739639049565,0.47179487179487173,0.07861879668768842,974,194,0
2015-09-30,development,MOM,long_short,0.0,-0.021803196187916242,-0.021803196187916242,0.8717948717948717,0.07861879668768842,974,194,194
2015-09-30,development,MOM,long_short,10.0,-0.021803196187916242,-0.022674991059711113,0.8717948717948717,0.07861879668768842,974,194,194
2015-09-30,development,MOM,long_short,25.0,-0.021803196187916242,-0.02398268336740342,0.8717948717948717,0.07861879668768842,974,194,194
2015-09-30,development,QUALITY,long_only,0.0,0.05772152568899961,0.05772152568899961,0.06122448979591844,0.07675713926504743,976,195,0
2015-09-30,development,QUALITY,long_only,10.0,0.05772152568899961,0.05766030119920369,0.06122448979591844,0.07675713926504743,976,195,0
2015-09-30,development,QUALITY,long_only,25.0,0.05772152568899961,0.05756846446450981,0.06122448979591844,0.07675713926504743,976,195,0
2015-09-30,development,QUALITY,long_short,0.0,-0.021889759483113273,-0.021889759483113273,0.2040816326530614,0.07675713926504743,976,195,195
2015-09-30,development,QUALITY,long_short,10.0,-0.021889759483113273,-0.022093841115766333,0.2040816326530614,0.07675713926504743,976,195,195
2015-09-30,development,QUALITY,long_short,25.0,-0.021889759483113273,-0.022399963564745926,0.2040816326530614,0.07675713926504743,976,195,195
2015-09-30,development,SIZE,long_only,0.0,0.05988124917977506,0.05988124917977506,0.4020100502512563,0.07882831013602848,996,199,0
2015-09-30,development,SIZE,long_only,10.0,0.05988124917977506,0.059479239129523805,0.4020100502512563,0.07882831013602848,996,199,0
2015-09-30,development,SIZE,long_only,25.0,0.05988124917977506,0.05887622405414692,0.4020100502512563,0.07882831013602848,996,199,0
2015-09-30,development,SIZE,long_short,0.0,-0.01210541867583863,-0.01210541867583863,0.49246231155778897,0.07882831013602848,996,199,199
2015-09-30,development,SIZE,long_short,10.0,-0.01210541867583863,-0.012597880987396419,0.49246231155778897,0.07882831013602848,996,199,199
2015-09-30,development,SIZE,long_short,25.0,-0.01210541867583863,-0.013336574454733102,0.49246231155778897,0.07882831013602848,996,199,199
2015-09-30,development,VALUE,long_only,0.0,0.06464239677405885,0.06464239677405885,0.3036649214659686,0.07700117208761657,953,190,0
2015-09-30,development,VALUE,long_only,10.0,0.06464239677405885,0.06433873185259288,0.3036649214659686,0.07700117208761657,953,190,0
2015-09-30,development,VALUE,long_only,25.0,0.06464239677405885,0.06388323447039393,0.3036649214659686,0.07700117208761657,953,190,0
2015-09-30,development,VALUE,long_short,0.0,0.005133648768124192,0.005133648768124192,0.5549738219895288,0.07700117208761657,953,190,190
2015-09-30,development,VALUE,long_short,10.0,0.005133648768124192,0.004578674946134663,0.5549738219895288,0.07700117208761657,953,190,190
2015-09-30,development,VALUE,long_short,25.0,0.005133648768124192,0.00374621421315037,0.5549738219895288,0.07700117208761657,953,190,190
2015-10-30,development,COMPOSITE,long_only,0.0,0.007860863169580566,0.007860863169580566,0.3384615384615384,0.003315774809663735,975,195,0
2015-10-30,development,COMPOSITE,long_only,10.0,0.007860863169580566,0.0075224016311190274,0.3384615384615384,0.003315774809663735,975,195,0
2015-10-30,development,COMPOSITE,long_only,25.0,0.007860863169580566,0.0070147093234267195,0.3384615384615384,0.003315774809663735,975,195,0
2015-10-30,development,COMPOSITE,long_short,0.0,0.009238299639967482,0.009238299639967482,0.6871794871794872,0.003315774809663735,975,195,195
2015-10-30,development,COMPOSITE,long_short,10.0,0.009238299639967482,0.008551120152787995,0.6871794871794872,0.003315774809663735,975,195,195
2015-10-30,development,COMPOSITE,long_short,25.0,0.009238299639967482,0.007520350922018764,0.6871794871794872,0.003315774809663735,975,195,195
2015-10-30,development,LV,long_only,0.0,0.01007403992527937,0.01007403992527937,0.3147208121827411,0.0040818844215156965,985,197,0
2015-10-30,development,LV,long_only,10.0,0.01007403992527937,0.00975931911309663,0.3147208121827411,0.0040818844215156965,985,197,0
2015-10-30,development,LV,long_only,25.0,0.01007403992527937,0.009287237894822518,0.3147208121827411,0.0040818844215156965,985,197,0
2015-10-30,development,LV,long_short,0.0,0.0032933323394953367,0.0032933323394953367,0.6294416243654821,0.0040818844215156965,985,197,197
2015-10-30,development,LV,long_short,10.0,0.0032933323394953367,0.0026638907151298546,0.6294416243654821,0.0040818844215156965,985,197,197
2015-10-30,development,LV,long_short,25.0,0.0032933323394953367,0.0017197282785816313,0.6294416243654821,0.0040818844215156965,985,197,197
2015-10-30,development,MOM,long_only,0.0,0.015209422557346503,0.015209422557346503,0.4717948717948718,0.004172583949645882,976,195,0
2015-10-30,development,MOM,long_only,10.0,0.015209422557346503,0.01473762768555163,0.4717948717948718,0.004172583949645882,976,195,0
2015-10-30,development,MOM,long_only,25.0,0.015209422557346503,0.014029935377859324,0.4717948717948718,0.004172583949645882,976,195,0
2015-10-30,development,MOM,long_short,0.0,0.021553305214581972,0.021553305214581972,0.9333333333333332,0.004172583949645882,976,195,195
2015-10-30,development,MOM,long_short,10.0,0.021553305214581972,0.020619971881248637,0.9333333333333332,0.004172583949645882,976,195,195
2015-10-30,development,MOM,long_short,25.0,0.021553305214581972,0.01921997188124864,0.9333333333333332,0.004172583949645882,976,195,195
2015-10-30,development,QUALITY,long_only,0.0,-0.0013135992798449037,-0.0013135992798449037,0.06153846153846154,0.003313175984366823,976,195,0
2015-10-30,development,QUALITY,long_only,10.0,-0.0013135992798449037,-0.0013751377413833653,0.06153846153846154,0.003313175984366823,976,195,0
2015-10-30,development,QUALITY,long_only,25.0,-0.0013135992798449037,-0.0014674454336910576,0.06153846153846154,0.003313175984366823,976,195,0
2015-10-30,development,QUALITY,long_short,0.0,-0.01593952108247449,-0.01593952108247449,0.11282051282051282,0.003313175984366823,976,195,195
2015-10-30,development,QUALITY,long_short,10.0,-0.01593952108247449,-0.016052341595295002,0.11282051282051282,0.003313175984366823,976,195,195
2015-10-30,development,QUALITY,long_short,25.0,-0.01593952108247449,-0.016221572364525774,0.11282051282051282,0.003313175984366823,976,195,195
2015-10-30,development,SIZE,long_only,0.0,0.019660669711204174,0.019660669711204174,0.32160804020100503,0.003733150458521151,996,199,0
2015-10-30,development,SIZE,long_only,10.0,0.019660669711204174,0.019339061671003167,0.32160804020100503,0.003733150458521151,996,199,0
2015-10-30,development,SIZE,long_only,25.0,0.019660669711204174,0.018856649610701662,0.32160804020100503,0.003733150458521151,996,199,0
2015-10-30,development,SIZE,long_short,0.0,0.01750058707084773,0.01750058707084773,0.3919597989949749,0.003733150458521151,996,199,199
2015-10-30,development,SIZE,long_short,10.0,0.01750058707084773,0.017108627271852753,0.3919597989949749,0.003733150458521151,996,199,199
2015-10-30,development,SIZE,long_short,25.0,0.01750058707084773,0.016520687573360292,0.3919597989949749,0.003733150458521151,996,199,199
2015-10-30,development,VALUE,long_only,0.0,0.013245763898138859,0.013245763898138859,0.1894736842105263,0.003522803727387785,953,190,0
2015-10-30,development,VALUE,long_only,10.0,0.013245763898138859,0.013056290213928333,0.1894736842105263,0.003522803727387785,953,190,0
2015-10-30,development,VALUE,long_only,25.0,0.013245763898138859,0.012772079687612544,0.1894736842105263,0.003522803727387785,953,190,0
2015-10-30,development,VALUE,long_short,0.0,5.270383155164425e-05,5.270383155164425e-05,0.368421052631579,0.003522803727387785,953,190,190
2015-10-30,development,VALUE,long_short,10.0,5.270383155164425e-05,-0.00031571722107993477,0.368421052631579,0.003522803727387785,953,190,190
2015-10-30,development,VALUE,long_short,25.0,5.270383155164425e-05,-0.0008683488000273032,0.368421052631579,0.003522803727387785,953,190,190
2015-11-30,development,COMPOSITE,long_only,0.0,-0.03982488147682658,-0.03982488147682658,0.358974358974359,-0.020889480073286178,973,194,0
2015-11-30,development,COMPOSITE,long_only,10.0,-0.03982488147682658,-0.04018385583580094,0.358974358974359,-0.020889480073286178,973,194,0
2015-11-30,development,COMPOSITE,long_only,25.0,-0.03982488147682658,-0.040722317374262476,0.358974358974359,-0.020889480073286178,973,194,0
2015-11-30,development,COMPOSITE,long_short,0.0,-0.0007762914635630058,-0.0007762914635630058,0.7076923076923076,-0.020889480073286178,973,194,194
2015-11-30,development,COMPOSITE,long_short,10.0,-0.0007762914635630058,-0.0014839837712553134,0.7076923076923076,-0.020889480073286178,973,194,194
2015-11-30,development,COMPOSITE,long_short,25.0,-0.0007762914635630058,-0.002545522232793775,0.7076923076923076,-0.020889480073286178,973,194,194
2015-11-30,development,LV,long_only,0.0,-0.03170698451087084,-0.03170698451087084,0.4365482233502538,-0.019959662686522158,983,196,0
2015-11-30,development,LV,long_only,10.0,-0.03170698451087084,-0.032143532734221096,0.4365482233502538,-0.019959662686522158,983,196,0
2015-11-30,development,LV,long_only,25.0,-0.03170698451087084,-0.03279835506924647,0.4365482233502538,-0.019959662686522158,983,196,0
2015-11-30,development,LV,long_short,0.0,0.015838338875382087,0.015838338875382087,0.883248730964467,-0.019959662686522158,983,196,196
2015-11-30,development,LV,long_short,10.0,0.015838338875382087,0.01495509014441762,0.883248730964467,-0.019959662686522158,983,196,196
2015-11-30,development,LV,long_short,25.0,0.015838338875382087,0.013630217047970919,0.883248730964467,-0.019959662686522158,983,196,196
2015-11-30,development,MOM,long_only,0.0,-0.0320816692644738,-0.0320816692644738,0.45128205128205134,-0.019862784181611,976,195,0
2015-11-30,development,MOM,long_only,10.0,-0.0320816692644738,-0.03253295131575585,0.45128205128205134,-0.019862784181611,976,195,0
2015-11-30,development,MOM,long_only,25.0,-0.0320816692644738,-0.033209874392678924,0.45128205128205134,-0.019862784181611,976,195,0
2015-11-30,development,MOM,long_short,0.0,0.016135306745520536,0.016135306745520536,1.046153846153846,-0.019862784181611,976,195,195
2015-11-30,development,MOM,long_short,10.0,0.016135306745520536,0.01508915289936669,1.046153846153846,-0.019862784181611,976,195,195
2015-11-30,development,MOM,long_short,25.0,0.016135306745520536,0.013519922130135921,1.046153846153846,-0.019862784181611,976,195,195
2015-11-30,development,QUALITY,long_only,0.0,-0.023650896794686363,-0.023650896794686363,0.08205128205128204,-0.020885143255949812,974,194,0
2015-11-30,development,QUALITY,long_only,10.0,-0.023650896794686363,-0.023732948076737644,0.08205128205128204,-0.020885143255949812,974,194,0
2015-11-30,development,QUALITY,long_only,25.0,-0.023650896794686363,-0.023856024999814568,0.08205128205128204,-0.020885143255949812,974,194,0
2015-11-30,development,QUALITY,long_short,0.0,0.012347771013792051,0.012347771013792051,0.16410256410256407,-0.020885143255949812,974,194,194
2015-11-30,development,QUALITY,long_short,10.0,0.012347771013792051,0.012183668449689487,0.16410256410256407,-0.020885143255949812,974,194,194
2015-11-30,development,QUALITY,long_short,25.0,0.012347771013792051,0.011937514603535641,0.16410256410256407,-0.020885143255949812,974,194,194
2015-11-30,development,SIZE,long_only,0.0,-0.057679975270389705,-0.057679975270389705,0.32160804020100503,-0.019575679999921054,996,199,0
2015-11-30,development,SIZE,long_only,10.0,-0.057679975270389705,-0.05800158331059071,0.32160804020100503,-0.019575679999921054,996,199,0
2015-11-30,development,SIZE,long_only,25.0,-0.057679975270389705,-0.05848399537089222,0.32160804020100503,-0.019575679999921054,996,199,0
2015-11-30,development,SIZE,long_short,0.0,-0.03702508844597266,-0.03702508844597266,0.4120603015075377,-0.019575679999921054,996,199,199
2015-11-30,development,SIZE,long_short,10.0,-0.03702508844597266,-0.0374371487474802,0.4120603015075377,-0.019575679999921054,996,199,199
2015-11-30,development,SIZE,long_short,25.0,-0.03702508844597266,-0.038055239199741506,0.4120603015075377,-0.019575679999921054,996,199,199
2015-11-30,development,VALUE,long_only,0.0,-0.055924988921592186,-0.055924988921592186,0.23157894736842105,-0.021024103208574153,951,190,0
2015-11-30,development,VALUE,long_only,10.0,-0.055924988921592186,-0.05615656786896061,0.23157894736842105,-0.021024103208574153,951,190,0
2015-11-30,development,VALUE,long_only,25.0,-0.055924988921592186,-0.05650393629001324,0.23157894736842105,-0.021024103208574153,951,190,0
2015-11-30,development,VALUE,long_short,0.0,-0.012503825021215277,-0.012503825021215277,0.4,-0.021024103208574153,951,190,190
2015-11-30,development,VALUE,long_short,10.0,-0.012503825021215277,-0.012903825021215277,0.4,-0.021024103208574153,951,190,190
2015-11-30,development,VALUE,long_short,25.0,-0.012503825021215277,-0.013503825021215277,0.4,-0.021024103208574153,951,190,190
2015-12-31,development,COMPOSITE,long_only,0.0,-0.055783396916859684,-0.055783396916859684,0.3711340206185567,-0.055752157515659026,973,194,0
2015-12-31,development,COMPOSITE,long_only,10.0,-0.055783396916859684,-0.05615453093747824,0.3711340206185567,-0.055752157515659026,973,194,0
2015-12-31,development,COMPOSITE,long_only,25.0,-0.055783396916859684,-0.05671123196840608,0.3711340206185567,-0.055752157515659026,973,194,0
2015-12-31,development,COMPOSITE,long_short,0.0,0.05626539017159348,0.05626539017159348,0.7731958762886597,-0.055752157515659026,973,194,194
2015-12-31,development,COMPOSITE,long_short,10.0,0.05626539017159348,0.055492194295304824,0.7731958762886597,-0.055752157515659026,973,194,194
2015-12-31,development,COMPOSITE,long_short,25.0,0.05626539017159348,0.05433240048087183,0.7731958762886597,-0.055752157515659026,973,194,194
2015-12-31,development,LV,long_only,0.0,-0.04021958331567596,-0.04021958331567596,0.37755102040816324,-0.05489309146539159,980,196,0
2015-12-31,development,LV,long_only,10.0,-0.04021958331567596,-0.040597134336084126,0.37755102040816324,-0.05489309146539159,980,196,0
2015-12-31,development,LV,long_only,25.0,-0.04021958331567596,-0.041163460866696366,0.37755102040816324,-0.05489309146539159,980,196,0
2015-12-31,development,LV,long_short,0.0,0.08031002487989672,0.08031002487989672,0.6938775510204082,-0.05489309146539159,980,196,196
2015-12-31,development,LV,long_short,10.0,0.08031002487989672,0.07961614732887631,0.6938775510204082,-0.05489309146539159,980,196,196
2015-12-31,development,LV,long_short,25.0,0.08031002487989672,0.0785753310023457,0.6938775510204082,-0.05489309146539159,980,196,196
2015-12-31,development,MOM,long_only,0.0,-0.07646958456904784,-0.07646958456904784,0.441025641025641,-0.054790318810420034,976,195,0
2015-12-31,development,MOM,long_only,10.0,-0.07646958456904784,-0.07691061021007349,0.441025641025641,-0.054790318810420034,976,195,0
2015-12-31,development,MOM,long_only,25.0,-0.07646958456904784,-0.07757214867161194,0.441025641025641,-0.054790318810420034,976,195,0
2015-12-31,development,MOM,long_short,0.0,0.01576307727598695,0.01576307727598695,0.9948717948717949,-0.054790318810420034,976,195,195
2015-12-31,development,MOM,long_short,10.0,0.01576307727598695,0.014768205481115154,0.9948717948717949,-0.054790318810420034,976,195,195
2015-12-31,development,MOM,long_short,25.0,0.01576307727598695,0.013275897788807462,0.9948717948717949,-0.054790318810420034,976,195,195
2015-12-31,development,QUALITY,long_only,0.0,-0.06252811532374948,-0.06252811532374948,0.09278350515463918,-0.055752157515659026,973,194,0
2015-12-31,development,QUALITY,long_only,10.0,-0.06252811532374948,-0.06262089882890412,0.09278350515463918,-0.055752157515659026,973,194,0
2015-12-31,development,QUALITY,long_only,25.0,-0.06252811532374948,-0.06276007408663607,0.09278350515463918,-0.055752157515659026,973,194,0
2015-12-31,development,QUALITY,long_short,0.0,0.05086908631402596,0.05086908631402596,0.21649484536082475,-0.055752157515659026,973,194,194
2015-12-31,development,QUALITY,long_short,10.0,0.05086908631402596,0.05065259146866513,0.21649484536082475,-0.055752157515659026,973,194,194
2015-12-31,development,QUALITY,long_short,25.0,0.05086908631402596,0.0503278492006239,0.21649484536082475,-0.055752157515659026,973,194,194
2015-12-31,development,SIZE,long_only,0.0,-0.07871134956712254,-0.07871134956712254,0.27135678391959805,-0.05422711986029344,994,198,0
2015-12-31,development,SIZE,long_only,10.0,-0.07871134956712254,-0.07898270635104214,0.27135678391959805,-0.05422711986029344,994,198,0
2015-12-31,development,SIZE,long_only,25.0,-0.07871134956712254,-0.07938974152692153,0.27135678391959805,-0.05422711986029344,994,198,0
2015-12-31,development,SIZE,long_short,0.0,-0.019803439124245432,-0.019803439124245432,0.341708542713568,-0.05422711986029344,994,198,198
2015-12-31,development,SIZE,long_short,10.0,-0.019803439124245432,-0.020145147666959,0.341708542713568,-0.05422711986029344,994,198,198
2015-12-31,development,SIZE,long_short,25.0,-0.019803439124245432,-0.02065771048102935,0.341708542713568,-0.05422711986029344,994,198,198
2015-12-31,development,VALUE,long_only,0.0,-0.08241783901513237,-0.08241783901513237,0.21052631578947367,-0.056071564474963725,948,189,0
2015-12-31,development,VALUE,long_only,10.0,-0.08241783901513237,-0.08262836533092185,0.21052631578947367,-0.056071564474963725,948,189,0
2015-12-31,development,VALUE,long_only,25.0,-0.08241783901513237,-0.08294415480460605,0.21052631578947367,-0.056071564474963725,948,189,0
2015-12-31,development,VALUE,long_short,0.0,-0.007177615368461065,-0.007177615368461065,0.4421052631578948,-0.056071564474963725,948,189,189
2015-12-31,development,VALUE,long_short,10.0,-0.007177615368461065,-0.007619720631618959,0.4421052631578948,-0.056071564474963725,948,189,189
2015-12-31,development,VALUE,long_short,25.0,-0.007177615368461065,-0.008282878526355801,0.4421052631578948,-0.056071564474963725,948,189,189
2016-01-29,development,COMPOSITE,long_only,0.0,0.00876514461288636,0.00876514461288636,0.35051546391752575,0.00046602964741545216,972,194,0
2016-01-29,development,COMPOSITE,long_only,10.0,0.00876514461288636,0.008414629148968835,0.35051546391752575,0.00046602964741545216,972,194,0
2016-01-29,development,COMPOSITE,long_only,25.0,0.00876514461288636,0.007888855953092546,0.35051546391752575,0.00046602964741545216,972,194,0
2016-01-29,development,COMPOSITE,long_short,0.0,0.0002739345894575071,0.0002739345894575071,0.6597938144329897,0.00046602964741545216,972,194,194
2016-01-29,development,COMPOSITE,long_short,10.0,0.0002739345894575071,-0.0003858592249754826,0.6597938144329897,0.00046602964741545216,972,194,194
2016-01-29,development,COMPOSITE,long_short,25.0,0.0002739345894575071,-0.001375549946624967,0.6597938144329897,0.00046602964741545216,972,194,194
2016-01-29,development,LV,long_only,0.0,0.008833417402512613,0.008833417402512613,0.2551020408163266,-0.0010937792626074248,979,195,0
2016-01-29,development,LV,long_only,10.0,0.008833417402512613,0.008578315361696287,0.2551020408163266,-0.0010937792626074248,979,195,0
2016-01-29,development,LV,long_only,25.0,0.008833417402512613,0.008195662300471796,0.2551020408163266,-0.0010937792626074248,979,195,0
2016-01-29,development,LV,long_short,0.0,0.005835820489517788,0.005835820489517788,0.642857142857143,-0.0010937792626074248,979,195,195
2016-01-29,development,LV,long_short,10.0,0.005835820489517788,0.005192963346660645,0.642857142857143,-0.0010937792626074248,979,195,195
2016-01-29,development,LV,long_short,25.0,0.005835820489517788,0.00422867763237493,0.642857142857143,-0.0010937792626074248,979,195,195
2016-01-29,development,MOM,long_only,0.0,-0.013404659170600542,-0.013404659170600542,0.37948717948717947,-0.0010975921853270544,978,195,0
2016-01-29,development,MOM,long_only,10.0,-0.013404659170600542,-0.013784146350087722,0.37948717948717947,-0.0010975921853270544,978,195,0
2016-01-29,development,MOM,long_only,25.0,-0.013404659170600542,-0.01435337711931849,0.37948717948717947,-0.0010975921853270544,978,195,0
2016-01-29,development,MOM,long_short,0.0,-0.041678988851250195,-0.041678988851250195,0.8923076923076922,-0.0010975921853270544,978,195,195
2016-01-29,development,MOM,long_short,10.0,-0.041678988851250195,-0.04257129654355789,0.8923076923076922,-0.0010975921853270544,978,195,195
2016-01-29,development,MOM,long_short,25.0,-0.041678988851250195,-0.043909758082019426,0.8923076923076922,-0.0010975921853270544,978,195,195
2016-01-29,development,QUALITY,long_only,0.0,0.013688428837235707,0.013688428837235707,0.12371134020618556,0.00046602964741545216,972,194,0
2016-01-29,development,QUALITY,long_only,10.0,0.013688428837235707,0.013564717497029522,0.12371134020618556,0.00046602964741545216,972,194,0
2016-01-29,development,QUALITY,long_only,25.0,0.013688428837235707,0.013379150486720243,0.12371134020618556,0.00046602964741545216,972,194,0
2016-01-29,development,QUALITY,long_short,0.0,-0.004239936664787797,-0.004239936664787797,0.3608247422680413,0.00046602964741545216,972,194,194
2016-01-29,development,QUALITY,long_short,10.0,-0.004239936664787797,-0.004600761407055839,0.3608247422680413,0.00046602964741545216,972,194,194
2016-01-29,development,QUALITY,long_short,25.0,-0.004239936664787797,-0.005141998520457901,0.3608247422680413,0.00046602964741545216,972,194,194
2016-01-29,development,SIZE,long_only,0.0,0.01742179396984924,0.01742179396984924,0.4120603015075378,-0.0010711688900733078,995,199,0
2016-01-29,development,SIZE,long_only,10.0,0.01742179396984924,0.017009733668341704,0.4120603015075378,-0.0010711688900733078,995,199,0
2016-01-29,development,SIZE,long_only,25.0,0.01742179396984924,0.016391643216080394,0.4120603015075378,-0.0010711688900733078,995,199,0
2016-01-29,development,SIZE,long_short,0.0,0.015798422245414542,0.015798422245414542,0.5226130653266333,-0.0010711688900733078,995,199,199
2016-01-29,development,SIZE,long_short,10.0,0.015798422245414542,0.01527580918008791,0.5226130653266333,-0.0010711688900733078,995,199,199
2016-01-29,development,SIZE,long_short,25.0,0.015798422245414542,0.01449188958209796,0.5226130653266333,-0.0010711688900733078,995,199,199
2016-01-29,development,VALUE,long_only,0.0,0.023502277364534748,0.023502277364534748,0.19047619047619047,-9.15101603144149e-05,948,189,0
2016-01-29,development,VALUE,long_only,10.0,0.023502277364534748,0.02331180117405856,0.19047619047619047,-9.15101603144149e-05,948,189,0
2016-01-29,development,VALUE,long_only,25.0,0.023502277364534748,0.02302608688834427,0.19047619047619047,-9.15101603144149e-05,948,189,0
2016-01-29,development,VALUE,long_short,0.0,0.026972093564951515,0.026972093564951515,0.42328042328042326,-9.15101603144149e-05,948,189,189
2016-01-29,development,VALUE,long_short,10.0,0.026972093564951515,0.026548813141671092,0.42328042328042326,-9.15101603144149e-05,948,189,189
2016-01-29,development,VALUE,long_short,25.0,0.026972093564951515,0.02591389250675046,0.42328042328042326,-9.15101603144149e-05,948,189,189
2016-02-29,development,COMPOSITE,long_only,0.0,0.07487001703383432,0.07487001703383432,0.46391752577319584,0.06842739117698982,971,194,0
2016-02-29,development,COMPOSITE,long_only,10.0,0.07487001703383432,0.07440609950806112,0.46391752577319584,0.06842739117698982,971,194,0
2016-02-29,development,COMPOSITE,long_only,25.0,0.07487001703383432,0.07371022321940134,0.46391752577319584,0.06842739117698982,971,194,0
2016-02-29,development,COMPOSITE,long_short,0.0,-0.002152305927175375,-0.002152305927175375,0.865979381443299,0.06842739117698982,971,194,194
2016-02-29,development,COMPOSITE,long_short,10.0,-0.002152305927175375,-0.003018285308618674,0.865979381443299,0.06842739117698982,971,194,194
2016-02-29,development,COMPOSITE,long_short,25.0,-0.002152305927175375,-0.004317254380783623,0.865979381443299,0.06842739117698982,971,194,194
2016-02-29,development,LV,long_only,0.0,0.0712479025621108,0.0712479025621108,0.37948717948717947,0.06842601379128885,979,195,0
2016-02-29,development,LV,long_only,10.0,0.0712479025621108,0.07086841538262363,0.37948717948717947,0.06842601379128885,979,195,0
2016-02-29,development,LV,long_only,25.0,0.0712479025621108,0.07029918461339285,0.37948717948717947,0.06842601379128885,979,195,0
2016-02-29,development,LV,long_short,0.0,-0.008599076861919516,-0.008599076861919516,0.8205128205128205,0.06842601379128885,979,195,195
2016-02-29,development,LV,long_short,10.0,-0.008599076861919516,-0.009419589682432335,0.8205128205128205,0.06842601379128885,979,195,195
2016-02-29,development,LV,long_short,25.0,-0.008599076861919516,-0.010650358913201567,0.8205128205128205,0.06842601379128885,979,195,195
2016-02-29,development,MOM,long_only,0.0,0.056107398873796004,0.056107398873796004,0.4923076923076922,0.06843275422542422,977,195,0
2016-02-29,development,MOM,long_only,10.0,0.056107398873796004,0.05561509118148831,0.4923076923076922,0.06843275422542422,977,195,0
2016-02-29,development,MOM,long_only,25.0,0.056107398873796004,0.054876629643026774,0.4923076923076922,0.06843275422542422,977,195,0
2016-02-29,development,MOM,long_short,0.0,-0.04255283130890862,-0.04255283130890862,0.9538461538461538,0.06843275422542422,977,195,195
2016-02-29,development,MOM,long_short,10.0,-0.04255283130890862,-0.04350667746275477,0.9538461538461538,0.06843275422542422,977,195,195
2016-02-29,development,MOM,long_short,25.0,-0.04255283130890862,-0.04493744669352401,0.9538461538461538,0.06843275422542422,977,195,195
2016-02-29,development,QUALITY,long_only,0.0,0.05951675323995065,0.05951675323995065,0.12371134020618556,0.06842739117698982,971,194,0
2016-02-29,development,QUALITY,long_only,10.0,0.05951675323995065,0.05939304189974446,0.12371134020618556,0.06842739117698982,971,194,0
2016-02-29,development,QUALITY,long_only,25.0,0.05951675323995065,0.05920747488943518,0.12371134020618556,0.06842739117698982,971,194,0
2016-02-29,development,QUALITY,long_short,0.0,-0.008690781960958927,-0.008690781960958927,0.29896907216494845,0.06842739117698982,971,194,194
2016-02-29,development,QUALITY,long_short,10.0,-0.008690781960958927,-0.008989751033123876,0.29896907216494845,0.06842739117698982,971,194,194
2016-02-29,development,QUALITY,long_short,25.0,-0.008690781960958927,-0.009438204641371298,0.29896907216494845,0.06842739117698982,971,194,194
2016-02-29,development,SIZE,long_only,0.0,0.08298052118396813,0.08298052118396813,0.3417085427135679,0.0685208734994701,995,199,0
2016-02-29,development,SIZE,long_only,10.0,0.08298052118396813,0.08263881264125457,0.3417085427135679,0.0685208734994701,995,199,0
2016-02-29,development,SIZE,long_only,25.0,0.08298052118396813,0.08212624982718421,0.3417085427135679,0.0685208734994701,995,199,0
2016-02-29,development,SIZE,long_short,0.0,0.015727522831718438,0.015727522831718438,0.39195979899497485,0.0685208734994701,995,199,199
2016-02-29,development,SIZE,long_short,10.0,0.015727522831718438,0.015335563032723463,0.39195979899497485,0.0685208734994701,995,199,199
2016-02-29,development,SIZE,long_short,25.0,0.015727522831718438,0.014747623334231,0.39195979899497485,0.0685208734994701,995,199,199
2016-02-29,development,VALUE,long_only,0.0,0.09741213917758652,0.09741213917758652,0.19047619047619047,0.0684210263472225,947,189,0
2016-02-29,development,VALUE,long_only,10.0,0.09741213917758652,0.09722166298711034,0.19047619047619047,0.0684210263472225,947,189,0
2016-02-29,development,VALUE,long_only,25.0,0.09741213917758652,0.09693594870139605,0.19047619047619047,0.0684210263472225,947,189,0
2016-02-29,development,VALUE,long_short,0.0,0.029266171449676442,0.029266171449676442,0.4444444444444444,0.0684210263472225,947,189,189
2016-02-29,development,VALUE,long_short,10.0,0.029266171449676442,0.028821727005231997,0.4444444444444444,0.0684210263472225,947,189,189
2016-02-29,development,VALUE,long_short,25.0,0.029266171449676442,0.02815506033856533,0.4444444444444444,0.0684210263472225,947,189,189
2016-03-31,development,COMPOSITE,long_only,0.0,0.0015195697282658872,0.0015195697282658872,0.3814432989690723,0.009631747437274721,969,193,0
2016-03-31,development,COMPOSITE,long_only,10.0,0.0015195697282658872,0.0011381264292968148,0.3814432989690723,0.009631747437274721,969,193,0
2016-03-31,development,COMPOSITE,long_only,25.0,0.0015195697282658872,0.0005659614808432064,0.3814432989690723,0.009631747437274721,969,193,0
2016-03-31,development,COMPOSITE,long_short,0.0,-0.025130468474569227,-0.025130468474569227,0.6907216494845363,0.009631747437274721,969,193,193
2016-03-31,development,COMPOSITE,long_short,10.0,-0.025130468474569227,-0.025821190124053765,0.6907216494845363,0.009631747437274721,969,193,193
2016-03-31,development,COMPOSITE,long_short,25.0,-0.025130468474569227,-0.02685727259828057,0.6907216494845363,0.009631747437274721,969,193,193
2016-03-31,development,LV,long_only,0.0,0.005668605421387212,0.005668605421387212,0.3897435897435897,0.00758931401935811,978,195,0
2016-03-31,development,LV,long_only,10.0,0.005668605421387212,0.005278861831643622,0.3897435897435897,0.00758931401935811,978,195,0
2016-03-31,development,LV,long_only,25.0,0.005668605421387212,0.004694246447028237,0.3897435897435897,0.00758931401935811,978,195,0
2016-03-31,development,LV,long_short,0.0,-0.028955572274716387,-0.028955572274716387,0.7794871794871794,0.00758931401935811,978,195,195
2016-03-31,development,LV,long_short,10.0,-0.028955572274716387,-0.02973505945420357,0.7794871794871794,0.00758931401935811,978,195,195
2016-03-31,development,LV,long_short,25.0,-0.028955572274716387,-0.030904290223434334,0.7794871794871794,0.00758931401935811,978,195,195
2016-03-31,development,MOM,long_only,0.0,0.006348020563645973,0.006348020563645973,0.6461538461538462,0.007594408777487115,976,195,0
2016-03-31,development,MOM,long_only,10.0,0.006348020563645973,0.005701866717492126,0.6461538461538462,0.007594408777487115,976,195,0
2016-03-31,development,MOM,long_only,25.0,0.006348020563645973,0.004732635948261357,0.6461538461538462,0.007594408777487115,976,195,0
2016-03-31,development,MOM,long_short,0.0,-0.03361602918324161,-0.03361602918324161,1.1794871794871795,0.007594408777487115,976,195,195
2016-03-31,development,MOM,long_short,10.0,-0.03361602918324161,-0.03479551636272879,1.1794871794871795,0.007594408777487115,976,195,195
2016-03-31,development,MOM,long_short,25.0,-0.03361602918324161,-0.036564747131959556,1.1794871794871795,0.007594408777487115,976,195,195
2016-03-31,development,QUALITY,long_only,0.0,-0.0028842716437900056,-0.0028842716437900056,0.11340206185567009,0.009640094797995595,970,194,0
2016-03-31,development,QUALITY,long_only,10.0,-0.0028842716437900056,-0.0029976737056456757,0.11340206185567009,0.009640094797995595,970,194,0
2016-03-31,development,QUALITY,long_only,25.0,-0.0028842716437900056,-0.003167776798429181,0.11340206185567009,0.009640094797995595,970,194,0
2016-03-31,development,QUALITY,long_short,0.0,-0.02565209423381294,-0.02565209423381294,0.28865979381443296,0.009640094797995595,970,194,194
2016-03-31,development,QUALITY,long_short,10.0,-0.02565209423381294,-0.025940754027627376,0.28865979381443296,0.009640094797995595,970,194,194
2016-03-31,development,QUALITY,long_short,25.0,-0.02565209423381294,-0.026373743718349024,0.28865979381443296,0.009640094797995595,970,194,194
2016-03-31,development,SIZE,long_only,0.0,0.01396443780288327,0.01396443780288327,0.2814070351758795,0.0075054804929186,994,198,0
2016-03-31,development,SIZE,long_only,10.0,0.01396443780288327,0.013683030767707391,0.2814070351758795,0.0075054804929186,994,198,0
2016-03-31,development,SIZE,long_only,25.0,0.01396443780288327,0.01326092021494357,0.2814070351758795,0.0075054804929186,994,198,0
2016-03-31,development,SIZE,long_short,0.0,0.0011480448222055029,0.0011480448222055029,0.3216080402010052,0.0075054804929186,994,198,198
2016-03-31,development,SIZE,long_short,10.0,0.0011480448222055029,0.0008264367820044977,0.3216080402010052,0.0075054804929186,994,198,198
2016-03-31,development,SIZE,long_short,25.0,0.0011480448222055029,0.00034402472170298986,0.3216080402010052,0.0075054804929186,994,198,198
2016-03-31,development,VALUE,long_only,0.0,0.037541027850557226,0.037541027850557226,0.17989417989417988,0.009770683134439427,945,189,0
2016-03-31,development,VALUE,long_only,10.0,0.037541027850557226,0.037361133670663044,0.17989417989417988,0.009770683134439427,945,189,0
2016-03-31,development,VALUE,long_only,25.0,0.037541027850557226,0.037091292400821776,0.17989417989417988,0.009770683134439427,945,189,0
2016-03-31,development,VALUE,long_short,0.0,0.02081834215668827,0.02081834215668827,0.35978835978835977,0.009770683134439427,945,189,189
2016-03-31,development,VALUE,long_short,10.0,0.02081834215668827,0.02045855379689991,0.35978835978835977,0.009770683134439427,945,189,189
2016-03-31,development,VALUE,long_short,25.0,0.02081834215668827,0.01991887125721737,0.35978835978835977,0.009770683134439427,945,189,189
2016-04-29,development,COMPOSITE,long_only,0.0,0.02266880615693061,0.02266880615693061,0.39175257731958774,0.016986037955928214,971,194,0
2016-04-29,development,COMPOSITE,long_only,10.0,0.02266880615693061,0.022277053579611024,0.39175257731958774,0.016986037955928214,971,194,0
2016-04-29,development,COMPOSITE,long_only,25.0,0.02266880615693061,0.021689424713631642,0.39175257731958774,0.016986037955928214,971,194,0
2016-04-29,development,COMPOSITE,long_short,0.0,0.011124266694515422,0.011124266694515422,0.7422680412371137,0.016986037955928214,971,194,194
2016-04-29,development,COMPOSITE,long_short,10.0,0.011124266694515422,0.010381998653278308,0.7422680412371137,0.016986037955928214,971,194,194
2016-04-29,development,COMPOSITE,long_short,25.0,0.011124266694515422,0.009268596591422637,0.7422680412371137,0.016986037955928214,971,194,194
2016-04-29,development,LV,long_only,0.0,0.01835214787119272,0.01835214787119272,0.3979591836734694,0.018043936776667206,982,196,0
2016-04-29,development,LV,long_only,10.0,0.01835214787119272,0.017954188687519253,0.3979591836734694,0.018043936776667206,982,196,0
2016-04-29,development,LV,long_only,25.0,0.01835214787119272,0.017357249912009046,0.3979591836734694,0.018043936776667206,982,196,0
2016-04-29,development,LV,long_short,0.0,0.013777301212957515,0.013777301212957515,0.7653061224489797,0.018043936776667206,982,196,196
2016-04-29,development,LV,long_short,10.0,0.013777301212957515,0.013011995090508535,0.7653061224489797,0.018043936776667206,982,196,196
2016-04-29,development,LV,long_short,25.0,0.013777301212957515,0.011864035906835066,0.7653061224489797,0.018043936776667206,982,196,196
2016-04-29,development,MOM,long_only,0.0,0.022029937352857694,0.022029937352857694,0.523076923076923,0.018032768386818346,977,195,0
2016-04-29,development,MOM,long_only,10.0,0.022029937352857694,0.02150686042978077,0.523076923076923,0.018032768386818346,977,195,0
2016-04-29,development,MOM,long_only,25.0,0.022029937352857694,0.020722245045165386,0.523076923076923,0.018032768386818346,977,195,0
2016-04-29,development,MOM,long_short,0.0,0.013122279927815292,0.013122279927815292,1.0358974358974358,0.018032768386818346,977,195,195
2016-04-29,development,MOM,long_short,10.0,0.013122279927815292,0.012086382491917857,1.0358974358974358,0.018032768386818346,977,195,195
2016-04-29,development,MOM,long_short,25.0,0.013122279927815292,0.010532536338071703,1.0358974358974358,0.018032768386818346,977,195,195
2016-04-29,development,QUALITY,long_only,0.0,0.024833008835477843,0.024833008835477843,0.09278350515463918,0.01699680550801861,972,194,0
2016-04-29,development,QUALITY,long_only,10.0,0.024833008835477843,0.024740225330323204,0.09278350515463918,0.01699680550801861,972,194,0
2016-04-29,development,QUALITY,long_only,25.0,0.024833008835477843,0.024601050072591245,0.09278350515463918,0.01699680550801861,972,194,0
2016-04-29,development,QUALITY,long_short,0.0,0.009383040179919682,0.009383040179919682,0.20618556701030927,0.01699680550801861,972,194,194
2016-04-29,development,QUALITY,long_short,10.0,0.009383040179919682,0.009176854612909372,0.20618556701030927,0.01699680550801861,972,194,194
2016-04-29,development,QUALITY,long_short,25.0,0.009383040179919682,0.008867576262393909,0.20618556701030927,0.01699680550801861,972,194,194
2016-04-29,development,SIZE,long_only,0.0,0.023431513332757364,0.023431513332757364,0.30150753768844235,0.018426245835565017,995,199,0
2016-04-29,development,SIZE,long_only,10.0,0.023431513332757364,0.023130005795068923,0.30150753768844235,0.018426245835565017,995,199,0
2016-04-29,development,SIZE,long_only,25.0,0.023431513332757364,0.02267774448853626,0.30150753768844235,0.018426245835565017,995,199,0
2016-04-29,development,SIZE,long_short,0.0,0.006139851485405908,0.006139851485405908,0.3819095477386936,0.018426245835565017,995,199,199
2016-04-29,development,SIZE,long_short,10.0,0.006139851485405908,0.005757941937667215,0.3819095477386936,0.018426245835565017,995,199,199
2016-04-29,development,SIZE,long_short,25.0,0.006139851485405908,0.005185077616059174,0.3819095477386936,0.018426245835565017,995,199,199
2016-04-29,development,VALUE,long_only,0.0,0.011739197854203909,0.011739197854203909,0.1693121693121693,0.01717404309825768,947,189,0
2016-04-29,development,VALUE,long_only,10.0,0.011739197854203909,0.011569885684891739,0.1693121693121693,0.01717404309825768,947,189,0
2016-04-29,development,VALUE,long_only,25.0,0.011739197854203909,0.011315917430923486,0.1693121693121693,0.01717404309825768,947,189,0
2016-04-29,development,VALUE,long_short,0.0,-0.004610426217198743,-0.004610426217198743,0.37037037037037035,0.01717404309825768,947,189,189
2016-04-29,development,VALUE,long_short,10.0,-0.004610426217198743,-0.004980796587569114,0.37037037037037035,0.01717404309825768,947,189,189
2016-04-29,development,VALUE,long_short,25.0,-0.004610426217198743,-0.00553635214312467,0.37037037037037035,0.01717404309825768,947,189,189
2016-05-31,development,COMPOSITE,long_only,0.0,0.008645495449046643,0.008645495449046643,0.31958762886597936,0.0011809517115894202,971,194,0
2016-05-31,development,COMPOSITE,long_only,10.0,0.008645495449046643,0.008325907820180663,0.31958762886597936,0.0011809517115894202,971,194,0
2016-05-31,development,COMPOSITE,long_only,25.0,0.008645495449046643,0.007846526376881695,0.31958762886597936,0.0011809517115894202,971,194,0
2016-05-31,development,COMPOSITE,long_short,0.0,0.025469381180388127,0.025469381180388127,0.6185567010309279,0.0011809517115894202,971,194,194
2016-05-31,development,COMPOSITE,long_short,10.0,0.025469381180388127,0.0248508244793572,0.6185567010309279,0.0011809517115894202,971,194,194
2016-05-31,development,COMPOSITE,long_short,25.0,0.025469381180388127,0.023922989427810806,0.6185567010309279,0.0011809517115894202,971,194,194
2016-05-31,development,LV,long_only,0.0,0.017400543023518626,0.017400543023518626,0.29441624365482233,2.1737133016418164e-05,989,197,0
2016-05-31,development,LV,long_only,10.0,0.017400543023518626,0.017106126779863805,0.29441624365482233,2.1737133016418164e-05,989,197,0
2016-05-31,development,LV,long_only,25.0,0.017400543023518626,0.01666450241438157,0.29441624365482233,2.1737133016418164e-05,989,197,0
2016-05-31,development,LV,long_short,0.0,0.042057437239614456,0.042057437239614456,0.5888324873096447,2.1737133016418164e-05,989,197,197
2016-05-31,development,LV,long_short,10.0,0.042057437239614456,0.041468604752304815,0.5888324873096447,2.1737133016418164e-05,989,197,197
2016-05-31,development,LV,long_short,25.0,0.042057437239614456,0.04058535602134034,0.5888324873096447,2.1737133016418164e-05,989,197,197
2016-05-31,development,MOM,long_only,0.0,0.010743283987543782,0.010743283987543782,0.49230769230769234,-0.00021410458323395214,979,195,0
2016-05-31,development,MOM,long_only,10.0,0.010743283987543782,0.01025097629523609,0.49230769230769234,-0.00021410458323395214,979,195,0
2016-05-31,development,MOM,long_only,25.0,0.010743283987543782,0.00951251475677455,0.49230769230769234,-0.00021410458323395214,979,195,0
2016-05-31,development,MOM,long_short,0.0,0.03713297235611998,0.03713297235611998,0.8410256410256409,-0.00021410458323395214,979,195,195
2016-05-31,development,MOM,long_short,10.0,0.03713297235611998,0.03629194671509434,0.8410256410256409,-0.00021410458323395214,979,195,195
2016-05-31,development,MOM,long_short,25.0,0.03713297235611998,0.03503040825355588,0.8410256410256409,-0.00021410458323395214,979,195,195
2016-05-31,development,QUALITY,long_only,0.0,-0.001436336471185933,-0.001436336471185933,0.08247422680412372,0.0011939688762555778,972,194,0
2016-05-31,development,QUALITY,long_only,10.0,-0.001436336471185933,-0.0015188106979900568,0.08247422680412372,0.0011939688762555778,972,194,0
2016-05-31,development,QUALITY,long_only,25.0,-0.001436336471185933,-0.0016425220381962424,0.08247422680412372,0.0011939688762555778,972,194,0
2016-05-31,development,QUALITY,long_short,0.0,0.010744714928821984,0.010744714928821984,0.18556701030927836,0.0011939688762555778,972,194,194
2016-05-31,development,QUALITY,long_short,10.0,0.010744714928821984,0.010559147918512705,0.18556701030927836,0.0011939688762555778,972,194,194
2016-05-31,development,QUALITY,long_short,25.0,0.010744714928821984,0.010280797403048788,0.18556701030927836,0.0011939688762555778,972,194,194
2016-05-31,development,SIZE,long_only,0.0,-0.014059798994974873,-0.014059798994974873,0.3015075376884422,6.879657863247688e-05,996,199,0
2016-05-31,development,SIZE,long_only,10.0,-0.014059798994974873,-0.014361306532663315,0.3015075376884422,6.879657863247688e-05,996,199,0
2016-05-31,development,SIZE,long_only,25.0,-0.014059798994974873,-0.01481356783919598,0.3015075376884422,6.879657863247688e-05,996,199,0
2016-05-31,development,SIZE,long_short,0.0,-0.013718774680439909,-0.013718774680439909,0.36180904522613067,6.879657863247688e-05,996,199,199
2016-05-31,development,SIZE,long_short,10.0,-0.013718774680439909,-0.01408058372566604,0.36180904522613067,6.879657863247688e-05,996,199,199
2016-05-31,development,SIZE,long_short,25.0,-0.013718774680439909,-0.014623297293505236,0.36180904522613067,6.879657863247688e-05,996,199,199
2016-05-31,development,VALUE,long_only,0.0,-0.02374345969780397,-0.02374345969780397,0.14814814814814814,0.0008246848181764107,949,189,0
2016-05-31,development,VALUE,long_only,10.0,-0.02374345969780397,-0.023891607845952116,0.14814814814814814,0.0008246848181764107,949,189,0
2016-05-31,development,VALUE,long_only,25.0,-0.02374345969780397,-0.02411383006817434,0.14814814814814814,0.0008246848181764107,949,189,0
2016-05-31,development,VALUE,long_short,0.0,-0.025381545464421257,-0.025381545464421257,0.37037037037037035,0.0008246848181764107,949,189,189
2016-05-31,development,VALUE,long_short,10.0,-0.025381545464421257,-0.02575191583479163,0.37037037037037035,0.0008246848181764107,949,189,189
2016-05-31,development,VALUE,long_short,25.0,-0.025381545464421257,-0.026307471390347184,0.37037037037037035,0.0008246848181764107,949,189,189
2016-06-30,development,COMPOSITE,long_only,0.0,0.035375601265903917,0.035375601265903917,0.37948717948717947,0.03588283542583336,979,195,0
2016-06-30,development,COMPOSITE,long_only,10.0,0.035375601265903917,0.03499611408641674,0.37948717948717947,0.03588283542583336,979,195,0
2016-06-30,development,COMPOSITE,long_only,25.0,0.035375601265903917,0.03442688331718597,0.37948717948717947,0.03588283542583336,979,195,0
2016-06-30,development,COMPOSITE,long_short,0.0,-0.020616615195169337,-0.020616615195169337,0.7487179487179487,0.03588283542583336,979,195,195
2016-06-30,development,COMPOSITE,long_short,10.0,-0.020616615195169337,-0.021365333143887284,0.7487179487179487,0.03588283542583336,979,195,195
2016-06-30,development,COMPOSITE,long_short,25.0,-0.020616615195169337,-0.02248841006696421,0.7487179487179487,0.03588283542583336,979,195,195
2016-06-30,development,LV,long_only,0.0,0.030510825361618723,0.030510825361618723,0.3045685279187817,0.037707004326925336,987,197,0
2016-06-30,development,LV,long_only,10.0,0.030510825361618723,0.03020625683369994,0.3045685279187817,0.037707004326925336,987,197,0
2016-06-30,development,LV,long_only,25.0,0.030510825361618723,0.02974940404182177,0.3045685279187817,0.037707004326925336,987,197,0
2016-06-30,development,LV,long_short,0.0,-0.044603253798957736,-0.044603253798957736,0.5685279187817258,0.037707004326925336,987,197,197
2016-06-30,development,LV,long_short,10.0,-0.044603253798957736,-0.04517178171773946,0.5685279187817258,0.037707004326925336,987,197,197
2016-06-30,development,LV,long_short,25.0,-0.044603253798957736,-0.04602457359591205,0.5685279187817258,0.037707004326925336,987,197,197
2016-06-30,development,MOM,long_only,0.0,0.03247424037278945,0.03247424037278945,0.520408163265306,0.03809649527619803,980,196,0
2016-06-30,development,MOM,long_only,10.0,0.03247424037278945,0.03195383220952414,0.520408163265306,0.03809649527619803,980,196,0
2016-06-30,development,MOM,long_only,25.0,0.03247424037278945,0.031173219964626183,0.520408163265306,0.03809649527619803,980,196,0
2016-06-30,development,MOM,long_short,0.0,-0.0392416655047528,-0.0392416655047528,1.0204081632653064,0.03809649527619803,980,196,196
2016-06-30,development,MOM,long_short,10.0,-0.0392416655047528,-0.0402620736680181,1.0204081632653064,0.03809649527619803,980,196,196
2016-06-30,development,MOM,long_short,25.0,-0.0392416655047528,-0.041792685912916065,1.0204081632653064,0.03809649527619803,980,196,196
2016-06-30,development,QUALITY,long_only,0.0,0.042667952750977546,0.042667952750977546,0.34693877551020413,0.035852035027455,982,196,0
2016-06-30,development,QUALITY,long_only,10.0,0.042667952750977546,0.04232101397546734,0.34693877551020413,0.035852035027455,982,196,0
2016-06-30,development,QUALITY,long_only,25.0,0.042667952750977546,0.04180060581220203,0.34693877551020413,0.035852035027455,982,196,0
2016-06-30,development,QUALITY,long_short,0.0,-0.007642803355704413,-0.007642803355704413,0.7857142857142857,0.035852035027455,982,196,196
2016-06-30,development,QUALITY,long_short,10.0,-0.007642803355704413,-0.0084285176414187,0.7857142857142857,0.035852035027455,982,196,196
2016-06-30,development,QUALITY,long_short,25.0,-0.007642803355704413,-0.009607089069990127,0.7857142857142857,0.035852035027455,982,196,196
2016-06-30,development,SIZE,long_only,0.0,0.05471947347332806,0.05471947347332806,0.3015075376884422,0.03786204877505059,995,199,0
2016-06-30,development,SIZE,long_only,10.0,0.05471947347332806,0.05441796593563962,0.3015075376884422,0.03786204877505059,995,199,0
2016-06-30,development,SIZE,long_only,25.0,0.05471947347332806,0.05396570462910696,0.3015075376884422,0.03786204877505059,995,199,0
2016-06-30,development,SIZE,long_short,0.0,0.015846274881483192,0.015846274881483192,0.38190954773869346,0.03786204877505059,995,199,199
2016-06-30,development,SIZE,long_short,10.0,0.015846274881483192,0.0154643653337445,0.38190954773869346,0.03786204877505059,995,199,199
2016-06-30,development,SIZE,long_short,25.0,0.015846274881483192,0.014891501012136458,0.38190954773869346,0.03786204877505059,995,199,199
2016-06-30,development,VALUE,long_only,0.0,0.057101427615006646,0.057101427615006646,0.35789473684210527,0.03603342841756782,953,190,0
2016-06-30,development,VALUE,long_only,10.0,0.057101427615006646,0.05674353287816454,0.35789473684210527,0.03603342841756782,953,190,0
2016-06-30,development,VALUE,long_only,25.0,0.057101427615006646,0.056206690772901385,0.35789473684210527,0.03603342841756782,953,190,0
2016-06-30,development,VALUE,long_short,0.0,0.019134899985532076,0.019134899985532076,0.8842105263157894,0.03603342841756782,953,190,190
2016-06-30,development,VALUE,long_short,10.0,0.019134899985532076,0.018250689459216287,0.8842105263157894,0.03603342841756782,953,190,190
2016-06-30,development,VALUE,long_short,25.0,0.019134899985532076,0.0169243736697426,0.8842105263157894,0.03603342841756782,953,190,190
2016-07-29,development,COMPOSITE,long_only,0.0,0.0036859062325768936,0.0036859062325768936,0.3487179487179487,0.004024285805088989,979,195,0
2016-07-29,development,COMPOSITE,long_only,10.0,0.0036859062325768936,0.0033371882838589446,0.3487179487179487,0.004024285805088989,979,195,0
2016-07-29,development,COMPOSITE,long_only,25.0,0.0036859062325768936,0.0028141113607820217,0.3487179487179487,0.004024285805088989,979,195,0
2016-07-29,development,COMPOSITE,long_short,0.0,-0.003991980506889277,-0.003991980506889277,0.6666666666666667,0.004024285805088989,979,195,195
2016-07-29,development,COMPOSITE,long_short,10.0,-0.003991980506889277,-0.004658647173555944,0.6666666666666667,0.004024285805088989,979,195,195
2016-07-29,development,COMPOSITE,long_short,25.0,-0.003991980506889277,-0.005658647173555944,0.6666666666666667,0.004024285805088989,979,195,195
2016-07-29,development,LV,long_only,0.0,0.00781074657644662,0.00781074657644662,0.19289340101522842,0.0037846550452420983,986,197,0
2016-07-29,development,LV,long_only,10.0,0.00781074657644662,0.007617853175431392,0.19289340101522842,0.0037846550452420983,986,197,0
2016-07-29,development,LV,long_only,25.0,0.00781074657644662,0.007328513073908549,0.19289340101522842,0.0037846550452420983,986,197,0
2016-07-29,development,LV,long_short,0.0,-0.0014398557454896425,-0.0014398557454896425,0.43654822335025373,0.0037846550452420983,986,197,197
2016-07-29,development,LV,long_short,10.0,-0.0014398557454896425,-0.0018764039688398963,0.43654822335025373,0.0037846550452420983,986,197,197
2016-07-29,development,LV,long_short,25.0,-0.0014398557454896425,-0.002531226303865277,0.43654822335025373,0.0037846550452420983,986,197,197
2016-07-29,development,MOM,long_only,0.0,-0.002829077491242328,-0.002829077491242328,0.4897959183673469,0.0036014761465431723,981,196,0
2016-07-29,development,MOM,long_only,10.0,-0.002829077491242328,-0.0033188734096096747,0.4897959183673469,0.0036014761465431723,981,196,0
2016-07-29,development,MOM,long_only,25.0,-0.002829077491242328,-0.0040535672871606955,0.4897959183673469,0.0036014761465431723,981,196,0
2016-07-29,development,MOM,long_short,0.0,-0.019155731093732233,-0.019155731093732233,0.9693877551020407,0.0036014761465431723,981,196,196
2016-07-29,development,MOM,long_short,10.0,-0.019155731093732233,-0.020125118848834275,0.9693877551020407,0.0036014761465431723,981,196,196
2016-07-29,development,MOM,long_short,25.0,-0.019155731093732233,-0.021579200481487336,0.9693877551020407,0.0036014761465431723,981,196,196
2016-07-29,development,QUALITY,long_only,0.0,0.004790757888492403,0.004790757888492403,0.10204081632653061,0.003984761308479287,982,196,0
2016-07-29,development,QUALITY,long_only,10.0,0.004790757888492403,0.004688717072165872,0.10204081632653061,0.003984761308479287,982,196,0
2016-07-29,development,QUALITY,long_only,25.0,0.004790757888492403,0.0045356558476760764,0.10204081632653061,0.003984761308479287,982,196,0
2016-07-29,development,QUALITY,long_short,0.0,0.009614366046817653,0.009614366046817653,0.22448979591836732,0.003984761308479287,982,196,196
2016-07-29,development,QUALITY,long_short,10.0,0.009614366046817653,0.009389876250899286,0.22448979591836732,0.003984761308479287,982,196,196
2016-07-29,development,QUALITY,long_short,25.0,0.009614366046817653,0.009053141557021735,0.22448979591836732,0.003984761308479287,982,196,196
2016-07-29,development,SIZE,long_only,0.0,0.007449040201005026,0.007449040201005026,0.271356783919598,0.003821945189070218,995,199,0
2016-07-29,development,SIZE,long_only,10.0,0.007449040201005026,0.007177683417085428,0.271356783919598,0.003821945189070218,995,199,0
2016-07-29,development,SIZE,long_only,25.0,0.007449040201005026,0.006770648241206031,0.271356783919598,0.003821945189070218,995,199,0
2016-07-29,development,SIZE,long_short,0.0,0.002613373567899936,0.002613373567899936,0.3316582914572864,0.003821945189070218,995,199,199
2016-07-29,development,SIZE,long_short,10.0,0.002613373567899936,0.0022817152764426493,0.3316582914572864,0.003821945189070218,995,199,199
2016-07-29,development,SIZE,long_short,25.0,0.002613373567899936,0.0017842278392567197,0.3316582914572864,0.003821945189070218,995,199,199
2016-07-29,development,VALUE,long_only,0.0,0.015377387975539428,0.015377387975539428,0.1368421052631579,0.0042043411687795315,952,190,0
2016-07-29,development,VALUE,long_only,10.0,0.015377387975539428,0.01524054587027627,0.1368421052631579,0.0042043411687795315,952,190,0
2016-07-29,development,VALUE,long_only,25.0,0.015377387975539428,0.015035282712381533,0.1368421052631579,0.0042043411687795315,952,190,0
2016-07-29,development,VALUE,long_short,0.0,0.007582251804598377,0.007582251804598377,0.33684210526315794,0.0042043411687795315,952,190,190
2016-07-29,development,VALUE,long_short,10.0,0.007582251804598377,0.0072454096993352195,0.33684210526315794,0.0042043411687795315,952,190,190
2016-07-29,development,VALUE,long_short,25.0,0.007582251804598377,0.0067401465414404825,0.33684210526315794,0.0042043411687795315,952,190,190
2016-08-31,development,COMPOSITE,long_only,0.0,0.00032922513195008177,0.00032922513195008177,0.3589743589743589,0.0012232597349865174,974,194,0
2016-08-31,development,COMPOSITE,long_only,10.0,0.00032922513195008177,-2.9749227024277174e-05,0.3589743589743589,0.0012232597349865174,974,194,0
2016-08-31,development,COMPOSITE,long_only,25.0,0.00032922513195008177,-0.0005682107654858156,0.3589743589743589,0.0012232597349865174,974,194,0
2016-08-31,development,COMPOSITE,long_short,0.0,-0.019351928526820626,-0.019351928526820626,0.7589743589743589,0.0012232597349865174,974,194,194
2016-08-31,development,COMPOSITE,long_short,10.0,-0.019351928526820626,-0.020110902885794986,0.7589743589743589,0.0012232597349865174,974,194,194
2016-08-31,development,COMPOSITE,long_short,25.0,-0.019351928526820626,-0.021249364424256525,0.7589743589743589,0.0012232597349865174,974,194,194
2016-08-31,development,LV,long_only,0.0,-0.005475371540823705,-0.005475371540823705,0.2639593908629442,0.0016177836103796266,983,196,0
2016-08-31,development,LV,long_only,10.0,-0.005475371540823705,-0.005739330931686649,0.2639593908629442,0.0016177836103796266,983,196,0
2016-08-31,development,LV,long_only,25.0,-0.005475371540823705,-0.006135270017981065,0.2639593908629442,0.0016177836103796266,983,196,0
2016-08-31,development,LV,long_short,0.0,-0.027954122137659507,-0.027954122137659507,0.5786802030456853,0.0016177836103796266,983,196,196
2016-08-31,development,LV,long_short,10.0,-0.027954122137659507,-0.028532802340705193,0.5786802030456853,0.0016177836103796266,983,196,196
2016-08-31,development,LV,long_short,25.0,-0.027954122137659507,-0.02940082264527372,0.5786802030456853,0.0016177836103796266,983,196,196
2016-08-31,development,MOM,long_only,0.0,0.007034492116047883,0.007034492116047883,0.6020408163265305,0.001646153502930895,980,196,0
2016-08-31,development,MOM,long_only,10.0,0.007034492116047883,0.006432451299721352,0.6020408163265305,0.001646153502930895,980,196,0
2016-08-31,development,MOM,long_only,25.0,0.007034492116047883,0.005529390075231557,0.6020408163265305,0.001646153502930895,980,196,0
2016-08-31,development,MOM,long_short,0.0,-0.005641074559511397,-0.005641074559511397,1.0918367346938775,0.001646153502930895,980,196,196
2016-08-31,development,MOM,long_short,10.0,-0.005641074559511397,-0.006732911294205274,1.0918367346938775,0.001646153502930895,980,196,196
2016-08-31,development,MOM,long_short,25.0,-0.005641074559511397,-0.00837066639624609,1.0918367346938775,0.001646153502930895,980,196,196
2016-08-31,development,QUALITY,long_only,0.0,-0.006078365666088086,-0.006078365666088086,0.15306122448979598,0.0012318182021773478,975,195,0
2016-08-31,development,QUALITY,long_only,10.0,-0.006078365666088086,-0.006231426890577882,0.15306122448979598,0.0012318182021773478,975,195,0
2016-08-31,development,QUALITY,long_only,25.0,-0.006078365666088086,-0.006461018727312576,0.15306122448979598,0.0012318182021773478,975,195,0
2016-08-31,development,QUALITY,long_short,0.0,-0.023009886010210194,-0.023009886010210194,0.30612244897959195,0.0012318182021773478,975,195,195
2016-08-31,development,QUALITY,long_short,10.0,-0.023009886010210194,-0.023316008459189786,0.30612244897959195,0.0012318182021773478,975,195,195
2016-08-31,development,QUALITY,long_short,25.0,-0.023009886010210194,-0.023775192132659172,0.30612244897959195,0.0012318182021773478,975,195,195
2016-08-31,development,SIZE,long_only,0.0,0.012257721802613225,0.012257721802613225,0.3015075376884423,0.0016469038856627032,991,198,0
2016-08-31,development,SIZE,long_only,10.0,0.012257721802613225,0.011956214264924783,0.3015075376884423,0.0016469038856627032,991,198,0
2016-08-31,development,SIZE,long_only,25.0,0.012257721802613225,0.011503952958392119,0.3015075376884423,0.0016469038856627032,991,198,0
2016-08-31,development,SIZE,long_short,0.0,0.010250110238595483,0.010250110238595483,0.36180904522613083,0.0016469038856627032,991,198,198
2016-08-31,development,SIZE,long_short,10.0,0.010250110238595483,0.009888301193369352,0.36180904522613083,0.0016469038856627032,991,198,198
2016-08-31,development,SIZE,long_short,25.0,0.010250110238595483,0.009345587625530156,0.36180904522613083,0.0016469038856627032,991,198,198
2016-08-31,development,VALUE,long_only,0.0,0.013505801465948482,0.013505801465948482,0.1473684210526316,0.001500624070482842,943,188,0
2016-08-31,development,VALUE,long_only,10.0,0.013505801465948482,0.01335843304489585,0.1473684210526316,0.001500624070482842,943,188,0
2016-08-31,development,VALUE,long_only,25.0,0.013505801465948482,0.013137380413316904,0.1473684210526316,0.001500624070482842,943,188,0
2016-08-31,development,VALUE,long_short,0.0,0.008883985911287978,0.008883985911287978,0.3894736842105263,0.001500624070482842,943,188,188
2016-08-31,development,VALUE,long_short,10.0,0.008883985911287978,0.008494512227077452,0.3894736842105263,0.001500624070482842,943,188,188
2016-08-31,development,VALUE,long_short,25.0,0.008883985911287978,0.007910301700761662,0.3894736842105263,0.001500624070482842,943,188,188
2016-09-30,development,COMPOSITE,long_only,0.0,-0.027875654559262854,-0.027875654559262854,0.29743589743589743,-0.018111098221520436,979,195,0
2016-09-30,development,COMPOSITE,long_only,10.0,-0.027875654559262854,-0.028173090456698753,0.29743589743589743,-0.018111098221520436,979,195,0
2016-09-30,development,COMPOSITE,long_only,25.0,-0.027875654559262854,-0.0286192443028526,0.29743589743589743,-0.018111098221520436,979,195,0
2016-09-30,development,COMPOSITE,long_short,0.0,0.014851594739092058,0.014851594739092058,0.6564102564102564,-0.018111098221520436,979,195,195
2016-09-30,development,COMPOSITE,long_short,10.0,0.014851594739092058,0.0141951844826818,0.6564102564102564,-0.018111098221520436,979,195,195
2016-09-30,development,COMPOSITE,long_short,25.0,0.014851594739092058,0.013210569098066416,0.6564102564102564,-0.018111098221520436,979,195,195
2016-09-30,development,LV,long_only,0.0,-0.027005570141604616,-0.027005570141604616,0.31313131313131304,-0.017633072924307054,990,198,0
2016-09-30,development,LV,long_only,10.0,-0.027005570141604616,-0.02731870145473593,0.31313131313131304,-0.017633072924307054,990,198,0
2016-09-30,development,LV,long_only,25.0,-0.027005570141604616,-0.027788398424432897,0.31313131313131304,-0.017633072924307054,990,198,0
2016-09-30,development,LV,long_short,0.0,0.03224059312548053,0.03224059312548053,0.5757575757575755,-0.017633072924307054,990,198,198
2016-09-30,development,LV,long_short,10.0,0.03224059312548053,0.03166483554972295,0.5757575757575755,-0.017633072924307054,990,198,198
2016-09-30,development,LV,long_short,25.0,0.03224059312548053,0.03080119918608659,0.5757575757575755,-0.017633072924307054,990,198,198
2016-09-30,development,MOM,long_only,0.0,-0.03710095496315496,-0.03710095496315496,0.49999999999999994,-0.017638307731538835,984,196,0
2016-09-30,development,MOM,long_only,10.0,-0.03710095496315496,-0.03760095496315496,0.49999999999999994,-0.017638307731538835,984,196,0
2016-09-30,development,MOM,long_only,25.0,-0.03710095496315496,-0.03835095496315496,0.49999999999999994,-0.017638307731538835,984,196,0
2016-09-30,development,MOM,long_short,0.0,0.003566302901586481,0.003566302901586481,0.9591836734693876,-0.017638307731538835,984,196,196
2016-09-30,development,MOM,long_short,10.0,0.003566302901586481,0.0026071192281170935,0.9591836734693876,-0.017638307731538835,984,196,196
2016-09-30,development,MOM,long_short,25.0,0.003566302901586481,0.001168343717913012,0.9591836734693876,-0.017638307731538835,984,196,196
2016-09-30,development,QUALITY,long_only,0.0,-0.0393369544711908,-0.0393369544711908,0.153061224489796,-0.018135683609549084,980,196,0
2016-09-30,development,QUALITY,long_only,10.0,-0.0393369544711908,-0.0394900156956806,0.153061224489796,-0.018135683609549084,980,196,0
2016-09-30,development,QUALITY,long_only,25.0,-0.0393369544711908,-0.03971960753241529,0.153061224489796,-0.018135683609549084,980,196,0
2016-09-30,development,QUALITY,long_short,0.0,0.013105402817669923,0.013105402817669923,0.2653061224489798,-0.018135683609549084,980,196,196
2016-09-30,development,QUALITY,long_short,10.0,0.013105402817669923,0.012840096695220944,0.2653061224489798,-0.018135683609549084,980,196,196
2016-09-30,development,QUALITY,long_short,25.0,0.013105402817669923,0.012442137511547473,0.2653061224489798,-0.018135683609549084,980,196,196
2016-09-30,development,SIZE,long_only,0.0,-0.03856524407762098,-0.03856524407762098,0.2512562814070352,-0.017728965667149193,997,199,0
2016-09-30,development,SIZE,long_only,10.0,-0.03856524407762098,-0.03881650035902801,0.2512562814070352,-0.017728965667149193,997,199,0
2016-09-30,development,SIZE,long_only,25.0,-0.03856524407762098,-0.03919338478113857,0.2512562814070352,-0.017728965667149193,997,199,0
2016-09-30,development,SIZE,long_short,0.0,-0.018444686273122977,-0.018444686273122977,0.30150753768844235,-0.017728965667149193,997,199,199
2016-09-30,development,SIZE,long_short,10.0,-0.018444686273122977,-0.01874619381081142,0.30150753768844235,-0.017728965667149193,997,199,199
2016-09-30,development,SIZE,long_short,25.0,-0.018444686273122977,-0.019198455117344082,0.30150753768844235,-0.017728965667149193,997,199,199
2016-09-30,development,VALUE,long_only,0.0,-0.021830320841567497,-0.021830320841567497,0.10582010582010586,-0.018083583876346808,947,189,0
2016-09-30,development,VALUE,long_only,10.0,-0.021830320841567497,-0.021936140947387602,0.10582010582010586,-0.018083583876346808,947,189,0
2016-09-30,development,VALUE,long_only,25.0,-0.021830320841567497,-0.022094871106117762,0.10582010582010586,-0.018083583876346808,947,189,0
2016-09-30,development,VALUE,long_short,0.0,0.01690788312192024,0.01690788312192024,0.26455026455026465,-0.018083583876346808,947,189,189
2016-09-30,development,VALUE,long_short,10.0,0.01690788312192024,0.016643332857369974,0.26455026455026465,-0.018083583876346808,947,189,189
2016-09-30,development,VALUE,long_short,25.0,0.01690788312192024,0.01624650746054458,0.26455026455026465,-0.018083583876346808,947,189,189
2016-10-31,development,COMPOSITE,long_only,0.0,0.08102145170818628,0.08102145170818628,0.441025641025641,0.04646546482694991,979,195,0
2016-10-31,development,COMPOSITE,long_only,10.0,0.08102145170818628,0.08058042606716063,0.441025641025641,0.04646546482694991,979,195,0
2016-10-31,development,COMPOSITE,long_only,25.0,0.08102145170818628,0.07991888760562219,0.441025641025641,0.04646546482694991,979,195,0
2016-10-31,development,COMPOSITE,long_short,0.0,0.002535255044949003,0.002535255044949003,0.8102564102564103,0.04646546482694991,979,195,195
2016-10-31,development,COMPOSITE,long_short,10.0,0.002535255044949003,0.0017249986346925927,0.8102564102564103,0.04646546482694991,979,195,195
2016-10-31,development,COMPOSITE,long_short,25.0,0.002535255044949003,0.0005096140193079773,0.8102564102564103,0.04646546482694991,979,195,195
2016-10-31,development,LV,long_only,0.0,0.05449760140474719,0.05449760140474719,0.22222222222222213,0.04444178098894938,988,197,0
2016-10-31,development,LV,long_only,10.0,0.05449760140474719,0.054275379182524966,0.22222222222222213,0.04444178098894938,988,197,0
2016-10-31,development,LV,long_only,25.0,0.05449760140474719,0.053942045849191635,0.22222222222222213,0.04444178098894938,988,197,0
2016-10-31,development,LV,long_short,0.0,-0.05571607612888217,-0.05571607612888217,0.49494949494949486,0.04444178098894938,988,197,197
2016-10-31,development,LV,long_short,10.0,-0.05571607612888217,-0.056211025623831665,0.49494949494949486,0.04444178098894938,988,197,197
2016-10-31,development,LV,long_short,25.0,-0.05571607612888217,-0.05695344986625591,0.49494949494949486,0.04444178098894938,988,197,197
2016-10-31,development,MOM,long_only,0.0,0.0764792572828578,0.0764792572828578,0.6326530612244898,0.044463255403459676,982,196,0
2016-10-31,development,MOM,long_only,10.0,0.0764792572828578,0.07584660422163331,0.6326530612244898,0.044463255403459676,982,196,0
2016-10-31,development,MOM,long_only,25.0,0.0764792572828578,0.07489762462979657,0.6326530612244898,0.044463255403459676,982,196,0
2016-10-31,development,MOM,long_short,0.0,0.0011135183874559276,0.0011135183874559276,1.2346938775510203,0.044463255403459676,982,196,196
2016-10-31,development,MOM,long_short,10.0,0.0011135183874559276,-0.00012117549009509282,1.2346938775510203,0.044463255403459676,982,196,196
2016-10-31,development,MOM,long_short,25.0,0.0011135183874559276,-0.0019732163064216236,1.2346938775510203,0.044463255403459676,982,196,196
2016-10-31,development,QUALITY,long_only,0.0,0.05289522023889771,0.05289522023889771,0.15306122448979598,0.04646546482694991,979,195,0
2016-10-31,development,QUALITY,long_only,10.0,0.05289522023889771,0.05274215901440791,0.15306122448979598,0.04646546482694991,979,195,0
2016-10-31,development,QUALITY,long_only,25.0,0.05289522023889771,0.05251256717767322,0.15306122448979598,0.04646546482694991,979,195,0
2016-10-31,development,QUALITY,long_short,0.0,-0.031565144413166796,-0.031565144413166796,0.2755102040816328,0.04646546482694991,979,195,195
2016-10-31,development,QUALITY,long_short,10.0,-0.031565144413166796,-0.03184065461724843,0.2755102040816328,0.04646546482694991,979,195,195
2016-10-31,development,QUALITY,long_short,25.0,-0.031565144413166796,-0.03225391992337088,0.2755102040816328,0.04646546482694991,979,195,195
2016-10-31,development,SIZE,long_only,0.0,0.09405849537448441,0.09405849537448441,0.2814070351758794,0.04444034455207158,996,199,0
2016-10-31,development,SIZE,long_only,10.0,0.09405849537448441,0.09377708833930853,0.2814070351758794,0.04444034455207158,996,199,0
2016-10-31,development,SIZE,long_only,25.0,0.09405849537448441,0.09335497778654471,0.2814070351758794,0.04444034455207158,996,199,0
2016-10-31,development,SIZE,long_short,0.0,0.03898199755110372,0.03898199755110372,0.36180904522613067,0.04444034455207158,996,199,199
2016-10-31,development,SIZE,long_short,10.0,0.03898199755110372,0.03862018850587759,0.36180904522613067,0.04444034455207158,996,199,199
2016-10-31,development,SIZE,long_short,25.0,0.03898199755110372,0.0380774749380384,0.36180904522613067,0.04444034455207158,996,199,199
2016-10-31,development,VALUE,long_only,0.0,0.11358656657722922,0.11358656657722922,0.15873015873015872,0.0480903783086066,947,189,0
2016-10-31,development,VALUE,long_only,10.0,0.11358656657722922,0.11342783641849906,0.15873015873015872,0.0480903783086066,947,189,0
2016-10-31,development,VALUE,long_only,25.0,0.11358656657722922,0.11318974118040383,0.15873015873015872,0.0480903783086066,947,189,0
2016-10-31,development,VALUE,long_short,0.0,0.03836693763388377,0.03836693763388377,0.37037037037037035,0.0480903783086066,947,189,189
2016-10-31,development,VALUE,long_short,10.0,0.03836693763388377,0.0379965672635134,0.37037037037037035,0.0480903783086066,947,189,189
2016-10-31,development,VALUE,long_short,25.0,0.03836693763388377,0.03744101170795784,0.37037037037037035,0.0480903783086066,947,189,189
2016-11-30,development,COMPOSITE,long_only,0.0,0.013458019065372136,0.013458019065372136,0.37948717948717947,0.018072480577829512,974,194,0
2016-11-30,development,COMPOSITE,long_only,10.0,0.013458019065372136,0.013078531885884957,0.37948717948717947,0.018072480577829512,974,194,0
2016-11-30,development,COMPOSITE,long_only,25.0,0.013458019065372136,0.012509301116654187,0.37948717948717947,0.018072480577829512,974,194,0
2016-11-30,development,COMPOSITE,long_short,0.0,0.015632586108873314,0.015632586108873314,0.6256410256410255,0.018072480577829512,974,194,194
2016-11-30,development,COMPOSITE,long_short,10.0,0.015632586108873314,0.015006945083232288,0.6256410256410255,0.018072480577829512,974,194,194
2016-11-30,development,COMPOSITE,long_short,25.0,0.015632586108873314,0.014068483544770749,0.6256410256410255,0.018072480577829512,974,194,194
2016-11-30,development,LV,long_only,0.0,0.010509281569872329,0.010509281569872329,0.31472081218274106,0.01794127638222345,984,196,0
2016-11-30,development,LV,long_only,10.0,0.010509281569872329,0.010194560757689588,0.31472081218274106,0.01794127638222345,984,196,0
2016-11-30,development,LV,long_only,25.0,0.010509281569872329,0.009722479539415477,0.31472081218274106,0.01794127638222345,984,196,0
2016-11-30,development,LV,long_short,0.0,0.017946779075344282,0.017946779075344282,0.6598984771573605,0.01794127638222345,984,196,196
2016-11-30,development,LV,long_short,10.0,0.017946779075344282,0.01728688059818692,0.6598984771573605,0.01794127638222345,984,196,196
2016-11-30,development,LV,long_short,25.0,0.017946779075344282,0.016297032882450883,0.6598984771573605,0.01794127638222345,984,196,196
2016-11-30,development,MOM,long_only,0.0,0.00374220221993859,0.00374220221993859,0.5714285714285714,0.01800482981634217,981,196,0
2016-11-30,development,MOM,long_only,10.0,0.00374220221993859,0.0031707736485100187,0.5714285714285714,0.01800482981634217,981,196,0
2016-11-30,development,MOM,long_only,25.0,0.00374220221993859,0.0023136307913671616,0.5714285714285714,0.01800482981634217,981,196,0
2016-11-30,development,MOM,long_short,0.0,0.00040055102519449826,0.00040055102519449826,1.1122448979591835,0.01800482981634217,981,196,196
2016-11-30,development,MOM,long_short,10.0,0.00040055102519449826,-0.0007116938727646852,1.1122448979591835,0.01800482981634217,981,196,196
2016-11-30,development,MOM,long_short,25.0,0.00040055102519449826,-0.0023800612197034604,1.1122448979591835,0.01800482981634217,981,196,196
2016-11-30,development,QUALITY,long_only,0.0,0.004001027234098739,0.004001027234098739,0.1128205128205128,0.018072480577829512,974,194,0
2016-11-30,development,QUALITY,long_only,10.0,0.004001027234098739,0.0038882067212782268,0.1128205128205128,0.018072480577829512,974,194,0
2016-11-30,development,QUALITY,long_only,25.0,0.004001027234098739,0.0037189759520474576,0.1128205128205128,0.018072480577829512,974,194,0
2016-11-30,development,QUALITY,long_short,0.0,0.009341410099242678,0.009341410099242678,0.28717948717948716,0.018072480577829512,974,194,194
2016-11-30,development,QUALITY,long_short,10.0,0.009341410099242678,0.00905423061206319,0.28717948717948716,0.018072480577829512,974,194,194
2016-11-30,development,QUALITY,long_short,25.0,0.009341410099242678,0.00862346138129396,0.28717948717948716,0.018072480577829512,974,194,194
2016-11-30,development,SIZE,long_only,0.0,0.017727253458492305,0.017727253458492305,0.38190954773869346,0.017989855888561036,995,199,0
2016-11-30,development,SIZE,long_only,10.0,0.017727253458492305,0.01734534391075361,0.38190954773869346,0.017989855888561036,995,199,0
2016-11-30,development,SIZE,long_only,25.0,0.017727253458492305,0.016772479589145572,0.38190954773869346,0.017989855888561036,995,199,0
2016-11-30,development,SIZE,long_short,0.0,0.004270558246911841,0.004270558246911841,0.4623115577889447,0.017989855888561036,995,199,199
2016-11-30,development,SIZE,long_short,10.0,0.004270558246911841,0.003808246689122896,0.4623115577889447,0.017989855888561036,995,199,199
2016-11-30,development,SIZE,long_short,25.0,0.004270558246911841,0.0031147793524394785,0.4623115577889447,0.017989855888561036,995,199,199
2016-11-30,development,VALUE,long_only,0.0,0.01509451136660725,0.01509451136660725,0.2857142857142858,0.018195519003600204,940,188,0
2016-11-30,development,VALUE,long_only,10.0,0.01509451136660725,0.014808797080892964,0.2857142857142858,0.018195519003600204,940,188,0
2016-11-30,development,VALUE,long_only,25.0,0.01509451136660725,0.014380225652321535,0.2857142857142858,0.018195519003600204,940,188,0
2016-11-30,development,VALUE,long_short,0.0,0.0035532985339265266,0.0035532985339265266,0.49735449735449755,0.018195519003600204,940,188,188
2016-11-30,development,VALUE,long_short,10.0,0.0035532985339265266,0.003055944036572029,0.49735449735449755,0.018195519003600204,940,188,188
2016-11-30,development,VALUE,long_short,25.0,0.0035532985339265266,0.0023099122905402827,0.49735449735449755,0.018195519003600204,940,188,188
2016-12-30,development,COMPOSITE,long_only,0.0,0.020887740128192507,0.020887740128192507,0.4329896907216495,0.020472903929488688,973,194,0
2016-12-30,development,COMPOSITE,long_only,10.0,0.020887740128192507,0.02045475043747086,0.4329896907216495,0.020472903929488688,973,194,0
2016-12-30,development,COMPOSITE,long_only,25.0,0.020887740128192507,0.019805265901388383,0.4329896907216495,0.020472903929488688,973,194,0
2016-12-30,development,COMPOSITE,long_short,0.0,-0.012872843740340145,-0.012872843740340145,0.7835051546391752,0.020472903929488688,973,194,194
2016-12-30,development,COMPOSITE,long_short,10.0,-0.012872843740340145,-0.01365634889497932,0.7835051546391752,0.020472903929488688,973,194,194
2016-12-30,development,COMPOSITE,long_short,25.0,-0.012872843740340145,-0.014831606626938084,0.7835051546391752,0.020472903929488688,973,194,194
2016-12-30,development,LV,long_only,0.0,0.014714356873628251,0.014714356873628251,0.37755102040816324,0.020557361684096647,981,196,0
2016-12-30,development,LV,long_only,10.0,0.014714356873628251,0.014336805853220088,0.37755102040816324,0.020557361684096647,981,196,0
2016-12-30,development,LV,long_only,25.0,0.014714356873628251,0.013770479322607842,0.37755102040816324,0.020557361684096647,981,196,0
2016-12-30,development,LV,long_short,0.0,-0.018338159752122517,-0.018338159752122517,0.6938775510204082,0.020557361684096647,981,196,196
2016-12-30,development,LV,long_short,10.0,-0.018338159752122517,-0.019032037303142926,0.6938775510204082,0.020557361684096647,981,196,196
2016-12-30,development,LV,long_short,25.0,-0.018338159752122517,-0.020072853629673537,0.6938775510204082,0.020557361684096647,981,196,196
2016-12-30,development,MOM,long_only,0.0,0.027148063083056645,0.027148063083056645,0.5816326530612246,0.020555334630936666,980,196,0
2016-12-30,development,MOM,long_only,10.0,0.027148063083056645,0.02656643042999542,0.5816326530612246,0.020555334630936666,980,196,0
2016-12-30,development,MOM,long_only,25.0,0.027148063083056645,0.025693981450403584,0.5816326530612246,0.020555334630936666,980,196,0
2016-12-30,development,MOM,long_short,0.0,-0.00407522543078093,-0.00407522543078093,1.1428571428571428,0.020555334630936666,980,196,196
2016-12-30,development,MOM,long_short,10.0,-0.00407522543078093,-0.0052180825736380726,1.1428571428571428,0.020555334630936666,980,196,196
2016-12-30,development,MOM,long_short,25.0,-0.00407522543078093,-0.006932368287923787,1.1428571428571428,0.020555334630936666,980,196,196
2016-12-30,development,QUALITY,long_only,0.0,0.018945125318991195,0.018945125318991195,0.18556701030927836,0.020472903929488688,973,194,0
2016-12-30,development,QUALITY,long_only,10.0,0.018945125318991195,0.018759558308681916,0.18556701030927836,0.020472903929488688,973,194,0
2016-12-30,development,QUALITY,long_only,25.0,0.018945125318991195,0.018481207793217998,0.18556701030927836,0.020472903929488688,973,194,0
2016-12-30,development,QUALITY,long_short,0.0,-0.017332228732142123,-0.017332228732142123,0.422680412371134,0.020472903929488688,973,194,194
2016-12-30,development,QUALITY,long_short,10.0,-0.017332228732142123,-0.01775490914451326,0.422680412371134,0.020472903929488688,973,194,194
2016-12-30,development,QUALITY,long_short,25.0,-0.017332228732142123,-0.01838892976306996,0.422680412371134,0.020472903929488688,973,194,194
2016-12-30,development,SIZE,long_only,0.0,0.014755848484848481,0.014755848484848481,0.3015075376884423,0.020645412908107803,994,198,0
2016-12-30,development,SIZE,long_only,10.0,0.014755848484848481,0.01445434094716004,0.3015075376884423,0.020645412908107803,994,198,0
2016-12-30,development,SIZE,long_only,25.0,0.014755848484848481,0.014002079640627375,0.3015075376884423,0.020645412908107803,994,198,0
2016-12-30,development,SIZE,long_short,0.0,-0.007437436569312054,-0.007437436569312054,0.42211055276381926,0.020645412908107803,994,198,198
2016-12-30,development,SIZE,long_short,10.0,-0.007437436569312054,-0.007859547122075873,0.42211055276381926,0.020645412908107803,994,198,198
2016-12-30,development,SIZE,long_short,25.0,-0.007437436569312054,-0.008492712951221601,0.42211055276381926,0.020645412908107803,994,198,198
2016-12-30,development,VALUE,long_only,0.0,0.018407582898241206,0.018407582898241206,0.1702127659574468,0.020495780124850004,941,188,0
2016-12-30,development,VALUE,long_only,10.0,0.018407582898241206,0.01823737013228376,0.1702127659574468,0.020495780124850004,941,188,0
2016-12-30,development,VALUE,long_only,25.0,0.018407582898241206,0.01798205098334759,0.1702127659574468,0.020495780124850004,941,188,0
2016-12-30,development,VALUE,long_short,0.0,-0.0017380207945005867,-0.0017380207945005867,0.32978723404255317,0.020495780124850004,941,188,188
2016-12-30,development,VALUE,long_short,10.0,-0.0017380207945005867,-0.00206780802854314,0.32978723404255317,0.020495780124850004,941,188,188
2016-12-30,development,VALUE,long_short,25.0,-0.0017380207945005867,-0.0025624888796069696,0.32978723404255317,0.020495780124850004,941,188,188
2017-01-31,development,COMPOSITE,long_only,0.0,0.023423900815450753,0.023423900815450753,0.4639175257731959,0.03771291962096,973,194,0
2017-01-31,development,COMPOSITE,long_only,10.0,0.023423900815450753,0.022959983289677556,0.4639175257731959,0.03771291962096,973,194,0
2017-01-31,development,COMPOSITE,long_only,25.0,0.023423900815450753,0.022264107001017764,0.4639175257731959,0.03771291962096,973,194,0
2017-01-31,development,COMPOSITE,long_short,0.0,-0.008702966244476404,-0.008702966244476404,0.9072164948453607,0.03771291962096,973,194,194
2017-01-31,development,COMPOSITE,long_short,10.0,-0.008702966244476404,-0.009610182739321765,0.9072164948453607,0.03771291962096,973,194,194
2017-01-31,development,COMPOSITE,long_short,25.0,-0.008702966244476404,-0.010971007481589806,0.9072164948453607,0.03771291962096,973,194,194
2017-01-31,development,LV,long_only,0.0,0.024421124961515488,0.024421124961515488,0.2551020408163265,0.0374834561533254,982,196,0
2017-01-31,development,LV,long_only,10.0,0.024421124961515488,0.02416602292069916,0.2551020408163265,0.0374834561533254,982,196,0
2017-01-31,development,LV,long_only,25.0,0.024421124961515488,0.02378336985947467,0.2551020408163265,0.0374834561533254,982,196,0
2017-01-31,development,LV,long_short,0.0,0.006259244513993196,0.006259244513993196,0.5408163265306123,0.0374834561533254,982,196,196
2017-01-31,development,LV,long_short,10.0,0.006259244513993196,0.005718428187462584,0.5408163265306123,0.0374834561533254,982,196,196
2017-01-31,development,LV,long_short,25.0,0.006259244513993196,0.004907203697666665,0.5408163265306123,0.0374834561533254,982,196,196
2017-01-31,development,MOM,long_only,0.0,0.014004762317857522,0.014004762317857522,0.7142857142857142,0.037488751743550826,981,196,0
2017-01-31,development,MOM,long_only,10.0,0.014004762317857522,0.013290476603571808,0.7142857142857142,0.037488751743550826,981,196,0
2017-01-31,development,MOM,long_only,25.0,0.014004762317857522,0.012219048032143236,0.7142857142857142,0.037488751743550826,981,196,0
2017-01-31,development,MOM,long_short,0.0,-0.015000303944514431,-0.015000303944514431,1.3571428571428572,0.037488751743550826,981,196,196
2017-01-31,development,MOM,long_short,10.0,-0.015000303944514431,-0.01635744680165729,1.3571428571428572,0.037488751743550826,981,196,196
2017-01-31,development,MOM,long_short,25.0,-0.015000303944514431,-0.018393161087371573,1.3571428571428572,0.037488751743550826,981,196,196
2017-01-31,development,QUALITY,long_only,0.0,0.02499160817284899,0.02499160817284899,0.14432989690721648,0.03771291962096,973,194,0
2017-01-31,development,QUALITY,long_only,10.0,0.02499160817284899,0.024847278275941773,0.14432989690721648,0.03771291962096,973,194,0
2017-01-31,development,QUALITY,long_only,25.0,0.02499160817284899,0.02463078343058095,0.14432989690721648,0.03771291962096,973,194,0
2017-01-31,development,QUALITY,long_short,0.0,-0.0074076094679039655,-0.0074076094679039655,0.31958762886597936,0.03771291962096,973,194,194
2017-01-31,development,QUALITY,long_short,10.0,-0.0074076094679039655,-0.007727197096769945,0.31958762886597936,0.03771291962096,973,194,194
2017-01-31,development,QUALITY,long_short,25.0,-0.0074076094679039655,-0.008206578540068914,0.31958762886597936,0.03771291962096,973,194,194
2017-01-31,development,SIZE,long_only,0.0,0.028260894472361804,0.028260894472361804,0.3015075376884423,0.037379018183788804,995,199,0
2017-01-31,development,SIZE,long_only,10.0,0.028260894472361804,0.027959386934673362,0.3015075376884423,0.037379018183788804,995,199,0
2017-01-31,development,SIZE,long_only,25.0,0.028260894472361804,0.0275071256281407,0.3015075376884423,0.037379018183788804,995,199,0
2017-01-31,development,SIZE,long_short,0.0,-0.00551254026969321,-0.00551254026969321,0.391959798994975,0.037379018183788804,995,199,199
2017-01-31,development,SIZE,long_short,10.0,-0.00551254026969321,-0.005904500068688185,0.391959798994975,0.037379018183788804,995,199,199
2017-01-31,development,SIZE,long_short,25.0,-0.00551254026969321,-0.006492439767180648,0.391959798994975,0.037379018183788804,995,199,199
2017-01-31,development,VALUE,long_only,0.0,0.02424667768540919,0.02424667768540919,0.1276595744680851,0.03657537729238444,942,188,0
2017-01-31,development,VALUE,long_only,10.0,0.02424667768540919,0.024119018110941103,0.1276595744680851,0.03657537729238444,942,188,0
2017-01-31,development,VALUE,long_only,25.0,0.02424667768540919,0.023927528749238976,0.1276595744680851,0.03657537729238444,942,188,0
2017-01-31,development,VALUE,long_short,0.0,-0.0025540399644318748,-0.0025540399644318748,0.3723404255319149,0.03657537729238444,942,188,188
2017-01-31,development,VALUE,long_short,10.0,-0.0025540399644318748,-0.0029263803899637897,0.3723404255319149,0.03657537729238444,942,188,188
2017-01-31,development,VALUE,long_short,25.0,-0.0025540399644318748,-0.003484891028261662,0.3723404255319149,0.03657537729238444,942,188,188
2017-02-28,development,COMPOSITE,long_only,0.0,0.006157190911583602,0.006157190911583602,0.42268041237113396,0.0015097147872853308,971,194,0
2017-02-28,development,COMPOSITE,long_only,10.0,0.006157190911583602,0.005734510499212468,0.42268041237113396,0.0015097147872853308,971,194,0
2017-02-28,development,COMPOSITE,long_only,25.0,0.006157190911583602,0.005100489880655767,0.42268041237113396,0.0015097147872853308,971,194,0
2017-02-28,development,COMPOSITE,long_short,0.0,0.011088310725788107,0.011088310725788107,0.7525773195876289,0.0015097147872853308,971,194,194
2017-02-28,development,COMPOSITE,long_short,10.0,0.011088310725788107,0.01033573340620048,0.7525773195876289,0.0015097147872853308,971,194,194
2017-02-28,development,COMPOSITE,long_short,25.0,0.011088310725788107,0.009206867426819035,0.7525773195876289,0.0015097147872853308,971,194,194
2017-02-28,development,LV,long_only,0.0,0.0004140729411812636,0.0004140729411812636,0.30612244897959184,0.0017042793276728374,981,196,0
2017-02-28,development,LV,long_only,10.0,0.0004140729411812636,0.00010795049220167172,0.30612244897959184,0.0017042793276728374,981,196,0
2017-02-28,development,LV,long_only,25.0,0.0004140729411812636,-0.00035123318126771606,0.30612244897959184,0.0017042793276728374,981,196,0
2017-02-28,development,LV,long_short,0.0,0.010714579979558578,0.010714579979558578,0.7857142857142856,0.0017042793276728374,981,196,196
2017-02-28,development,LV,long_short,10.0,0.010714579979558578,0.009928865693844293,0.7857142857142856,0.0017042793276728374,981,196,196
2017-02-28,development,LV,long_short,25.0,0.010714579979558578,0.008750294265272865,0.7857142857142856,0.0017042793276728374,981,196,196
2017-02-28,development,MOM,long_only,0.0,0.0012739391304924848,0.0012739391304924848,0.5816326530612246,0.0017064193625052414,979,195,0
2017-02-28,development,MOM,long_only,10.0,0.0012739391304924848,0.0006923064774312603,0.5816326530612246,0.0017064193625052414,979,195,0
2017-02-28,development,MOM,long_only,25.0,0.0012739391304924848,-0.00018014250216057668,0.5816326530612246,0.0017064193625052414,979,195,0
2017-02-28,development,MOM,long_short,0.0,0.0017947759803057526,0.0017947759803057526,1.1122448979591837,0.0017064193625052414,979,195,195
2017-02-28,development,MOM,long_short,10.0,0.0017947759803057526,0.0006825310823465687,1.1122448979591837,0.0017064193625052414,979,195,195
2017-02-28,development,MOM,long_short,25.0,0.0017947759803057526,-0.000985836264592207,1.1122448979591837,0.0017064193625052414,979,195,195
2017-02-28,development,QUALITY,long_only,0.0,0.009119825210512168,0.009119825210512168,0.12371134020618557,0.0015097147872853308,971,194,0
2017-02-28,development,QUALITY,long_only,10.0,0.009119825210512168,0.008996113870305984,0.12371134020618557,0.0015097147872853308,971,194,0
2017-02-28,development,QUALITY,long_only,25.0,0.009119825210512168,0.008810546859996705,0.12371134020618557,0.0015097147872853308,971,194,0
2017-02-28,development,QUALITY,long_short,0.0,0.0039045085548161836,0.0039045085548161836,0.23711340206185566,0.0015097147872853308,971,194,194
2017-02-28,development,QUALITY,long_short,10.0,0.0039045085548161836,0.003667395152754328,0.23711340206185566,0.0015097147872853308,971,194,194
2017-02-28,development,QUALITY,long_short,25.0,0.0039045085548161836,0.0033117250496615446,0.23711340206185566,0.0015097147872853308,971,194,194
2017-02-28,development,SIZE,long_only,0.0,0.0043740506926034034,0.0043740506926034034,0.3316582914572864,0.001811557712606083,997,199,0
2017-02-28,development,SIZE,long_only,10.0,0.0043740506926034034,0.004042392401146117,0.3316582914572864,0.001811557712606083,997,199,0
2017-02-28,development,SIZE,long_only,25.0,0.0043740506926034034,0.0035449049639601875,0.3316582914572864,0.001811557712606083,997,199,0
2017-02-28,development,SIZE,long_short,0.0,0.002548263723701948,0.002548263723701948,0.38190954773869346,0.001811557712606083,997,199,199
2017-02-28,development,SIZE,long_short,10.0,0.002548263723701948,0.0021663541759632545,0.38190954773869346,0.001811557712606083,997,199,199
2017-02-28,development,SIZE,long_short,25.0,0.002548263723701948,0.0015934898543552144,0.38190954773869346,0.001811557712606083,997,199,199
2017-02-28,development,VALUE,long_only,0.0,-0.014134378707399337,-0.014134378707399337,0.12765957446808507,0.0010042104776798015,938,187,0
2017-02-28,development,VALUE,long_only,10.0,-0.014134378707399337,-0.014262038281867421,0.12765957446808507,0.0010042104776798015,938,187,0
2017-02-28,development,VALUE,long_only,25.0,-0.014134378707399337,-0.014453527643569549,0.12765957446808507,0.0010042104776798015,938,187,0
2017-02-28,development,VALUE,long_short,0.0,-0.019327373523641132,-0.019327373523641132,0.31914893617021267,0.0010042104776798015,938,187,187
2017-02-28,development,VALUE,long_short,10.0,-0.019327373523641132,-0.019646522459811345,0.31914893617021267,0.0010042104776798015,938,187,187
2017-02-28,development,VALUE,long_short,25.0,-0.019327373523641132,-0.020125245864066665,0.31914893617021267,0.0010042104776798015,938,187,187
2017-03-31,development,COMPOSITE,long_only,0.0,0.006877887390727843,0.006877887390727843,0.44329896907216515,0.009352877178699422,967,193,0
2017-03-31,development,COMPOSITE,long_only,10.0,0.006877887390727843,0.006434588421655678,0.44329896907216515,0.009352877178699422,967,193,0
2017-03-31,development,COMPOSITE,long_only,25.0,0.006877887390727843,0.00576963996804743,0.44329896907216515,0.009352877178699422,967,193,0
2017-03-31,development,COMPOSITE,long_short,0.0,-0.0022295971540650336,-0.0022295971540650336,0.7938144329896909,0.009352877178699422,967,193,193
2017-03-31,development,COMPOSITE,long_short,10.0,-0.0022295971540650336,-0.0030234115870547244,0.7938144329896909,0.009352877178699422,967,193,193
2017-03-31,development,COMPOSITE,long_short,25.0,-0.0022295971540650336,-0.0042141332365392605,0.7938144329896909,0.009352877178699422,967,193,193
2017-03-31,development,LV,long_only,0.0,0.009890588882539924,0.009890588882539924,0.2857142857142857,0.011408548738996252,980,196,0
2017-03-31,development,LV,long_only,10.0,0.009890588882539924,0.009604874596825639,0.2857142857142857,0.011408548738996252,980,196,0
2017-03-31,development,LV,long_only,25.0,0.009890588882539924,0.00917630316825421,0.2857142857142857,0.011408548738996252,980,196,0
2017-03-31,development,LV,long_short,0.0,0.010949075707439143,0.010949075707439143,0.5612244897959183,0.011408548738996252,980,196,196
2017-03-31,development,LV,long_short,10.0,0.010949075707439143,0.010387851217643225,0.5612244897959183,0.011408548738996252,980,196,196
2017-03-31,development,LV,long_short,25.0,0.010949075707439143,0.009546014482949347,0.5612244897959183,0.011408548738996252,980,196,196
2017-03-31,development,MOM,long_only,0.0,0.007737585335007984,0.007737585335007984,0.635897435897436,0.011421494435776926,975,195,0
2017-03-31,development,MOM,long_only,10.0,0.007737585335007984,0.007101687899110548,0.635897435897436,0.011421494435776926,975,195,0
2017-03-31,development,MOM,long_only,25.0,0.007737585335007984,0.006147841745264394,0.635897435897436,0.011421494435776926,975,195,0
2017-03-31,development,MOM,long_short,0.0,-0.0029747573588230526,-0.0029747573588230526,1.2307692307692308,0.011421494435776926,975,195,195
2017-03-31,development,MOM,long_short,10.0,-0.0029747573588230526,-0.004205526589592283,1.2307692307692308,0.011421494435776926,975,195,195
2017-03-31,development,MOM,long_short,25.0,-0.0029747573588230526,-0.00605168043574613,1.2307692307692308,0.011421494435776926,975,195,195
2017-03-31,development,QUALITY,long_only,0.0,0.011683360021537172,0.011683360021537172,0.1443298969072166,0.00932938410836991,968,193,0
2017-03-31,development,QUALITY,long_only,10.0,0.011683360021537172,0.011539030124629954,0.1443298969072166,0.00932938410836991,968,193,0
2017-03-31,development,QUALITY,long_only,25.0,0.011683360021537172,0.01132253527926913,0.1443298969072166,0.00932938410836991,968,193,0
2017-03-31,development,QUALITY,long_short,0.0,0.003938999212457207,0.003938999212457207,0.2886597938144331,0.00932938410836991,968,193,193
2017-03-31,development,QUALITY,long_short,10.0,0.003938999212457207,0.0036503394186427735,0.2886597938144331,0.00932938410836991,968,193,193
2017-03-31,development,QUALITY,long_short,25.0,0.003938999212457207,0.003217349727921124,0.2886597938144331,0.00932938410836991,968,193,193
2017-03-31,development,SIZE,long_only,0.0,0.017463303458408103,0.017463303458408103,0.24120603015075376,0.011534541038648895,996,199,0
2017-03-31,development,SIZE,long_only,10.0,0.017463303458408103,0.01722209742825735,0.24120603015075376,0.011534541038648895,996,199,0
2017-03-31,development,SIZE,long_only,25.0,0.017463303458408103,0.01686028838303122,0.24120603015075376,0.011534541038648895,996,199,0
2017-03-31,development,SIZE,long_short,0.0,0.005532349236771384,0.005532349236771384,0.3015075376884422,0.011534541038648895,996,199,199
2017-03-31,development,SIZE,long_short,10.0,0.005532349236771384,0.0052308416990829425,0.3015075376884422,0.011534541038648895,996,199,199
2017-03-31,development,SIZE,long_short,25.0,0.005532349236771384,0.004778580392550279,0.3015075376884422,0.011534541038648895,996,199,199
2017-03-31,development,VALUE,long_only,0.0,-0.008021706785951153,-0.008021706785951153,0.0962566844919786,0.00962035620533118,936,187,0
2017-03-31,development,VALUE,long_only,10.0,-0.008021706785951153,-0.008117963470443131,0.0962566844919786,0.00962035620533118,936,187,0
2017-03-31,development,VALUE,long_only,25.0,-0.008021706785951153,-0.0082623484971811,0.0962566844919786,0.00962035620533118,936,187,0
2017-03-31,development,VALUE,long_short,0.0,-0.01042111345140734,-0.01042111345140734,0.3315508021390374,0.00962035620533118,936,187,187
2017-03-31,development,VALUE,long_short,10.0,-0.01042111345140734,-0.010752664253546377,0.3315508021390374,0.00962035620533118,936,187,187
2017-03-31,development,VALUE,long_short,25.0,-0.01042111345140734,-0.011249990456754934,0.3315508021390374,0.00962035620533118,936,187,187
2017-04-28,development,COMPOSITE,long_only,0.0,-0.007217348785226062,-0.007217348785226062,0.2989690721649486,0.01203062182135267,970,194,0
2017-04-28,development,COMPOSITE,long_only,10.0,-0.007217348785226062,-0.007516317857391011,0.2989690721649486,0.01203062182135267,970,194,0
2017-04-28,development,COMPOSITE,long_only,25.0,-0.007217348785226062,-0.007964771465638433,0.2989690721649486,0.01203062182135267,970,194,0
2017-04-28,development,COMPOSITE,long_short,0.0,-0.015257633931583987,-0.015257633931583987,0.5567010309278352,0.01203062182135267,970,194,194
2017-04-28,development,COMPOSITE,long_short,10.0,-0.015257633931583987,-0.015814334962511823,0.5567010309278352,0.01203062182135267,970,194,194
2017-04-28,development,COMPOSITE,long_short,25.0,-0.015257633931583987,-0.016649386508903574,0.5567010309278352,0.01203062182135267,970,194,194
2017-04-28,development,LV,long_only,0.0,0.005378331613382642,0.005378331613382642,0.3571428571428571,0.013377079921844968,982,196,0
2017-04-28,development,LV,long_only,10.0,0.005378331613382642,0.0050211887562397845,0.3571428571428571,0.013377079921844968,982,196,0
2017-04-28,development,LV,long_only,25.0,0.005378331613382642,0.0044854744705254985,0.3571428571428571,0.013377079921844968,982,196,0
2017-04-28,development,LV,long_short,0.0,0.02585373478069545,0.02585373478069545,0.6122448979591837,0.013377079921844968,982,196,196
2017-04-28,development,LV,long_short,10.0,0.02585373478069545,0.025241489882736265,0.6122448979591837,0.013377079921844968,982,196,196
2017-04-28,development,LV,long_short,25.0,0.02585373478069545,0.02432312253579749,0.6122448979591837,0.013377079921844968,982,196,196
2017-04-28,development,MOM,long_only,0.0,-0.0015721395109614764,-0.0015721395109614764,0.49230769230769234,0.013399985696062974,978,195,0
2017-04-28,development,MOM,long_only,10.0,-0.0015721395109614764,-0.002064447203269169,0.49230769230769234,0.013399985696062974,978,195,0
2017-04-28,development,MOM,long_only,25.0,-0.0015721395109614764,-0.002802908741730707,0.49230769230769234,0.013399985696062974,978,195,0
2017-04-28,development,MOM,long_short,0.0,0.0018109467526837564,0.0018109467526837564,0.964102564102564,0.013399985696062974,978,195,195
2017-04-28,development,MOM,long_short,10.0,0.0018109467526837564,0.0008468441885811922,0.964102564102564,0.013399985696062974,978,195,195
2017-04-28,development,MOM,long_short,25.0,0.0018109467526837564,-0.0005993096575726536,0.964102564102564,0.013399985696062974,978,195,195
2017-04-28,development,QUALITY,long_only,0.0,0.010008641389777612,0.010008641389777612,0.11340206185567017,0.012029713136582878,971,194,0
2017-04-28,development,QUALITY,long_only,10.0,0.010008641389777612,0.009895239327921941,0.11340206185567017,0.012029713136582878,971,194,0
2017-04-28,development,QUALITY,long_only,25.0,0.010008641389777612,0.009725136235138435,0.11340206185567017,0.012029713136582878,971,194,0
2017-04-28,development,QUALITY,long_short,0.0,0.021131233502647423,0.021131233502647423,0.1958762886597939,0.012029713136582878,971,194,194
2017-04-28,development,QUALITY,long_short,10.0,0.021131233502647423,0.020935357213987628,0.1958762886597939,0.012029713136582878,971,194,194
2017-04-28,development,QUALITY,long_short,25.0,0.021131233502647423,0.02064154278099794,0.1958762886597939,0.012029713136582878,971,194,194
2017-04-28,development,SIZE,long_only,0.0,-0.01630193356801208,-0.01630193356801208,0.29145728643216084,0.01334270321402218,999,199,0
2017-04-28,development,SIZE,long_only,10.0,-0.01630193356801208,-0.01659339085444424,0.29145728643216084,0.01334270321402218,999,199,0
2017-04-28,development,SIZE,long_only,25.0,-0.01630193356801208,-0.01703057678409248,0.29145728643216084,0.01334270321402218,999,199,0
2017-04-28,development,SIZE,long_short,0.0,-0.0349520926841898,-0.0349520926841898,0.32160804020100503,0.01334270321402218,999,199,199
2017-04-28,development,SIZE,long_short,10.0,-0.0349520926841898,-0.0352737007243908,0.32160804020100503,0.01334270321402218,999,199,199
2017-04-28,development,SIZE,long_short,25.0,-0.0349520926841898,-0.03575611278469231,0.32160804020100503,0.01334270321402218,999,199,199
2017-04-28,development,VALUE,long_only,0.0,-0.02415560612854757,-0.02415560612854757,0.106951871657754,0.011424730756632917,939,187,0
2017-04-28,development,VALUE,long_only,10.0,-0.02415560612854757,-0.024262558000205325,0.106951871657754,0.011424730756632917,939,187,0
2017-04-28,development,VALUE,long_only,25.0,-0.02415560612854757,-0.024422985807691956,0.106951871657754,0.011424730756632917,939,187,0
2017-04-28,development,VALUE,long_short,0.0,-0.02050318290723191,-0.02050318290723191,0.2459893048128342,0.011424730756632917,939,187,187
2017-04-28,development,VALUE,long_short,10.0,-0.02050318290723191,-0.020749172212044743,0.2459893048128342,0.011424730756632917,939,187,187
2017-04-28,development,VALUE,long_short,25.0,-0.02050318290723191,-0.021118156169263994,0.2459893048128342,0.011424730756632917,939,187,187
2017-05-31,development,COMPOSITE,long_only,0.0,0.006237633464062476,0.006237633464062476,0.3917525773195876,0.008335868746380173,963,192,0
2017-05-31,development,COMPOSITE,long_only,10.0,0.006237633464062476,0.005845880886742889,0.3917525773195876,0.008335868746380173,963,192,0
2017-05-31,development,COMPOSITE,long_only,25.0,0.006237633464062476,0.005258252020763507,0.3917525773195876,0.008335868746380173,963,192,0
2017-05-31,development,COMPOSITE,long_short,0.0,-0.02282334208009989,-0.02282334208009989,0.7113402061855669,0.008335868746380173,963,192,192
2017-05-31,development,COMPOSITE,long_short,10.0,-0.02282334208009989,-0.023534682286285455,0.7113402061855669,0.008335868746380173,963,192,192
2017-05-31,development,COMPOSITE,long_short,25.0,-0.02282334208009989,-0.024601692595563805,0.7113402061855669,0.008335868746380173,963,192,192
2017-05-31,development,LV,long_only,0.0,0.004844366619400985,0.004844366619400985,0.3673469387755103,0.006575280280985248,975,195,0
2017-05-31,development,LV,long_only,10.0,0.004844366619400985,0.004477019680625474,0.3673469387755103,0.006575280280985248,975,195,0
2017-05-31,development,LV,long_only,25.0,0.004844366619400985,0.0039259992724622085,0.3673469387755103,0.006575280280985248,975,195,0
2017-05-31,development,LV,long_short,0.0,-0.036568308239330716,-0.036568308239330716,0.6734693877551021,0.006575280280985248,975,195,195
2017-05-31,development,LV,long_short,10.0,-0.036568308239330716,-0.03724177762708582,0.6734693877551021,0.006575280280985248,975,195,195
2017-05-31,development,LV,long_short,25.0,-0.036568308239330716,-0.03825198170871847,0.6734693877551021,0.006575280280985248,975,195,195
2017-05-31,development,MOM,long_only,0.0,0.005226543152706653,0.005226543152706653,0.4512820512820513,0.006604927420535521,971,194,0
2017-05-31,development,MOM,long_only,10.0,0.005226543152706653,0.004775261101424602,0.4512820512820513,0.006604927420535521,971,194,0
2017-05-31,development,MOM,long_only,25.0,0.005226543152706653,0.004098338024501525,0.4512820512820513,0.006604927420535521,971,194,0
2017-05-31,development,MOM,long_short,0.0,-0.022202398406280008,-0.022202398406280008,0.9641025641025641,0.006604927420535521,971,194,194
2017-05-31,development,MOM,long_short,10.0,-0.022202398406280008,-0.023166500970382572,0.9641025641025641,0.006604927420535521,971,194,194
2017-05-31,development,MOM,long_short,25.0,-0.022202398406280008,-0.02461265481653642,0.9641025641025641,0.006604927420535521,971,194,194
2017-05-31,development,QUALITY,long_only,0.0,0.009435483549816633,0.009435483549816633,0.14432989690721645,0.00834650570564064,964,192,0
2017-05-31,development,QUALITY,long_only,10.0,0.009435483549816633,0.009291153652909416,0.14432989690721645,0.00834650570564064,964,192,0
2017-05-31,development,QUALITY,long_only,25.0,0.009435483549816633,0.009074658807548592,0.14432989690721645,0.00834650570564064,964,192,0
2017-05-31,development,QUALITY,long_short,0.0,-0.01776920653178985,-0.01776920653178985,0.2783505154639174,0.00834650570564064,964,192,192
2017-05-31,development,QUALITY,long_short,10.0,-0.01776920653178985,-0.01804755704725377,0.2783505154639174,0.00834650570564064,964,192,192
2017-05-31,development,QUALITY,long_short,25.0,-0.01776920653178985,-0.018465082820449643,0.2783505154639174,0.00834650570564064,964,192,192
2017-05-31,development,SIZE,long_only,0.0,0.018587044428644554,0.018587044428644554,0.34170854271356793,0.006434243414800344,992,198,0
2017-05-31,development,SIZE,long_only,10.0,0.018587044428644554,0.018245335885930986,0.34170854271356793,0.006434243414800344,992,198,0
2017-05-31,development,SIZE,long_only,25.0,0.018587044428644554,0.017732773071860636,0.34170854271356793,0.006434243414800344,992,198,0
2017-05-31,development,SIZE,long_short,0.0,0.009667832918760083,0.009667832918760083,0.36180904522613083,0.006434243414800344,992,198,198
2017-05-31,development,SIZE,long_short,10.0,0.009667832918760083,0.009306023873533952,0.36180904522613083,0.006434243414800344,992,198,198
2017-05-31,development,SIZE,long_short,25.0,0.009667832918760083,0.008763310305694756,0.36180904522613083,0.006434243414800344,992,198,198
2017-05-31,development,VALUE,long_only,0.0,0.030054521742094595,0.030054521742094595,0.20320855614973277,0.008625961323400613,931,186,0
2017-05-31,development,VALUE,long_only,10.0,0.030054521742094595,0.02985131318594486,0.20320855614973277,0.008625961323400613,931,186,0
2017-05-31,development,VALUE,long_only,25.0,0.030054521742094595,0.029546500351720264,0.20320855614973277,0.008625961323400613,931,186,0
2017-05-31,development,VALUE,long_short,0.0,0.01601295574003644,0.01601295574003644,0.37433155080213937,0.008625961323400613,931,186,186
2017-05-31,development,VALUE,long_short,10.0,0.01601295574003644,0.015638624189234302,0.37433155080213937,0.008625961323400613,931,186,186
2017-05-31,development,VALUE,long_short,25.0,0.01601295574003644,0.015077126863031092,0.37433155080213937,0.008625961323400613,931,186,186
2017-06-30,development,COMPOSITE,long_only,0.0,0.016970596717632243,0.016970596717632243,0.4329896907216495,0.020703096302920748,974,194,0
2017-06-30,development,COMPOSITE,long_only,10.0,0.016970596717632243,0.016537607026910595,0.4329896907216495,0.020703096302920748,974,194,0
2017-06-30,development,COMPOSITE,long_only,25.0,0.016970596717632243,0.01588812249082812,0.4329896907216495,0.020703096302920748,974,194,0
2017-06-30,development,COMPOSITE,long_short,0.0,-0.004340810970874089,-0.004340810970874089,0.8453608247422679,0.020703096302920748,974,194,194
2017-06-30,development,COMPOSITE,long_short,10.0,-0.004340810970874089,-0.005186171795616357,0.8453608247422679,0.020703096302920748,974,194,194
2017-06-30,development,COMPOSITE,long_short,25.0,-0.004340810970874089,-0.0064542130327297585,0.8453608247422679,0.020703096302920748,974,194,194
2017-06-30,development,LV,long_only,0.0,0.014581858414705282,0.014581858414705282,0.30612244897959184,0.020651066157363604,980,196,0
2017-06-30,development,LV,long_only,10.0,0.014581858414705282,0.01427573596572569,0.30612244897959184,0.020651066157363604,980,196,0
2017-06-30,development,LV,long_only,25.0,0.014581858414705282,0.013816552292256302,0.30612244897959184,0.020651066157363604,980,196,0
2017-06-30,development,LV,long_short,0.0,-0.01776926452495911,-0.01776926452495911,0.5918367346938778,0.020651066157363604,980,196,196
2017-06-30,development,LV,long_short,10.0,-0.01776926452495911,-0.018361101259652988,0.5918367346938778,0.020651066157363604,980,196,196
2017-06-30,development,LV,long_short,25.0,-0.01776926452495911,-0.019248856361693805,0.5918367346938778,0.020651066157363604,980,196,196
2017-06-30,development,MOM,long_only,0.0,0.031312204258672316,0.031312204258672316,0.4717948717948718,0.020660425638056742,978,195,0
2017-06-30,development,MOM,long_only,10.0,0.031312204258672316,0.030840409386877442,0.4717948717948718,0.020660425638056742,978,195,0
2017-06-30,development,MOM,long_only,25.0,0.031312204258672316,0.030132717079185137,0.4717948717948718,0.020660425638056742,978,195,0
2017-06-30,development,MOM,long_short,0.0,0.02634509124313257,0.02634509124313257,1.0358974358974358,0.020660425638056742,978,195,195
2017-06-30,development,MOM,long_short,10.0,0.02634509124313257,0.025309193807235134,1.0358974358974358,0.020660425638056742,978,195,195
2017-06-30,development,MOM,long_short,25.0,0.02634509124313257,0.02375534765338898,1.0358974358974358,0.020660425638056742,978,195,195
2017-06-30,development,QUALITY,long_only,0.0,0.012200452544175809,0.012200452544175809,0.31794871794871793,0.02064307830958839,978,195,0
2017-06-30,development,QUALITY,long_only,10.0,0.012200452544175809,0.011882503826227091,0.31794871794871793,0.02064307830958839,978,195,0
2017-06-30,development,QUALITY,long_only,25.0,0.012200452544175809,0.011405580749304015,0.31794871794871793,0.02064307830958839,978,195,0
2017-06-30,development,QUALITY,long_short,0.0,-0.0016368517647839943,-0.0016368517647839943,0.7384615384615385,0.02064307830958839,978,195,195
2017-06-30,development,QUALITY,long_short,10.0,-0.0016368517647839943,-0.002375313303245533,0.7384615384615385,0.02064307830958839,978,195,195
2017-06-30,development,QUALITY,long_short,25.0,-0.0016368517647839943,-0.0034830056109378406,0.7384615384615385,0.02064307830958839,978,195,195
2017-06-30,development,SIZE,long_only,0.0,0.015956161657495364,0.015956161657495364,0.23115577889447247,0.020458026755829105,997,199,0
2017-06-30,development,SIZE,long_only,10.0,0.015956161657495364,0.01572500587860089,0.23115577889447247,0.020458026755829105,997,199,0
2017-06-30,development,SIZE,long_only,25.0,0.015956161657495364,0.015378272210259182,0.23115577889447247,0.020458026755829105,997,199,0
2017-06-30,development,SIZE,long_short,0.0,-0.004566052419372024,-0.004566052419372024,0.3015075376884424,0.020458026755829105,997,199,199
2017-06-30,development,SIZE,long_short,10.0,-0.004566052419372024,-0.004867559957060467,0.3015075376884424,0.020458026755829105,997,199,199
2017-06-30,development,SIZE,long_short,25.0,-0.004566052419372024,-0.005319821263593131,0.3015075376884424,0.020458026755829105,997,199,199
2017-06-30,development,VALUE,long_only,0.0,0.020293944879983997,0.020293944879983997,0.368421052631579,0.021102667703854175,950,190,0
2017-06-30,development,VALUE,long_only,10.0,0.020293944879983997,0.019925523827352416,0.368421052631579,0.021102667703854175,950,190,0
2017-06-30,development,VALUE,long_only,25.0,0.020293944879983997,0.01937289224840505,0.368421052631579,0.021102667703854175,950,190,0
2017-06-30,development,VALUE,long_short,0.0,-0.003704554468894607,-0.003704554468894607,0.7789473684210526,0.021102667703854175,950,190,190
2017-06-30,development,VALUE,long_short,10.0,-0.003704554468894607,-0.0044835018373156595,0.7789473684210526,0.021102667703854175,950,190,190
2017-06-30,development,VALUE,long_short,25.0,-0.003704554468894607,-0.0056519228899472385,0.7789473684210526,0.021102667703854175,950,190,190
2017-07-31,development,COMPOSITE,long_only,0.0,-0.008940195203827135,-0.008940195203827135,0.422680412371134,0.003521473952128021,974,194,0
2017-07-31,development,COMPOSITE,long_only,10.0,-0.008940195203827135,-0.00936287561619827,0.422680412371134,0.003521473952128021,974,194,0
2017-07-31,development,COMPOSITE,long_only,25.0,-0.008940195203827135,-0.00999689623475497,0.422680412371134,0.003521473952128021,974,194,0
2017-07-31,development,COMPOSITE,long_short,0.0,-0.009707322983177535,-0.009707322983177535,0.7525773195876289,0.003521473952128021,974,194,194
2017-07-31,development,COMPOSITE,long_short,10.0,-0.009707322983177535,-0.010459900302765165,0.7525773195876289,0.003521473952128021,974,194,194
2017-07-31,development,COMPOSITE,long_short,25.0,-0.009707322983177535,-0.011588766282146607,0.7525773195876289,0.003521473952128021,974,194,194
2017-07-31,development,LV,long_only,0.0,-0.0043179855247222725,-0.0043179855247222725,0.29591836734693877,0.003648610171016374,982,196,0
2017-07-31,development,LV,long_only,10.0,-0.0043179855247222725,-0.004613903892069211,0.29591836734693877,0.003648610171016374,982,196,0
2017-07-31,development,LV,long_only,25.0,-0.0043179855247222725,-0.00505778144308962,0.29591836734693877,0.003648610171016374,982,196,0
2017-07-31,development,LV,long_short,0.0,0.001361452680153774,0.001361452680153774,0.6020408163265305,0.003648610171016374,982,196,196
2017-07-31,development,LV,long_short,10.0,0.001361452680153774,0.0007594118638272434,0.6020408163265305,0.003648610171016374,982,196,196
2017-07-31,development,LV,long_short,25.0,0.001361452680153774,-0.00014364936066255237,0.6020408163265305,0.003648610171016374,982,196,196
2017-07-31,development,MOM,long_only,0.0,-0.0028478658860146794,-0.0028478658860146794,0.4923076923076923,0.0035834946254888426,978,195,0
2017-07-31,development,MOM,long_only,10.0,-0.0028478658860146794,-0.003340173578322372,0.4923076923076923,0.0035834946254888426,978,195,0
2017-07-31,development,MOM,long_only,25.0,-0.0028478658860146794,-0.00407863511678391,0.4923076923076923,0.0035834946254888426,978,195,0
2017-07-31,development,MOM,long_short,0.0,0.011825528412219708,0.011825528412219708,1.0666666666666667,0.0035834946254888426,978,195,195
2017-07-31,development,MOM,long_short,10.0,0.011825528412219708,0.010758861745553041,1.0666666666666667,0.0035834946254888426,978,195,195
2017-07-31,development,MOM,long_short,25.0,0.011825528412219708,0.00915886174555304,1.0666666666666667,0.0035834946254888426,978,195,195
2017-07-31,development,QUALITY,long_only,0.0,-0.0030634043038116183,-0.0030634043038116183,0.09230769230769231,0.0035523746860082134,978,195,0
2017-07-31,development,QUALITY,long_only,10.0,-0.0030634043038116183,-0.0031557119961193106,0.09230769230769231,0.0035523746860082134,978,195,0
2017-07-31,development,QUALITY,long_only,25.0,-0.0030634043038116183,-0.0032941735345808493,0.09230769230769231,0.0035523746860082134,978,195,0
2017-07-31,development,QUALITY,long_short,0.0,-0.00172821175856287,-0.00172821175856287,0.20512820512820512,0.0035523746860082134,978,195,195
2017-07-31,development,QUALITY,long_short,10.0,-0.00172821175856287,-0.0019333399636910751,0.20512820512820512,0.0035523746860082134,978,195,195
2017-07-31,development,QUALITY,long_short,25.0,-0.00172821175856287,-0.002241032271383383,0.20512820512820512,0.0035523746860082134,978,195,195
2017-07-31,development,SIZE,long_only,0.0,-0.018985382873707275,-0.018985382873707275,0.23115577889447236,0.0036780524977382055,999,199,0
2017-07-31,development,SIZE,long_only,10.0,-0.018985382873707275,-0.01921653865260175,0.23115577889447236,0.0036780524977382055,999,199,0
2017-07-31,development,SIZE,long_only,25.0,-0.018985382873707275,-0.019563272320943455,0.23115577889447236,0.0036780524977382055,999,199,0
2017-07-31,development,SIZE,long_short,0.0,-0.022143816632345815,-0.022143816632345815,0.2914572864321608,0.0036780524977382055,999,199,199
2017-07-31,development,SIZE,long_short,10.0,-0.022143816632345815,-0.022435273918777976,0.2914572864321608,0.0036780524977382055,999,199,199
2017-07-31,development,SIZE,long_short,25.0,-0.022143816632345815,-0.022872459848426216,0.2914572864321608,0.0036780524977382055,999,199,199
2017-07-31,development,VALUE,long_only,0.0,-0.023163460466936896,-0.023163460466936896,0.15789473684210525,0.003685316625847498,949,189,0
2017-07-31,development,VALUE,long_only,10.0,-0.023163460466936896,-0.023321355203779003,0.15789473684210525,0.003685316625847498,949,189,0
2017-07-31,development,VALUE,long_only,25.0,-0.023163460466936896,-0.02355819730904216,0.15789473684210525,0.003685316625847498,949,189,0
2017-07-31,development,VALUE,long_short,0.0,-0.011811807299056875,-0.011811807299056875,0.2947368421052631,0.003685316625847498,949,189,189
2017-07-31,development,VALUE,long_short,10.0,-0.011811807299056875,-0.012106544141162138,0.2947368421052631,0.003685316625847498,949,189,189
2017-07-31,development,VALUE,long_short,25.0,-0.011811807299056875,-0.012548649404320033,0.2947368421052631,0.003685316625847498,949,189,189
2017-08-31,development,COMPOSITE,long_only,0.0,0.04205398738313604,0.04205398738313604,0.3298969072164949,0.022977383161872002,967,193,0
2017-08-31,development,COMPOSITE,long_only,10.0,0.04205398738313604,0.041724090475919545,0.3298969072164949,0.022977383161872002,967,193,0
2017-08-31,development,COMPOSITE,long_only,25.0,0.04205398738313604,0.0412292451150948,0.3298969072164949,0.022977383161872002,967,193,0
2017-08-31,development,COMPOSITE,long_short,0.0,0.017727912304761305,0.017727912304761305,0.6701030927835054,0.022977383161872002,967,193,193
2017-08-31,development,COMPOSITE,long_short,10.0,0.017727912304761305,0.0170578092119778,0.6701030927835054,0.022977383161872002,967,193,193
2017-08-31,development,COMPOSITE,long_short,25.0,0.017727912304761305,0.01605265457280254,0.6701030927835054,0.022977383161872002,967,193,193
2017-08-31,development,LV,long_only,0.0,0.03274450687815893,0.03274450687815893,0.33673469387755106,0.022836808097506614,976,195,0
2017-08-31,development,LV,long_only,10.0,0.03274450687815893,0.032407772184281376,0.33673469387755106,0.022836808097506614,976,195,0
2017-08-31,development,LV,long_only,25.0,0.03274450687815893,0.031902670143465046,0.33673469387755106,0.022836808097506614,976,195,0
2017-08-31,development,LV,long_short,0.0,-0.013223966305489143,-0.013223966305489143,0.6632653061224492,0.022836808097506614,976,195,195
2017-08-31,development,LV,long_short,10.0,-0.013223966305489143,-0.013887231611611593,0.6632653061224492,0.022836808097506614,976,195,195
2017-08-31,development,LV,long_short,25.0,-0.013223966305489143,-0.014882129570795266,0.6632653061224492,0.022836808097506614,976,195,195
2017-08-31,development,MOM,long_only,0.0,0.045922585470389035,0.045922585470389035,0.5538461538461539,0.022797077874992605,972,194,0
2017-08-31,development,MOM,long_only,10.0,0.045922585470389035,0.04536873931654288,0.5538461538461539,0.022797077874992605,972,194,0
2017-08-31,development,MOM,long_only,25.0,0.045922585470389035,0.04453797008577365,0.5538461538461539,0.022797077874992605,972,194,0
2017-08-31,development,MOM,long_short,0.0,0.017651522978119328,0.017651522978119328,1.0564102564102562,0.022797077874992605,972,194,194
2017-08-31,development,MOM,long_short,10.0,0.017651522978119328,0.016595112721709073,1.0564102564102562,0.022797077874992605,972,194,194
2017-08-31,development,MOM,long_short,25.0,0.017651522978119328,0.015010497337093687,1.0564102564102562,0.022797077874992605,972,194,194
2017-08-31,development,QUALITY,long_only,0.0,0.023711922348888803,0.023711922348888803,0.08205128205128204,0.023063156084354088,971,194,0
2017-08-31,development,QUALITY,long_only,10.0,0.023711922348888803,0.023629871066837522,0.08205128205128204,0.023063156084354088,971,194,0
2017-08-31,development,QUALITY,long_only,25.0,0.023711922348888803,0.023506794143760598,0.08205128205128204,0.023063156084354088,971,194,0
2017-08-31,development,QUALITY,long_short,0.0,-0.012503037005326633,-0.012503037005326633,0.2564102564102564,0.023063156084354088,971,194,194
2017-08-31,development,QUALITY,long_short,10.0,-0.012503037005326633,-0.01275944726173689,0.2564102564102564,0.023063156084354088,971,194,194
2017-08-31,development,QUALITY,long_short,25.0,-0.012503037005326633,-0.013144062646352274,0.2564102564102564,0.023063156084354088,971,194,194
2017-08-31,development,SIZE,long_only,0.0,0.05476734037256524,0.05476734037256524,0.2613065326633167,0.02290631488564103,993,198,0
2017-08-31,development,SIZE,long_only,10.0,0.05476734037256524,0.05450603383990192,0.2613065326633167,0.02290631488564103,993,198,0
2017-08-31,development,SIZE,long_only,25.0,0.05476734037256524,0.05411407404090695,0.2613065326633167,0.02290631488564103,993,198,0
2017-08-31,development,SIZE,long_short,0.0,0.029084966037272765,0.029084966037272765,0.3517587939698494,0.02290631488564103,993,198,198
2017-08-31,development,SIZE,long_short,10.0,0.029084966037272765,0.028733207243302916,0.3517587939698494,0.02290631488564103,993,198,198
2017-08-31,development,SIZE,long_short,25.0,0.029084966037272765,0.028205569052348143,0.3517587939698494,0.02290631488564103,993,198,198
2017-08-31,development,VALUE,long_only,0.0,0.04319921914047272,0.04319921914047272,0.1798941798941799,0.023768488703556287,942,188,0
2017-08-31,development,VALUE,long_only,10.0,0.04319921914047272,0.04301932496057854,0.1798941798941799,0.023768488703556287,942,188,0
2017-08-31,development,VALUE,long_only,25.0,0.04319921914047272,0.04274948369073727,0.1798941798941799,0.023768488703556287,942,188,0
2017-08-31,development,VALUE,long_short,0.0,0.004315162857122067,0.004315162857122067,0.4126984126984129,0.023768488703556287,942,188,188
2017-08-31,development,VALUE,long_short,10.0,0.004315162857122067,0.0039024644444236537,0.4126984126984129,0.023768488703556287,942,188,188
2017-08-31,development,VALUE,long_short,25.0,0.004315162857122067,0.003283416825376035,0.4126984126984129,0.023768488703556287,942,188,188
2017-09-29,development,COMPOSITE,long_only,0.0,0.02555144615202077,0.02555144615202077,0.4020618556701032,0.024025567493496762,971,194,0
2017-09-29,development,COMPOSITE,long_only,10.0,0.02555144615202077,0.025149384296350667,0.4020618556701032,0.024025567493496762,971,194,0
2017-09-29,development,COMPOSITE,long_only,25.0,0.02555144615202077,0.02454629151284551,0.4020618556701032,0.024025567493496762,971,194,0
2017-09-29,development,COMPOSITE,long_short,0.0,0.020556943479114596,0.020556943479114596,0.7938144329896908,0.024025567493496762,971,194,194
2017-09-29,development,COMPOSITE,long_short,10.0,0.020556943479114596,0.019763129046124907,0.7938144329896908,0.024025567493496762,971,194,194
2017-09-29,development,COMPOSITE,long_short,25.0,0.020556943479114596,0.01857240739664037,0.7938144329896908,0.024025567493496762,971,194,194
2017-09-29,development,LV,long_only,0.0,0.018820255106699074,0.018820255106699074,0.2857142857142858,0.024887255298138573,981,196,0
2017-09-29,development,LV,long_only,10.0,0.018820255106699074,0.01853454082098479,0.2857142857142858,0.024887255298138573,981,196,0
2017-09-29,development,LV,long_only,25.0,0.018820255106699074,0.01810596939241336,0.2857142857142858,0.024887255298138573,981,196,0
2017-09-29,development,LV,long_short,0.0,0.01086772006912288,0.01086772006912288,0.5918367346938778,0.024887255298138573,981,196,196
2017-09-29,development,LV,long_short,10.0,0.01086772006912288,0.010275883334429001,0.5918367346938778,0.024887255298138573,981,196,196
2017-09-29,development,LV,long_short,25.0,0.01086772006912288,0.009388128232388186,0.5918367346938778,0.024887255298138573,981,196,196
2017-09-29,development,MOM,long_only,0.0,0.03199670367729262,0.03199670367729262,0.4845360824742268,0.024856606236816868,973,194,0
2017-09-29,development,MOM,long_only,10.0,0.03199670367729262,0.03151216759481839,0.4845360824742268,0.024856606236816868,973,194,0
2017-09-29,development,MOM,long_only,25.0,0.03199670367729262,0.030785363471107052,0.4845360824742268,0.024856606236816868,973,194,0
2017-09-29,development,MOM,long_short,0.0,0.032318517810496085,0.032318517810496085,1.0412371134020617,0.024856606236816868,973,194,194
2017-09-29,development,MOM,long_short,10.0,0.032318517810496085,0.031277280697094026,1.0412371134020617,0.024856606236816868,973,194,194
2017-09-29,development,MOM,long_short,25.0,0.032318517810496085,0.02971542502699093,1.0412371134020617,0.024856606236816868,973,194,194
2017-09-29,development,QUALITY,long_only,0.0,0.02095542706058424,0.02095542706058424,0.09278350515463918,0.024025625037591328,972,194,0
2017-09-29,development,QUALITY,long_only,10.0,0.02095542706058424,0.020862643555429602,0.09278350515463918,0.024025625037591328,972,194,0
2017-09-29,development,QUALITY,long_only,25.0,0.02095542706058424,0.020723468297697643,0.09278350515463918,0.024025625037591328,972,194,0
2017-09-29,development,QUALITY,long_short,0.0,0.015830727456080024,0.015830727456080024,0.24742268041237112,0.024025625037591328,972,194,194
2017-09-29,development,QUALITY,long_short,10.0,0.015830727456080024,0.015583304775667653,0.24742268041237112,0.024025625037591328,972,194,194
2017-09-29,development,QUALITY,long_short,25.0,0.015830727456080024,0.015212170755049097,0.24742268041237112,0.024025625037591328,972,194,194
2017-09-29,development,SIZE,long_only,0.0,0.019212553048060077,0.019212553048060077,0.2914572864321609,0.024854281796236864,995,199,0
2017-09-29,development,SIZE,long_only,10.0,0.019212553048060077,0.018921095761627916,0.2914572864321609,0.024854281796236864,995,199,0
2017-09-29,development,SIZE,long_only,25.0,0.019212553048060077,0.018483909831979676,0.2914572864321609,0.024854281796236864,995,199,0
2017-09-29,development,SIZE,long_short,0.0,-0.0005129638474279845,-0.0005129638474279845,0.3618090452261308,0.024854281796236864,995,199,199
2017-09-29,development,SIZE,long_short,10.0,-0.0005129638474279845,-0.0008747728926541153,0.3618090452261308,0.024854281796236864,995,199,199
2017-09-29,development,SIZE,long_short,25.0,-0.0005129638474279845,-0.0014174864604933114,0.3618090452261308,0.024854281796236864,995,199,199
2017-09-29,development,VALUE,long_only,0.0,0.006203535122439936,0.006203535122439936,0.17021276595744678,0.024535199447258085,943,188,0
2017-09-29,development,VALUE,long_only,10.0,0.006203535122439936,0.006033322356482489,0.17021276595744678,0.024535199447258085,943,188,0
2017-09-29,development,VALUE,long_only,25.0,0.006203535122439936,0.005778003207546319,0.17021276595744678,0.024535199447258085,943,188,0
2017-09-29,development,VALUE,long_short,0.0,-0.014080678012187015,-0.014080678012187015,0.40425531914893614,0.024535199447258085,943,188,188
2017-09-29,development,VALUE,long_short,10.0,-0.014080678012187015,-0.01448493333133595,0.40425531914893614,0.024535199447258085,943,188,188
2017-09-29,development,VALUE,long_short,25.0,-0.014080678012187015,-0.015091316310059355,0.40425531914893614,0.024535199447258085,943,188,188
2017-10-31,development,COMPOSITE,long_only,0.0,0.03592231022901071,0.03592231022901071,0.288659793814433,0.03344768112727084,971,194,0
2017-10-31,development,COMPOSITE,long_only,10.0,0.03592231022901071,0.03563365043519628,0.288659793814433,0.03344768112727084,971,194,0
2017-10-31,development,COMPOSITE,long_only,25.0,0.03592231022901071,0.03520066074447463,0.288659793814433,0.03344768112727084,971,194,0
2017-10-31,development,COMPOSITE,long_short,0.0,-0.0010995027126529978,-0.0010995027126529978,0.6082474226804124,0.03344768112727084,971,194,194
2017-10-31,development,COMPOSITE,long_short,10.0,-0.0010995027126529978,-0.0017077501353334103,0.6082474226804124,0.03344768112727084,971,194,194
2017-10-31,development,COMPOSITE,long_short,25.0,-0.0010995027126529978,-0.002620121269354029,0.6082474226804124,0.03344768112727084,971,194,194
2017-10-31,development,LV,long_only,0.0,0.03949118459900126,0.03949118459900126,0.22448979591836732,0.03250193577247117,981,196,0
2017-10-31,development,LV,long_only,10.0,0.03949118459900126,0.03926669480308289,0.22448979591836732,0.03250193577247117,981,196,0
2017-10-31,development,LV,long_only,25.0,0.03949118459900126,0.03892996010920534,0.22448979591836732,0.03250193577247117,981,196,0
2017-10-31,development,LV,long_short,0.0,0.0022191044293019702,0.0022191044293019702,0.4387755102040816,0.03250193577247117,981,196,196
2017-10-31,development,LV,long_short,10.0,0.0022191044293019702,0.0017803289190978886,0.4387755102040816,0.03250193577247117,981,196,196
2017-10-31,development,LV,long_short,25.0,0.0022191044293019702,0.001122165653791766,0.4387755102040816,0.03250193577247117,981,196,196
2017-10-31,development,MOM,long_only,0.0,0.024591402340432215,0.024591402340432215,0.43076923076923074,0.03259344617783741,976,195,0
2017-10-31,development,MOM,long_only,10.0,0.024591402340432215,0.024160633109662984,0.43076923076923074,0.03259344617783741,976,195,0
2017-10-31,development,MOM,long_only,25.0,0.024591402340432215,0.02351447926350914,0.43076923076923074,0.03259344617783741,976,195,0
2017-10-31,development,MOM,long_short,0.0,-0.024196025148050974,-0.024196025148050974,1.005128205128205,0.03259344617783741,976,195,195
2017-10-31,development,MOM,long_short,10.0,-0.024196025148050974,-0.025201153353179177,1.005128205128205,0.03259344617783741,976,195,195
2017-10-31,development,MOM,long_short,25.0,-0.024196025148050974,-0.026708845660871488,1.005128205128205,0.03259344617783741,976,195,195
2017-10-31,development,QUALITY,long_only,0.0,0.04851891426668483,0.04851891426668483,0.07216494845360824,0.03344768112727084,971,194,0
2017-10-31,development,QUALITY,long_only,10.0,0.04851891426668483,0.04844674931823122,0.07216494845360824,0.03344768112727084,971,194,0
2017-10-31,development,QUALITY,long_only,25.0,0.04851891426668483,0.04833850189555081,0.07216494845360824,0.03344768112727084,971,194,0
2017-10-31,development,QUALITY,long_short,0.0,0.026492223977912455,0.026492223977912455,0.2268041237113402,0.03344768112727084,971,194,194
2017-10-31,development,QUALITY,long_short,10.0,0.026492223977912455,0.026265419854201114,0.2268041237113402,0.03344768112727084,971,194,194
2017-10-31,development,QUALITY,long_short,25.0,0.026492223977912455,0.025925213668634105,0.2268041237113402,0.03344768112727084,971,194,194
2017-10-31,development,SIZE,long_only,0.0,0.037665617826076955,0.037665617826076955,0.29145728643216084,0.03208476846221469,996,199,0
2017-10-31,development,SIZE,long_only,10.0,0.037665617826076955,0.0373741605396448,0.29145728643216084,0.03208476846221469,996,199,0
2017-10-31,development,SIZE,long_only,25.0,0.037665617826076955,0.03693697460999655,0.29145728643216084,0.03208476846221469,996,199,0
2017-10-31,development,SIZE,long_short,0.0,0.007997810134071845,0.007997810134071845,0.3316582914572864,0.03208476846221469,996,199,199
2017-10-31,development,SIZE,long_short,10.0,0.007997810134071845,0.007666151842614558,0.3316582914572864,0.03208476846221469,996,199,199
2017-10-31,development,SIZE,long_short,25.0,0.007997810134071845,0.007168664405428629,0.3316582914572864,0.03208476846221469,996,199,199
2017-10-31,development,VALUE,long_only,0.0,0.029701273826146356,0.029701273826146356,0.21276595744680848,0.03340516590044623,941,188,0
2017-10-31,development,VALUE,long_only,10.0,0.029701273826146356,0.029488507868699547,0.21276595744680848,0.03340516590044623,941,188,0
2017-10-31,development,VALUE,long_only,25.0,0.029701273826146356,0.029169358932529334,0.21276595744680848,0.03340516590044623,941,188,0
2017-10-31,development,VALUE,long_short,0.0,-0.01561212935296216,-0.01561212935296216,0.3936170212765957,0.03340516590044623,941,188,188
2017-10-31,development,VALUE,long_short,10.0,-0.01561212935296216,-0.016005746374238756,0.3936170212765957,0.03340516590044623,941,188,188
2017-10-31,development,VALUE,long_short,25.0,-0.01561212935296216,-0.01659617190615365,0.3936170212765957,0.03340516590044623,941,188,188
2017-11-30,development,COMPOSITE,long_only,0.0,0.004694034243362268,0.004694034243362268,0.4123711340206186,0.011721374331317572,974,194,0
2017-11-30,development,COMPOSITE,long_only,10.0,0.004694034243362268,0.00428166310934165,0.4123711340206186,0.011721374331317572,974,194,0
2017-11-30,development,COMPOSITE,long_only,25.0,0.004694034243362268,0.003663106408310722,0.4123711340206186,0.011721374331317572,974,194,0
2017-11-30,development,COMPOSITE,long_short,0.0,-0.020513899927931695,-0.020513899927931695,0.8144329896907216,0.011721374331317572,974,194,194
2017-11-30,development,COMPOSITE,long_short,10.0,-0.020513899927931695,-0.021328332917622417,0.8144329896907216,0.011721374331317572,974,194,194
2017-11-30,development,COMPOSITE,long_short,25.0,-0.020513899927931695,-0.0225499824021585,0.8144329896907216,0.011721374331317572,974,194,194
2017-11-30,development,LV,long_only,0.0,0.008319931980742875,0.008319931980742875,0.3248730964467005,0.012025429402299543,989,197,0
2017-11-30,development,LV,long_only,10.0,0.008319931980742875,0.007995058884296174,0.3248730964467005,0.012025429402299543,989,197,0
2017-11-30,development,LV,long_only,25.0,0.008319931980742875,0.007507749239626124,0.3248730964467005,0.012025429402299543,989,197,0
2017-11-30,development,LV,long_short,0.0,-0.013984034563929926,-0.013984034563929926,0.6294416243654822,0.012025429402299543,989,197,197
2017-11-30,development,LV,long_short,10.0,-0.013984034563929926,-0.014613476188295409,0.6294416243654822,0.012025429402299543,989,197,197
2017-11-30,development,LV,long_short,25.0,-0.013984034563929926,-0.015557638624843632,0.6294416243654822,0.012025429402299543,989,197,197
2017-11-30,development,MOM,long_only,0.0,0.0030549748278403304,0.0030549748278403304,0.5612244897959184,0.011937452296850072,981,196,0
2017-11-30,development,MOM,long_only,10.0,0.0030549748278403304,0.0024937503380444118,0.5612244897959184,0.011937452296850072,981,196,0
2017-11-30,development,MOM,long_only,25.0,0.0030549748278403304,0.0016519136033505341,0.5612244897959184,0.011937452296850072,981,196,0
2017-11-30,development,MOM,long_short,0.0,-0.015095854499526672,-0.015095854499526672,1.1224489795918369,0.011937452296850072,981,196,196
2017-11-30,development,MOM,long_short,10.0,-0.015095854499526672,-0.01621830347911851,1.1224489795918369,0.011937452296850072,981,196,196
2017-11-30,development,MOM,long_short,25.0,-0.015095854499526672,-0.017901976948506267,1.1224489795918369,0.011937452296850072,981,196,196
2017-11-30,development,QUALITY,long_only,0.0,0.008402072456345137,0.008402072456345137,0.07179487179487178,0.011730003791809657,975,195,0
2017-11-30,development,QUALITY,long_only,10.0,0.008402072456345137,0.008330277584550265,0.07179487179487178,0.011730003791809657,975,195,0
2017-11-30,development,QUALITY,long_only,25.0,0.008402072456345137,0.008222585276857958,0.07179487179487178,0.011730003791809657,975,195,0
2017-11-30,development,QUALITY,long_short,0.0,-0.014230984017748062,-0.014230984017748062,0.21538461538461534,0.011730003791809657,975,195,195
2017-11-30,development,QUALITY,long_short,10.0,-0.014230984017748062,-0.014446368633132678,0.21538461538461534,0.011730003791809657,975,195,195
2017-11-30,development,QUALITY,long_short,25.0,-0.014230984017748062,-0.0147694455562096,0.21538461538461534,0.011730003791809657,975,195,195
2017-11-30,development,SIZE,long_only,0.0,0.004619570697780823,0.004619570697780823,0.3316582914572864,0.01198000075794186,999,199,0
2017-11-30,development,SIZE,long_only,10.0,0.004619570697780823,0.004287912406323536,0.3316582914572864,0.01198000075794186,999,199,0
2017-11-30,development,SIZE,long_only,25.0,0.004619570697780823,0.0037904249691376067,0.3316582914572864,0.01198000075794186,999,199,0
2017-11-30,development,SIZE,long_short,0.0,-0.0029200272327084527,-0.0029200272327084527,0.38190954773869346,0.01198000075794186,999,199,199
2017-11-30,development,SIZE,long_short,10.0,-0.0029200272327084527,-0.0033019367804471463,0.38190954773869346,0.01198000075794186,999,199,199
2017-11-30,development,SIZE,long_short,25.0,-0.0029200272327084527,-0.003874801102055186,0.38190954773869346,0.01198000075794186,999,199,199
2017-11-30,development,VALUE,long_only,0.0,0.01782736510322272,0.01782736510322272,0.19148936170212763,0.011706219894047845,943,188,0
2017-11-30,development,VALUE,long_only,10.0,0.01782736510322272,0.017635875741520594,0.19148936170212763,0.011706219894047845,943,188,0
2017-11-30,development,VALUE,long_only,25.0,0.01782736510322272,0.0173486416989674,0.19148936170212763,0.011706219894047845,943,188,0
2017-11-30,development,VALUE,long_short,0.0,0.00934609192567082,0.00934609192567082,0.3723404255319148,0.011706219894047845,943,188,188
2017-11-30,development,VALUE,long_short,10.0,0.00934609192567082,0.008973751500138906,0.3723404255319148,0.011706219894047845,943,188,188
2017-11-30,development,VALUE,long_short,25.0,0.00934609192567082,0.008415240861841033,0.3723404255319148,0.011706219894047845,943,188,188
2017-12-29,development,COMPOSITE,long_only,0.0,0.047117729772616204,0.047117729772616204,0.35051546391752575,0.057302584353402984,974,194,0
2017-12-29,development,COMPOSITE,long_only,10.0,0.047117729772616204,0.04676721430869868,0.35051546391752575,0.057302584353402984,974,194,0
2017-12-29,development,COMPOSITE,long_only,25.0,0.047117729772616204,0.04624144111282239,0.35051546391752575,0.057302584353402984,974,194,0
2017-12-29,development,COMPOSITE,long_short,0.0,-0.007458131147423875,-0.007458131147423875,0.6907216494845361,0.057302584353402984,974,194,194
2017-12-29,development,COMPOSITE,long_short,10.0,-0.007458131147423875,-0.00814885279690841,0.6907216494845361,0.057302584353402984,974,194,194
2017-12-29,development,COMPOSITE,long_short,25.0,-0.007458131147423875,-0.009184935271135215,0.6907216494845361,0.057302584353402984,974,194,194
2017-12-29,development,LV,long_only,0.0,0.04686489030838011,0.04686489030838011,0.5380710659898478,0.0590294040931083,989,197,0
2017-12-29,development,LV,long_only,10.0,0.04686489030838011,0.046326819242390266,0.5380710659898478,0.0590294040931083,989,197,0
2017-12-29,development,LV,long_only,25.0,0.04686489030838011,0.04551971264340549,0.5380710659898478,0.0590294040931083,989,197,0
2017-12-29,development,LV,long_short,0.0,-0.003319427338543018,-0.003319427338543018,1.0253807106598984,0.0590294040931083,989,197,197
2017-12-29,development,LV,long_short,10.0,-0.003319427338543018,-0.004344808049202916,1.0253807106598984,0.0590294040931083,989,197,197
2017-12-29,development,LV,long_short,25.0,-0.003319427338543018,-0.005882879115192764,1.0253807106598984,0.0590294040931083,989,197,197
2017-12-29,development,MOM,long_only,0.0,0.06852040652247768,0.06852040652247768,0.6428571428571428,0.05889420789329772,983,196,0
2017-12-29,development,MOM,long_only,10.0,0.06852040652247768,0.06787754937962054,0.6428571428571428,0.05889420789329772,983,196,0
2017-12-29,development,MOM,long_only,25.0,0.06852040652247768,0.06691326366533482,0.6428571428571428,0.05889420789329772,983,196,0
2017-12-29,development,MOM,long_short,0.0,0.038821466947148955,0.038821466947148955,1.204081632653061,0.05889420789329772,983,196,196
2017-12-29,development,MOM,long_short,10.0,0.038821466947148955,0.03761738531449589,1.204081632653061,0.05889420789329772,983,196,196
2017-12-29,development,MOM,long_short,25.0,0.038821466947148955,0.0358112628655163,1.204081632653061,0.05889420789329772,983,196,196
2017-12-29,development,QUALITY,long_only,0.0,0.06188284430744899,0.06188284430744899,0.06153846153846152,0.057302584353402984,974,194,0
2017-12-29,development,QUALITY,long_only,10.0,0.06188284430744899,0.06182130584591053,0.06153846153846152,0.057302584353402984,974,194,0
2017-12-29,development,QUALITY,long_only,25.0,0.06188284430744899,0.06172899815360283,0.06153846153846152,0.057302584353402984,974,194,0
2017-12-29,development,QUALITY,long_short,0.0,0.01107582281676446,0.01107582281676446,0.21538461538461534,0.057302584353402984,974,194,194
2017-12-29,development,QUALITY,long_short,10.0,0.01107582281676446,0.010860438201379845,0.21538461538461534,0.057302584353402984,974,194,194
2017-12-29,development,QUALITY,long_short,25.0,0.01107582281676446,0.010537361278302923,0.21538461538461534,0.057302584353402984,974,194,194
2017-12-29,development,SIZE,long_only,0.0,0.025313431774324126,0.025313431774324126,0.27,0.058942419493538276,1000,200,0
2017-12-29,development,SIZE,long_only,10.0,0.025313431774324126,0.025043431774324127,0.27,0.058942419493538276,1000,200,0
2017-12-29,development,SIZE,long_only,25.0,0.025313431774324126,0.024638431774324128,0.27,0.058942419493538276,1000,200,0
2017-12-29,development,SIZE,long_short,0.0,-0.031197480128417065,-0.031197480128417065,0.32999999999999996,0.058942419493538276,1000,200,200
2017-12-29,development,SIZE,long_short,10.0,-0.031197480128417065,-0.031527480128417065,0.32999999999999996,0.058942419493538276,1000,200,200
2017-12-29,development,SIZE,long_short,25.0,-0.031197480128417065,-0.03202248012841707,0.32999999999999996,0.058942419493538276,1000,200,200
2017-12-29,development,VALUE,long_only,0.0,0.0311176154131292,0.0311176154131292,0.12765957446808507,0.057688315803305065,939,187,0
2017-12-29,development,VALUE,long_only,10.0,0.0311176154131292,0.030989955838661112,0.12765957446808507,0.057688315803305065,939,187,0
2017-12-29,development,VALUE,long_only,25.0,0.0311176154131292,0.030798466476958986,0.12765957446808507,0.057688315803305065,939,187,0
2017-12-29,development,VALUE,long_short,0.0,-0.014898509910693459,-0.014898509910693459,0.32978723404255306,0.057688315803305065,939,187,187
2017-12-29,development,VALUE,long_short,10.0,-0.014898509910693459,-0.015228297144736011,0.32978723404255306,0.057688315803305065,939,187,187
2017-12-29,development,VALUE,long_short,25.0,-0.014898509910693459,-0.01572297799579984,0.32978723404255306,0.057688315803305065,939,187,187
2018-01-31,development,COMPOSITE,long_only,0.0,-0.03074279107863556,-0.03074279107863556,0.31794871794871793,-0.03445403244032981,975,195,0
2018-01-31,development,COMPOSITE,long_only,10.0,-0.03074279107863556,-0.031060739796584275,0.31794871794871793,-0.03445403244032981,975,195,0
2018-01-31,development,COMPOSITE,long_only,25.0,-0.03074279107863556,-0.03153766287350735,0.31794871794871793,-0.03445403244032981,975,195,0
2018-01-31,development,COMPOSITE,long_short,0.0,0.0037272837280612385,0.0037272837280612385,0.6564102564102564,-0.03445403244032981,975,195,195
2018-01-31,development,COMPOSITE,long_short,10.0,0.0037272837280612385,0.003070873471650982,0.6564102564102564,-0.03445403244032981,975,195,195
2018-01-31,development,COMPOSITE,long_short,25.0,0.0037272837280612385,0.0020862580870355976,0.6564102564102564,-0.03445403244032981,975,195,195
2018-01-31,development,LV,long_only,0.0,-0.037770312366229054,-0.037770312366229054,0.2842639593908629,-0.03495073331085384,989,197,0
2018-01-31,development,LV,long_only,10.0,-0.037770312366229054,-0.03805457632561992,0.2842639593908629,-0.03495073331085384,989,197,0
2018-01-31,development,LV,long_only,25.0,-0.037770312366229054,-0.03848097226470621,0.2842639593908629,-0.03495073331085384,989,197,0
2018-01-31,development,LV,long_short,0.0,-0.011013716124746439,-0.011013716124746439,0.5177664974619289,-0.03495073331085384,989,197,197
2018-01-31,development,LV,long_short,10.0,-0.011013716124746439,-0.011531482622208367,0.5177664974619289,-0.03495073331085384,989,197,197
2018-01-31,development,LV,long_short,25.0,-0.011013716124746439,-0.01230813236840126,0.5177664974619289,-0.03495073331085384,989,197,197
2018-01-31,development,MOM,long_only,0.0,-0.028591480729961913,-0.028591480729961913,0.5510204081632653,-0.03508714067439286,983,196,0
2018-01-31,development,MOM,long_only,10.0,-0.028591480729961913,-0.02914250113812518,0.5510204081632653,-0.03508714067439286,983,196,0
2018-01-31,development,MOM,long_only,25.0,-0.028591480729961913,-0.029969031750370075,0.5510204081632653,-0.03508714067439286,983,196,0
2018-01-31,development,MOM,long_short,0.0,0.015158052625394457,0.015158052625394457,1.0510204081632653,-0.03508714067439286,983,196,196
2018-01-31,development,MOM,long_short,10.0,0.015158052625394457,0.014107032217231192,1.0510204081632653,-0.03508714067439286,983,196,196
2018-01-31,development,MOM,long_short,25.0,0.015158052625394457,0.012530501604986293,1.0510204081632653,-0.03508714067439286,983,196,196
2018-01-31,development,QUALITY,long_only,0.0,-0.02569609742545724,-0.02569609742545724,0.07179487179487178,-0.03445403244032981,975,195,0
2018-01-31,development,QUALITY,long_only,10.0,-0.02569609742545724,-0.025767892297252112,0.07179487179487178,-0.03445403244032981,975,195,0
2018-01-31,development,QUALITY,long_only,25.0,-0.02569609742545724,-0.02587558460494442,0.07179487179487178,-0.03445403244032981,975,195,0
2018-01-31,development,QUALITY,long_short,0.0,0.0172848278490895,0.0172848278490895,0.18461538461538457,-0.03445403244032981,975,195,195
2018-01-31,development,QUALITY,long_short,10.0,0.0172848278490895,0.017100212464474115,0.18461538461538457,-0.03445403244032981,975,195,195
2018-01-31,development,QUALITY,long_short,25.0,0.0172848278490895,0.016823289387551038,0.18461538461538457,-0.03445403244032981,975,195,195
2018-01-31,development,SIZE,long_only,0.0,-0.03781222808586705,-0.03781222808586705,0.30999999999999994,-0.03522128869836118,999,199,0
2018-01-31,development,SIZE,long_only,10.0,-0.03781222808586705,-0.03812222808586705,0.30999999999999994,-0.03522128869836118,999,199,0
2018-01-31,development,SIZE,long_only,25.0,-0.03781222808586705,-0.03858722808586705,0.30999999999999994,-0.03522128869836118,999,199,0
2018-01-31,development,SIZE,long_short,0.0,0.0013394622178940266,0.0013394622178940266,0.38,-0.03522128869836118,999,199,199
2018-01-31,development,SIZE,long_short,10.0,0.0013394622178940266,0.0009594622178940266,0.38,-0.03522128869836118,999,199,199
2018-01-31,development,SIZE,long_short,25.0,0.0013394622178940266,0.00038946221789402664,0.38,-0.03522128869836118,999,199,199
2018-01-31,development,VALUE,long_only,0.0,-0.04056567379778772,-0.04056567379778772,0.1382978723404255,-0.03440943597063655,941,188,0
2018-01-31,development,VALUE,long_only,10.0,-0.04056567379778772,-0.040703971670128146,0.1382978723404255,-0.03440943597063655,941,188,0
2018-01-31,development,VALUE,long_only,25.0,-0.04056567379778772,-0.040911418478638786,0.1382978723404255,-0.03440943597063655,941,188,0
2018-01-31,development,VALUE,long_short,0.0,-0.0027955391909945805,-0.0027955391909945805,0.2872340425531914,-0.03440943597063655,941,188,188
2018-01-31,development,VALUE,long_short,10.0,-0.0027955391909945805,-0.003082773233547772,0.2872340425531914,-0.03440943597063655,941,188,188
2018-01-31,development,VALUE,long_short,25.0,-0.0027955391909945805,-0.003513624297377559,0.2872340425531914,-0.03440943597063655,941,188,188
2018-02-28,development,COMPOSITE,long_only,0.0,-0.001810803031049982,-0.001810803031049982,0.3794871794871796,-0.02282220247652738,968,193,0
2018-02-28,development,COMPOSITE,long_only,10.0,-0.001810803031049982,-0.0021902902105371616,0.3794871794871796,-0.02282220247652738,968,193,0
2018-02-28,development,COMPOSITE,long_only,25.0,-0.001810803031049982,-0.002759520979767931,0.3794871794871796,-0.02282220247652738,968,193,0
2018-02-28,development,COMPOSITE,long_short,0.0,0.017332595084629816,0.017332595084629816,0.6974358974358976,-0.02282220247652738,968,193,193
2018-02-28,development,COMPOSITE,long_short,10.0,0.017332595084629816,0.01663515918719392,0.6974358974358976,-0.02282220247652738,968,193,193
2018-02-28,development,COMPOSITE,long_short,25.0,0.017332595084629816,0.015589005341040072,0.6974358974358976,-0.02282220247652738,968,193,193
2018-02-28,development,LV,long_only,0.0,-0.007964503150639164,-0.007964503150639164,0.3350253807106599,-0.023873319495980268,987,197,0
2018-02-28,development,LV,long_only,10.0,-0.007964503150639164,-0.008299528531349824,0.3350253807106599,-0.023873319495980268,987,197,0
2018-02-28,development,LV,long_only,25.0,-0.007964503150639164,-0.008802066602415814,0.3350253807106599,-0.023873319495980268,987,197,0
2018-02-28,development,LV,long_short,0.0,-0.0029195141207444273,-0.0029195141207444273,0.6903553299492385,-0.023873319495980268,987,197,197
2018-02-28,development,LV,long_short,10.0,-0.0029195141207444273,-0.003609869450693666,0.6903553299492385,-0.023873319495980268,987,197,197
2018-02-28,development,LV,long_short,25.0,-0.0029195141207444273,-0.004645402445617524,0.6903553299492385,-0.023873319495980268,987,197,197
2018-02-28,development,MOM,long_only,0.0,-0.008241408874447343,-0.008241408874447343,0.5306122448979592,-0.02392147746316586,981,196,0
2018-02-28,development,MOM,long_only,10.0,-0.008241408874447343,-0.008772021119345302,0.5306122448979592,-0.02392147746316586,981,196,0
2018-02-28,development,MOM,long_only,25.0,-0.008241408874447343,-0.009567939486692241,0.5306122448979592,-0.02392147746316586,981,196,0
2018-02-28,development,MOM,long_short,0.0,-0.0018855257577086184,-0.0018855257577086184,0.9693877551020408,-0.02392147746316586,981,196,196
2018-02-28,development,MOM,long_short,10.0,-0.0018855257577086184,-0.002854913512810659,0.9693877551020408,-0.02392147746316586,981,196,196
2018-02-28,development,MOM,long_short,25.0,-0.0018855257577086184,-0.00430899514546372,0.9693877551020408,-0.02392147746316586,981,196,196
2018-02-28,development,QUALITY,long_only,0.0,0.004023564057039901,0.004023564057039901,0.11282051282051284,-0.02282220247652738,968,193,0
2018-02-28,development,QUALITY,long_only,10.0,0.004023564057039901,0.003910743544219388,0.11282051282051284,-0.02282220247652738,968,193,0
2018-02-28,development,QUALITY,long_only,25.0,0.004023564057039901,0.0037415127749886186,0.11282051282051284,-0.02282220247652738,968,193,0
2018-02-28,development,QUALITY,long_short,0.0,0.028136755933265697,0.028136755933265697,0.2564102564102565,-0.02282220247652738,968,193,193
2018-02-28,development,QUALITY,long_short,10.0,0.028136755933265697,0.02788034567685544,0.2564102564102565,-0.02282220247652738,968,193,193
2018-02-28,development,QUALITY,long_short,25.0,0.028136755933265697,0.027495730292240055,0.2564102564102565,-0.02282220247652738,968,193,193
2018-02-28,development,SIZE,long_only,0.0,0.004011330097317306,0.004011330097317306,0.3216080402010051,-0.02434252749968773,994,198,0
2018-02-28,development,SIZE,long_only,10.0,0.004011330097317306,0.0036897220571163007,0.3216080402010051,-0.02434252749968773,994,198,0
2018-02-28,development,SIZE,long_only,25.0,0.004011330097317306,0.0032073099968147932,0.3216080402010051,-0.02434252749968773,994,198,0
2018-02-28,development,SIZE,long_short,0.0,0.023691774877298975,0.023691774877298975,0.41206030150753786,-0.02434252749968773,994,198,198
2018-02-28,development,SIZE,long_short,10.0,0.023691774877298975,0.02327971457579144,0.41206030150753786,-0.02434252749968773,994,198,198
2018-02-28,development,SIZE,long_short,25.0,0.023691774877298975,0.02266162412353013,0.41206030150753786,-0.02434252749968773,994,198,198
2018-02-28,development,VALUE,long_only,0.0,-0.012453429542366348,-0.012453429542366348,0.1595744680851065,-0.022893428933909145,933,186,0
2018-02-28,development,VALUE,long_only,10.0,-0.012453429542366348,-0.012613004010451455,0.1595744680851065,-0.022893428933909145,933,186,0
2018-02-28,development,VALUE,long_only,25.0,-0.012453429542366348,-0.012852365712579115,0.1595744680851065,-0.022893428933909145,933,186,0
2018-02-28,development,VALUE,long_short,0.0,-0.015731617287962407,-0.015731617287962407,0.3404255319148939,-0.022893428933909145,933,186,186
2018-02-28,development,VALUE,long_short,10.0,-0.015731617287962407,-0.0160720428198773,0.3404255319148939,-0.022893428933909145,933,186,186
2018-02-28,development,VALUE,long_short,25.0,-0.015731617287962407,-0.016582681117749642,0.3404255319148939,-0.022893428933909145,933,186,186
2018-03-29,development,COMPOSITE,long_only,0.0,-0.003637303829366681,-0.003637303829366681,0.42268041237113413,0.004253371727594869,970,194,0
2018-03-29,development,COMPOSITE,long_only,10.0,-0.003637303829366681,-0.004059984241737815,0.42268041237113413,0.004253371727594869,970,194,0
2018-03-29,development,COMPOSITE,long_only,25.0,-0.003637303829366681,-0.004694004860294516,0.42268041237113413,0.004253371727594869,970,194,0
2018-03-29,development,COMPOSITE,long_short,0.0,-0.00037515795780610384,-0.00037515795780610384,0.7525773195876291,0.004253371727594869,970,194,194
2018-03-29,development,COMPOSITE,long_short,10.0,-0.00037515795780610384,-0.001127735277393733,0.7525773195876291,0.004253371727594869,970,194,194
2018-03-29,development,COMPOSITE,long_short,25.0,-0.00037515795780610384,-0.002256601256775176,0.7525773195876291,0.004253371727594869,970,194,194
2018-03-29,development,LV,long_only,0.0,-0.0015105031027819443,-0.0015105031027819443,0.40404040404040403,0.0036914019501716865,991,198,0
2018-03-29,development,LV,long_only,10.0,-0.0015105031027819443,-0.0019145435068223483,0.40404040404040403,0.0036914019501716865,991,198,0
2018-03-29,development,LV,long_only,25.0,-0.0015105031027819443,-0.0025206041128829544,0.40404040404040403,0.0036914019501716865,991,198,0
2018-03-29,development,LV,long_short,0.0,-0.00023327184106191907,-0.00023327184106191907,0.7474747474747474,0.0036914019501716865,991,198,198
2018-03-29,development,LV,long_short,10.0,-0.00023327184106191907,-0.0009807465885366665,0.7474747474747474,0.0036914019501716865,991,198,198
2018-03-29,development,LV,long_short,25.0,-0.00023327184106191907,-0.0021019587097487876,0.7474747474747474,0.0036914019501716865,991,198,198
2018-03-29,development,MOM,long_only,0.0,0.004174195096384975,0.004174195096384975,0.520408163265306,0.0037262557524481025,983,196,0
2018-03-29,development,MOM,long_only,10.0,0.004174195096384975,0.0036537869331196692,0.520408163265306,0.0037262557524481025,983,196,0
2018-03-29,development,MOM,long_only,25.0,0.004174195096384975,0.0028731746882217097,0.520408163265306,0.0037262557524481025,983,196,0
2018-03-29,development,MOM,long_short,0.0,0.010107544638416177,0.010107544638416177,1.020408163265306,0.0037262557524481025,983,196,196
2018-03-29,development,MOM,long_short,10.0,0.010107544638416177,0.009087136475150871,1.020408163265306,0.0037262557524481025,983,196,196
2018-03-29,development,MOM,long_short,25.0,0.010107544638416177,0.0075565242302529124,1.020408163265306,0.0037262557524481025,983,196,196
2018-03-29,development,QUALITY,long_only,0.0,-0.008730886853559343,-0.008730886853559343,0.11340206185567014,0.004253371727594869,970,194,0
2018-03-29,development,QUALITY,long_only,10.0,-0.008730886853559343,-0.008844288915415013,0.11340206185567014,0.004253371727594869,970,194,0
2018-03-29,development,QUALITY,long_only,25.0,-0.008730886853559343,-0.009014392008198518,0.11340206185567014,0.004253371727594869,970,194,0
2018-03-29,development,QUALITY,long_short,0.0,-0.007002242369160061,-0.007002242369160061,0.2577319587628867,0.004253371727594869,970,194,194
2018-03-29,development,QUALITY,long_short,10.0,-0.007002242369160061,-0.007259974327922947,0.2577319587628867,0.004253371727594869,970,194,194
2018-03-29,development,QUALITY,long_short,25.0,-0.007002242369160061,-0.0076465722660672775,0.2577319587628867,0.004253371727594869,970,194,194
2018-03-29,development,SIZE,long_only,0.0,-0.0065580867676220764,-0.0065580867676220764,0.27135678391959805,0.0036269816515269674,997,199,0
2018-03-29,development,SIZE,long_only,10.0,-0.0065580867676220764,-0.0068294435515416745,0.27135678391959805,0.0036269816515269674,997,199,0
2018-03-29,development,SIZE,long_only,25.0,-0.0065580867676220764,-0.0072364787274210715,0.27135678391959805,0.0036269816515269674,997,199,0
2018-03-29,development,SIZE,long_short,0.0,-0.008470902758012103,-0.008470902758012103,0.35175879396984944,0.0036269816515269674,997,199,199
2018-03-29,development,SIZE,long_short,10.0,-0.008470902758012103,-0.008822661551981952,0.35175879396984944,0.0036269816515269674,997,199,199
2018-03-29,development,SIZE,long_short,25.0,-0.008470902758012103,-0.009350299742936727,0.35175879396984944,0.0036269816515269674,997,199,199
2018-03-29,development,VALUE,long_only,0.0,0.0014523880721010911,0.0014523880721010911,0.13903743315508038,0.004988669308964409,937,187,0
2018-03-29,development,VALUE,long_only,10.0,0.0014523880721010911,0.0013133506389460107,0.13903743315508038,0.004988669308964409,937,187,0
2018-03-29,development,VALUE,long_only,25.0,0.0014523880721010911,0.0011047944892133902,0.13903743315508038,0.004988669308964409,937,187,0
2018-03-29,development,VALUE,long_short,0.0,-0.006362412574692464,-0.006362412574692464,0.29946524064171154,0.004988669308964409,937,187,187
2018-03-29,development,VALUE,long_short,10.0,-0.006362412574692464,-0.006661877815334176,0.29946524064171154,0.004988669308964409,937,187,187
2018-03-29,development,VALUE,long_short,25.0,-0.006362412574692464,-0.007111075676296743,0.29946524064171154,0.004988669308964409,937,187,187
2018-04-30,development,COMPOSITE,long_only,0.0,0.05134000358586887,0.05134000358586887,0.39175257731958757,0.024061393847845187,970,194,0
2018-04-30,development,COMPOSITE,long_only,10.0,0.05134000358586887,0.05094825100854928,0.39175257731958757,0.024061393847845187,970,194,0
2018-04-30,development,COMPOSITE,long_only,25.0,0.05134000358586887,0.0503606221425699,0.39175257731958757,0.024061393847845187,970,194,0
2018-04-30,development,COMPOSITE,long_short,0.0,0.032066456608659366,0.032066456608659366,0.7525773195876289,0.024061393847845187,970,194,194
2018-04-30,development,COMPOSITE,long_short,10.0,0.032066456608659366,0.031313879289071735,0.7525773195876289,0.024061393847845187,970,194,194
2018-04-30,development,COMPOSITE,long_short,25.0,0.032066456608659366,0.030185013309690294,0.7525773195876289,0.024061393847845187,970,194,194
2018-04-30,development,LV,long_only,0.0,0.02962826685464835,0.02962826685464835,0.2525252525252525,0.025437898522780743,989,197,0
2018-04-30,development,LV,long_only,10.0,0.02962826685464835,0.029375741602123095,0.2525252525252525,0.025437898522780743,989,197,0
2018-04-30,development,LV,long_only,25.0,0.02962826685464835,0.028996953723335217,0.2525252525252525,0.025437898522780743,989,197,0
2018-04-30,development,LV,long_short,0.0,-0.02964758989799527,-0.02964758989799527,0.5050505050505049,0.025437898522780743,989,197,197
2018-04-30,development,LV,long_short,10.0,-0.02964758989799527,-0.030152640403045775,0.5050505050505049,0.025437898522780743,989,197,197
2018-04-30,development,LV,long_short,25.0,-0.02964758989799527,-0.030910216160621534,0.5050505050505049,0.025437898522780743,989,197,197
2018-04-30,development,MOM,long_only,0.0,0.05976041887350001,0.05976041887350001,0.4693877551020408,0.02536713497615564,983,196,0
2018-04-30,development,MOM,long_only,10.0,0.05976041887350001,0.05929103111839797,0.4693877551020408,0.02536713497615564,983,196,0
2018-04-30,development,MOM,long_only,25.0,0.05976041887350001,0.05858694948574491,0.4693877551020408,0.02536713497615564,983,196,0
2018-04-30,development,MOM,long_short,0.0,0.04577217346381017,0.04577217346381017,0.9897959183673468,0.02536713497615564,983,196,196
2018-04-30,development,MOM,long_short,10.0,0.04577217346381017,0.04478237754544282,0.9897959183673468,0.02536713497615564,983,196,196
2018-04-30,development,MOM,long_short,25.0,0.04577217346381017,0.0432976836678918,0.9897959183673468,0.02536713497615564,983,196,196
2018-04-30,development,QUALITY,long_only,0.0,0.05618241039204544,0.05618241039204544,0.13402061855670103,0.02434810759727945,971,194,0
2018-04-30,development,QUALITY,long_only,10.0,0.05618241039204544,0.056048389773488735,0.13402061855670103,0.02434810759727945,971,194,0
2018-04-30,development,QUALITY,long_only,25.0,0.05618241039204544,0.055847358845653686,0.13402061855670103,0.02434810759727945,971,194,0
2018-04-30,development,QUALITY,long_short,0.0,0.03547695961360291,0.03547695961360291,0.30927835051546393,0.02434810759727945,971,194,194
2018-04-30,development,QUALITY,long_short,10.0,0.03547695961360291,0.03516768126308744,0.30927835051546393,0.02434810759727945,971,194,194
2018-04-30,development,QUALITY,long_short,25.0,0.03547695961360291,0.03470376373731425,0.30927835051546393,0.02434810759727945,971,194,194
2018-04-30,development,SIZE,long_only,0.0,0.04453073649318243,0.04453073649318243,0.2814070351758794,0.025577501404957015,997,199,0
2018-04-30,development,SIZE,long_only,10.0,0.04453073649318243,0.044249329458006546,0.2814070351758794,0.025577501404957015,997,199,0
2018-04-30,development,SIZE,long_only,25.0,0.04453073649318243,0.04382721890524273,0.2814070351758794,0.025577501404957015,997,199,0
2018-04-30,development,SIZE,long_short,0.0,0.02625230754063784,0.02625230754063784,0.3316582914572864,0.025577501404957015,997,199,199
2018-04-30,development,SIZE,long_short,10.0,0.02625230754063784,0.02592064924918055,0.3316582914572864,0.025577501404957015,997,199,199
2018-04-30,development,SIZE,long_short,25.0,0.02625230754063784,0.025423161811994624,0.3316582914572864,0.025577501404957015,997,199,199
2018-04-30,development,VALUE,long_only,0.0,0.012382899119093706,0.012382899119093706,0.213903743315508,0.024765487969277723,938,187,0
2018-04-30,development,VALUE,long_only,10.0,0.012382899119093706,0.012168995375778199,0.213903743315508,0.024765487969277723,938,187,0
2018-04-30,development,VALUE,long_only,25.0,0.012382899119093706,0.011848139760804937,0.213903743315508,0.024765487969277723,938,187,0
2018-04-30,development,VALUE,long_short,0.0,-0.02185638933599103,-0.02185638933599103,0.4171122994652406,0.024765487969277723,938,187,187
2018-04-30,development,VALUE,long_short,10.0,-0.02185638933599103,-0.022273501635456272,0.4171122994652406,0.024765487969277723,938,187,187
2018-04-30,development,VALUE,long_short,25.0,-0.02185638933599103,-0.02289917008465413,0.4171122994652406,0.024765487969277723,938,187,187
2018-05-31,development,COMPOSITE,long_only,0.0,0.009096028507394811,0.009096028507394811,0.4020618556701032,0.004700132256284523,967,193,0
2018-05-31,development,COMPOSITE,long_only,10.0,0.009096028507394811,0.008693966651724708,0.4020618556701032,0.004700132256284523,967,193,0
2018-05-31,development,COMPOSITE,long_only,25.0,0.009096028507394811,0.008090873868219554,0.4020618556701032,0.004700132256284523,967,193,0
2018-05-31,development,COMPOSITE,long_short,0.0,0.004984418687276746,0.004984418687276746,0.7835051546391755,0.004700132256284523,967,193,193
2018-05-31,development,COMPOSITE,long_short,10.0,0.004984418687276746,0.00420091353263757,0.7835051546391755,0.004700132256284523,967,193,193
2018-05-31,development,COMPOSITE,long_short,25.0,0.004984418687276746,0.003025655800678807,0.7835051546391755,0.004700132256284523,967,193,193
2018-05-31,development,LV,long_only,0.0,0.008461118378020561,0.008461118378020561,0.3248730964467005,0.005517557865704193,985,197,0
2018-05-31,development,LV,long_only,10.0,0.008461118378020561,0.00813624528157386,0.3248730964467005,0.005517557865704193,985,197,0
2018-05-31,development,LV,long_only,25.0,0.008461118378020561,0.00764893563690381,0.3248730964467005,0.005517557865704193,985,197,0
2018-05-31,development,LV,long_short,0.0,-0.0029818330162671956,-0.0029818330162671956,0.649746192893401,0.005517557865704193,985,197,197
2018-05-31,development,LV,long_short,10.0,-0.0029818330162671956,-0.0036315792091605966,0.649746192893401,0.005517557865704193,985,197,197
2018-05-31,development,LV,long_short,25.0,-0.0029818330162671956,-0.004606198498500698,0.649746192893401,0.005517557865704193,985,197,197
2018-05-31,development,MOM,long_only,0.0,-0.0023390991025760803,-0.0023390991025760803,0.42857142857142855,0.005571819028076328,982,196,0
2018-05-31,development,MOM,long_only,10.0,-0.0023390991025760803,-0.002767670531147509,0.42857142857142855,0.005571819028076328,982,196,0
2018-05-31,development,MOM,long_only,25.0,-0.0023390991025760803,-0.0034105276740046516,0.42857142857142855,0.005571819028076328,982,196,0
2018-05-31,development,MOM,long_short,0.0,-0.025899746218235903,-0.025899746218235903,0.8979591836734693,0.005571819028076328,982,196,196
2018-05-31,development,MOM,long_short,10.0,-0.025899746218235903,-0.026797705401909372,0.8979591836734693,0.005571819028076328,982,196,196
2018-05-31,development,MOM,long_short,25.0,-0.025899746218235903,-0.028144644177419575,0.8979591836734693,0.005571819028076328,982,196,196
2018-05-31,development,QUALITY,long_only,0.0,0.024503026963523977,0.024503026963523977,0.11340206185567013,0.004545195516406529,968,193,0
2018-05-31,development,QUALITY,long_only,10.0,0.024503026963523977,0.024389624901668308,0.11340206185567013,0.004545195516406529,968,193,0
2018-05-31,development,QUALITY,long_only,25.0,0.024503026963523977,0.0242195218088848,0.11340206185567013,0.004545195516406529,968,193,0
2018-05-31,development,QUALITY,long_short,0.0,0.02419058893773622,0.02419058893773622,0.26804123711340216,0.004545195516406529,968,193,193
2018-05-31,development,QUALITY,long_short,10.0,0.02419058893773622,0.02392254770062282,0.26804123711340216,0.004545195516406529,968,193,193
2018-05-31,development,QUALITY,long_short,25.0,0.02419058893773622,0.023520485844952716,0.26804123711340216,0.004545195516406529,968,193,193
2018-05-31,development,SIZE,long_only,0.0,0.006290649033809566,0.006290649033809566,0.3015075376884422,0.005573434781045497,996,199,0
2018-05-31,development,SIZE,long_only,10.0,0.006290649033809566,0.005989141496121124,0.3015075376884422,0.005573434781045497,996,199,0
2018-05-31,development,SIZE,long_only,25.0,0.006290649033809566,0.0055368801895884605,0.3015075376884422,0.005573434781045497,996,199,0
2018-05-31,development,SIZE,long_short,0.0,0.005016392100619124,0.005016392100619124,0.3517587939698492,0.005573434781045497,996,199,199
2018-05-31,development,SIZE,long_short,10.0,0.005016392100619124,0.004664633306649275,0.3517587939698492,0.005573434781045497,996,199,199
2018-05-31,development,SIZE,long_short,25.0,0.005016392100619124,0.004136995115694501,0.3517587939698492,0.005573434781045497,996,199,199
2018-05-31,development,VALUE,long_only,0.0,0.0011953592369301563,0.0011953592369301563,0.18181818181818177,0.004359503960742531,937,187,0
2018-05-31,development,VALUE,long_only,10.0,0.0011953592369301563,0.0010135410551119744,0.18181818181818177,0.004359503960742531,937,187,0
2018-05-31,development,VALUE,long_only,25.0,0.0011953592369301563,0.0007408137823847018,0.18181818181818177,0.004359503960742531,937,187,0
2018-05-31,development,VALUE,long_short,0.0,-0.001177078953290893,-0.001177078953290893,0.3850267379679144,0.004359503960742531,937,187,187
2018-05-31,development,VALUE,long_short,10.0,-0.001177078953290893,-0.0015621056912588074,0.3850267379679144,0.004359503960742531,937,187,187
2018-05-31,development,VALUE,long_short,25.0,-0.001177078953290893,-0.002139645798210679,0.3850267379679144,0.004359503960742531,937,187,187
2018-06-29,development,COMPOSITE,long_only,0.0,0.01675784091188795,0.01675784091188795,0.41450777202072525,0.0340661543664736,960,192,0
2018-06-29,development,COMPOSITE,long_only,10.0,0.01675784091188795,0.016343333139867224,0.41450777202072525,0.0340661543664736,960,192,0
2018-06-29,development,COMPOSITE,long_only,25.0,0.01675784091188795,0.015721571481836137,0.41450777202072525,0.0340661543664736,960,192,0
2018-06-29,development,COMPOSITE,long_short,0.0,-0.002433756555801679,-0.002433756555801679,0.7875647668393779,0.0340661543664736,960,192,192
2018-06-29,development,COMPOSITE,long_short,10.0,-0.002433756555801679,-0.003221321322641057,0.7875647668393779,0.0340661543664736,960,192,192
2018-06-29,development,COMPOSITE,long_short,25.0,-0.002433756555801679,-0.004402668472900124,0.7875647668393779,0.0340661543664736,960,192,192
2018-06-29,development,LV,long_only,0.0,0.03267452474395083,0.03267452474395083,0.284263959390863,0.03536338274791749,979,195,0
2018-06-29,development,LV,long_only,10.0,0.03267452474395083,0.03239026078455996,0.284263959390863,0.03536338274791749,979,195,0
2018-06-29,development,LV,long_only,25.0,0.03267452474395083,0.03196386484547367,0.284263959390863,0.03536338274791749,979,195,0
2018-06-29,development,LV,long_short,0.0,0.018747295167057677,0.018747295167057677,0.7106598984771575,0.03536338274791749,979,195,195
2018-06-29,development,LV,long_short,10.0,0.018747295167057677,0.01803663526858052,0.7106598984771575,0.03536338274791749,979,195,195
2018-06-29,development,LV,long_short,25.0,0.018747295167057677,0.016970645420864783,0.7106598984771575,0.03536338274791749,979,195,195
2018-06-29,development,MOM,long_only,0.0,0.013302755187612744,0.013302755187612744,0.5714285714285715,0.035364480568463516,977,195,0
2018-06-29,development,MOM,long_only,10.0,0.013302755187612744,0.012731326616184173,0.5714285714285715,0.035364480568463516,977,195,0
2018-06-29,development,MOM,long_only,25.0,0.013302755187612744,0.011874183759041316,0.5714285714285715,0.035364480568463516,977,195,0
2018-06-29,development,MOM,long_short,0.0,-0.011561398622779013,-0.011561398622779013,1.1530612244897958,0.035364480568463516,977,195,195
2018-06-29,development,MOM,long_short,10.0,-0.011561398622779013,-0.012714459847268808,1.1530612244897958,0.035364480568463516,977,195,195
2018-06-29,development,MOM,long_short,25.0,-0.011561398622779013,-0.014444051684003503,1.1530612244897958,0.035364480568463516,977,195,195
2018-06-29,development,QUALITY,long_only,0.0,0.019900057328074636,0.019900057328074636,0.0621761658031087,0.03356275850107983,961,192,0
2018-06-29,development,QUALITY,long_only,10.0,0.019900057328074636,0.019837881162271528,0.0621761658031087,0.03356275850107983,961,192,0
2018-06-29,development,QUALITY,long_only,25.0,0.019900057328074636,0.019744616913566864,0.0621761658031087,0.03356275850107983,961,192,0
2018-06-29,development,QUALITY,long_short,0.0,0.0007422774913966612,0.0007422774913966612,0.18652849740932623,0.03356275850107983,961,192,192
2018-06-29,development,QUALITY,long_short,10.0,0.0007422774913966612,0.0005557489939873349,0.18652849740932623,0.03356275850107983,961,192,192
2018-06-29,development,QUALITY,long_short,25.0,0.0007422774913966612,0.00027595624787334555,0.18652849740932623,0.03356275850107983,961,192,192
2018-06-29,development,SIZE,long_only,0.0,0.01816420570061933,0.01816420570061933,0.27135678391959805,0.03492548815966469,993,198,0
2018-06-29,development,SIZE,long_only,10.0,0.01816420570061933,0.01789284891669973,0.27135678391959805,0.03492548815966469,993,198,0
2018-06-29,development,SIZE,long_only,25.0,0.01816420570061933,0.017485813740820335,0.27135678391959805,0.03492548815966469,993,198,0
2018-06-29,development,SIZE,long_short,0.0,-0.016346957733436994,-0.016346957733436994,0.34170854271356804,0.03492548815966469,993,198,198
2018-06-29,development,SIZE,long_short,10.0,-0.016346957733436994,-0.016688666276150562,0.34170854271356804,0.03492548815966469,993,198,198
2018-06-29,development,SIZE,long_short,25.0,-0.016346957733436994,-0.017201229090220913,0.34170854271356804,0.03492548815966469,993,198,198
2018-06-29,development,VALUE,long_only,0.0,0.024463020433288782,0.024463020433288782,0.1604278074866311,0.03343052585821771,928,185,0
2018-06-29,development,VALUE,long_only,10.0,0.024463020433288782,0.02430259262580215,0.1604278074866311,0.03343052585821771,928,185,0
2018-06-29,development,VALUE,long_only,25.0,0.024463020433288782,0.024061950914572205,0.1604278074866311,0.03343052585821771,928,185,0
2018-06-29,development,VALUE,long_short,0.0,-0.004033960015493693,-0.004033960015493693,0.3529411764705884,0.03343052585821771,928,185,185
2018-06-29,development,VALUE,long_short,10.0,-0.004033960015493693,-0.004386901191964282,0.3529411764705884,0.03343052585821771,928,185,185
2018-06-29,development,VALUE,long_short,25.0,-0.004033960015493693,-0.004916312956670164,0.3529411764705884,0.03343052585821771,928,185,185
2018-07-31,development,COMPOSITE,long_only,0.0,0.05786026905549206,0.05786026905549206,0.48453608247422686,0.037118708405908085,974,194,0
2018-07-31,development,COMPOSITE,long_only,10.0,0.05786026905549206,0.05737573297301783,0.48453608247422686,0.037118708405908085,974,194,0
2018-07-31,development,COMPOSITE,long_only,25.0,0.05786026905549206,0.056648928849306494,0.48453608247422686,0.037118708405908085,974,194,0
2018-07-31,development,COMPOSITE,long_short,0.0,0.02297756202834799,0.02297756202834799,0.9381443298969071,0.037118708405908085,974,194,194
2018-07-31,development,COMPOSITE,long_short,10.0,0.02297756202834799,0.022039417698451084,0.9381443298969071,0.037118708405908085,974,194,194
2018-07-31,development,COMPOSITE,long_short,25.0,0.02297756202834799,0.020632201203605722,0.9381443298969071,0.037118708405908085,974,194,194
2018-07-31,development,LV,long_only,0.0,0.03759134656037555,0.03759134656037555,0.2857142857142858,0.03603656362699045,981,196,0
2018-07-31,development,LV,long_only,10.0,0.03759134656037555,0.037305632274661264,0.2857142857142858,0.03603656362699045,981,196,0
2018-07-31,development,LV,long_only,25.0,0.03759134656037555,0.03687706084608983,0.2857142857142858,0.03603656362699045,981,196,0
2018-07-31,development,LV,long_short,0.0,-0.01858530744354149,-0.01858530744354149,0.5918367346938778,0.03603656362699045,981,196,196
2018-07-31,development,LV,long_short,10.0,-0.01858530744354149,-0.019177144178235368,0.5918367346938778,0.03603656362699045,981,196,196
2018-07-31,development,LV,long_short,25.0,-0.01858530744354149,-0.020064899280276185,0.5918367346938778,0.03603656362699045,981,196,196
2018-07-31,development,MOM,long_only,0.0,0.07001149340650746,0.07001149340650746,0.42051282051282046,0.0360846643183666,978,195,0
2018-07-31,development,MOM,long_only,10.0,0.07001149340650746,0.06959098058599464,0.42051282051282046,0.0360846643183666,978,195,0
2018-07-31,development,MOM,long_only,25.0,0.07001149340650746,0.06896021135522541,0.42051282051282046,0.0360846643183666,978,195,0
2018-07-31,development,MOM,long_short,0.0,0.05117933834875758,0.05117933834875758,0.9846153846153846,0.0360846643183666,978,195,195
2018-07-31,development,MOM,long_short,10.0,0.05117933834875758,0.0501947229641422,0.9846153846153846,0.0360846643183666,978,195,195
2018-07-31,development,MOM,long_short,25.0,0.05117933834875758,0.048717799887219124,0.9846153846153846,0.0360846643183666,978,195,195
2018-07-31,development,QUALITY,long_only,0.0,0.07359453404264174,0.07359453404264174,0.2755102040816327,0.03691583914993086,980,196,0
2018-07-31,development,QUALITY,long_only,10.0,0.07359453404264174,0.07331902383856011,0.2755102040816327,0.03691583914993086,980,196,0
2018-07-31,development,QUALITY,long_only,25.0,0.07359453404264174,0.07290575853243766,0.2755102040816327,0.03691583914993086,980,196,0
2018-07-31,development,QUALITY,long_short,0.0,0.04586093922810171,0.04586093922810171,0.6428571428571429,0.03691583914993086,980,196,196
2018-07-31,development,QUALITY,long_short,10.0,0.04586093922810171,0.04521808208524457,0.6428571428571429,0.03691583914993086,980,196,196
2018-07-31,development,QUALITY,long_short,25.0,0.04586093922810171,0.04425379637095885,0.6428571428571429,0.03691583914993086,980,196,196
2018-07-31,development,SIZE,long_only,0.0,0.04449492153371864,0.04449492153371864,0.26130653266331666,0.035904704421688846,999,199,0
2018-07-31,development,SIZE,long_only,10.0,0.04449492153371864,0.04423361500105532,0.26130653266331666,0.035904704421688846,999,199,0
2018-07-31,development,SIZE,long_only,25.0,0.04449492153371864,0.04384165520206035,0.26130653266331666,0.035904704421688846,999,199,0
2018-07-31,development,SIZE,long_short,0.0,0.02333410634832899,0.02333410634832899,0.33165829145728654,0.035904704421688846,999,199,199
2018-07-31,development,SIZE,long_short,10.0,0.02333410634832899,0.023002448056871704,0.33165829145728654,0.035904704421688846,999,199,199
2018-07-31,development,SIZE,long_short,25.0,0.02333410634832899,0.022504960619685776,0.33165829145728654,0.035904704421688846,999,199,199
2018-07-31,development,VALUE,long_only,0.0,0.016849758192998287,0.016849758192998287,0.4042553191489362,0.03760218788956798,941,188,0
2018-07-31,development,VALUE,long_only,10.0,0.016849758192998287,0.01644550287384935,0.4042553191489362,0.03760218788956798,941,188,0
2018-07-31,development,VALUE,long_only,25.0,0.016849758192998287,0.015839119895125948,0.4042553191489362,0.03760218788956798,941,188,0
2018-07-31,development,VALUE,long_short,0.0,-0.04955098409731593,-0.04955098409731593,0.904255319148936,0.03760218788956798,941,188,188
2018-07-31,development,VALUE,long_short,10.0,-0.04955098409731593,-0.05045523941646487,0.904255319148936,0.03760218788956798,941,188,188
2018-07-31,development,VALUE,long_short,25.0,-0.04955098409731593,-0.05181162239518827,0.904255319148936,0.03760218788956798,941,188,188
2018-08-31,development,COMPOSITE,long_only,0.0,-0.01735003838749564,-0.01735003838749564,0.3402061855670103,0.003870594964076427,971,194,0
2018-08-31,development,COMPOSITE,long_only,10.0,-0.01735003838749564,-0.01769024457306265,0.3402061855670103,0.003870594964076427,971,194,0
2018-08-31,development,COMPOSITE,long_only,25.0,-0.01735003838749564,-0.018200553851413167,0.3402061855670103,0.003870594964076427,971,194,0
2018-08-31,development,COMPOSITE,long_short,0.0,-0.021690025524039164,-0.021690025524039164,0.6391752577319587,0.003870594964076427,971,194,194
2018-08-31,development,COMPOSITE,long_short,10.0,-0.021690025524039164,-0.022329200781771124,0.6391752577319587,0.003870594964076427,971,194,194
2018-08-31,development,COMPOSITE,long_short,25.0,-0.021690025524039164,-0.02328796366836906,0.6391752577319587,0.003870594964076427,971,194,194
2018-08-31,development,LV,long_only,0.0,0.0045828763829675895,0.0045828763829675895,0.3367346938775511,0.0032010027565586487,978,195,0
2018-08-31,development,LV,long_only,10.0,0.0045828763829675895,0.004246141689090039,0.3367346938775511,0.0032010027565586487,978,195,0
2018-08-31,development,LV,long_only,25.0,0.0045828763829675895,0.0037410396482737114,0.3367346938775511,0.0032010027565586487,978,195,0
2018-08-31,development,LV,long_short,0.0,0.027870495133797704,0.027870495133797704,0.642857142857143,0.0032010027565586487,978,195,195
2018-08-31,development,LV,long_short,10.0,0.027870495133797704,0.02722763799094056,0.642857142857143,0.0032010027565586487,978,195,195
2018-08-31,development,LV,long_short,25.0,0.027870495133797704,0.026263352276654845,0.642857142857143,0.0032010027565586487,978,195,195
2018-08-31,development,MOM,long_only,0.0,-0.013788038666040222,-0.013788038666040222,0.358974358974359,0.003651088987476521,972,194,0
2018-08-31,development,MOM,long_only,10.0,-0.013788038666040222,-0.01414701302501458,0.358974358974359,0.003651088987476521,972,194,0
2018-08-31,development,MOM,long_only,25.0,-0.013788038666040222,-0.014685474563476119,0.358974358974359,0.003651088987476521,972,194,0
2018-08-31,development,MOM,long_short,0.0,-0.010163101193669923,-0.010163101193669923,0.8102564102564102,0.003651088987476521,972,194,194
2018-08-31,development,MOM,long_short,10.0,-0.010163101193669923,-0.010973357603926334,0.8102564102564102,0.003651088987476521,972,194,194
2018-08-31,development,MOM,long_short,25.0,-0.010163101193669923,-0.012188742219310949,0.8102564102564102,0.003651088987476521,972,194,194
2018-08-31,development,QUALITY,long_only,0.0,-0.004290496557131454,-0.004290496557131454,0.11224489795918374,0.004325618777268847,974,194,0
2018-08-31,development,QUALITY,long_only,10.0,-0.004290496557131454,-0.004402741455090638,0.11224489795918374,0.004325618777268847,974,194,0
2018-08-31,development,QUALITY,long_only,25.0,-0.004290496557131454,-0.004571108802029413,0.11224489795918374,0.004325618777268847,974,194,0
2018-08-31,development,QUALITY,long_short,0.0,0.012502807773140976,0.012502807773140976,0.22448979591836746,0.004325618777268847,974,194,194
2018-08-31,development,QUALITY,long_short,10.0,0.012502807773140976,0.012278317977222609,0.22448979591836746,0.004325618777268847,974,194,194
2018-08-31,development,QUALITY,long_short,25.0,0.012502807773140976,0.011941583283345058,0.22448979591836746,0.004325618777268847,974,194,194
2018-08-31,development,SIZE,long_only,0.0,-0.025558207436681666,-0.025558207436681666,0.24120603015075376,0.003846371010288646,997,199,0
2018-08-31,development,SIZE,long_only,10.0,-0.025558207436681666,-0.02579941346683242,0.24120603015075376,0.003846371010288646,997,199,0
2018-08-31,development,SIZE,long_only,25.0,-0.025558207436681666,-0.02616122251205855,0.24120603015075376,0.003846371010288646,997,199,0
2018-08-31,development,SIZE,long_short,0.0,-0.03271369884162005,-0.03271369884162005,0.2814070351758794,0.003846371010288646,997,199,199
2018-08-31,development,SIZE,long_short,10.0,-0.03271369884162005,-0.03299510587679593,0.2814070351758794,0.003846371010288646,997,199,199
2018-08-31,development,SIZE,long_short,25.0,-0.03271369884162005,-0.03341721642955975,0.2814070351758794,0.003846371010288646,997,199,199
2018-08-31,development,VALUE,long_only,0.0,-0.017215856845241642,-0.017215856845241642,0.17021276595744678,0.0035827525140300484,937,187,0
2018-08-31,development,VALUE,long_only,10.0,-0.017215856845241642,-0.01738606961119909,0.17021276595744678,0.0035827525140300484,937,187,0
2018-08-31,development,VALUE,long_only,25.0,-0.017215856845241642,-0.017641388760135258,0.17021276595744678,0.0035827525140300484,937,187,0
2018-08-31,development,VALUE,long_short,0.0,-0.013109305234541051,-0.013109305234541051,0.38297872340425526,0.0035827525140300484,937,187,187
2018-08-31,development,VALUE,long_short,10.0,-0.013109305234541051,-0.013492283957945307,0.38297872340425526,0.0035827525140300484,937,187,187
2018-08-31,development,VALUE,long_short,25.0,-0.013109305234541051,-0.014066752043051689,0.38297872340425526,0.0035827525140300484,937,187,187
2018-09-28,development,COMPOSITE,long_only,0.0,-0.08854606400217521,-0.08854606400217521,0.4020618556701032,-0.07141162266189117,967,193,0
2018-09-28,development,COMPOSITE,long_only,10.0,-0.08854606400217521,-0.08894812585784531,0.4020618556701032,-0.07141162266189117,967,193,0
2018-09-28,development,COMPOSITE,long_only,25.0,-0.08854606400217521,-0.08955121864135047,0.4020618556701032,-0.07141162266189117,967,193,0
2018-09-28,development,COMPOSITE,long_short,0.0,0.00034316564901070313,0.00034316564901070313,0.6701030927835052,-0.07141162266189117,967,193,193
2018-09-28,development,COMPOSITE,long_short,10.0,0.00034316564901070313,-0.00032693744377280216,0.6701030927835052,-0.07141162266189117,967,193,193
2018-09-28,development,COMPOSITE,long_short,25.0,0.00034316564901070313,-0.0013320920829480599,0.6701030927835052,-0.07141162266189117,967,193,193
2018-09-28,development,LV,long_only,0.0,-0.07816924682012526,-0.07816924682012526,0.39999999999999997,-0.07208660334195524,974,194,0
2018-09-28,development,LV,long_only,10.0,-0.07816924682012526,-0.07856924682012525,0.39999999999999997,-0.07208660334195524,974,194,0
2018-09-28,development,LV,long_only,25.0,-0.07816924682012526,-0.07916924682012526,0.39999999999999997,-0.07208660334195524,974,194,0
2018-09-28,development,LV,long_short,0.0,0.0380052911821331,0.0380052911821331,0.7282051282051282,-0.07208660334195524,974,194,194
2018-09-28,development,LV,long_short,10.0,0.0380052911821331,0.03727708605392797,0.7282051282051282,-0.07208660334195524,974,194,194
2018-09-28,development,LV,long_short,25.0,0.0380052911821331,0.036184778361620276,0.7282051282051282,-0.07208660334195524,974,194,194
2018-09-28,development,MOM,long_only,0.0,-0.11411527513112357,-0.11411527513112357,0.463917525773196,-0.07152800812026905,968,193,0
2018-09-28,development,MOM,long_only,10.0,-0.11411527513112357,-0.11457919265689677,0.463917525773196,-0.07152800812026905,968,193,0
2018-09-28,development,MOM,long_only,25.0,-0.11411527513112357,-0.11527506894555656,0.463917525773196,-0.07152800812026905,968,193,0
2018-09-28,development,MOM,long_short,0.0,-0.024844626594157,-0.024844626594157,0.9896907216494848,-0.07152800812026905,968,193,193
2018-09-28,development,MOM,long_short,10.0,-0.024844626594157,-0.025834317315806484,0.9896907216494848,-0.07152800812026905,968,193,193
2018-09-28,development,MOM,long_short,25.0,-0.024844626594157,-0.02731885339828071,0.9896907216494848,-0.07152800812026905,968,193,193
2018-09-28,development,QUALITY,long_only,0.0,-0.09560179628204274,-0.09560179628204274,0.041237113402061855,-0.0715288437641059,970,194,0
2018-09-28,development,QUALITY,long_only,10.0,-0.09560179628204274,-0.0956430333954448,0.041237113402061855,-0.0715288437641059,970,194,0
2018-09-28,development,QUALITY,long_only,25.0,-0.09560179628204274,-0.09570488906554789,0.041237113402061855,-0.0715288437641059,970,194,0
2018-09-28,development,QUALITY,long_short,0.0,-0.0003522536337234126,-0.0003522536337234126,0.13402061855670103,-0.0715288437641059,970,194,194
2018-09-28,development,QUALITY,long_short,10.0,-0.0003522536337234126,-0.0004862742522801136,0.13402061855670103,-0.0715288437641059,970,194,194
2018-09-28,development,QUALITY,long_short,25.0,-0.0003522536337234126,-0.0006873051801151652,0.13402061855670103,-0.0715288437641059,970,194,194
2018-09-28,development,SIZE,long_only,0.0,-0.09356420105854676,-0.09356420105854676,0.21105527638190963,-0.07225206412851189,993,198,0
2018-09-28,development,SIZE,long_only,10.0,-0.09356420105854676,-0.09377525633492867,0.21105527638190963,-0.07225206412851189,993,198,0
2018-09-28,development,SIZE,long_only,25.0,-0.09356420105854676,-0.09409183924950154,0.21105527638190963,-0.07225206412851189,993,198,0
2018-09-28,development,SIZE,long_short,0.0,-0.020791246579462238,-0.020791246579462238,0.2613065326633167,-0.07225206412851189,993,198,198
2018-09-28,development,SIZE,long_short,10.0,-0.020791246579462238,-0.021052553112125554,0.2613065326633167,-0.07225206412851189,993,198,198
2018-09-28,development,SIZE,long_short,25.0,-0.020791246579462238,-0.02144451291112053,0.2613065326633167,-0.07225206412851189,993,198,198
2018-09-28,development,VALUE,long_only,0.0,-0.08045487814278413,-0.08045487814278413,0.13903743315508038,-0.07243471511904565,934,186,0
2018-09-28,development,VALUE,long_only,10.0,-0.08045487814278413,-0.0805939155759392,0.13903743315508038,-0.07243471511904565,934,186,0
2018-09-28,development,VALUE,long_only,25.0,-0.08045487814278413,-0.08080247172567183,0.13903743315508038,-0.07243471511904565,934,186,0
2018-09-28,development,VALUE,long_short,0.0,0.016971543347000545,0.016971543347000545,0.24598930481283451,-0.07243471511904565,934,186,186
2018-09-28,development,VALUE,long_short,10.0,0.016971543347000545,0.016725554042187712,0.24598930481283451,-0.07243471511904565,934,186,186
2018-09-28,development,VALUE,long_short,25.0,0.016971543347000545,0.01635657008496846,0.24598930481283451,-0.07243471511904565,934,186,186
2018-10-31,development,COMPOSITE,long_only,0.0,0.020541469755374325,0.020541469755374325,0.4041450777202073,0.01906992086630634,967,193,0
2018-10-31,development,COMPOSITE,long_only,10.0,0.020541469755374325,0.02013732467765412,0.4041450777202073,0.01906992086630634,967,193,0
2018-10-31,development,COMPOSITE,long_only,25.0,0.020541469755374325,0.019531107061073808,0.4041450777202073,0.01906992086630634,967,193,0
2018-10-31,development,COMPOSITE,long_short,0.0,-0.0016989763552894231,-0.0016989763552894231,0.683937823834197,0.01906992086630634,967,193,193
2018-10-31,development,COMPOSITE,long_short,10.0,-0.0016989763552894231,-0.0023829141791236203,0.683937823834197,0.01906992086630634,967,193,193
2018-10-31,development,COMPOSITE,long_short,25.0,-0.0016989763552894231,-0.0034088209148749157,0.683937823834197,0.01906992086630634,967,193,193
2018-10-31,development,LV,long_only,0.0,0.033627092451320464,0.033627092451320464,0.26804123711340205,0.01900006399884755,974,194,0
2018-10-31,development,LV,long_only,10.0,0.033627092451320464,0.03335905121420706,0.26804123711340205,0.01900006399884755,974,194,0
2018-10-31,development,LV,long_only,25.0,0.033627092451320464,0.032956989358536956,0.26804123711340205,0.01900006399884755,974,194,0
2018-10-31,development,LV,long_short,0.0,0.04741968137501941,0.04741968137501941,0.5463917525773195,0.01900006399884755,974,194,194
2018-10-31,development,LV,long_short,10.0,0.04741968137501941,0.04687328962244209,0.5463917525773195,0.01900006399884755,974,194,194
2018-10-31,development,LV,long_short,25.0,0.04741968137501941,0.04605370199357611,0.5463917525773195,0.01900006399884755,974,194,194
2018-10-31,development,MOM,long_only,0.0,0.00010794162929605826,0.00010794162929605826,0.38144329896907225,0.019064766623715618,970,194,0
2018-10-31,development,MOM,long_only,10.0,0.00010794162929605826,-0.000273501669673014,0.38144329896907225,0.019064766623715618,970,194,0
2018-10-31,development,MOM,long_only,25.0,0.00010794162929605826,-0.0008456666181266224,0.38144329896907225,0.019064766623715618,970,194,0
2018-10-31,development,MOM,long_short,0.0,-0.028508203601987338,-0.028508203601987338,0.8453608247422683,0.019064766623715618,970,194,194
2018-10-31,development,MOM,long_short,10.0,-0.028508203601987338,-0.029353564426729605,0.8453608247422683,0.019064766623715618,970,194,194
2018-10-31,development,MOM,long_short,25.0,-0.028508203601987338,-0.030621605663843008,0.8453608247422683,0.019064766623715618,970,194,194
2018-10-31,development,QUALITY,long_only,0.0,0.021941179594949324,0.021941179594949324,0.10309278350515463,0.019203700605811516,970,194,0
2018-10-31,development,QUALITY,long_only,10.0,0.021941179594949324,0.02183808681144417,0.10309278350515463,0.019203700605811516,970,194,0
2018-10-31,development,QUALITY,long_only,25.0,0.021941179594949324,0.02168344763618644,0.10309278350515463,0.019203700605811516,970,194,0
2018-10-31,development,QUALITY,long_short,0.0,0.01752986045066815,0.01752986045066815,0.24742268041237112,0.019203700605811516,970,194,194
2018-10-31,development,QUALITY,long_short,10.0,0.01752986045066815,0.01728243777025578,0.24742268041237112,0.019203700605811516,970,194,194
2018-10-31,development,QUALITY,long_short,25.0,0.01752986045066815,0.016911303749637223,0.24742268041237112,0.019203700605811516,970,194,194
2018-10-31,development,SIZE,long_only,0.0,0.010571171485987782,0.010571171485987782,0.29292929292929293,0.01912177720765256,994,198,0
2018-10-31,development,SIZE,long_only,10.0,0.010571171485987782,0.01027824219305849,0.29292929292929293,0.01912177720765256,994,198,0
2018-10-31,development,SIZE,long_only,25.0,0.010571171485987782,0.00983884825366455,0.29292929292929293,0.01912177720765256,994,198,0
2018-10-31,development,SIZE,long_short,0.0,-0.017500924468668716,-0.017500924468668716,0.38383838383838387,0.01912177720765256,994,198,198
2018-10-31,development,SIZE,long_short,10.0,-0.017500924468668716,-0.017884762852507098,0.38383838383838387,0.01912177720765256,994,198,198
2018-10-31,development,SIZE,long_short,25.0,-0.017500924468668716,-0.018460520428264675,0.38383838383838387,0.01912177720765256,994,198,198
2018-10-31,development,VALUE,long_only,0.0,0.013800485326223466,0.013800485326223466,0.21505376344086022,0.0188258850895704,934,186,0
2018-10-31,development,VALUE,long_only,10.0,0.013800485326223466,0.013585431562782605,0.21505376344086022,0.0188258850895704,934,186,0
2018-10-31,development,VALUE,long_only,25.0,0.013800485326223466,0.013262850917621315,0.21505376344086022,0.0188258850895704,934,186,0
2018-10-31,development,VALUE,long_short,0.0,0.0032300702026216337,0.0032300702026216337,0.41935483870967744,0.0188258850895704,934,186,186
2018-10-31,development,VALUE,long_short,10.0,0.0032300702026216337,0.002810715363911956,0.41935483870967744,0.0188258850895704,934,186,186
2018-10-31,development,VALUE,long_short,25.0,0.0032300702026216337,0.00218168310584744,0.41935483870967744,0.0188258850895704,934,186,186
2018-11-30,development,COMPOSITE,long_only,0.0,-0.11032668271552339,-0.11032668271552339,0.4145077720207254,-0.09330173174224313,968,193,0
2018-11-30,development,COMPOSITE,long_only,10.0,-0.11032668271552339,-0.1107411904875441,0.4145077720207254,-0.09330173174224313,968,193,0
2018-11-30,development,COMPOSITE,long_only,25.0,-0.11032668271552339,-0.1113629521455752,0.4145077720207254,-0.09330173174224313,968,193,0
2018-11-30,development,COMPOSITE,long_short,0.0,0.002712986344812913,0.002712986344812913,0.7461139896373057,-0.09330173174224313,968,193,193
2018-11-30,development,COMPOSITE,long_short,10.0,0.002712986344812913,0.0019668723551756074,0.7461139896373057,-0.09330173174224313,968,193,193
2018-11-30,development,COMPOSITE,long_short,25.0,0.002712986344812913,0.000847701370719649,0.7461139896373057,-0.09330173174224313,968,193,193
2018-11-30,development,LV,long_only,0.0,-0.09939966717692525,-0.09939966717692525,0.5128205128205128,-0.09236706152853519,975,195,0
2018-11-30,development,LV,long_only,10.0,-0.09939966717692525,-0.09991248768974577,0.5128205128205128,-0.09236706152853519,975,195,0
2018-11-30,development,LV,long_only,25.0,-0.09939966717692525,-0.10068171845897653,0.5128205128205128,-0.09236706152853519,975,195,0
2018-11-30,development,LV,long_short,0.0,0.019380420147037128,0.019380420147037128,1.0256410256410255,-0.09236706152853519,975,195,195
2018-11-30,development,LV,long_short,10.0,0.019380420147037128,0.018354779121396103,1.0256410256410255,-0.09236706152853519,975,195,195
2018-11-30,development,LV,long_short,25.0,0.019380420147037128,0.016816317582934562,1.0256410256410255,-0.09236706152853519,975,195,195
2018-11-30,development,MOM,long_only,0.0,-0.10098636157821578,-0.10098636157821578,0.3917525773195876,-0.09233641713198062,974,194,0
2018-11-30,development,MOM,long_only,10.0,-0.10098636157821578,-0.10137811415553537,0.3917525773195876,-0.09233641713198062,974,194,0
2018-11-30,development,MOM,long_only,25.0,-0.10098636157821578,-0.10196574302151475,0.3917525773195876,-0.09233641713198062,974,194,0
2018-11-30,development,MOM,long_short,0.0,0.019011253012611473,0.019011253012611473,0.9175257731958762,-0.09233641713198062,974,194,194
2018-11-30,development,MOM,long_short,10.0,0.019011253012611473,0.018093727239415595,0.9175257731958762,-0.09233641713198062,974,194,194
2018-11-30,development,MOM,long_short,25.0,0.019011253012611473,0.016717438579621782,0.9175257731958762,-0.09233641713198062,974,194,194
2018-11-30,development,QUALITY,long_only,0.0,-0.09464484058214889,-0.09464484058214889,0.09278350515463918,-0.09261891701954308,971,194,0
2018-11-30,development,QUALITY,long_only,10.0,-0.09464484058214889,-0.09473762408730353,0.09278350515463918,-0.09261891701954308,971,194,0
2018-11-30,development,QUALITY,long_only,25.0,-0.09464484058214889,-0.09487679934503548,0.09278350515463918,-0.09261891701954308,971,194,0
2018-11-30,development,QUALITY,long_short,0.0,0.025840293217277717,0.025840293217277717,0.2989690721649484,-0.09261891701954308,971,194,194
2018-11-30,development,QUALITY,long_short,10.0,0.025840293217277717,0.02554132414511277,0.2989690721649484,-0.09261891701954308,971,194,194
2018-11-30,development,QUALITY,long_short,25.0,0.025840293217277717,0.025092870536865347,0.2989690721649484,-0.09261891701954308,971,194,194
2018-11-30,development,SIZE,long_only,0.0,-0.11700729307164331,-0.11700729307164331,0.3718592964824121,-0.09177894442983701,997,199,0
2018-11-30,development,SIZE,long_only,10.0,-0.11700729307164331,-0.11737915236812572,0.3718592964824121,-0.09177894442983701,997,199,0
2018-11-30,development,SIZE,long_only,25.0,-0.11700729307164331,-0.11793694131284935,0.3718592964824121,-0.09177894442983701,997,199,0
2018-11-30,development,SIZE,long_short,0.0,-0.028241299046971716,-0.028241299046971716,0.45226130653266344,-0.09177894442983701,997,199,199
2018-11-30,development,SIZE,long_short,10.0,-0.028241299046971716,-0.02869356035350438,0.45226130653266344,-0.09177894442983701,997,199,199
2018-11-30,development,SIZE,long_short,25.0,-0.028241299046971716,-0.029371952313303376,0.45226130653266344,-0.09177894442983701,997,199,199
2018-11-30,development,VALUE,long_only,0.0,-0.12157439605362412,-0.12157439605362412,0.2245989304812836,-0.09216734886715813,937,187,0
2018-11-30,development,VALUE,long_only,10.0,-0.12157439605362412,-0.1217989949841054,0.2245989304812836,-0.09216734886715813,937,187,0
2018-11-30,development,VALUE,long_only,25.0,-0.12157439605362412,-0.12213589337982733,0.2245989304812836,-0.09216734886715813,937,187,0
2018-11-30,development,VALUE,long_short,0.0,-0.02190891579114317,-0.02190891579114317,0.470588235294118,-0.09216734886715813,937,187,187
2018-11-30,development,VALUE,long_short,10.0,-0.02190891579114317,-0.022379504026437288,0.470588235294118,-0.09216734886715813,937,187,187
2018-11-30,development,VALUE,long_short,25.0,-0.02190891579114317,-0.023085386379378466,0.470588235294118,-0.09216734886715813,937,187,187
2018-12-31,development,COMPOSITE,long_only,0.0,0.09930345135187019,0.09930345135187019,0.4145077720207254,0.08423375500658287,969,193,0
2018-12-31,development,COMPOSITE,long_only,10.0,0.09930345135187019,0.09888894357984947,0.4145077720207254,0.08423375500658287,969,193,0
2018-12-31,development,COMPOSITE,long_only,25.0,0.09930345135187019,0.09826718192181837,0.4145077720207254,0.08423375500658287,969,193,0
2018-12-31,development,COMPOSITE,long_short,0.0,-0.02407646793298473,-0.02407646793298473,0.7461139896373058,0.08423375500658287,969,193,193
2018-12-31,development,COMPOSITE,long_short,10.0,-0.02407646793298473,-0.024822581922622034,0.7461139896373058,0.08423375500658287,969,193,193
2018-12-31,development,COMPOSITE,long_short,25.0,-0.02407646793298473,-0.025941752907077995,0.7461139896373058,0.08423375500658287,969,193,193
2018-12-31,development,LV,long_only,0.0,0.08578609104860876,0.08578609104860876,0.3897435897435897,0.08412632597358428,976,195,0
2018-12-31,development,LV,long_only,10.0,0.08578609104860876,0.08539634745886518,0.3897435897435897,0.08412632597358428,976,195,0
2018-12-31,development,LV,long_only,25.0,0.08578609104860876,0.08481173207424979,0.3897435897435897,0.08412632597358428,976,195,0
2018-12-31,development,LV,long_short,0.0,-0.06954979731413809,-0.06954979731413809,0.8205128205128205,0.08412632597358428,976,195,195
2018-12-31,development,LV,long_short,10.0,-0.06954979731413809,-0.0703703101346509,0.8205128205128205,0.08412632597358428,976,195,195
2018-12-31,development,LV,long_short,25.0,-0.06954979731413809,-0.07160107936542014,0.8205128205128205,0.08412632597358428,976,195,195
2018-12-31,development,MOM,long_only,0.0,0.10392523247149257,0.10392523247149257,0.4923076923076923,0.08410350171126774,975,195,0
2018-12-31,development,MOM,long_only,10.0,0.10392523247149257,0.10343292477918488,0.4923076923076923,0.08410350171126774,975,195,0
2018-12-31,development,MOM,long_only,25.0,0.10392523247149257,0.10269446324072334,0.4923076923076923,0.08410350171126774,975,195,0
2018-12-31,development,MOM,long_short,0.0,-0.045261155383455876,-0.045261155383455876,1.0564102564102564,0.08410350171126774,975,195,195
2018-12-31,development,MOM,long_short,10.0,-0.045261155383455876,-0.04631756563986613,1.0564102564102564,0.08410350171126774,975,195,195
2018-12-31,development,MOM,long_short,25.0,-0.045261155383455876,-0.047902181024481516,1.0564102564102564,0.08410350171126774,975,195,195
2018-12-31,development,QUALITY,long_only,0.0,0.10772783133594793,0.10772783133594793,0.12371134020618556,0.08411381973742335,972,194,0
2018-12-31,development,QUALITY,long_only,10.0,0.10772783133594793,0.10760411999574175,0.12371134020618556,0.08411381973742335,972,194,0
2018-12-31,development,QUALITY,long_only,25.0,0.10772783133594793,0.10741855298543247,0.12371134020618556,0.08411381973742335,972,194,0
2018-12-31,development,QUALITY,long_short,0.0,-0.017702464432352114,-0.017702464432352114,0.28865979381443296,0.08411381973742335,972,194,194
2018-12-31,development,QUALITY,long_short,10.0,-0.017702464432352114,-0.017991124226166548,0.28865979381443296,0.08411381973742335,972,194,194
2018-12-31,development,QUALITY,long_short,25.0,-0.017702464432352114,-0.018424113916888196,0.28865979381443296,0.08411381973742335,972,194,194
2018-12-31,development,SIZE,long_only,0.0,0.11246114280300593,0.11246114280300593,0.2613065326633166,0.08415104910453317,998,199,0
2018-12-31,development,SIZE,long_only,10.0,0.11246114280300593,0.1121998362703426,0.2613065326633166,0.08415104910453317,998,199,0
2018-12-31,development,SIZE,long_only,25.0,0.11246114280300593,0.11180787647134763,0.2613065326633166,0.08415104910453317,998,199,0
2018-12-31,development,SIZE,long_short,0.0,0.022292057682757768,0.022292057682757768,0.321608040201005,0.08415104910453317,998,199,199
2018-12-31,development,SIZE,long_short,10.0,0.022292057682757768,0.02197044964255676,0.321608040201005,0.08415104910453317,998,199,199
2018-12-31,development,SIZE,long_short,25.0,0.022292057682757768,0.021488037582255256,0.321608040201005,0.08415104910453317,998,199,199
2018-12-31,development,VALUE,long_only,0.0,0.13334388549713627,0.13334388549713627,0.1818181818181818,0.084165205925605,939,187,0
2018-12-31,development,VALUE,long_only,10.0,0.13334388549713627,0.1331620673153181,0.1818181818181818,0.084165205925605,939,187,0
2018-12-31,development,VALUE,long_only,25.0,0.13334388549713627,0.13288934004259081,0.1818181818181818,0.084165205925605,939,187,0
2018-12-31,development,VALUE,long_short,0.0,0.02950751568967791,0.02950751568967791,0.3850267379679144,0.084165205925605,939,187,187
2018-12-31,development,VALUE,long_short,10.0,0.02950751568967791,0.029122488951709994,0.3850267379679144,0.084165205925605,939,187,187
2018-12-31,development,VALUE,long_short,25.0,0.02950751568967791,0.028544948844758125,0.3850267379679144,0.084165205925605,939,187,187
2019-01-31,development,COMPOSITE,long_only,0.0,0.04807921156814983,0.04807921156814983,0.33160621761658016,0.035705656626696815,960,192,0
2019-01-31,development,COMPOSITE,long_only,10.0,0.04807921156814983,0.04774760535053325,0.33160621761658016,0.035705656626696815,960,192,0
2019-01-31,development,COMPOSITE,long_only,25.0,0.04807921156814983,0.047250196024108376,0.33160621761658016,0.035705656626696815,960,192,0
2019-01-31,development,COMPOSITE,long_short,0.0,0.001783966355750611,0.001783966355750611,0.6321243523316059,0.035705656626696815,960,192,192
2019-01-31,development,COMPOSITE,long_short,10.0,0.001783966355750611,0.001151842003419005,0.6321243523316059,0.035705656626696815,960,192,192
2019-01-31,development,COMPOSITE,long_short,25.0,0.001783966355750611,0.00020365547492159604,0.6321243523316059,0.035705656626696815,960,192,192
2019-01-31,development,LV,long_only,0.0,0.051656612089178225,0.051656612089178225,0.4205128205128206,0.03481002629580922,969,193,0
2019-01-31,development,LV,long_only,10.0,0.051656612089178225,0.0512360992686654,0.4205128205128206,0.03481002629580922,969,193,0
2019-01-31,development,LV,long_only,25.0,0.051656612089178225,0.050605330037896176,0.4205128205128206,0.03481002629580922,969,193,0
2019-01-31,development,LV,long_short,0.0,-0.004829794118884236,-0.004829794118884236,0.7897435897435899,0.03481002629580922,969,193,193
2019-01-31,development,LV,long_short,10.0,-0.004829794118884236,-0.005619537708627826,0.7897435897435899,0.03481002629580922,969,193,193
2019-01-31,development,LV,long_short,25.0,-0.004829794118884236,-0.00680415309324321,0.7897435897435899,0.03481002629580922,969,193,193
2019-01-31,development,MOM,long_only,0.0,0.05379287744521786,0.05379287744521786,0.5230769230769231,0.03484280876281187,964,192,0
2019-01-31,development,MOM,long_only,10.0,0.05379287744521786,0.053269800522140934,0.5230769230769231,0.03484280876281187,964,192,0
2019-01-31,development,MOM,long_only,25.0,0.05379287744521786,0.05248518513752555,0.5230769230769231,0.03484280876281187,964,192,0
2019-01-31,development,MOM,long_short,0.0,0.008136950589957032,0.008136950589957032,1.0153846153846153,0.03484280876281187,964,192,192
2019-01-31,development,MOM,long_short,10.0,0.008136950589957032,0.007121565974572416,1.0153846153846153,0.03484280876281187,964,192,192
2019-01-31,development,MOM,long_short,25.0,0.008136950589957032,0.0055984890514954935,1.0153846153846153,0.03484280876281187,964,192,192
2019-01-31,development,QUALITY,long_only,0.0,0.057151132605320676,0.057151132605320676,0.08247422680412367,0.035363671534965266,963,192,0
2019-01-31,development,QUALITY,long_only,10.0,0.057151132605320676,0.05706865837851655,0.08247422680412367,0.035363671534965266,963,192,0
2019-01-31,development,QUALITY,long_only,25.0,0.057151132605320676,0.056944947038310365,0.08247422680412367,0.035363671534965266,963,192,0
2019-01-31,development,QUALITY,long_short,0.0,0.026379021556786095,0.026379021556786095,0.2061855670103092,0.035363671534965266,963,192,192
2019-01-31,development,QUALITY,long_short,10.0,0.026379021556786095,0.026172835989775788,0.2061855670103092,0.035363671534965266,963,192,192
2019-01-31,development,QUALITY,long_short,25.0,0.026379021556786095,0.02586355763926032,0.2061855670103092,0.035363671534965266,963,192,192
2019-01-31,development,SIZE,long_only,0.0,0.049302617963791345,0.049302617963791345,0.3115577889447237,0.03464352510220027,994,198,0
2019-01-31,development,SIZE,long_only,10.0,0.049302617963791345,0.04899106017484662,0.3115577889447237,0.03464352510220027,994,198,0
2019-01-31,development,SIZE,long_only,25.0,0.049302617963791345,0.048523723491429534,0.3115577889447237,0.03464352510220027,994,198,0
2019-01-31,development,SIZE,long_short,0.0,0.014796959935809009,0.014796959935809009,0.3819095477386936,0.03464352510220027,994,198,198
2019-01-31,development,SIZE,long_short,10.0,0.014796959935809009,0.014415050388070314,0.3819095477386936,0.03464352510220027,994,198,198
2019-01-31,development,SIZE,long_short,25.0,0.014796959935809009,0.013842186066462274,0.3819095477386936,0.03464352510220027,994,198,198
2019-01-31,development,VALUE,long_only,0.0,0.02900867541084944,0.02900867541084944,0.1711229946524066,0.03470815342179686,932,186,0
2019-01-31,development,VALUE,long_only,10.0,0.02900867541084944,0.02883755241619703,0.1711229946524066,0.03470815342179686,932,186,0
2019-01-31,development,VALUE,long_only,25.0,0.02900867541084944,0.028580867924218423,0.1711229946524066,0.03470815342179686,932,186,0
2019-01-31,development,VALUE,long_short,0.0,-0.019543342725462355,-0.019543342725462355,0.37433155080213937,0.03470815342179686,932,186,186
2019-01-31,development,VALUE,long_short,10.0,-0.019543342725462355,-0.019917674276264494,0.37433155080213937,0.03470815342179686,932,186,186
2019-01-31,development,VALUE,long_short,25.0,-0.019543342725462355,-0.020479171602467705,0.37433155080213937,0.03470815342179686,932,186,186
2019-02-28,development,COMPOSITE,long_only,0.0,-0.010260538128237823,-0.010260538128237823,0.40625,0.014301609178504301,964,192,0
2019-02-28,development,COMPOSITE,long_only,10.0,-0.010260538128237823,-0.010666788128237823,0.40625,0.014301609178504301,964,192,0
2019-02-28,development,COMPOSITE,long_only,25.0,-0.010260538128237823,-0.011276163128237822,0.40625,0.014301609178504301,964,192,0
2019-02-28,development,COMPOSITE,long_short,0.0,-0.020342084567864918,-0.020342084567864918,0.75,0.014301609178504301,964,192,192
2019-02-28,development,COMPOSITE,long_short,10.0,-0.020342084567864918,-0.02109208456786492,0.75,0.014301609178504301,964,192,192
2019-02-28,development,COMPOSITE,long_short,25.0,-0.020342084567864918,-0.02221708456786492,0.75,0.014301609178504301,964,192,192
2019-02-28,development,LV,long_only,0.0,0.013236787716915164,0.013236787716915164,0.3487179487179488,0.014966321240990293,976,195,0
2019-02-28,development,LV,long_only,10.0,0.013236787716915164,0.012888069768197216,0.3487179487179488,0.014966321240990293,976,195,0
2019-02-28,development,LV,long_only,25.0,0.013236787716915164,0.012364992845120291,0.3487179487179488,0.014966321240990293,976,195,0
2019-02-28,development,LV,long_short,0.0,0.02232691543923642,0.02232691543923642,0.8205128205128206,0.014966321240990293,976,195,195
2019-02-28,development,LV,long_short,10.0,0.02232691543923642,0.0215064026187236,0.8205128205128206,0.014966321240990293,976,195,195
2019-02-28,development,LV,long_short,25.0,0.02232691543923642,0.020275633387954368,0.8205128205128206,0.014966321240990293,976,195,195
2019-02-28,development,MOM,long_only,0.0,-0.0055688351612482164,-0.0055688351612482164,0.4870466321243522,0.014557367986263215,969,193,0
2019-02-28,development,MOM,long_only,10.0,-0.0055688351612482164,-0.006055881793372569,0.4870466321243522,0.014557367986263215,969,193,0
2019-02-28,development,MOM,long_only,25.0,-0.0055688351612482164,-0.006786451741559097,0.4870466321243522,0.014557367986263215,969,193,0
2019-02-28,development,MOM,long_short,0.0,0.004210442028195612,0.004210442028195612,0.8290155440414504,0.014557367986263215,969,193,193
2019-02-28,development,MOM,long_short,10.0,0.004210442028195612,0.003381426484154161,0.8290155440414504,0.014557367986263215,969,193,193
2019-02-28,development,MOM,long_short,25.0,0.004210442028195612,0.0021379031680919852,0.8290155440414504,0.014557367986263215,969,193,193
2019-02-28,development,QUALITY,long_only,0.0,-0.0015879247828530204,-0.0015879247828530204,0.07253886010362684,0.014335076512386207,966,193,0
2019-02-28,development,QUALITY,long_only,10.0,-0.0015879247828530204,-0.0016604636429566472,0.07253886010362684,0.014335076512386207,966,193,0
2019-02-28,development,QUALITY,long_only,25.0,-0.0015879247828530204,-0.0017692719331120874,0.07253886010362684,0.014335076512386207,966,193,0
2019-02-28,development,QUALITY,long_short,0.0,0.0003564092240734237,0.0003564092240734237,0.19689119170984437,0.014335076512386207,966,193,193
2019-02-28,development,QUALITY,long_short,10.0,0.0003564092240734237,0.0001595180323635793,0.19689119170984437,0.014335076512386207,966,193,193
2019-02-28,development,QUALITY,long_short,25.0,0.0003564092240734237,-0.0001358187552011873,0.19689119170984437,0.014335076512386207,966,193,193
2019-02-28,development,SIZE,long_only,0.0,-0.017816110512643896,-0.017816110512643896,0.27135678391959805,0.015125435026389949,997,199,0
2019-02-28,development,SIZE,long_only,10.0,-0.017816110512643896,-0.018087467296563495,0.27135678391959805,0.015125435026389949,997,199,0
2019-02-28,development,SIZE,long_only,25.0,-0.017816110512643896,-0.01849450247244289,0.27135678391959805,0.015125435026389949,997,199,0
2019-02-28,development,SIZE,long_short,0.0,-0.025475132301757013,-0.025475132301757013,0.341708542713568,0.015125435026389949,997,199,199
2019-02-28,development,SIZE,long_short,10.0,-0.025475132301757013,-0.02581684084447058,0.341708542713568,0.015125435026389949,997,199,199
2019-02-28,development,SIZE,long_short,25.0,-0.025475132301757013,-0.02632940365854093,0.341708542713568,0.015125435026389949,997,199,199
2019-02-28,development,VALUE,long_only,0.0,-0.015321741370655598,-0.015321741370655598,0.1827956989247312,0.014530067346566998,933,186,0
2019-02-28,development,VALUE,long_only,10.0,-0.015321741370655598,-0.01550453706958033,0.1827956989247312,0.014530067346566998,933,186,0
2019-02-28,development,VALUE,long_only,25.0,-0.015321741370655598,-0.015778730617967425,0.1827956989247312,0.014530067346566998,933,186,0
2019-02-28,development,VALUE,long_short,0.0,-0.018150640099971787,-0.018150640099971787,0.3763440860215054,0.014530067346566998,933,186,186
2019-02-28,development,VALUE,long_short,10.0,-0.018150640099971787,-0.018526984185993293,0.3763440860215054,0.014530067346566998,933,186,186
2019-02-28,development,VALUE,long_short,25.0,-0.018150640099971787,-0.01909150031502555,0.3763440860215054,0.014530067346566998,933,186,186
2019-03-29,development,COMPOSITE,long_only,0.0,0.03460697754940193,0.03460697754940193,0.40625,0.04344677463466693,962,192,0
2019-03-29,development,COMPOSITE,long_only,10.0,0.03460697754940193,0.034200727549401934,0.40625,0.04344677463466693,962,192,0
2019-03-29,development,COMPOSITE,long_only,25.0,0.03460697754940193,0.03359135254940193,0.40625,0.04344677463466693,962,192,0
2019-03-29,development,COMPOSITE,long_short,0.0,-0.0041759914451447566,-0.0041759914451447566,0.6770833333333333,0.04344677463466693,962,192,192
2019-03-29,development,COMPOSITE,long_short,10.0,-0.0041759914451447566,-0.00485307477847809,0.6770833333333333,0.04344677463466693,962,192,192
2019-03-29,development,COMPOSITE,long_short,25.0,-0.0041759914451447566,-0.00586869977847809,0.6770833333333333,0.04344677463466693,962,192,192
2019-03-29,development,LV,long_only,0.0,0.03779890745176983,0.03779890745176983,0.29743589743589743,0.04277238258854034,977,195,0
2019-03-29,development,LV,long_only,10.0,0.03779890745176983,0.037501471554333934,0.29743589743589743,0.04277238258854034,977,195,0
2019-03-29,development,LV,long_only,25.0,0.03779890745176983,0.03705531770818009,0.29743589743589743,0.04277238258854034,977,195,0
2019-03-29,development,LV,long_short,0.0,0.008295468981068591,0.008295468981068591,0.5846153846153846,0.04277238258854034,977,195,195
2019-03-29,development,LV,long_short,10.0,0.008295468981068591,0.007710853596453206,0.5846153846153846,0.04277238258854034,977,195,195
2019-03-29,development,LV,long_short,25.0,0.008295468981068591,0.006833930519530129,0.5846153846153846,0.04277238258854034,977,195,195
2019-03-29,development,MOM,long_only,0.0,0.02467772950086297,0.02467772950086297,0.4870466321243524,0.04267852363539161,967,193,0
2019-03-29,development,MOM,long_only,10.0,0.02467772950086297,0.02419068286873862,0.4870466321243524,0.04267852363539161,967,193,0
2019-03-29,development,MOM,long_only,25.0,0.02467772950086297,0.02346011292055209,0.4870466321243524,0.04267852363539161,967,193,0
2019-03-29,development,MOM,long_short,0.0,-0.018687292726938323,-0.018687292726938323,0.9637305699481865,0.04267852363539161,967,193,193
2019-03-29,development,MOM,long_short,10.0,-0.018687292726938323,-0.01965102329688651,0.9637305699481865,0.04267852363539161,967,193,193
2019-03-29,development,MOM,long_short,25.0,-0.018687292726938323,-0.021096619151808788,0.9637305699481865,0.04267852363539161,967,193,193
2019-03-29,development,QUALITY,long_only,0.0,0.038280413530119115,0.038280413530119115,0.0829015544041451,0.04339897633394177,965,193,0
2019-03-29,development,QUALITY,long_only,10.0,0.038280413530119115,0.03819751197571497,0.0829015544041451,0.04339897633394177,965,193,0
2019-03-29,development,QUALITY,long_only,25.0,0.038280413530119115,0.038073159644108755,0.0829015544041451,0.04339897633394177,965,193,0
2019-03-29,development,QUALITY,long_short,0.0,0.004907244321339521,0.004907244321339521,0.2072538860103627,0.04339897633394177,965,193,193
2019-03-29,development,QUALITY,long_short,10.0,0.004907244321339521,0.004699990435329158,0.2072538860103627,0.04339897633394177,965,193,193
2019-03-29,development,QUALITY,long_short,25.0,0.004907244321339521,0.004389109606313614,0.2072538860103627,0.04339897633394177,965,193,193
2019-03-29,development,SIZE,long_only,0.0,0.03800194118591346,0.03800194118591346,0.3417085427135679,0.04270163322127041,997,199,0
2019-03-29,development,SIZE,long_only,10.0,0.03800194118591346,0.0376602326431999,0.3417085427135679,0.04270163322127041,997,199,0
2019-03-29,development,SIZE,long_only,25.0,0.03800194118591346,0.037147669829129544,0.3417085427135679,0.04270163322127041,997,199,0
2019-03-29,development,SIZE,long_short,0.0,0.0010079710916604885,0.0010079710916604885,0.4120603015075377,0.04270163322127041,997,199,199
2019-03-29,development,SIZE,long_short,10.0,0.0010079710916604885,0.0005959107901529508,0.4120603015075377,0.04270163322127041,997,199,199
2019-03-29,development,SIZE,long_short,25.0,0.0010079710916604885,-2.2179662108355765e-05,0.4120603015075377,0.04270163322127041,997,199,199
2019-03-29,development,VALUE,long_only,0.0,0.04986368725350882,0.04986368725350882,0.20430107526881722,0.043749401828273304,934,186,0
2019-03-29,development,VALUE,long_only,10.0,0.04986368725350882,0.049659386178240006,0.20430107526881722,0.043749401828273304,934,186,0
2019-03-29,development,VALUE,long_only,25.0,0.04986368725350882,0.04935293456533678,0.20430107526881722,0.043749401828273304,934,186,0
2019-03-29,development,VALUE,long_short,0.0,0.013292685819591837,0.013292685819591837,0.3548387096774194,0.043749401828273304,934,186,186
2019-03-29,development,VALUE,long_short,10.0,0.013292685819591837,0.012937847109914418,0.3548387096774194,0.043749401828273304,934,186,186
2019-03-29,development,VALUE,long_short,25.0,0.013292685819591837,0.01240558904539829,0.3548387096774194,0.043749401828273304,934,186,186
2019-04-30,development,COMPOSITE,long_only,0.0,-0.061248286065490175,-0.061248286065490175,0.3333333333333333,-0.0658558820257084,962,192,0
2019-04-30,development,COMPOSITE,long_only,10.0,-0.061248286065490175,-0.061581619398823506,0.3333333333333333,-0.0658558820257084,962,192,0
2019-04-30,development,COMPOSITE,long_only,25.0,-0.061248286065490175,-0.06208161939882351,0.3333333333333333,-0.0658558820257084,962,192,0
2019-04-30,development,COMPOSITE,long_short,0.0,0.02926552738344129,0.02926552738344129,0.5312499999999999,-0.0658558820257084,962,192,192
2019-04-30,development,COMPOSITE,long_short,10.0,0.02926552738344129,0.028734277383441288,0.5312499999999999,-0.0658558820257084,962,192,192
2019-04-30,development,COMPOSITE,long_short,25.0,0.02926552738344129,0.02793740238344129,0.5312499999999999,-0.0658558820257084,962,192,192
2019-04-30,development,LV,long_only,0.0,-0.05249293632459143,-0.05249293632459143,0.1428571428571429,-0.06592146840948063,981,196,0
2019-04-30,development,LV,long_only,10.0,-0.05249293632459143,-0.05263579346744857,0.1428571428571429,-0.06592146840948063,981,196,0
2019-04-30,development,LV,long_only,25.0,-0.05249293632459143,-0.05285007918173428,0.1428571428571429,-0.06592146840948063,981,196,0
2019-04-30,development,LV,long_short,0.0,0.0428421473657679,0.0428421473657679,0.40816326530612257,-0.06592146840948063,981,196,196
2019-04-30,development,LV,long_short,10.0,0.0428421473657679,0.04243398410046178,0.40816326530612257,-0.06592146840948063,981,196,196
2019-04-30,development,LV,long_short,25.0,0.0428421473657679,0.041821739202502595,0.40816326530612257,-0.06592146840948063,981,196,196
2019-04-30,development,MOM,long_only,0.0,-0.046447569847487324,-0.046447569847487324,0.4145077720207254,-0.06592981674077714,969,193,0
2019-04-30,development,MOM,long_only,10.0,-0.046447569847487324,-0.04686207761950805,0.4145077720207254,-0.06592981674077714,969,193,0
2019-04-30,development,MOM,long_only,25.0,-0.046447569847487324,-0.04748383927753914,0.4145077720207254,-0.06592981674077714,969,193,0
2019-04-30,development,MOM,long_short,0.0,0.06432768666845484,0.06432768666845484,0.8704663212435233,-0.06592981674077714,969,193,193
2019-04-30,development,MOM,long_short,10.0,0.06432768666845484,0.06345722034721132,0.8704663212435233,-0.06592981674077714,969,193,193
2019-04-30,development,MOM,long_short,25.0,0.06432768666845484,0.06215152086534603,0.8704663212435233,-0.06592981674077714,969,193,193
2019-04-30,development,QUALITY,long_only,0.0,-0.0677580733375216,-0.0677580733375216,0.08290155440414498,-0.06584035203588201,963,192,0
2019-04-30,development,QUALITY,long_only,10.0,-0.0677580733375216,-0.06784097489192574,0.08290155440414498,-0.06584035203588201,963,192,0
2019-04-30,development,QUALITY,long_only,25.0,-0.0677580733375216,-0.06796532722353196,0.08290155440414498,-0.06584035203588201,963,192,0
2019-04-30,development,QUALITY,long_short,0.0,0.003464653863762923,0.003464653863762923,0.22797927461139877,-0.06584035203588201,963,192,192
2019-04-30,development,QUALITY,long_short,10.0,0.003464653863762923,0.003236674589151524,0.22797927461139877,-0.06584035203588201,963,192,192
2019-04-30,development,QUALITY,long_short,25.0,0.003464653863762923,0.002894705677234426,0.22797927461139877,-0.06584035203588201,963,192,192
2019-04-30,development,SIZE,long_only,0.0,-0.08085248975055663,-0.08085248975055663,0.3316582914572864,-0.06591110982368842,999,199,0
2019-04-30,development,SIZE,long_only,10.0,-0.08085248975055663,-0.08118414804201392,0.3316582914572864,-0.06591110982368842,999,199,0
2019-04-30,development,SIZE,long_only,25.0,-0.08085248975055663,-0.08168163547919985,0.3316582914572864,-0.06591110982368842,999,199,0
2019-04-30,development,SIZE,long_short,0.0,-0.01504507952844461,-0.01504507952844461,0.40201005025125625,-0.06591110982368842,999,199,199
2019-04-30,development,SIZE,long_short,10.0,-0.01504507952844461,-0.015447089578695866,0.40201005025125625,-0.06591110982368842,999,199,199
2019-04-30,development,SIZE,long_short,25.0,-0.01504507952844461,-0.01605010465407275,0.40201005025125625,-0.06591110982368842,999,199,199
2019-04-30,development,VALUE,long_only,0.0,-0.10460062119775371,-0.10460062119775371,0.17204301075268819,-0.06668037209906479,933,186,0
2019-04-30,development,VALUE,long_only,10.0,-0.10460062119775371,-0.1047726642085064,0.17204301075268819,-0.06668037209906479,933,186,0
2019-04-30,development,VALUE,long_only,25.0,-0.10460062119775371,-0.10503072872463542,0.17204301075268819,-0.06668037209906479,933,186,0
2019-04-30,development,VALUE,long_short,0.0,-0.0441883248286189,-0.0441883248286189,0.47311827956989255,-0.06668037209906479,933,186,186
2019-04-30,development,VALUE,long_short,10.0,-0.0441883248286189,-0.044661443108188786,0.47311827956989255,-0.06668037209906479,933,186,186
2019-04-30,development,VALUE,long_short,25.0,-0.0441883248286189,-0.04537112052754363,0.47311827956989255,-0.06668037209906479,933,186,186
2019-05-31,development,COMPOSITE,long_only,0.0,0.06468896900775023,0.06468896900775023,0.375,0.07373589193005582,961,192,0
2019-05-31,development,COMPOSITE,long_only,10.0,0.06468896900775023,0.06431396900775023,0.375,0.07373589193005582,961,192,0
2019-05-31,development,COMPOSITE,long_only,25.0,0.06468896900775023,0.06375146900775024,0.375,0.07373589193005582,961,192,0
2019-05-31,development,COMPOSITE,long_short,0.0,-0.016285010615195532,-0.016285010615195532,0.71875,0.07373589193005582,961,192,192
2019-05-31,development,COMPOSITE,long_short,10.0,-0.016285010615195532,-0.017003760615195533,0.71875,0.07373589193005582,961,192,192
2019-05-31,development,COMPOSITE,long_short,25.0,-0.016285010615195532,-0.018081885615195532,0.71875,0.07373589193005582,961,192,192
2019-05-31,development,LV,long_only,0.0,0.06963973717757851,0.06963973717757851,0.24489795918367344,0.0709078656762589,982,196,0
2019-05-31,development,LV,long_only,10.0,0.06963973717757851,0.06939483921839484,0.24489795918367344,0.0709078656762589,982,196,0
2019-05-31,development,LV,long_only,25.0,0.06963973717757851,0.06902749227961934,0.24489795918367344,0.0709078656762589,982,196,0
2019-05-31,development,LV,long_short,0.0,-0.022196336091811573,-0.022196336091811573,0.520408163265306,0.0709078656762589,982,196,196
2019-05-31,development,LV,long_short,10.0,-0.022196336091811573,-0.02271674425507688,0.520408163265306,0.0709078656762589,982,196,196
2019-05-31,development,LV,long_short,25.0,-0.022196336091811573,-0.023497356499974836,0.520408163265306,0.0709078656762589,982,196,196
2019-05-31,development,MOM,long_only,0.0,0.07299031610109111,0.07299031610109111,0.36082474226804134,0.07100666272109421,971,194,0
2019-05-31,development,MOM,long_only,10.0,0.07299031610109111,0.07262949135882307,0.36082474226804134,0.07100666272109421,971,194,0
2019-05-31,development,MOM,long_only,25.0,0.07299031610109111,0.07208825424542101,0.36082474226804134,0.07100666272109421,971,194,0
2019-05-31,development,MOM,long_short,0.0,-0.018826403945893373,-0.018826403945893373,0.8762886597938147,0.07100666272109421,971,194,194
2019-05-31,development,MOM,long_short,10.0,-0.018826403945893373,-0.01970269260568719,0.8762886597938147,0.07100666272109421,971,194,194
2019-05-31,development,MOM,long_short,25.0,-0.018826403945893373,-0.021017125595377908,0.8762886597938147,0.07100666272109421,971,194,194
2019-05-31,development,QUALITY,long_only,0.0,0.06621971869781398,0.06621971869781398,0.041666666666666664,0.07369700442881369,963,192,0
2019-05-31,development,QUALITY,long_only,10.0,0.06621971869781398,0.06617805203114732,0.041666666666666664,0.07369700442881369,963,192,0
2019-05-31,development,QUALITY,long_only,25.0,0.06621971869781398,0.06611555203114731,0.041666666666666664,0.07369700442881369,963,192,0
2019-05-31,development,QUALITY,long_short,0.0,-0.019216880316507923,-0.019216880316507923,0.19791666666666666,0.07369700442881369,963,192,192
2019-05-31,development,QUALITY,long_short,10.0,-0.019216880316507923,-0.01941479698317459,0.19791666666666666,0.07369700442881369,963,192,192
2019-05-31,development,QUALITY,long_short,25.0,-0.019216880316507923,-0.01971167198317459,0.19791666666666666,0.07369700442881369,963,192,192
2019-05-31,development,SIZE,long_only,0.0,0.07652946876035821,0.07652946876035821,0.34170854271356776,0.07067267125713134,999,199,0
2019-05-31,development,SIZE,long_only,10.0,0.07652946876035821,0.07618776021764465,0.34170854271356776,0.07067267125713134,999,199,0
2019-05-31,development,SIZE,long_only,25.0,0.07652946876035821,0.07567519740357428,0.34170854271356776,0.07067267125713134,999,199,0
2019-05-31,development,SIZE,long_short,0.0,0.0016646396629452637,0.0016646396629452637,0.4221105527638191,0.07067267125713134,999,199,199
2019-05-31,development,SIZE,long_short,10.0,0.0016646396629452637,0.0012425291101814445,0.4221105527638191,0.07067267125713134,999,199,199
2019-05-31,development,SIZE,long_short,25.0,0.0016646396629452637,0.0006093632810357159,0.4221105527638191,0.07067267125713134,999,199,199
2019-05-31,development,VALUE,long_only,0.0,0.09259246858272983,0.09259246858272983,0.13978494623655915,0.07404824881252217,932,186,0
2019-05-31,development,VALUE,long_only,10.0,0.09259246858272983,0.09245268363649327,0.13978494623655915,0.07404824881252217,932,186,0
2019-05-31,development,VALUE,long_only,25.0,0.09259246858272983,0.09224300621713843,0.13978494623655915,0.07404824881252217,932,186,0
2019-05-31,development,VALUE,long_short,0.0,0.01890674836695349,0.01890674836695349,0.4086021505376344,0.07404824881252217,932,186,186
2019-05-31,development,VALUE,long_short,10.0,0.01890674836695349,0.018498146216415854,0.4086021505376344,0.07404824881252217,932,186,186
2019-05-31,development,VALUE,long_short,25.0,0.01890674836695349,0.017885242990609403,0.4086021505376344,0.07404824881252217,932,186,186
2019-06-28,development,COMPOSITE,long_only,0.0,0.019711945950271235,0.019711945950271235,0.33333333333333337,0.012505920149173084,951,190,0
2019-06-28,development,COMPOSITE,long_only,10.0,0.019711945950271235,0.0193786126169379,0.33333333333333337,0.012505920149173084,951,190,0
2019-06-28,development,COMPOSITE,long_only,25.0,0.019711945950271235,0.018878612616937903,0.33333333333333337,0.012505920149173084,951,190,0
2019-06-28,development,COMPOSITE,long_short,0.0,0.00872680111809674,0.00872680111809674,0.6979166666666667,0.012505920149173084,951,190,190
2019-06-28,development,COMPOSITE,long_short,10.0,0.00872680111809674,0.008028884451430074,0.6979166666666667,0.012505920149173084,951,190,190
2019-06-28,development,COMPOSITE,long_short,25.0,0.00872680111809674,0.006982009451430073,0.6979166666666667,0.012505920149173084,951,190,190
2019-06-28,development,LV,long_only,0.0,0.015392929166698615,0.015392929166698615,0.2959183673469389,0.015387128337392638,973,194,0
2019-06-28,development,LV,long_only,10.0,0.015392929166698615,0.015097010799351676,0.2959183673469389,0.015387128337392638,973,194,0
2019-06-28,development,LV,long_only,25.0,0.015392929166698615,0.014653133248331267,0.2959183673469389,0.015387128337392638,973,194,0
2019-06-28,development,LV,long_short,0.0,0.005838362011890388,0.005838362011890388,0.6938775510204083,0.015387128337392638,973,194,194
2019-06-28,development,LV,long_short,10.0,0.005838362011890388,0.00514448446086998,0.6938775510204083,0.015387128337392638,973,194,194
2019-06-28,development,LV,long_short,25.0,0.005838362011890388,0.004103668134339367,0.6938775510204083,0.015387128337392638,973,194,194
2019-06-28,development,MOM,long_only,0.0,0.020581768299743567,0.020581768299743567,0.5670103092783505,0.015461306659677838,964,192,0
2019-06-28,development,MOM,long_only,10.0,0.020581768299743567,0.020014757990465218,0.5670103092783505,0.015461306659677838,964,192,0
2019-06-28,development,MOM,long_only,25.0,0.020581768299743567,0.019164242526547692,0.5670103092783505,0.015461306659677838,964,192,0
2019-06-28,development,MOM,long_short,0.0,0.0015284453637586237,0.0015284453637586237,1.0515463917525774,0.015461306659677838,964,192,192
2019-06-28,development,MOM,long_short,10.0,0.0015284453637586237,0.0004768989720060463,1.0515463917525774,0.015461306659677838,964,192,192
2019-06-28,development,MOM,long_short,25.0,0.0015284453637586237,-0.00110042061562282,1.0515463917525774,0.015461306659677838,964,192,192
2019-06-28,development,QUALITY,long_only,0.0,0.02418124421109815,0.02418124421109815,0.09375000000000003,0.012464080583192441,952,190,0
2019-06-28,development,QUALITY,long_only,10.0,0.02418124421109815,0.02408749421109815,0.09375000000000003,0.012464080583192441,952,190,0
2019-06-28,development,QUALITY,long_only,25.0,0.02418124421109815,0.023946869211098152,0.09375000000000003,0.012464080583192441,952,190,0
2019-06-28,development,QUALITY,long_short,0.0,0.007929546301600636,0.007929546301600636,0.25000000000000006,0.012464080583192441,952,190,190
2019-06-28,development,QUALITY,long_short,10.0,0.007929546301600636,0.007679546301600636,0.25000000000000006,0.012464080583192441,952,190,190
2019-06-28,development,QUALITY,long_short,25.0,0.007929546301600636,0.007304546301600635,0.25000000000000006,0.012464080583192441,952,190,190
2019-06-28,development,SIZE,long_only,0.0,0.015274828032476004,0.015274828032476004,0.27135678391959805,0.01497844113229824,994,198,0
2019-06-28,development,SIZE,long_only,10.0,0.015274828032476004,0.015003471248556405,0.27135678391959805,0.01497844113229824,994,198,0
2019-06-28,development,SIZE,long_only,25.0,0.015274828032476004,0.014596436072677008,0.27135678391959805,0.01497844113229824,994,198,0
2019-06-28,development,SIZE,long_short,0.0,0.0008463415795164292,0.0008463415795164292,0.3216080402010052,0.01497844113229824,994,198,198
2019-06-28,development,SIZE,long_short,10.0,0.0008463415795164292,0.000524733539315424,0.3216080402010052,0.01497844113229824,994,198,198
2019-06-28,development,SIZE,long_short,25.0,0.0008463415795164292,4.232147901391621e-05,0.3216080402010052,0.01497844113229824,994,198,198
2019-06-28,development,VALUE,long_only,0.0,0.012543873358003837,0.012543873358003837,0.15053763440860207,0.01236690827903026,920,184,0
2019-06-28,development,VALUE,long_only,10.0,0.012543873358003837,0.012393335723595236,0.15053763440860207,0.01236690827903026,920,184,0
2019-06-28,development,VALUE,long_only,25.0,0.012543873358003837,0.012167529271982332,0.15053763440860207,0.01236690827903026,920,184,0
2019-06-28,development,VALUE,long_short,0.0,-0.004803252762108537,-0.004803252762108537,0.40860215053763427,0.01236690827903026,920,184,184
2019-06-28,development,VALUE,long_short,10.0,-0.004803252762108537,-0.0052118549126461714,0.40860215053763427,0.01236690827903026,920,184,184
2019-06-28,development,VALUE,long_short,25.0,-0.004803252762108537,-0.005824758138452623,0.40860215053763427,0.01236690827903026,920,184,184
2019-07-31,development,COMPOSITE,long_only,0.0,-0.0343908316843716,-0.0343908316843716,0.45833333333333337,-0.0212192316385178,964,192,0
2019-07-31,development,COMPOSITE,long_only,10.0,-0.0343908316843716,-0.03484916501770493,0.45833333333333337,-0.0212192316385178,964,192,0
2019-07-31,development,COMPOSITE,long_only,25.0,-0.0343908316843716,-0.03553666501770493,0.45833333333333337,-0.0212192316385178,964,192,0
2019-07-31,development,COMPOSITE,long_short,0.0,0.025113767031253186,0.025113767031253186,0.7916666666666667,-0.0212192316385178,964,192,192
2019-07-31,development,COMPOSITE,long_short,10.0,0.025113767031253186,0.02432210036458652,0.7916666666666667,-0.0212192316385178,964,192,192
2019-07-31,development,COMPOSITE,long_short,25.0,0.025113767031253186,0.02313460036458652,0.7916666666666667,-0.0212192316385178,964,192,192
2019-07-31,development,LV,long_only,0.0,-0.012987591373384101,-0.012987591373384101,0.20618556701030927,-0.021270111873260906,970,194,0
2019-07-31,development,LV,long_only,10.0,-0.012987591373384101,-0.01319377694039441,0.20618556701030927,-0.021270111873260906,970,194,0
2019-07-31,development,LV,long_only,25.0,-0.012987591373384101,-0.013503055290909874,0.20618556701030927,-0.021270111873260906,970,194,0
2019-07-31,development,LV,long_short,0.0,0.04619652868809554,0.04619652868809554,0.5154639175257731,-0.021270111873260906,970,194,194
2019-07-31,development,LV,long_short,10.0,0.04619652868809554,0.04568106477056977,0.5154639175257731,-0.021270111873260906,970,194,194
2019-07-31,development,LV,long_short,25.0,0.04619652868809554,0.044907868894281104,0.5154639175257731,-0.021270111873260906,970,194,194
2019-07-31,development,MOM,long_only,0.0,-0.010975462084281105,-0.010975462084281105,0.5388601036269429,-0.021130688598322876,967,193,0
2019-07-31,development,MOM,long_only,10.0,-0.010975462084281105,-0.011514322187908047,0.5388601036269429,-0.021130688598322876,967,193,0
2019-07-31,development,MOM,long_only,25.0,-0.010975462084281105,-0.012322612343348463,0.5388601036269429,-0.021130688598322876,967,193,0
2019-07-31,development,MOM,long_short,0.0,0.0719162052497597,0.0719162052497597,1.0155440414507768,-0.021130688598322876,967,193,193
2019-07-31,development,MOM,long_short,10.0,0.0719162052497597,0.07090066120830892,1.0155440414507768,-0.021130688598322876,967,193,193
2019-07-31,development,MOM,long_short,25.0,0.0719162052497597,0.06937734514613275,1.0155440414507768,-0.021130688598322876,967,193,193
2019-07-31,development,QUALITY,long_only,0.0,-0.029337139621519074,-0.029337139621519074,0.35051546391752575,-0.021235715515495714,974,194,0
2019-07-31,development,QUALITY,long_only,10.0,-0.029337139621519074,-0.0296876550854366,0.35051546391752575,-0.021235715515495714,974,194,0
2019-07-31,development,QUALITY,long_only,25.0,-0.029337139621519074,-0.030213428281312887,0.35051546391752575,-0.021235715515495714,974,194,0
2019-07-31,development,QUALITY,long_short,0.0,0.013976017150840861,0.013976017150840861,0.6907216494845362,-0.021235715515495714,974,194,194
2019-07-31,development,QUALITY,long_short,10.0,0.013976017150840861,0.013285295501356325,0.6907216494845362,-0.021235715515495714,974,194,194
2019-07-31,development,QUALITY,long_short,25.0,0.013976017150840861,0.012249213027129521,0.6907216494845362,-0.021235715515495714,974,194,194
2019-07-31,development,SIZE,long_only,0.0,-0.04742573672896207,-0.04742573672896207,0.2814070351758795,-0.022072958366618947,997,199,0
2019-07-31,development,SIZE,long_only,10.0,-0.04742573672896207,-0.04770714376413795,0.2814070351758795,-0.022072958366618947,997,199,0
2019-07-31,development,SIZE,long_only,25.0,-0.04742573672896207,-0.048129254316901765,0.2814070351758795,-0.022072958366618947,997,199,0
2019-07-31,development,SIZE,long_short,0.0,-0.02642839316449056,-0.02642839316449056,0.3618090452261308,-0.022072958366618947,997,199,199
2019-07-31,development,SIZE,long_short,10.0,-0.02642839316449056,-0.02679020220971669,0.3618090452261308,-0.022072958366618947,997,199,199
2019-07-31,development,SIZE,long_short,25.0,-0.02642839316449056,-0.027332915777555887,0.3618090452261308,-0.022072958366618947,997,199,199
2019-07-31,development,VALUE,long_only,0.0,-0.07298403781876488,-0.07298403781876488,0.32258064516129026,-0.02183011190291312,934,186,0
2019-07-31,development,VALUE,long_only,10.0,-0.07298403781876488,-0.07330661846392617,0.32258064516129026,-0.02183011190291312,934,186,0
2019-07-31,development,VALUE,long_only,25.0,-0.07298403781876488,-0.0737904894316681,0.32258064516129026,-0.02183011190291312,934,186,0
2019-07-31,development,VALUE,long_short,0.0,-0.046892445084702604,-0.046892445084702604,0.7741935483870969,-0.02183011190291312,934,186,186
2019-07-31,development,VALUE,long_short,10.0,-0.046892445084702604,-0.0476666386330897,0.7741935483870969,-0.02183011190291312,934,186,186
2019-07-31,development,VALUE,long_short,25.0,-0.046892445084702604,-0.04882792895567035,0.7741935483870969,-0.02183011190291312,934,186,186
2019-08-30,development,COMPOSITE,long_only,0.0,-0.002542943435116121,-0.002542943435116121,0.34196891191709833,0.01624623939178239,965,193,0
2019-08-30,development,COMPOSITE,long_only,10.0,-0.002542943435116121,-0.0028849123470332193,0.34196891191709833,0.01624623939178239,965,193,0
2019-08-30,development,COMPOSITE,long_only,25.0,-0.002542943435116121,-0.003397865714908867,0.34196891191709833,0.01624623939178239,965,193,0
2019-08-30,development,COMPOSITE,long_short,0.0,-0.02057830439267761,-0.02057830439267761,0.632124352331606,0.01624623939178239,965,193,193
2019-08-30,development,COMPOSITE,long_short,10.0,-0.02057830439267761,-0.021210428745009217,0.632124352331606,0.01624623939178239,965,193,193
2019-08-30,development,COMPOSITE,long_short,25.0,-0.02057830439267761,-0.022158615273506627,0.632124352331606,0.01624623939178239,965,193,193
2019-08-30,development,LV,long_only,0.0,0.007881003646311129,0.007881003646311129,0.20618556701030927,0.016312672099552887,973,194,0
2019-08-30,development,LV,long_only,10.0,0.007881003646311129,0.007674818079300819,0.20618556701030927,0.016312672099552887,973,194,0
2019-08-30,development,LV,long_only,25.0,0.007881003646311129,0.007365539728785356,0.20618556701030927,0.016312672099552887,973,194,0
2019-08-30,development,LV,long_short,0.0,0.006569131160986579,0.006569131160986579,0.48453608247422675,0.016312672099552887,973,194,194
2019-08-30,development,LV,long_short,10.0,0.006569131160986579,0.006084595078512352,0.48453608247422675,0.016312672099552887,973,194,194
2019-08-30,development,LV,long_short,25.0,0.006569131160986579,0.005357790954801012,0.48453608247422675,0.016312672099552887,973,194,194
2019-08-30,development,MOM,long_only,0.0,-0.043159852149392414,-0.043159852149392414,0.4041450777202073,0.016436568140765953,967,193,0
2019-08-30,development,MOM,long_only,10.0,-0.043159852149392414,-0.04356399722711262,0.4041450777202073,0.016436568140765953,967,193,0
2019-08-30,development,MOM,long_only,25.0,-0.043159852149392414,-0.044170214843692934,0.4041450777202073,0.016436568140765953,967,193,0
2019-08-30,development,MOM,long_short,0.0,-0.08332328394077237,-0.08332328394077237,0.7772020725388601,0.016436568140765953,967,193,193
2019-08-30,development,MOM,long_short,10.0,-0.08332328394077237,-0.08410048601331123,0.7772020725388601,0.016436568140765953,967,193,193
2019-08-30,development,MOM,long_short,25.0,-0.08332328394077237,-0.08526628912211953,0.7772020725388601,0.016436568140765953,967,193,193
2019-08-30,development,QUALITY,long_only,0.0,-0.0007642038004416381,-0.0007642038004416381,0.134020618556701,0.016196318200772008,972,194,0
2019-08-30,development,QUALITY,long_only,10.0,-0.0007642038004416381,-0.000898224418998339,0.134020618556701,0.016196318200772008,972,194,0
2019-08-30,development,QUALITY,long_only,25.0,-0.0007642038004416381,-0.0010992553468333905,0.134020618556701,0.016196318200772008,972,194,0
2019-08-30,development,QUALITY,long_short,0.0,-0.018264491039954724,-0.018264491039954724,0.32989690721649484,0.016196318200772008,972,194,194
2019-08-30,development,QUALITY,long_short,10.0,-0.018264491039954724,-0.01859438794717122,0.32989690721649484,0.016196318200772008,972,194,194
2019-08-30,development,QUALITY,long_short,25.0,-0.018264491039954724,-0.019089233307995963,0.32989690721649484,0.016196318200772008,972,194,194
2019-08-30,development,SIZE,long_only,0.0,0.01832700980898121,0.01832700980898121,0.38190954773869346,0.015492897448175249,997,199,0
2019-08-30,development,SIZE,long_only,10.0,0.01832700980898121,0.017945100261242516,0.38190954773869346,0.015492897448175249,997,199,0
2019-08-30,development,SIZE,long_only,25.0,0.01832700980898121,0.017372235939634478,0.38190954773869346,0.015492897448175249,997,199,0
2019-08-30,development,SIZE,long_short,0.0,0.00019545935880066782,0.00019545935880066782,0.4522613065326633,0.015492897448175249,997,199,199
2019-08-30,development,SIZE,long_short,10.0,0.00019545935880066782,-0.0002568019477319955,0.4522613065326633,0.015492897448175249,997,199,199
2019-08-30,development,SIZE,long_short,25.0,0.00019545935880066782,-0.0009351939075309904,0.4522613065326633,0.015492897448175249,997,199,199
2019-08-30,development,VALUE,long_only,0.0,0.061167059148073584,0.061167059148073584,0.2043010752688172,0.01593732374178598,932,186,0
2019-08-30,development,VALUE,long_only,10.0,0.061167059148073584,0.06096275807280477,0.2043010752688172,0.01593732374178598,932,186,0
2019-08-30,development,VALUE,long_only,25.0,0.061167059148073584,0.06065630645990154,0.2043010752688172,0.01593732374178598,932,186,0
2019-08-30,development,VALUE,long_short,0.0,0.07501058132797175,0.07501058132797175,0.3870967741935484,0.01593732374178598,932,186,186
2019-08-30,development,VALUE,long_short,10.0,0.07501058132797175,0.07462348455377821,0.3870967741935484,0.01593732374178598,932,186,186
2019-08-30,development,VALUE,long_short,25.0,0.07501058132797175,0.07404283939248789,0.3870967741935484,0.01593732374178598,932,186,186
2019-09-30,development,COMPOSITE,long_only,0.0,0.02028701152240696,0.02028701152240696,0.43298969072164956,0.022210355685422845,970,194,0
2019-09-30,development,COMPOSITE,long_only,10.0,0.02028701152240696,0.01985402183168531,0.43298969072164956,0.022210355685422845,970,194,0
2019-09-30,development,COMPOSITE,long_only,25.0,0.02028701152240696,0.019204537295602835,0.43298969072164956,0.022210355685422845,970,194,0
2019-09-30,development,COMPOSITE,long_short,0.0,-0.005394650531795963,-0.005394650531795963,0.7319587628865981,0.022210355685422845,970,194,194
2019-09-30,development,COMPOSITE,long_short,10.0,-0.005394650531795963,-0.006126609294682561,0.7319587628865981,0.022210355685422845,970,194,194
2019-09-30,development,COMPOSITE,long_short,25.0,-0.005394650531795963,-0.007224547439012459,0.7319587628865981,0.022210355685422845,970,194,194
2019-09-30,development,LV,long_only,0.0,0.006496476902719873,0.006496476902719873,0.28717948717948716,0.022462728061845353,977,195,0
2019-09-30,development,LV,long_only,10.0,0.006496476902719873,0.006209297415540386,0.28717948717948716,0.022462728061845353,977,195,0
2019-09-30,development,LV,long_only,25.0,0.006496476902719873,0.005778528184771155,0.28717948717948716,0.022462728061845353,977,195,0
2019-09-30,development,LV,long_short,0.0,-0.01496476177036768,-0.01496476177036768,0.676923076923077,0.022462728061845353,977,195,195
2019-09-30,development,LV,long_short,10.0,-0.01496476177036768,-0.015641684847290758,0.676923076923077,0.022462728061845353,977,195,195
2019-09-30,development,LV,long_short,25.0,-0.01496476177036768,-0.01665706946267537,0.676923076923077,0.022462728061845353,977,195,195
2019-09-30,development,MOM,long_only,0.0,0.015621883371432017,0.015621883371432017,0.5670103092783507,0.022462821315462605,970,194,0
2019-09-30,development,MOM,long_only,10.0,0.015621883371432017,0.015054873062153666,0.5670103092783507,0.022462821315462605,970,194,0
2019-09-30,development,MOM,long_only,25.0,0.015621883371432017,0.01420435759823614,0.5670103092783507,0.022462821315462605,970,194,0
2019-09-30,development,MOM,long_short,0.0,-0.006768735883828346,-0.006768735883828346,1.0309278350515463,0.022462821315462605,970,194,194
2019-09-30,development,MOM,long_short,10.0,-0.006768735883828346,-0.007799663718879892,1.0309278350515463,0.022462821315462605,970,194,194
2019-09-30,development,MOM,long_short,25.0,-0.006768735883828346,-0.009346055471457212,1.0309278350515463,0.022462821315462605,970,194,194
2019-09-30,development,QUALITY,long_only,0.0,0.04005098182444162,0.04005098182444162,0.12307692307692306,0.02227552839500009,975,195,0
2019-09-30,development,QUALITY,long_only,10.0,0.04005098182444162,0.0399279049013647,0.12307692307692306,0.02227552839500009,975,195,0
2019-09-30,development,QUALITY,long_only,25.0,0.04005098182444162,0.03974328951674931,0.12307692307692306,0.02227552839500009,975,195,0
2019-09-30,development,QUALITY,long_short,0.0,0.024450801062998902,0.024450801062998902,0.28717948717948716,0.02227552839500009,975,195,195
2019-09-30,development,QUALITY,long_short,10.0,0.024450801062998902,0.024163621575819416,0.28717948717948716,0.02227552839500009,975,195,195
2019-09-30,development,QUALITY,long_short,25.0,0.024450801062998902,0.023732852345050185,0.28717948717948716,0.02227552839500009,975,195,195
2019-09-30,development,SIZE,long_only,0.0,0.020371750649438424,0.020371750649438424,0.3316582914572864,0.02227379685271581,997,199,0
2019-09-30,development,SIZE,long_only,10.0,0.020371750649438424,0.020040092357981137,0.3316582914572864,0.02227379685271581,997,199,0
2019-09-30,development,SIZE,long_only,25.0,0.020371750649438424,0.01954260492079521,0.3316582914572864,0.02227379685271581,997,199,0
2019-09-30,development,SIZE,long_short,0.0,-0.0017785110840332057,-0.0017785110840332057,0.4321608040201005,0.02227379685271581,997,199,199
2019-09-30,development,SIZE,long_short,10.0,-0.0017785110840332057,-0.0022106718880533062,0.4321608040201005,0.02227379685271581,997,199,199
2019-09-30,development,SIZE,long_short,25.0,-0.0017785110840332057,-0.002858913094083457,0.4321608040201005,0.02227379685271581,997,199,199
2019-09-30,development,VALUE,long_only,0.0,0.008975912221461841,0.008975912221461841,0.16042780748663119,0.022815194841699252,936,187,0
2019-09-30,development,VALUE,long_only,10.0,0.008975912221461841,0.00881548441397521,0.16042780748663119,0.022815194841699252,936,187,0
2019-09-30,development,VALUE,long_only,25.0,0.008975912221461841,0.008574842702745262,0.16042780748663119,0.022815194841699252,936,187,0
2019-09-30,development,VALUE,long_short,0.0,-0.01720735142619808,-0.01720735142619808,0.4064171122994656,0.022815194841699252,936,187,187
2019-09-30,development,VALUE,long_short,10.0,-0.01720735142619808,-0.017613768538497544,0.4064171122994656,0.022815194841699252,936,187,187
2019-09-30,development,VALUE,long_short,25.0,-0.01720735142619808,-0.018223394206946745,0.4064171122994656,0.022815194841699252,936,187,187
2019-10-31,development,COMPOSITE,long_only,0.0,0.03020930250097165,0.03020930250097165,0.422680412371134,0.03957784242475078,970,194,0
2019-10-31,development,COMPOSITE,long_only,10.0,0.03020930250097165,0.029786622088600515,0.422680412371134,0.03957784242475078,970,194,0
2019-10-31,development,COMPOSITE,long_only,25.0,0.03020930250097165,0.029152601470043817,0.422680412371134,0.03957784242475078,970,194,0
2019-10-31,development,COMPOSITE,long_short,0.0,-0.039693213423420456,-0.039693213423420456,0.7525773195876289,0.03957784242475078,970,194,194
2019-10-31,development,COMPOSITE,long_short,10.0,-0.039693213423420456,-0.04044579074300809,0.7525773195876289,0.03957784242475078,970,194,194
2019-10-31,development,COMPOSITE,long_short,25.0,-0.039693213423420456,-0.04157465672238953,0.7525773195876289,0.03957784242475078,970,194,194
2019-10-31,development,LV,long_only,0.0,0.024313831241980298,0.024313831241980298,0.18461538461538463,0.03953203271769729,978,195,0
2019-10-31,development,LV,long_only,10.0,0.024313831241980298,0.024129215857364914,0.18461538461538463,0.03953203271769729,978,195,0
2019-10-31,development,LV,long_only,25.0,0.024313831241980298,0.023852292780441837,0.18461538461538463,0.03953203271769729,978,195,0
2019-10-31,development,LV,long_short,0.0,-0.047713844906391314,-0.047713844906391314,0.4307692307692308,0.03953203271769729,978,195,195
2019-10-31,development,LV,long_short,10.0,-0.047713844906391314,-0.04814461413716054,0.4307692307692308,0.03953203271769729,978,195,195
2019-10-31,development,LV,long_short,25.0,-0.047713844906391314,-0.048790767983314394,0.4307692307692308,0.03953203271769729,978,195,195
2019-10-31,development,MOM,long_only,0.0,0.05329394124611028,0.05329394124611028,0.48453608247422697,0.03958160229517793,969,193,0
2019-10-31,development,MOM,long_only,10.0,0.05329394124611028,0.05280940516363605,0.48453608247422697,0.03958160229517793,969,193,0
2019-10-31,development,MOM,long_only,25.0,0.05329394124611028,0.052082601039924716,0.48453608247422697,0.03958160229517793,969,193,0
2019-10-31,development,MOM,long_short,0.0,-0.005257309002219409,-0.005257309002219409,0.9793814432989693,0.03958160229517793,969,193,193
2019-10-31,development,MOM,long_short,10.0,-0.005257309002219409,-0.006236690445518378,0.9793814432989693,0.03958160229517793,969,193,193
2019-10-31,development,MOM,long_short,25.0,-0.005257309002219409,-0.007705762610466832,0.9793814432989693,0.03958160229517793,969,193,193
2019-10-31,development,QUALITY,long_only,0.0,0.03877691485939112,0.03877691485939112,0.07179487179487179,0.039451473204025006,975,195,0
2019-10-31,development,QUALITY,long_only,10.0,0.03877691485939112,0.03870511998759625,0.07179487179487179,0.039451473204025006,975,195,0
2019-10-31,development,QUALITY,long_only,25.0,0.03877691485939112,0.03859742767990394,0.07179487179487179,0.039451473204025006,975,195,0
2019-10-31,development,QUALITY,long_short,0.0,-0.016437907426928404,-0.016437907426928404,0.18461538461538463,0.039451473204025006,975,195,195
2019-10-31,development,QUALITY,long_short,10.0,-0.016437907426928404,-0.016622522811543788,0.18461538461538463,0.039451473204025006,975,195,195
2019-10-31,development,QUALITY,long_short,25.0,-0.016437907426928404,-0.016899445888466865,0.18461538461538463,0.039451473204025006,975,195,195
2019-10-31,development,SIZE,long_only,0.0,0.0308717078361207,0.0308717078361207,0.31155778894472363,0.039486057261468685,999,199,0
2019-10-31,development,SIZE,long_only,10.0,0.0308717078361207,0.030560150047175976,0.31155778894472363,0.039486057261468685,999,199,0
2019-10-31,development,SIZE,long_only,25.0,0.0308717078361207,0.03009281336375889,0.31155778894472363,0.039486057261468685,999,199,0
2019-10-31,development,SIZE,long_short,0.0,-0.006674695782572082,-0.006674695782572082,0.39195979899497485,0.039486057261468685,999,199,199
2019-10-31,development,SIZE,long_short,10.0,-0.006674695782572082,-0.007066655581567057,0.39195979899497485,0.039486057261468685,999,199,199
2019-10-31,development,SIZE,long_short,25.0,-0.006674695782572082,-0.007654595280059519,0.39195979899497485,0.039486057261468685,999,199,199
2019-10-31,development,VALUE,long_only,0.0,0.03950913318667186,0.03950913318667186,0.160427807486631,0.040193572772362594,935,187,0
2019-10-31,development,VALUE,long_only,10.0,0.03950913318667186,0.03934870537918523,0.160427807486631,0.040193572772362594,935,187,0
2019-10-31,development,VALUE,long_only,25.0,0.03950913318667186,0.03910806366795528,0.160427807486631,0.040193572772362594,935,187,0
2019-10-31,development,VALUE,long_short,0.0,-0.006871280154400686,-0.006871280154400686,0.34224598930481276,0.040193572772362594,935,187,187
2019-10-31,development,VALUE,long_short,10.0,-0.006871280154400686,-0.007213526143705499,0.34224598930481276,0.040193572772362594,935,187,187
2019-10-31,development,VALUE,long_short,25.0,-0.006871280154400686,-0.007726895127662718,0.34224598930481276,0.040193572772362594,935,187,187
2019-11-29,development,COMPOSITE,long_only,0.0,0.020158149988904826,0.020158149988904826,0.49484536082474234,0.028360066644632684,968,193,0
2019-11-29,development,COMPOSITE,long_only,10.0,0.020158149988904826,0.019663304628080084,0.49484536082474234,0.028360066644632684,968,193,0
2019-11-29,development,COMPOSITE,long_only,25.0,0.020158149988904826,0.01892103658684297,0.49484536082474234,0.028360066644632684,968,193,0
2019-11-29,development,COMPOSITE,long_short,0.0,-0.00818610461834091,-0.00818610461834091,0.9278350515463919,0.028360066644632684,968,193,193
2019-11-29,development,COMPOSITE,long_short,10.0,-0.00818610461834091,-0.009113939669887302,0.9278350515463919,0.028360066644632684,968,193,193
2019-11-29,development,COMPOSITE,long_short,25.0,-0.00818610461834091,-0.01050569224720689,0.9278350515463919,0.028360066644632684,968,193,193
2019-11-29,development,LV,long_only,0.0,0.018385980437142044,0.018385980437142044,0.36923076923076925,0.028243574160576955,975,195,0
2019-11-29,development,LV,long_only,10.0,0.018385980437142044,0.018016749667911273,0.36923076923076925,0.028243574160576955,975,195,0
2019-11-29,development,LV,long_only,25.0,0.018385980437142044,0.017462903514065122,0.36923076923076925,0.028243574160576955,975,195,0
2019-11-29,development,LV,long_short,0.0,-0.011701191410308715,-0.011701191410308715,0.6564102564102564,0.028243574160576955,975,195,195
2019-11-29,development,LV,long_short,10.0,-0.011701191410308715,-0.012357601666718971,0.6564102564102564,0.028243574160576955,975,195,195
2019-11-29,development,LV,long_short,25.0,-0.011701191410308715,-0.013342217051334357,0.6564102564102564,0.028243574160576955,975,195,195
2019-11-29,development,MOM,long_only,0.0,0.012100291689958263,0.012100291689958263,0.577319587628866,0.02824716700872216,973,194,0
2019-11-29,development,MOM,long_only,10.0,0.012100291689958263,0.011522972102329398,0.577319587628866,0.02824716700872216,973,194,0
2019-11-29,development,MOM,long_only,25.0,0.012100291689958263,0.010656992720886098,0.577319587628866,0.02824716700872216,973,194,0
2019-11-29,development,MOM,long_short,0.0,-0.024715159686560087,-0.024715159686560087,1.1649484536082477,0.02824716700872216,973,194,194
2019-11-29,development,MOM,long_short,10.0,-0.024715159686560087,-0.025880108140168334,1.1649484536082477,0.02824716700872216,973,194,194
2019-11-29,development,MOM,long_short,25.0,-0.024715159686560087,-0.027627530820580705,1.1649484536082477,0.02824716700872216,973,194,194
2019-11-29,development,QUALITY,long_only,0.0,0.017377134929565753,0.017377134929565753,0.07179487179487178,0.02836825663332651,971,194,0
2019-11-29,development,QUALITY,long_only,10.0,0.017377134929565753,0.01730534005777088,0.07179487179487178,0.02836825663332651,971,194,0
2019-11-29,development,QUALITY,long_only,25.0,0.017377134929565753,0.017197647750078572,0.07179487179487178,0.02836825663332651,971,194,0
2019-11-29,development,QUALITY,long_short,0.0,-0.004225625575496305,-0.004225625575496305,0.17435897435897432,0.02836825663332651,971,194,194
2019-11-29,development,QUALITY,long_short,10.0,-0.004225625575496305,-0.004399984549855279,0.17435897435897432,0.02836825663332651,971,194,194
2019-11-29,development,QUALITY,long_short,25.0,-0.004225625575496305,-0.004661523011393741,0.17435897435897432,0.02836825663332651,971,194,194
2019-11-29,development,SIZE,long_only,0.0,0.027894932245943978,0.027894932245943978,0.271356783919598,0.028149273532135047,996,199,0
2019-11-29,development,SIZE,long_only,10.0,0.027894932245943978,0.02762357546202438,0.271356783919598,0.028149273532135047,996,199,0
2019-11-29,development,SIZE,long_only,25.0,0.027894932245943978,0.027216540286144984,0.271356783919598,0.028149273532135047,996,199,0
2019-11-29,development,SIZE,long_short,0.0,-0.00021850979370572742,-0.00021850979370572742,0.3417085427135678,0.028149273532135047,996,199,199
2019-11-29,development,SIZE,long_short,10.0,-0.00021850979370572742,-0.0005602183364192952,0.3417085427135678,0.028149273532135047,996,199,199
2019-11-29,development,SIZE,long_short,25.0,-0.00021850979370572742,-0.0010727811504896469,0.3417085427135678,0.028149273532135047,996,199,199
2019-11-29,development,VALUE,long_only,0.0,0.04144180614839236,0.04144180614839236,0.18181818181818188,0.02901481405440095,929,185,0
2019-11-29,development,VALUE,long_only,10.0,0.04144180614839236,0.04125998796657418,0.18181818181818188,0.02901481405440095,929,185,0
2019-11-29,development,VALUE,long_only,25.0,0.04144180614839236,0.0409872606938469,0.18181818181818188,0.02901481405440095,929,185,0
2019-11-29,development,VALUE,long_short,0.0,0.01952781303337189,0.01952781303337189,0.36363636363636376,0.02901481405440095,929,185,185
2019-11-29,development,VALUE,long_short,10.0,0.01952781303337189,0.019164176669735525,0.36363636363636376,0.02901481405440095,929,185,185
2019-11-29,development,VALUE,long_short,25.0,0.01952781303337189,0.018618722124280982,0.36363636363636376,0.02901481405440095,929,185,185
2019-12-31,development,COMPOSITE,long_only,0.0,-0.002269732244306222,-0.002269732244306222,0.38144329896907225,-0.00019143420376739302,970,194,0
2019-12-31,development,COMPOSITE,long_only,10.0,-0.002269732244306222,-0.002651175543275294,0.38144329896907225,-0.00019143420376739302,970,194,0
2019-12-31,development,COMPOSITE,long_only,25.0,-0.002269732244306222,-0.0032233404917289027,0.38144329896907225,-0.00019143420376739302,970,194,0
2019-12-31,development,COMPOSITE,long_short,0.0,0.022256380533661246,0.022256380533661246,0.8144329896907219,-0.00019143420376739302,970,194,194
2019-12-31,development,COMPOSITE,long_short,10.0,0.022256380533661246,0.021441947543970524,0.8144329896907219,-0.00019143420376739302,970,194,194
2019-12-31,development,COMPOSITE,long_short,25.0,0.022256380533661246,0.02022029805943444,0.8144329896907219,-0.00019143420376739302,970,194,194
2019-12-31,development,LV,long_only,0.0,0.0038707423192772187,0.0038707423192772187,0.25641025641025644,0.001869709518264646,977,195,0
2019-12-31,development,LV,long_only,10.0,0.0038707423192772187,0.003614332062866962,0.25641025641025644,0.001869709518264646,977,195,0
2019-12-31,development,LV,long_only,25.0,0.0038707423192772187,0.003229716678251578,0.25641025641025644,0.001869709518264646,977,195,0
2019-12-31,development,LV,long_short,0.0,0.031343222313291216,0.031343222313291216,0.5333333333333333,0.001869709518264646,977,195,195
2019-12-31,development,LV,long_short,10.0,0.031343222313291216,0.030809888979957883,0.5333333333333333,0.001869709518264646,977,195,195
2019-12-31,development,LV,long_short,25.0,0.031343222313291216,0.030009888979957884,0.5333333333333333,0.001869709518264646,977,195,195
2019-12-31,development,MOM,long_only,0.0,0.011914590240027962,0.011914590240027962,0.5773195876288659,0.001919307485028773,974,194,0
2019-12-31,development,MOM,long_only,10.0,0.011914590240027962,0.011337270652399097,0.5773195876288659,0.001919307485028773,974,194,0
2019-12-31,development,MOM,long_only,25.0,0.011914590240027962,0.010471291270955797,0.5773195876288659,0.001919307485028773,974,194,0
2019-12-31,development,MOM,long_short,0.0,0.05643315506847648,0.05643315506847648,1.1237113402061856,0.001919307485028773,974,194,194
2019-12-31,development,MOM,long_short,10.0,0.05643315506847648,0.05530944372827029,1.1237113402061856,0.001919307485028773,974,194,194
2019-12-31,development,MOM,long_short,25.0,0.05643315506847648,0.05362387671796102,1.1237113402061856,0.001919307485028773,974,194,194
2019-12-31,development,QUALITY,long_only,0.0,-0.00461672111955231,-0.00461672111955231,0.08247422680412371,-9.468073523485952e-05,974,194,0
2019-12-31,development,QUALITY,long_only,10.0,-0.00461672111955231,-0.004699195346356434,0.08247422680412371,-9.468073523485952e-05,974,194,0
2019-12-31,development,QUALITY,long_only,25.0,-0.00461672111955231,-0.004822906686562619,0.08247422680412371,-9.468073523485952e-05,974,194,0
2019-12-31,development,QUALITY,long_short,0.0,0.020158812952263315,0.020158812952263315,0.21649484536082472,-9.468073523485952e-05,974,194,194
2019-12-31,development,QUALITY,long_short,10.0,0.020158812952263315,0.01994231810690249,0.21649484536082472,-9.468073523485952e-05,974,194,194
2019-12-31,development,QUALITY,long_short,25.0,0.020158812952263315,0.019617575838861253,0.21649484536082472,-9.468073523485952e-05,974,194,194
2019-12-31,development,SIZE,long_only,0.0,-0.02870624004093711,-0.02870624004093711,0.19095477386934673,0.002320470927253186,998,199,0
2019-12-31,development,SIZE,long_only,10.0,-0.02870624004093711,-0.028897194814806456,0.19095477386934673,0.002320470927253186,998,199,0
2019-12-31,development,SIZE,long_only,25.0,-0.02870624004093711,-0.029183626975610475,0.19095477386934673,0.002320470927253186,998,199,0
2019-12-31,development,SIZE,long_short,0.0,-0.024101381003631957,-0.024101381003631957,0.2613065326633166,0.002320470927253186,998,199,199
2019-12-31,development,SIZE,long_short,10.0,-0.024101381003631957,-0.024362687536295273,0.2613065326633166,0.002320470927253186,998,199,199
2019-12-31,development,SIZE,long_short,25.0,-0.024101381003631957,-0.024754647335290248,0.2613065326633166,0.002320470927253186,998,199,199
2019-12-31,development,VALUE,long_only,0.0,-0.04018873253557196,-0.04018873253557196,0.1497326203208557,-0.0007002409272427509,936,187,0
2019-12-31,development,VALUE,long_only,10.0,-0.04018873253557196,-0.040338465155892816,0.1497326203208557,-0.0007002409272427509,936,187,0
2019-12-31,development,VALUE,long_only,25.0,-0.04018873253557196,-0.0405630640863741,0.1497326203208557,-0.0007002409272427509,936,187,0
2019-12-31,development,VALUE,long_short,0.0,-0.03174954855940096,-0.03174954855940096,0.4064171122994654,-0.0007002409272427509,936,187,187
2019-12-31,development,VALUE,long_short,10.0,-0.03174954855940096,-0.032155965671700426,0.4064171122994654,-0.0007002409272427509,936,187,187
2019-12-31,development,VALUE,long_short,25.0,-0.03174954855940096,-0.03276559134014962,0.4064171122994654,-0.0007002409272427509,936,187,187
2020-01-31,development,COMPOSITE,long_only,0.0,-0.08298633698245386,-0.08298633698245386,0.48453608247422686,-0.08121436977258555,968,193,0
2020-01-31,development,COMPOSITE,long_only,10.0,-0.08298633698245386,-0.08347087306492809,0.48453608247422686,-0.08121436977258555,968,193,0
2020-01-31,development,COMPOSITE,long_only,25.0,-0.08298633698245386,-0.08419767718863944,0.48453608247422686,-0.08121436977258555,968,193,0
2020-01-31,development,COMPOSITE,long_short,0.0,-0.004178851425675454,-0.004178851425675454,0.8969072164948455,-0.08121436977258555,968,193,193
2020-01-31,development,COMPOSITE,long_short,10.0,-0.004178851425675454,-0.005075758642170299,0.8969072164948455,-0.08121436977258555,968,193,193
2020-01-31,development,COMPOSITE,long_short,25.0,-0.004178851425675454,-0.006421119466912567,0.8969072164948455,-0.08121436977258555,968,193,193
2020-01-31,development,LV,long_only,0.0,-0.08308279133993741,-0.08308279133993741,0.3282051282051282,-0.08088818876433448,975,195,0
2020-01-31,development,LV,long_only,10.0,-0.08308279133993741,-0.08341099646814254,0.3282051282051282,-0.08088818876433448,975,195,0
2020-01-31,development,LV,long_only,25.0,-0.08308279133993741,-0.08390330416045023,0.3282051282051282,-0.08088818876433448,975,195,0
2020-01-31,development,LV,long_short,0.0,-0.013475439309999981,-0.013475439309999981,0.6666666666666667,-0.08088818876433448,975,195,195
2020-01-31,development,LV,long_short,10.0,-0.013475439309999981,-0.014142105976666647,0.6666666666666667,-0.08088818876433448,975,195,195
2020-01-31,development,LV,long_short,25.0,-0.013475439309999981,-0.015142105976666648,0.6666666666666667,-0.08088818876433448,975,195,195
2020-01-31,development,MOM,long_only,0.0,-0.06740561434114062,-0.06740561434114062,0.5360824742268041,-0.08076838432839963,973,194,0
2020-01-31,development,MOM,long_only,10.0,-0.06740561434114062,-0.06794169681536742,0.5360824742268041,-0.08076838432839963,973,194,0
2020-01-31,development,MOM,long_only,25.0,-0.06740561434114062,-0.06874582052670763,0.5360824742268041,-0.08076838432839963,973,194,0
2020-01-31,development,MOM,long_short,0.0,0.01703013705113371,0.01703013705113371,1.1546391752577319,-0.08076838432839963,973,194,194
2020-01-31,development,MOM,long_short,10.0,0.01703013705113371,0.015875497875875978,1.1546391752577319,-0.08076838432839963,973,194,194
2020-01-31,development,MOM,long_short,25.0,0.01703013705113371,0.014143539112989378,1.1546391752577319,-0.08076838432839963,973,194,194
2020-01-31,development,QUALITY,long_only,0.0,-0.06891146491786784,-0.06891146491786784,0.061855670103092786,-0.08119685592631656,972,194,0
2020-01-31,development,QUALITY,long_only,10.0,-0.06891146491786784,-0.06897332058797094,0.061855670103092786,-0.08119685592631656,972,194,0
2020-01-31,development,QUALITY,long_only,25.0,-0.06891146491786784,-0.06906610409312558,0.061855670103092786,-0.08119685592631656,972,194,0
2020-01-31,development,QUALITY,long_short,0.0,0.0027848623833965826,0.0027848623833965826,0.15463917525773196,-0.08119685592631656,972,194,194
2020-01-31,development,QUALITY,long_short,10.0,0.0027848623833965826,0.002630223208138851,0.15463917525773196,-0.08119685592631656,972,194,194
2020-01-31,development,QUALITY,long_short,25.0,0.0027848623833965826,0.002398264445252253,0.15463917525773196,-0.08119685592631656,972,194,194
2020-01-31,development,SIZE,long_only,0.0,-0.08989568928774544,-0.08989568928774544,0.30999999999999994,-0.08052722215287676,1000,200,0
2020-01-31,development,SIZE,long_only,10.0,-0.08989568928774544,-0.09020568928774544,0.30999999999999994,-0.08052722215287676,1000,200,0
2020-01-31,development,SIZE,long_only,25.0,-0.08989568928774544,-0.09067068928774544,0.30999999999999994,-0.08052722215287676,1000,200,0
2020-01-31,development,SIZE,long_short,0.0,-0.00860035228926083,-0.00860035228926083,0.38,-0.08052722215287676,1000,200,200
2020-01-31,development,SIZE,long_short,10.0,-0.00860035228926083,-0.00898035228926083,0.38,-0.08052722215287676,1000,200,200
2020-01-31,development,SIZE,long_short,25.0,-0.00860035228926083,-0.009550352289260829,0.38,-0.08052722215287676,1000,200,200
2020-01-31,development,VALUE,long_only,0.0,-0.10398490817304533,-0.10398490817304533,0.19251336898395738,-0.08234698633507663,933,186,0
2020-01-31,development,VALUE,long_only,10.0,-0.10398490817304533,-0.10417742154202929,0.19251336898395738,-0.08234698633507663,933,186,0
2020-01-31,development,VALUE,long_only,25.0,-0.10398490817304533,-0.10446619159550523,0.19251336898395738,-0.08234698633507663,933,186,0
2020-01-31,development,VALUE,long_short,0.0,-0.023460191791236488,-0.023460191791236488,0.4064171122994656,-0.08234698633507663,933,186,186
2020-01-31,development,VALUE,long_short,10.0,-0.023460191791236488,-0.023866608903535952,0.4064171122994656,-0.08234698633507663,933,186,186
2020-01-31,development,VALUE,long_short,25.0,-0.023460191791236488,-0.024476234571985153,0.4064171122994656,-0.08234698633507663,933,186,186
2020-02-28,development,COMPOSITE,long_only,0.0,-0.20319787726800226,-0.20319787726800226,0.3523316062176165,-0.12643060785131768,963,192,0
2020-02-28,development,COMPOSITE,long_only,10.0,-0.20319787726800226,-0.20355020887421987,0.3523316062176165,-0.12643060785131768,963,192,0
2020-02-28,development,COMPOSITE,long_only,25.0,-0.20319787726800226,-0.2040787062835463,0.3523316062176165,-0.12643060785131768,963,192,0
2020-02-28,development,COMPOSITE,long_short,0.0,-0.03192825646528796,-0.03192825646528796,0.6735751295336785,-0.12643060785131768,963,192,192
2020-02-28,development,COMPOSITE,long_short,10.0,-0.03192825646528796,-0.03260183159482164,0.6735751295336785,-0.12643060785131768,963,192,192
2020-02-28,development,COMPOSITE,long_short,25.0,-0.03192825646528796,-0.03361219428912216,0.6735751295336785,-0.12643060785131768,963,192,192
2020-02-28,development,LV,long_only,0.0,-0.15737130138317568,-0.15737130138317568,0.41025641025641024,-0.12692316981949903,974,194,0
2020-02-28,development,LV,long_only,10.0,-0.15737130138317568,-0.1577815577934321,0.41025641025641024,-0.12692316981949903,974,194,0
2020-02-28,development,LV,long_only,25.0,-0.15737130138317568,-0.15839694240881672,0.41025641025641024,-0.12692316981949903,974,194,0
2020-02-28,development,LV,long_short,0.0,0.05502359247655361,0.05502359247655361,0.7794871794871794,-0.12692316981949903,974,194,194
2020-02-28,development,LV,long_short,10.0,0.05502359247655361,0.054244105297066435,0.7794871794871794,-0.12692316981949903,974,194,194
2020-02-28,development,LV,long_short,25.0,0.05502359247655361,0.053074874527835665,0.7794871794871794,-0.12692316981949903,974,194,194
2020-02-28,development,MOM,long_only,0.0,-0.16876802401249041,-0.16876802401249041,0.5051546391752578,-0.12684229414609963,968,193,0
2020-02-28,development,MOM,long_only,10.0,-0.16876802401249041,-0.16927317865166566,0.5051546391752578,-0.12684229414609963,968,193,0
2020-02-28,development,MOM,long_only,25.0,-0.16876802401249041,-0.17003091061042855,0.5051546391752578,-0.12684229414609963,968,193,0
2020-02-28,development,MOM,long_short,0.0,0.0468271602487892,0.0468271602487892,1.0721649484536084,-0.12684229414609963,968,193,193
2020-02-28,development,MOM,long_short,10.0,0.0468271602487892,0.04575499530033559,1.0721649484536084,-0.12684229414609963,968,193,193
2020-02-28,development,MOM,long_short,25.0,0.0468271602487892,0.04414674787765518,1.0721649484536084,-0.12684229414609963,968,193,193
2020-02-28,development,QUALITY,long_only,0.0,-0.14518693056000487,-0.14518693056000487,0.09278350515463923,-0.12659384005627383,967,193,0
2020-02-28,development,QUALITY,long_only,10.0,-0.14518693056000487,-0.1452797140651595,0.09278350515463923,-0.12659384005627383,967,193,0
2020-02-28,development,QUALITY,long_only,25.0,-0.14518693056000487,-0.14541888932289146,0.09278350515463923,-0.12659384005627383,967,193,0
2020-02-28,development,QUALITY,long_short,0.0,0.05395307798261358,0.05395307798261358,0.2886597938144331,-0.12659384005627383,967,193,193
2020-02-28,development,QUALITY,long_short,10.0,0.05395307798261358,0.05366441818879915,0.2886597938144331,-0.12659384005627383,967,193,193
2020-02-28,development,QUALITY,long_short,25.0,0.05395307798261358,0.0532314284980775,0.2886597938144331,-0.12659384005627383,967,193,193
2020-02-28,development,SIZE,long_only,0.0,-0.22659075241248733,-0.22659075241248733,0.27,-0.12732987088084619,997,199,0
2020-02-28,development,SIZE,long_only,10.0,-0.22659075241248733,-0.22686075241248732,0.27,-0.12732987088084619,997,199,0
2020-02-28,development,SIZE,long_only,25.0,-0.22659075241248733,-0.22726575241248734,0.27,-0.12732987088084619,997,199,0
2020-02-28,development,SIZE,long_short,0.0,-0.07985759945205144,-0.07985759945205144,0.35,-0.12732987088084619,997,199,199
2020-02-28,development,SIZE,long_short,10.0,-0.07985759945205144,-0.08020759945205144,0.35,-0.12732987088084619,997,199,199
2020-02-28,development,SIZE,long_short,25.0,-0.07985759945205144,-0.08073259945205144,0.35,-0.12732987088084619,997,199,199
2020-02-28,development,VALUE,long_only,0.0,-0.28248535633192884,-0.28248535633192884,0.18279569892473116,-0.12516860152104578,929,185,0
2020-02-28,development,VALUE,long_only,10.0,-0.28248535633192884,-0.28266815203085355,0.18279569892473116,-0.12516860152104578,929,185,0
2020-02-28,development,VALUE,long_only,25.0,-0.28248535633192884,-0.28294234557924064,0.18279569892473116,-0.12516860152104578,929,185,0
2020-02-28,development,VALUE,long_short,0.0,-0.10639920726041044,-0.10639920726041044,0.5161290322580645,-0.12516860152104578,929,185,185
2020-02-28,development,VALUE,long_short,10.0,-0.10639920726041044,-0.1069153362926685,0.5161290322580645,-0.12516860152104578,929,185,185
2020-02-28,development,VALUE,long_short,25.0,-0.10639920726041044,-0.1076895298410556,0.5161290322580645,-0.12516860152104578,929,185,185
2020-03-31,development,COMPOSITE,long_only,0.0,0.15840475550488647,0.15840475550488647,0.5729166666666666,0.13338705351419108,952,190,0
2020-03-31,development,COMPOSITE,long_only,10.0,0.15840475550488647,0.1578318388382198,0.5729166666666666,0.13338705351419108,952,190,0
2020-03-31,development,COMPOSITE,long_only,25.0,0.15840475550488647,0.1569724638382198,0.5729166666666666,0.13338705351419108,952,190,0
2020-03-31,development,COMPOSITE,long_short,0.0,-0.0014963838571510103,-0.0014963838571510103,1.0,0.13338705351419108,952,190,190
2020-03-31,development,COMPOSITE,long_short,10.0,-0.0014963838571510103,-0.0024963838571510103,1.0,0.13338705351419108,952,190,190
2020-03-31,development,COMPOSITE,long_short,25.0,-0.0014963838571510103,-0.003996383857151011,1.0,0.13338705351419108,952,190,190
2020-03-31,development,LV,long_only,0.0,0.12618845222605563,0.12618845222605563,0.5463917525773195,0.13429333701156554,967,193,0
2020-03-31,development,LV,long_only,10.0,0.12618845222605563,0.1256420604734783,0.5463917525773195,0.13429333701156554,967,193,0
2020-03-31,development,LV,long_only,25.0,0.12618845222605563,0.12482247284461233,0.5463917525773195,0.13429333701156554,967,193,0
2020-03-31,development,LV,long_short,0.0,-0.0841113805300661,-0.0841113805300661,1.0309278350515467,0.13429333701156554,967,193,193
2020-03-31,development,LV,long_short,10.0,-0.0841113805300661,-0.08514230836511764,1.0309278350515467,0.13429333701156554,967,193,193
2020-03-31,development,LV,long_short,25.0,-0.0841113805300661,-0.08668870011769497,1.0309278350515467,0.13429333701156554,967,193,193
2020-03-31,development,MOM,long_only,0.0,0.15254951774623382,0.15254951774623382,0.61139896373057,0.1342950821428208,957,191,0
2020-03-31,development,MOM,long_only,10.0,0.15254951774623382,0.15193811878250324,0.61139896373057,0.1342950821428208,957,191,0
2020-03-31,development,MOM,long_only,25.0,0.15254951774623382,0.1510210203369074,0.61139896373057,0.1342950821428208,957,191,0
2020-03-31,development,MOM,long_short,0.0,-0.02849694997165616,-0.02849694997165616,1.22279792746114,0.1342950821428208,957,191,191
2020-03-31,development,MOM,long_short,10.0,-0.02849694997165616,-0.0297197478991173,1.22279792746114,0.1342950821428208,957,191,191
2020-03-31,development,MOM,long_short,25.0,-0.02849694997165616,-0.031553944790309006,1.22279792746114,0.1342950821428208,957,191,191
2020-03-31,development,QUALITY,long_only,0.0,0.1641104797133459,0.1641104797133459,0.16580310880829022,0.13338530190111586,955,191,0
2020-03-31,development,QUALITY,long_only,10.0,0.1641104797133459,0.16394467660453763,0.16580310880829022,0.13338530190111586,955,191,0
2020-03-31,development,QUALITY,long_only,25.0,0.1641104797133459,0.16369597194132518,0.16580310880829022,0.13338530190111586,955,191,0
2020-03-31,development,QUALITY,long_short,0.0,-0.0019091463133828705,-0.0019091463133828705,0.4041450777202074,0.13338530190111586,955,191,191
2020-03-31,development,QUALITY,long_short,10.0,-0.0019091463133828705,-0.0023132913911030777,0.4041450777202074,0.13338530190111586,955,191,191
2020-03-31,development,QUALITY,long_short,25.0,-0.0019091463133828705,-0.0029195090076833893,0.4041450777202074,0.13338530190111586,955,191,191
2020-03-31,development,SIZE,long_only,0.0,0.1605564691084529,0.1605564691084529,0.5929648241206031,0.13444453156910458,994,198,0
2020-03-31,development,SIZE,long_only,10.0,0.1605564691084529,0.1599635042843323,0.5929648241206031,0.13444453156910458,994,198,0
2020-03-31,development,SIZE,long_only,25.0,0.1605564691084529,0.1590740570481514,0.5929648241206031,0.13444453156910458,994,198,0
2020-03-31,development,SIZE,long_short,0.0,0.03986676396637527,0.03986676396637527,0.7638190954773871,0.13444453156910458,994,198,198
2020-03-31,development,SIZE,long_short,10.0,0.03986676396637527,0.03910294487089788,0.7638190954773871,0.13444453156910458,994,198,198
2020-03-31,development,SIZE,long_short,25.0,0.03986676396637527,0.037957216227681806,0.7638190954773871,0.13444453156910458,994,198,198
2020-03-31,development,VALUE,long_only,0.0,0.184520478133384,0.184520478133384,0.3999999999999999,0.13323541413696646,918,183,0
2020-03-31,development,VALUE,long_only,10.0,0.184520478133384,0.184120478133384,0.3999999999999999,0.13323541413696646,918,183,0
2020-03-31,development,VALUE,long_only,25.0,0.184520478133384,0.183520478133384,0.3999999999999999,0.13323541413696646,918,183,0
2020-03-31,development,VALUE,long_short,0.0,0.060583070239277656,0.060583070239277656,0.7783783783783782,0.13323541413696646,918,183,183
2020-03-31,development,VALUE,long_short,10.0,0.060583070239277656,0.059804691860899276,0.7783783783783782,0.13323541413696646,918,183,183
2020-03-31,development,VALUE,long_short,25.0,0.060583070239277656,0.05863712429333171,0.7783783783783782,0.13323541413696646,918,183,183
2020-04-30,development,COMPOSITE,long_only,0.0,0.07928588861233499,0.07928588861233499,0.544502617801047,0.05336456066921493,958,191,0
2020-04-30,development,COMPOSITE,long_only,10.0,0.07928588861233499,0.07874138599453394,0.544502617801047,0.05336456066921493,958,191,0
2020-04-30,development,COMPOSITE,long_only,25.0,0.07928588861233499,0.07792463206783237,0.544502617801047,0.05336456066921493,958,191,0
2020-04-30,development,COMPOSITE,long_short,0.0,-0.0015826096786846836,-0.0015826096786846836,1.0157068062827226,0.05336456066921493,958,191,191
2020-04-30,development,COMPOSITE,long_short,10.0,-0.0015826096786846836,-0.0025983164849674063,1.0157068062827226,0.05336456066921493,958,191,191
2020-04-30,development,COMPOSITE,long_short,25.0,-0.0015826096786846836,-0.0041218766943914905,1.0157068062827226,0.05336456066921493,958,191,191
2020-04-30,development,LV,long_only,0.0,0.0719918642101631,0.0719918642101631,0.6122448979591838,0.05444453864032611,982,196,0
2020-04-30,development,LV,long_only,10.0,0.0719918642101631,0.07137961931220392,0.6122448979591838,0.05444453864032611,982,196,0
2020-04-30,development,LV,long_only,25.0,0.0719918642101631,0.07046125196526513,0.6122448979591838,0.05444453864032611,982,196,0
2020-04-30,development,LV,long_short,0.0,-0.007934182303835052,-0.007934182303835052,1.4183673469387754,0.05444453864032611,982,196,196
2020-04-30,development,LV,long_short,10.0,-0.007934182303835052,-0.009352549650773827,1.4183673469387754,0.05444453864032611,982,196,196
2020-04-30,development,LV,long_short,25.0,-0.007934182303835052,-0.01148010067118199,1.4183673469387754,0.05444453864032611,982,196,196
2020-04-30,development,MOM,long_only,0.0,0.09636632530393577,0.09636632530393577,0.48958333333333337,0.053568722107531073,964,192,0
2020-04-30,development,MOM,long_only,10.0,0.09636632530393577,0.09587674197060243,0.48958333333333337,0.053568722107531073,964,192,0
2020-04-30,development,MOM,long_only,25.0,0.09636632530393577,0.09514236697060244,0.48958333333333337,0.053568722107531073,964,192,0
2020-04-30,development,MOM,long_short,0.0,0.015478630099324356,0.015478630099324356,0.9583333333333335,0.053568722107531073,964,192,192
2020-04-30,development,MOM,long_short,10.0,0.015478630099324356,0.014520296765991023,0.9583333333333335,0.053568722107531073,964,192,192
2020-04-30,development,MOM,long_short,25.0,0.015478630099324356,0.013082796765991023,0.9583333333333335,0.053568722107531073,964,192,192
2020-04-30,development,QUALITY,long_only,0.0,0.09441035518842225,0.09441035518842225,0.08333333333333343,0.05335004774545041,960,192,0
2020-04-30,development,QUALITY,long_only,10.0,0.09441035518842225,0.09432702185508891,0.08333333333333343,0.05335004774545041,960,192,0
2020-04-30,development,QUALITY,long_only,25.0,0.09441035518842225,0.09420202185508891,0.08333333333333343,0.05335004774545041,960,192,0
2020-04-30,development,QUALITY,long_short,0.0,0.017793753647543122,0.017793753647543122,0.2083333333333335,0.05335004774545041,960,192,192
2020-04-30,development,QUALITY,long_short,10.0,0.017793753647543122,0.017585420314209788,0.2083333333333335,0.05335004774545041,960,192,192
2020-04-30,development,QUALITY,long_short,25.0,0.017793753647543122,0.017272920314209787,0.2083333333333335,0.05335004774545041,960,192,192
2020-04-30,development,SIZE,long_only,0.0,0.06850738595877381,0.06850738595877381,0.3718592964824122,0.05515060591112518,999,199,0
2020-04-30,development,SIZE,long_only,10.0,0.06850738595877381,0.0681355266622914,0.3718592964824122,0.05515060591112518,999,199,0
2020-04-30,development,SIZE,long_only,25.0,0.06850738595877381,0.06757773771756778,0.3718592964824122,0.05515060591112518,999,199,0
2020-04-30,development,SIZE,long_short,0.0,0.005654555176355235,0.005654555176355235,0.44221105527638205,0.05515060591112518,999,199,199
2020-04-30,development,SIZE,long_short,10.0,0.005654555176355235,0.0052123441210788525,0.44221105527638205,0.05515060591112518,999,199,199
2020-04-30,development,SIZE,long_short,25.0,0.005654555176355235,0.004549027538164279,0.44221105527638205,0.05515060591112518,999,199,199
2020-04-30,development,VALUE,long_only,0.0,0.044470228070408145,0.044470228070408145,0.273224043715847,0.052864862952301334,919,183,0
2020-04-30,development,VALUE,long_only,10.0,0.044470228070408145,0.0441970040266923,0.273224043715847,0.052864862952301334,919,183,0
2020-04-30,development,VALUE,long_only,25.0,0.044470228070408145,0.04378716796111853,0.273224043715847,0.052864862952301334,919,183,0
2020-04-30,development,VALUE,long_short,0.0,-0.03621855387553692,-0.03621855387553692,0.4590163934426229,0.052864862952301334,919,183,183
2020-04-30,development,VALUE,long_short,10.0,-0.03621855387553692,-0.03667757026897955,0.4590163934426229,0.052864862952301334,919,183,183
2020-04-30,development,VALUE,long_short,25.0,-0.03621855387553692,-0.03736609485914348,0.4590163934426229,0.052864862952301334,919,183,183
2020-05-29,development,COMPOSITE,long_only,0.0,0.01572927679150641,0.01572927679150641,0.4607329842931937,0.02425809150940316,949,189,0
2020-05-29,development,COMPOSITE,long_only,10.0,0.01572927679150641,0.015268543807213215,0.4607329842931937,0.02425809150940316,949,189,0
2020-05-29,development,COMPOSITE,long_only,25.0,0.01572927679150641,0.014577444330773424,0.4607329842931937,0.02425809150940316,949,189,0
2020-05-29,development,COMPOSITE,long_short,0.0,-0.02740809282647163,-0.02740809282647163,0.9424083769633508,0.02425809150940316,949,189,189
2020-05-29,development,COMPOSITE,long_short,10.0,-0.02740809282647163,-0.02835050120343498,0.9424083769633508,0.02425809150940316,949,189,189
2020-05-29,development,COMPOSITE,long_short,25.0,-0.02740809282647163,-0.029764113768880007,0.9424083769633508,0.02425809150940316,949,189,189
2020-05-29,development,LV,long_only,0.0,0.0065630150740854645,0.0065630150740854645,0.44897959183673464,0.023213209328428117,980,196,0
2020-05-29,development,LV,long_only,10.0,0.0065630150740854645,0.00611403548224873,0.44897959183673464,0.023213209328428117,980,196,0
2020-05-29,development,LV,long_only,25.0,0.0065630150740854645,0.005440566094493627,0.44897959183673464,0.023213209328428117,980,196,0
2020-05-29,development,LV,long_short,0.0,-0.05635960005855279,-0.05635960005855279,0.9795918367346937,0.023213209328428117,980,196,196
2020-05-29,development,LV,long_short,10.0,-0.05635960005855279,-0.05733919189528748,0.9795918367346937,0.023213209328428117,980,196,196
2020-05-29,development,LV,long_short,25.0,-0.05635960005855279,-0.05880857965038953,0.9795918367346937,0.023213209328428117,980,196,196
2020-05-29,development,MOM,long_only,0.0,0.0210178270750166,0.0210178270750166,0.7395833333333334,0.02362720604940444,961,192,0
2020-05-29,development,MOM,long_only,10.0,0.0210178270750166,0.020278243741683265,0.7395833333333334,0.02362720604940444,961,192,0
2020-05-29,development,MOM,long_only,25.0,0.0210178270750166,0.019168868741683266,0.7395833333333334,0.02362720604940444,961,192,0
2020-05-29,development,MOM,long_short,0.0,-0.01309606936602989,-0.01309606936602989,1.4791666666666665,0.02362720604940444,961,192,192
2020-05-29,development,MOM,long_short,10.0,-0.01309606936602989,-0.014575236032696557,1.4791666666666665,0.02362720604940444,961,192,192
2020-05-29,development,MOM,long_short,25.0,-0.01309606936602989,-0.016793986032696558,1.4791666666666665,0.02362720604940444,961,192,192
2020-05-29,development,QUALITY,long_only,0.0,0.024819837937913047,0.024819837937913047,0.1354166666666667,0.024244981833267204,951,190,0
2020-05-29,development,QUALITY,long_only,10.0,0.024819837937913047,0.02468442127124638,0.1354166666666667,0.024244981833267204,951,190,0
2020-05-29,development,QUALITY,long_only,25.0,0.024819837937913047,0.02448129627124638,0.1354166666666667,0.024244981833267204,951,190,0
2020-05-29,development,QUALITY,long_short,0.0,0.00835489146936086,0.00835489146936086,0.2812500000000001,0.024244981833267204,951,190,190
2020-05-29,development,QUALITY,long_short,10.0,0.00835489146936086,0.00807364146936086,0.2812500000000001,0.024244981833267204,951,190,190
2020-05-29,development,QUALITY,long_short,25.0,0.00835489146936086,0.00765176646936086,0.2812500000000001,0.024244981833267204,951,190,190
2020-05-29,development,SIZE,long_only,0.0,0.03188735691382481,0.03188735691382481,0.38190954773869346,0.02365998092451985,998,199,0
2020-05-29,development,SIZE,long_only,10.0,0.03188735691382481,0.03150544736608612,0.38190954773869346,0.02365998092451985,998,199,0
2020-05-29,development,SIZE,long_only,25.0,0.03188735691382481,0.03093258304447808,0.38190954773869346,0.02365998092451985,998,199,0
2020-05-29,development,SIZE,long_short,0.0,0.02513193810683173,0.02513193810683173,0.4623115577889447,0.02365998092451985,998,199,199
2020-05-29,development,SIZE,long_short,10.0,0.02513193810683173,0.024669626549042787,0.4623115577889447,0.02365998092451985,998,199,199
2020-05-29,development,SIZE,long_short,25.0,0.02513193810683173,0.02397615921235937,0.4623115577889447,0.02365998092451985,998,199,199
2020-05-29,development,VALUE,long_only,0.0,0.022671564942449006,0.022671564942449006,0.25136612021857924,0.02461647492187553,909,181,0
2020-05-29,development,VALUE,long_only,10.0,0.022671564942449006,0.022420198822230425,0.25136612021857924,0.02461647492187553,909,181,0
2020-05-29,development,VALUE,long_only,25.0,0.022671564942449006,0.022043149641902557,0.25136612021857924,0.02461647492187553,909,181,0
2020-05-29,development,VALUE,long_short,0.0,0.011308795980026444,0.011308795980026444,0.44808743169398907,0.02461647492187553,909,181,181
2020-05-29,development,VALUE,long_short,10.0,0.011308795980026444,0.010860708548332454,0.44808743169398907,0.02461647492187553,909,181,181
2020-05-29,development,VALUE,long_short,25.0,0.011308795980026444,0.01018857740079147,0.44808743169398907,0.02461647492187553,909,181,181
2020-06-30,development,COMPOSITE,long_only,0.0,0.06443810642165444,0.06443810642165444,0.5520833333333333,0.05988351489708667,964,192,0
2020-06-30,development,COMPOSITE,long_only,10.0,0.06443810642165444,0.06388602308832111,0.5520833333333333,0.05988351489708667,964,192,0
2020-06-30,development,COMPOSITE,long_only,25.0,0.06443810642165444,0.06305789808832112,0.5520833333333333,0.05988351489708667,964,192,0
2020-06-30,development,COMPOSITE,long_short,0.0,0.013126202878438678,0.013126202878438678,1.1041666666666665,0.05988351489708667,964,192,192
2020-06-30,development,COMPOSITE,long_short,10.0,0.013126202878438678,0.012022036211772011,1.1041666666666665,0.05988351489708667,964,192,192
2020-06-30,development,COMPOSITE,long_short,25.0,0.013126202878438678,0.010365786211772011,1.1041666666666665,0.05988351489708667,964,192,192
2020-06-30,development,LV,long_only,0.0,0.055432293920491524,0.055432293920491524,0.31632653061224497,0.059369982642220875,978,195,0
2020-06-30,development,LV,long_only,10.0,0.055432293920491524,0.055115967389879277,0.31632653061224497,0.059369982642220875,978,195,0
2020-06-30,development,LV,long_only,25.0,0.055432293920491524,0.05464147759396091,0.31632653061224497,0.059369982642220875,978,195,0
2020-06-30,development,LV,long_short,0.0,0.0010231412421816272,0.0010231412421816272,0.6836734693877553,0.059369982642220875,978,195,195
2020-06-30,development,LV,long_short,10.0,0.0010231412421816272,0.00033946777279387184,0.6836734693877553,0.059369982642220875,978,195,195
2020-06-30,development,LV,long_short,25.0,0.0010231412421816272,-0.0006860424312877611,0.6836734693877553,0.059369982642220875,978,195,195
2020-06-30,development,MOM,long_only,0.0,0.07444105502174413,0.07444105502174413,0.5416666666666666,0.0594727918238582,963,192,0
2020-06-30,development,MOM,long_only,10.0,0.07444105502174413,0.07389938835507746,0.5416666666666666,0.0594727918238582,963,192,0
2020-06-30,development,MOM,long_only,25.0,0.07444105502174413,0.07308688835507746,0.5416666666666666,0.0594727918238582,963,192,0
2020-06-30,development,MOM,long_short,0.0,0.030453663580573127,0.030453663580573127,1.1458333333333333,0.0594727918238582,963,192,192
2020-06-30,development,MOM,long_short,10.0,0.030453663580573127,0.029307830247239795,1.1458333333333333,0.0594727918238582,963,192,192
2020-06-30,development,MOM,long_short,25.0,0.030453663580573127,0.027589080247239793,1.1458333333333333,0.0594727918238582,963,192,192
2020-06-30,development,QUALITY,long_only,0.0,0.0734862384365372,0.0734862384365372,0.317948717948718,0.060002713014269446,975,195,0
2020-06-30,development,QUALITY,long_only,10.0,0.0734862384365372,0.07316828971858849,0.317948717948718,0.060002713014269446,975,195,0
2020-06-30,development,QUALITY,long_only,25.0,0.0734862384365372,0.07269136664166541,0.317948717948718,0.060002713014269446,975,195,0
2020-06-30,development,QUALITY,long_short,0.0,0.039256836082384464,0.039256836082384464,0.7487179487179487,0.060002713014269446,975,195,195
2020-06-30,development,QUALITY,long_short,10.0,0.039256836082384464,0.038508118133666516,0.7487179487179487,0.060002713014269446,975,195,195
2020-06-30,development,QUALITY,long_short,25.0,0.039256836082384464,0.037385041210589595,0.7487179487179487,0.060002713014269446,975,195,195
2020-06-30,development,SIZE,long_only,0.0,0.030268218773038903,0.030268218773038903,0.3517587939698492,0.05953328651476659,997,199,0
2020-06-30,development,SIZE,long_only,10.0,0.030268218773038903,0.029916459979069054,0.3517587939698492,0.05953328651476659,997,199,0
2020-06-30,development,SIZE,long_only,25.0,0.030268218773038903,0.02938882178811428,0.3517587939698492,0.05953328651476659,997,199,0
2020-06-30,development,SIZE,long_short,0.0,-0.019830463916523298,-0.019830463916523298,0.42211055276381904,0.05953328651476659,997,199,199
2020-06-30,development,SIZE,long_short,10.0,-0.019830463916523298,-0.02025257446928712,0.42211055276381904,0.05953328651476659,997,199,199
2020-06-30,development,SIZE,long_short,25.0,-0.019830463916523298,-0.020885740298432844,0.42211055276381904,0.05953328651476659,997,199,199
2020-06-30,development,VALUE,long_only,0.0,0.03031799366070484,0.03031799366070484,0.374331550802139,0.06082831750158767,935,187,0
2020-06-30,development,VALUE,long_only,10.0,0.03031799366070484,0.0299436621099027,0.374331550802139,0.06082831750158767,935,187,0
2020-06-30,development,VALUE,long_only,25.0,0.03031799366070484,0.029382164783699493,0.374331550802139,0.06082831750158767,935,187,0
2020-06-30,development,VALUE,long_short,0.0,-0.0316124287261929,-0.0316124287261929,0.7165775401069517,0.06082831750158767,935,187,187
2020-06-30,development,VALUE,long_short,10.0,-0.0316124287261929,-0.03232900626629985,0.7165775401069517,0.06082831750158767,935,187,187
2020-06-30,development,VALUE,long_short,25.0,-0.0316124287261929,-0.03340387257646028,0.7165775401069517,0.06082831750158767,935,187,187
2020-07-31,development,COMPOSITE,long_only,0.0,0.03269933728810601,0.03269933728810601,0.36923076923076925,0.07640560798361187,976,195,0
2020-07-31,development,COMPOSITE,long_only,10.0,0.03269933728810601,0.032330106518875246,0.36923076923076925,0.07640560798361187,976,195,0
2020-07-31,development,COMPOSITE,long_only,25.0,0.03269933728810601,0.03177626036502909,0.36923076923076925,0.07640560798361187,976,195,0
2020-07-31,development,COMPOSITE,long_short,0.0,-0.026510684006543862,-0.026510684006543862,0.7589743589743589,0.07640560798361187,976,195,195
2020-07-31,development,COMPOSITE,long_short,10.0,-0.026510684006543862,-0.027269658365518222,0.7589743589743589,0.07640560798361187,976,195,195
2020-07-31,development,COMPOSITE,long_short,25.0,-0.026510684006543862,-0.02840811990397976,0.7589743589743589,0.07640560798361187,976,195,195
2020-07-31,development,LV,long_only,0.0,0.04131833164345097,0.04131833164345097,0.2131979695431473,0.0771527782734805,985,197,0
2020-07-31,development,LV,long_only,10.0,0.04131833164345097,0.04110513367390783,0.2131979695431473,0.0771527782734805,985,197,0
2020-07-31,development,LV,long_only,25.0,0.04131833164345097,0.040785336719593106,0.2131979695431473,0.0771527782734805,985,197,0
2020-07-31,development,LV,long_short,0.0,-0.01967262561204441,-0.01967262561204441,0.48730964467005095,0.0771527782734805,985,197,197
2020-07-31,development,LV,long_short,10.0,-0.01967262561204441,-0.020159935256714463,0.48730964467005095,0.0771527782734805,985,197,197
2020-07-31,development,LV,long_short,25.0,-0.01967262561204441,-0.020890899723719537,0.48730964467005095,0.0771527782734805,985,197,197
2020-07-31,development,MOM,long_only,0.0,0.045355911070826836,0.045355911070826836,0.48453608247422675,0.07729659927443047,972,194,0
2020-07-31,development,MOM,long_only,10.0,0.045355911070826836,0.04487137498835261,0.48453608247422675,0.07729659927443047,972,194,0
2020-07-31,development,MOM,long_only,25.0,0.045355911070826836,0.04414457086464127,0.48453608247422675,0.07729659927443047,972,194,0
2020-07-31,development,MOM,long_short,0.0,-0.017632184625191748,-0.017632184625191748,0.9484536082474226,0.07729659927443047,972,194,194
2020-07-31,development,MOM,long_short,10.0,-0.017632184625191748,-0.01858063823343917,0.9484536082474226,0.07729659927443047,972,194,194
2020-07-31,development,MOM,long_short,25.0,-0.017632184625191748,-0.020003318645810304,0.9484536082474226,0.07729659927443047,972,194,194
2020-07-31,development,QUALITY,long_only,0.0,0.04641922956403685,0.04641922956403685,0.13333333333333333,0.07635931759833947,977,195,0
2020-07-31,development,QUALITY,long_only,10.0,0.04641922956403685,0.04628589623070352,0.13333333333333333,0.07635931759833947,977,195,0
2020-07-31,development,QUALITY,long_only,25.0,0.04641922956403685,0.04608589623070352,0.13333333333333333,0.07635931759833947,977,195,0
2020-07-31,development,QUALITY,long_short,0.0,-0.002554507555518986,-0.002554507555518986,0.31794871794871793,0.07635931759833947,977,195,195
2020-07-31,development,QUALITY,long_short,10.0,-0.002554507555518986,-0.002872456273467704,0.31794871794871793,0.07635931759833947,977,195,195
2020-07-31,development,QUALITY,long_short,25.0,-0.002554507555518986,-0.003349379350390781,0.31794871794871793,0.07635931759833947,977,195,195
2020-07-31,development,SIZE,long_only,0.0,0.036224885549849165,0.036224885549849165,0.31155778894472363,0.07704332547785321,998,199,0
2020-07-31,development,SIZE,long_only,10.0,0.036224885549849165,0.03591332776090444,0.31155778894472363,0.07704332547785321,998,199,0
2020-07-31,development,SIZE,long_only,25.0,0.036224885549849165,0.03544599107748735,0.31155778894472363,0.07704332547785321,998,199,0
2020-07-31,development,SIZE,long_short,0.0,-0.019027033507125642,-0.019027033507125642,0.4020100502512563,0.07704332547785321,998,199,199
2020-07-31,development,SIZE,long_short,10.0,-0.019027033507125642,-0.019429043557376898,0.4020100502512563,0.07704332547785321,998,199,199
2020-07-31,development,SIZE,long_short,25.0,-0.019027033507125642,-0.020032058632753782,0.4020100502512563,0.07704332547785321,998,199,199
2020-07-31,development,VALUE,long_only,0.0,0.05124162788205025,0.05124162788205025,0.160427807486631,0.07701370654042362,936,187,0
2020-07-31,development,VALUE,long_only,10.0,0.05124162788205025,0.05108120007456362,0.160427807486631,0.07701370654042362,936,187,0
2020-07-31,development,VALUE,long_only,25.0,0.05124162788205025,0.05084055836333367,0.160427807486631,0.07701370654042362,936,187,0
2020-07-31,development,VALUE,long_short,0.0,0.0032026224052185033,0.0032026224052185033,0.2994652406417112,0.07701370654042362,936,187,187
2020-07-31,development,VALUE,long_short,10.0,0.0032026224052185033,0.0029031571645767923,0.2994652406417112,0.07701370654042362,936,187,187
2020-07-31,development,VALUE,long_short,25.0,0.0032026224052185033,0.0024539593036142253,0.2994652406417112,0.07701370654042362,936,187,187
2020-08-31,development,COMPOSITE,long_only,0.0,-0.028687246881422483,-0.028687246881422483,0.32820512820512815,-0.03441408229691629,970,194,0
2020-08-31,development,COMPOSITE,long_only,10.0,-0.028687246881422483,-0.029015452009627612,0.32820512820512815,-0.03441408229691629,970,194,0
2020-08-31,development,COMPOSITE,long_only,25.0,-0.028687246881422483,-0.029507759701935303,0.32820512820512815,-0.03441408229691629,970,194,0
2020-08-31,development,COMPOSITE,long_short,0.0,-0.02814927665492126,-0.02814927665492126,0.6051282051282051,-0.03441408229691629,970,194,194
2020-08-31,development,COMPOSITE,long_short,10.0,-0.02814927665492126,-0.028754404860049466,0.6051282051282051,-0.03441408229691629,970,194,194
2020-08-31,development,COMPOSITE,long_short,25.0,-0.02814927665492126,-0.029662097167741774,0.6051282051282051,-0.03441408229691629,970,194,194
2020-08-31,development,LV,long_only,0.0,-0.033797607640000345,-0.033797607640000345,0.2639593908629442,-0.0362233021217757,980,196,0
2020-08-31,development,LV,long_only,10.0,-0.033797607640000345,-0.03406156703086329,0.2639593908629442,-0.0362233021217757,980,196,0
2020-08-31,development,LV,long_only,25.0,-0.033797607640000345,-0.034457506117157706,0.2639593908629442,-0.0362233021217757,980,196,0
2020-08-31,development,LV,long_short,0.0,-0.030180520234052856,-0.030180520234052856,0.44670050761421326,-0.0362233021217757,980,196,196
2020-08-31,development,LV,long_short,10.0,-0.030180520234052856,-0.030627220741667068,0.44670050761421326,-0.0362233021217757,980,196,196
2020-08-31,development,LV,long_short,25.0,-0.030180520234052856,-0.03129727150308839,0.44670050761421326,-0.0362233021217757,980,196,196
2020-08-31,development,MOM,long_only,0.0,-0.004566350540652593,-0.004566350540652593,0.5051546391752578,-0.036556190457686336,969,193,0
2020-08-31,development,MOM,long_only,10.0,-0.004566350540652593,-0.005071505179827851,0.5051546391752578,-0.036556190457686336,969,193,0
2020-08-31,development,MOM,long_only,25.0,-0.004566350540652593,-0.005829237138590738,0.5051546391752578,-0.036556190457686336,969,193,0
2020-08-31,development,MOM,long_short,0.0,0.015567073191955945,0.015567073191955945,1.0000000000000002,-0.036556190457686336,969,193,193
2020-08-31,development,MOM,long_short,10.0,0.015567073191955945,0.014567073191955944,1.0000000000000002,-0.036556190457686336,969,193,193
2020-08-31,development,MOM,long_short,25.0,0.015567073191955945,0.013067073191955944,1.0000000000000002,-0.036556190457686336,969,193,193
2020-08-31,development,QUALITY,long_only,0.0,-0.02789876800765722,-0.02789876800765722,0.07179487179487178,-0.0344338121357981,971,194,0
2020-08-31,development,QUALITY,long_only,10.0,-0.02789876800765722,-0.027970562879452092,0.07179487179487178,-0.0344338121357981,971,194,0
2020-08-31,development,QUALITY,long_only,25.0,-0.02789876800765722,-0.0280782551871444,0.07179487179487178,-0.0344338121357981,971,194,0
2020-08-31,development,QUALITY,long_short,0.0,-0.01937271628049742,-0.01937271628049742,0.2051282051282051,-0.0344338121357981,971,194,194
2020-08-31,development,QUALITY,long_short,10.0,-0.01937271628049742,-0.019577844485625624,0.2051282051282051,-0.0344338121357981,971,194,194
2020-08-31,development,QUALITY,long_short,25.0,-0.01937271628049742,-0.01988553679331793,0.2051282051282051,-0.0344338121357981,971,194,194
2020-08-31,development,SIZE,long_only,0.0,-0.04359409115073308,-0.04359409115073308,0.2814070351758794,-0.036186114734401836,999,199,0
2020-08-31,development,SIZE,long_only,10.0,-0.04359409115073308,-0.04387549818590896,0.2814070351758794,-0.036186114734401836,999,199,0
2020-08-31,development,SIZE,long_only,25.0,-0.04359409115073308,-0.04429760873867278,0.2814070351758794,-0.036186114734401836,999,199,0
2020-08-31,development,SIZE,long_short,0.0,-0.026512349383752336,-0.026512349383752336,0.37185929648241206,-0.036186114734401836,999,199,199
2020-08-31,development,SIZE,long_short,10.0,-0.026512349383752336,-0.02688420868023475,0.37185929648241206,-0.036186114734401836,999,199,199
2020-08-31,development,SIZE,long_short,25.0,-0.026512349383752336,-0.027441997624958366,0.37185929648241206,-0.036186114734401836,999,199,199
2020-08-31,development,VALUE,long_only,0.0,-0.042084019447745154,-0.042084019447745154,0.2032085561497327,-0.034628633383809664,929,185,0
2020-08-31,development,VALUE,long_only,10.0,-0.042084019447745154,-0.04228722800389489,0.2032085561497327,-0.034628633383809664,929,185,0
2020-08-31,development,VALUE,long_only,25.0,-0.042084019447745154,-0.04259204083811949,0.2032085561497327,-0.034628633383809664,929,185,0
2020-08-31,development,VALUE,long_short,0.0,-0.014064783493296477,-0.014064783493296477,0.3529411764705884,-0.034628633383809664,929,185,185
2020-08-31,development,VALUE,long_short,10.0,-0.014064783493296477,-0.014417724669767066,0.3529411764705884,-0.034628633383809664,929,185,185
2020-08-31,development,VALUE,long_short,25.0,-0.014064783493296477,-0.014947136434472949,0.3529411764705884,-0.034628633383809664,929,185,185
2020-09-30,development,COMPOSITE,long_only,0.0,0.014478186455238655,0.014478186455238655,0.42268041237113396,-0.027124580234857497,962,192,0
2020-09-30,development,COMPOSITE,long_only,10.0,0.014478186455238655,0.014055506042867521,0.42268041237113396,-0.027124580234857497,962,192,0
2020-09-30,development,COMPOSITE,long_only,25.0,0.014478186455238655,0.01342148542431082,0.42268041237113396,-0.027124580234857497,962,192,0
2020-09-30,development,COMPOSITE,long_short,0.0,0.022915166627814287,0.022915166627814287,0.7525773195876289,-0.027124580234857497,962,192,192
2020-09-30,development,COMPOSITE,long_short,10.0,0.022915166627814287,0.02216258930822666,0.7525773195876289,-0.027124580234857497,962,192,192
2020-09-30,development,COMPOSITE,long_short,25.0,0.022915166627814287,0.021033723328845216,0.7525773195876289,-0.027124580234857497,962,192,192
2020-09-30,development,LV,long_only,0.0,-0.011485910135220264,-0.011485910135220264,0.2551020408163266,-0.023197026063564476,969,193,0
2020-09-30,development,LV,long_only,10.0,-0.011485910135220264,-0.01174101217603659,0.2551020408163266,-0.023197026063564476,969,193,0
2020-09-30,development,LV,long_only,25.0,-0.011485910135220264,-0.012123665237261081,0.2551020408163266,-0.023197026063564476,969,193,0
2020-09-30,development,LV,long_short,0.0,-0.026754832704468295,-0.026754832704468295,0.5102040816326532,-0.023197026063564476,969,193,193
2020-09-30,development,LV,long_short,10.0,-0.026754832704468295,-0.027265036786100948,0.5102040816326532,-0.023197026063564476,969,193,193
2020-09-30,development,LV,long_short,25.0,-0.026754832704468295,-0.02803034290854993,0.5102040816326532,-0.023197026063564476,969,193,193
2020-09-30,development,MOM,long_only,0.0,-0.018294297963468306,-0.018294297963468306,0.5388601036269429,-0.02334140145971375,960,192,0
2020-09-30,development,MOM,long_only,10.0,-0.018294297963468306,-0.01883315806709525,0.5388601036269429,-0.02334140145971375,960,192,0
2020-09-30,development,MOM,long_only,25.0,-0.018294297963468306,-0.019641448222535662,0.5388601036269429,-0.02334140145971375,960,192,0
2020-09-30,development,MOM,long_short,0.0,-0.027664144395132283,-0.027664144395132283,1.088082901554404,-0.02334140145971375,960,192,192
2020-09-30,development,MOM,long_short,10.0,-0.027664144395132283,-0.028752227296686687,1.088082901554404,-0.02334140145971375,960,192,192
2020-09-30,development,MOM,long_short,25.0,-0.027664144395132283,-0.030384351649018294,1.088082901554404,-0.02334140145971375,960,192,192
2020-09-30,development,QUALITY,long_only,0.0,0.0007694700940403892,0.0007694700940403892,0.11340206185567006,-0.027124580234857497,962,192,0
2020-09-30,development,QUALITY,long_only,10.0,0.0007694700940403892,0.0006560680321847191,0.11340206185567006,-0.027124580234857497,962,192,0
2020-09-30,development,QUALITY,long_only,25.0,0.0007694700940403892,0.000485964939401214,0.11340206185567006,-0.027124580234857497,962,192,0
2020-09-30,development,QUALITY,long_short,0.0,-0.004688108830817597,-0.004688108830817597,0.3711340206185566,-0.027124580234857497,962,192,192
2020-09-30,development,QUALITY,long_short,10.0,-0.004688108830817597,-0.005059242851436154,0.3711340206185566,-0.027124580234857497,962,192,192
2020-09-30,development,QUALITY,long_short,25.0,-0.004688108830817597,-0.005615943882363988,0.3711340206185566,-0.027124580234857497,962,192,192
2020-09-30,development,SIZE,long_only,0.0,0.03009537751462244,0.03009537751462244,0.27135678391959805,-0.023287858881097405,992,198,0
2020-09-30,development,SIZE,long_only,10.0,0.03009537751462244,0.02982402073070284,0.27135678391959805,-0.023287858881097405,992,198,0
2020-09-30,development,SIZE,long_only,25.0,0.03009537751462244,0.029416985554823447,0.27135678391959805,-0.023287858881097405,992,198,0
2020-09-30,development,SIZE,long_short,0.0,0.05526478545600287,0.05526478545600287,0.3216080402010052,-0.023287858881097405,992,198,198
2020-09-30,development,SIZE,long_short,10.0,0.05526478545600287,0.05494317741580187,0.3216080402010052,-0.023287858881097405,992,198,198
2020-09-30,development,SIZE,long_short,25.0,0.05526478545600287,0.05446076535550036,0.3216080402010052,-0.023287858881097405,992,198,198
2020-09-30,development,VALUE,long_only,0.0,0.027854069898803416,0.027854069898803416,0.21621621621621614,-0.026932326918216953,919,183,0
2020-09-30,development,VALUE,long_only,10.0,0.027854069898803416,0.0276378536825872,0.21621621621621614,-0.026932326918216953,919,183,0
2020-09-30,development,VALUE,long_only,25.0,0.027854069898803416,0.027313529358262874,0.21621621621621614,-0.026932326918216953,919,183,0
2020-09-30,development,VALUE,long_short,0.0,0.03432329285925624,0.03432329285925624,0.4216216216216215,-0.026932326918216953,919,183,183
2020-09-30,development,VALUE,long_short,10.0,0.03432329285925624,0.03390167123763462,0.4216216216216215,-0.026932326918216953,919,183,183
2020-09-30,development,VALUE,long_short,25.0,0.03432329285925624,0.03326923880520219,0.4216216216216215,-0.026932326918216953,919,183,183
2020-10-30,development,COMPOSITE,long_only,0.0,0.13279931047077145,0.13279931047077145,0.44791666666666663,0.12091733215393316,963,192,0
2020-10-30,development,COMPOSITE,long_only,10.0,0.13279931047077145,0.1323513938041048,0.44791666666666663,0.12091733215393316,963,192,0
2020-10-30,development,COMPOSITE,long_only,25.0,0.13279931047077145,0.13167951880410478,0.44791666666666663,0.12091733215393316,963,192,0
2020-10-30,development,COMPOSITE,long_short,0.0,-0.030972006970549158,-0.030972006970549158,0.7708333333333333,0.12091733215393316,963,192,192
2020-10-30,development,COMPOSITE,long_short,10.0,-0.030972006970549158,-0.03174284030388249,0.7708333333333333,0.12091733215393316,963,192,192
2020-10-30,development,COMPOSITE,long_short,25.0,-0.030972006970549158,-0.032899090303882494,0.7708333333333333,0.12091733215393316,963,192,192
2020-10-30,development,LV,long_only,0.0,0.12040485898643993,0.12040485898643993,0.1855670103092784,0.11987312502171873,971,194,0
2020-10-30,development,LV,long_only,10.0,0.12040485898643993,0.12021929197613065,0.1855670103092784,0.11987312502171873,971,194,0
2020-10-30,development,LV,long_only,25.0,0.12040485898643993,0.11994094146066674,0.1855670103092784,0.11987312502171873,971,194,0
2020-10-30,development,LV,long_short,0.0,-0.07596118215436051,-0.07596118215436051,0.4226804123711342,0.11987312502171873,971,194,194
2020-10-30,development,LV,long_short,10.0,-0.07596118215436051,-0.07638386256673164,0.4226804123711342,0.11987312502171873,971,194,194
2020-10-30,development,LV,long_short,25.0,-0.07596118215436051,-0.07701788318528835,0.4226804123711342,0.11987312502171873,971,194,194
2020-10-30,development,MOM,long_only,0.0,0.1486559836618805,0.1486559836618805,0.5077720207253885,0.11985914939201914,969,193,0
2020-10-30,development,MOM,long_only,10.0,0.1486559836618805,0.1481482116411551,0.5077720207253885,0.11985914939201914,969,193,0
2020-10-30,development,MOM,long_only,25.0,0.1486559836618805,0.14738655361006703,0.5077720207253885,0.11985914939201914,969,193,0
2020-10-30,development,MOM,long_short,0.0,-0.020435637972533022,-0.020435637972533022,1.0569948186528495,0.11985914939201914,969,193,193
2020-10-30,development,MOM,long_short,10.0,-0.020435637972533022,-0.02149263279118587,1.0569948186528495,0.11985914939201914,969,193,193
2020-10-30,development,MOM,long_short,25.0,-0.020435637972533022,-0.023078125019165147,1.0569948186528495,0.11985914939201914,969,193,193
2020-10-30,development,QUALITY,long_only,0.0,0.11274548369952361,0.11274548369952361,0.07291666666666666,0.12091283139274256,962,192,0
2020-10-30,development,QUALITY,long_only,10.0,0.11274548369952361,0.11267256703285694,0.07291666666666666,0.12091283139274256,962,192,0
2020-10-30,development,QUALITY,long_only,25.0,0.11274548369952361,0.11256319203285695,0.07291666666666666,0.12091283139274256,962,192,0
2020-10-30,development,QUALITY,long_short,0.0,-0.06661006196521188,-0.06661006196521188,0.22916666666666666,0.12091283139274256,962,192,192
2020-10-30,development,QUALITY,long_short,10.0,-0.06661006196521188,-0.06683922863187855,0.22916666666666666,0.12091283139274256,962,192,192
2020-10-30,development,QUALITY,long_short,25.0,-0.06661006196521188,-0.06718297863187855,0.22916666666666666,0.12091283139274256,962,192,192
2020-10-30,development,SIZE,long_only,0.0,0.17412083066085032,0.17412083066085032,0.3517587939698493,0.12071900868452412,999,199,0
2020-10-30,development,SIZE,long_only,10.0,0.17412083066085032,0.17376907186688048,0.3517587939698493,0.12071900868452412,999,199,0
2020-10-30,development,SIZE,long_only,25.0,0.17412083066085032,0.1732414336759257,0.3517587939698493,0.12071900868452412,999,199,0
2020-10-30,development,SIZE,long_short,0.0,0.033519293883480315,0.033519293883480315,0.4522613065326634,0.12071900868452412,999,199,199
2020-10-30,development,SIZE,long_short,10.0,0.033519293883480315,0.03306703257694765,0.4522613065326634,0.12071900868452412,999,199,199
2020-10-30,development,SIZE,long_short,25.0,0.033519293883480315,0.032388640617148655,0.4522613065326634,0.12071900868452412,999,199,199
2020-10-30,development,VALUE,long_only,0.0,0.19234507806294615,0.19234507806294615,0.20652173913043476,0.12057144691382161,923,184,0
2020-10-30,development,VALUE,long_only,10.0,0.19234507806294615,0.1921385563238157,0.20652173913043476,0.12057144691382161,923,184,0
2020-10-30,development,VALUE,long_only,25.0,0.19234507806294615,0.19182877371512005,0.20652173913043476,0.12057144691382161,923,184,0
2020-10-30,development,VALUE,long_short,0.0,0.05731909599144946,0.05731909599144946,0.4347826086956522,0.12057144691382161,923,184,184
2020-10-30,development,VALUE,long_short,10.0,0.05731909599144946,0.05688431338275381,0.4347826086956522,0.12057144691382161,923,184,184
2020-10-30,development,VALUE,long_short,25.0,0.05731909599144946,0.05623213946971033,0.4347826086956522,0.12057144691382161,923,184,184
2020-11-30,development,COMPOSITE,long_only,0.0,0.06920949743609217,0.06920949743609217,0.42708333333333337,0.045328779025545364,953,190,0
2020-11-30,development,COMPOSITE,long_only,10.0,0.06920949743609217,0.06878241410275884,0.42708333333333337,0.045328779025545364,953,190,0
2020-11-30,development,COMPOSITE,long_only,25.0,0.06920949743609217,0.06814178910275884,0.42708333333333337,0.045328779025545364,953,190,0
2020-11-30,development,COMPOSITE,long_short,0.0,0.02013213813497756,0.02013213813497756,0.71875,0.045328779025545364,953,190,190
2020-11-30,development,COMPOSITE,long_short,10.0,0.02013213813497756,0.01941338813497756,0.71875,0.045328779025545364,953,190,190
2020-11-30,development,COMPOSITE,long_short,25.0,0.02013213813497756,0.01833526313497756,0.71875,0.045328779025545364,953,190,190
2020-11-30,development,LV,long_only,0.0,0.04720194696068528,0.04720194696068528,0.27835051546391754,0.04410722429091246,964,192,0
2020-11-30,development,LV,long_only,10.0,0.04720194696068528,0.046923596445221365,0.27835051546391754,0.04410722429091246,964,192,0
2020-11-30,development,LV,long_only,25.0,0.04720194696068528,0.04650607067202549,0.27835051546391754,0.04410722429091246,964,192,0
2020-11-30,development,LV,long_short,0.0,-0.030767913635268925,-0.030767913635268925,0.5567010309278351,0.04410722429091246,964,192,192
2020-11-30,development,LV,long_short,10.0,-0.030767913635268925,-0.03132461466619676,0.5567010309278351,0.04410722429091246,964,192,192
2020-11-30,development,LV,long_short,25.0,-0.030767913635268925,-0.03215966621258851,0.5567010309278351,0.04410722429091246,964,192,192
2020-11-30,development,MOM,long_only,0.0,0.06282353440152719,0.06282353440152719,0.40414507772020714,0.04406209263319594,961,192,0
2020-11-30,development,MOM,long_only,10.0,0.06282353440152719,0.06241938932380698,0.40414507772020714,0.04406209263319594,961,192,0
2020-11-30,development,MOM,long_only,25.0,0.06282353440152719,0.061813171707226666,0.40414507772020714,0.04406209263319594,961,192,0
2020-11-30,development,MOM,long_short,0.0,-0.019476490614367896,-0.019476490614367896,0.9326424870466319,0.04406209263319594,961,192,192
2020-11-30,development,MOM,long_short,10.0,-0.019476490614367896,-0.02040913310141453,0.9326424870466319,0.04406209263319594,961,192,192
2020-11-30,development,MOM,long_short,25.0,-0.019476490614367896,-0.021808096831984477,0.9326424870466319,0.04406209263319594,961,192,192
2020-11-30,development,QUALITY,long_only,0.0,0.06061740599343309,0.06061740599343309,0.12500000000000006,0.045328779025545364,953,190,0
2020-11-30,development,QUALITY,long_only,10.0,0.06061740599343309,0.06049240599343309,0.12500000000000006,0.045328779025545364,953,190,0
2020-11-30,development,QUALITY,long_only,25.0,0.06061740599343309,0.06030490599343309,0.12500000000000006,0.045328779025545364,953,190,0
2020-11-30,development,QUALITY,long_short,0.0,0.00143572499743288,0.00143572499743288,0.35416666666666674,0.045328779025545364,953,190,190
2020-11-30,development,QUALITY,long_short,10.0,0.00143572499743288,0.0010815583307662133,0.35416666666666674,0.045328779025545364,953,190,190
2020-11-30,development,QUALITY,long_short,25.0,0.00143572499743288,0.0005503083307662131,0.35416666666666674,0.045328779025545364,953,190,190
2020-11-30,development,SIZE,long_only,0.0,0.0772725355889575,0.0772725355889575,0.39195979899497485,0.043798669657197545,997,199,0
2020-11-30,development,SIZE,long_only,10.0,0.0772725355889575,0.07688057578996252,0.39195979899497485,0.043798669657197545,997,199,0
2020-11-30,development,SIZE,long_only,25.0,0.0772725355889575,0.07629263609147006,0.39195979899497485,0.043798669657197545,997,199,0
2020-11-30,development,SIZE,long_short,0.0,0.03997459715268135,0.03997459715268135,0.4723618090452261,0.043798669657197545,997,199,199
2020-11-30,development,SIZE,long_short,10.0,0.03997459715268135,0.03950223534363612,0.4723618090452261,0.043798669657197545,997,199,199
2020-11-30,development,SIZE,long_short,25.0,0.03997459715268135,0.03879369263006828,0.4723618090452261,0.043798669657197545,997,199,199
2020-11-30,development,VALUE,long_only,0.0,0.057409700409803165,0.057409700409803165,0.23913043478260884,0.0461804321464303,912,182,0
2020-11-30,development,VALUE,long_only,10.0,0.057409700409803165,0.057170569975020555,0.23913043478260884,0.0461804321464303,912,182,0
2020-11-30,development,VALUE,long_only,25.0,0.057409700409803165,0.056811874322846644,0.23913043478260884,0.0461804321464303,912,182,0
2020-11-30,development,VALUE,long_short,0.0,-0.004891900838288831,-0.004891900838288831,0.5217391304347829,0.0461804321464303,912,182,182
2020-11-30,development,VALUE,long_short,10.0,-0.004891900838288831,-0.005413639968723614,0.5217391304347829,0.0461804321464303,912,182,182
2020-11-30,development,VALUE,long_short,25.0,-0.004891900838288831,-0.0061962486643757884,0.5217391304347829,0.0461804321464303,912,182,182
2020-12-31,development,COMPOSITE,long_only,0.0,0.021203319975210123,0.021203319975210123,0.4105263157894737,-0.006943360645928114,947,189,0
2020-12-31,development,COMPOSITE,long_only,10.0,0.021203319975210123,0.02079279365942065,0.4105263157894737,-0.006943360645928114,947,189,0
2020-12-31,development,COMPOSITE,long_only,25.0,0.021203319975210123,0.02017700418573644,0.4105263157894737,-0.006943360645928114,947,189,0
2020-12-31,development,COMPOSITE,long_short,0.0,0.01944515665201075,0.01944515665201075,0.7999999999999999,-0.006943360645928114,947,189,189
2020-12-31,development,COMPOSITE,long_short,10.0,0.01944515665201075,0.01864515665201075,0.7999999999999999,-0.006943360645928114,947,189,189
2020-12-31,development,COMPOSITE,long_short,25.0,0.01944515665201075,0.017445156652010747,0.7999999999999999,-0.006943360645928114,947,189,189
2020-12-31,development,LV,long_only,0.0,-0.022086338378564534,-0.022086338378564534,0.40625,-0.005270747459228219,959,191,0
2020-12-31,development,LV,long_only,10.0,-0.022086338378564534,-0.022492588378564535,0.40625,-0.005270747459228219,959,191,0
2020-12-31,development,LV,long_only,25.0,-0.022086338378564534,-0.023101963378564534,0.40625,-0.005270747459228219,959,191,0
2020-12-31,development,LV,long_short,0.0,-0.091069851822615,-0.091069851822615,0.875,-0.005270747459228219,959,191,191
2020-12-31,development,LV,long_short,10.0,-0.091069851822615,-0.091944851822615,0.875,-0.005270747459228219,959,191,191
2020-12-31,development,LV,long_short,25.0,-0.091069851822615,-0.09325735182261499,0.875,-0.005270747459228219,959,191,191
2020-12-31,development,MOM,long_only,0.0,0.05539516908813007,0.05539516908813007,0.39583333333333337,-0.0053026467424340615,952,190,0
2020-12-31,development,MOM,long_only,10.0,0.05539516908813007,0.054999335754796735,0.39583333333333337,-0.0053026467424340615,952,190,0
2020-12-31,development,MOM,long_only,25.0,0.05539516908813007,0.05440558575479673,0.39583333333333337,-0.0053026467424340615,952,190,0
2020-12-31,development,MOM,long_short,0.0,0.059231839640690065,0.059231839640690065,0.8750000000000002,-0.0053026467424340615,952,190,190
2020-12-31,development,MOM,long_short,10.0,0.059231839640690065,0.058356839640690064,0.8750000000000002,-0.0053026467424340615,952,190,190
2020-12-31,development,MOM,long_short,25.0,0.059231839640690065,0.05704433964069006,0.8750000000000002,-0.0053026467424340615,952,190,190
2020-12-31,development,QUALITY,long_only,0.0,0.015460624338624338,0.015460624338624338,0.0947368421052631,-0.0069140251798729385,946,189,0
2020-12-31,development,QUALITY,long_only,10.0,0.015460624338624338,0.015365887496519074,0.0947368421052631,-0.0069140251798729385,946,189,0
2020-12-31,development,QUALITY,long_only,25.0,0.015460624338624338,0.01522378223336118,0.0947368421052631,-0.0069140251798729385,946,189,0
2020-12-31,development,QUALITY,long_short,0.0,-0.006343194933666452,-0.006343194933666452,0.28421052631578947,-0.0069140251798729385,946,189,189
2020-12-31,development,QUALITY,long_short,10.0,-0.006343194933666452,-0.006627405459982242,0.28421052631578947,-0.0069140251798729385,946,189,189
2020-12-31,development,QUALITY,long_short,25.0,-0.006343194933666452,-0.007053721249455926,0.28421052631578947,-0.0069140251798729385,946,189,189
2020-12-31,development,SIZE,long_only,0.0,0.042051783753657715,0.042051783753657715,0.2814070351758795,-0.0052038118152278375,993,198,0
2020-12-31,development,SIZE,long_only,10.0,0.042051783753657715,0.041770376718481834,0.2814070351758795,-0.0052038118152278375,993,198,0
2020-12-31,development,SIZE,long_only,25.0,0.042051783753657715,0.04134826616571802,0.2814070351758795,-0.0052038118152278375,993,198,0
2020-12-31,development,SIZE,long_short,0.0,0.05938081753389221,0.05938081753389221,0.3618090452261308,-0.0052038118152278375,993,198,198
2020-12-31,development,SIZE,long_short,10.0,0.05938081753389221,0.05901900848866608,0.3618090452261308,-0.0052038118152278375,993,198,198
2020-12-31,development,SIZE,long_short,25.0,0.05938081753389221,0.058476294920826885,0.3618090452261308,-0.0052038118152278375,993,198,198
2020-12-31,development,VALUE,long_only,0.0,0.018171908409325952,0.018171908409325952,0.1868131868131867,-0.0061504132462060716,905,181,0
2020-12-31,development,VALUE,long_only,10.0,0.018171908409325952,0.017985095222512765,0.1868131868131867,-0.0061504132462060716,905,181,0
2020-12-31,development,VALUE,long_only,25.0,0.018171908409325952,0.017704875442292985,0.1868131868131867,-0.0061504132462060716,905,181,0
2020-12-31,development,VALUE,long_short,0.0,0.010740570528893347,0.010740570528893347,0.40659340659340637,-0.0061504132462060716,905,181,181
2020-12-31,development,VALUE,long_short,10.0,0.010740570528893347,0.01033397712229994,0.40659340659340637,-0.0061504132462060716,905,181,181
2020-12-31,development,VALUE,long_short,25.0,0.010740570528893347,0.009724087012409831,0.40659340659340637,-0.0061504132462060716,905,181,181
2021-01-29,development,COMPOSITE,long_only,0.0,0.05344559347385294,0.05344559347385294,0.3492063492063493,0.022790753322234923,943,188,0
2021-01-29,development,COMPOSITE,long_only,10.0,0.05344559347385294,0.053096387124646593,0.3492063492063493,0.022790753322234923,943,188,0
2021-01-29,development,COMPOSITE,long_only,25.0,0.05344559347385294,0.05257257760083707,0.3492063492063493,0.022790753322234923,943,188,0
2021-01-29,development,COMPOSITE,long_short,0.0,-0.0026073169208434303,-0.0026073169208434303,0.687830687830688,0.022790753322234923,943,188,188
2021-01-29,development,COMPOSITE,long_short,10.0,-0.0026073169208434303,-0.003295147608674118,0.687830687830688,0.022790753322234923,943,188,188
2021-01-29,development,COMPOSITE,long_short,25.0,-0.0026073169208434303,-0.00432689364042015,0.687830687830688,0.022790753322234923,943,188,188
2021-01-29,development,LV,long_only,0.0,0.029878499255580917,0.029878499255580917,0.2094240837696335,0.025640746441909876,955,191,0
2021-01-29,development,LV,long_only,10.0,0.029878499255580917,0.029669075171811284,0.2094240837696335,0.025640746441909876,955,191,0
2021-01-29,development,LV,long_only,25.0,0.029878499255580917,0.029354939046156832,0.2094240837696335,0.025640746441909876,955,191,0
2021-01-29,development,LV,long_short,0.0,-0.026347831688848508,-0.026347831688848508,0.4921465968586388,0.025640746441909876,955,191,191
2021-01-29,development,LV,long_short,10.0,-0.026347831688848508,-0.026839978285707146,0.4921465968586388,0.025640746441909876,955,191,191
2021-01-29,development,LV,long_short,25.0,-0.026347831688848508,-0.027578198180995106,0.4921465968586388,0.025640746441909876,955,191,191
2021-01-29,development,MOM,long_only,0.0,0.006708969819279717,0.006708969819279717,0.39999999999999997,0.025652882414029868,950,190,0
2021-01-29,development,MOM,long_only,10.0,0.006708969819279717,0.006308969819279717,0.39999999999999997,0.025652882414029868,950,190,0
2021-01-29,development,MOM,long_only,25.0,0.006708969819279717,0.005708969819279717,0.39999999999999997,0.025652882414029868,950,190,0
2021-01-29,development,MOM,long_short,0.0,-0.0461801858284113,-0.0461801858284113,0.9263157894736842,0.025652882414029868,950,190,190
2021-01-29,development,MOM,long_short,10.0,-0.0461801858284113,-0.04710650161788499,0.9263157894736842,0.025652882414029868,950,190,190
2021-01-29,development,MOM,long_short,25.0,-0.0461801858284113,-0.04849597530209551,0.9263157894736842,0.025652882414029868,950,190,190
2021-01-29,development,QUALITY,long_only,0.0,0.008678057851381163,0.008678057851381163,0.0740740740740741,0.022790753322234923,943,188,0
2021-01-29,development,QUALITY,long_only,10.0,0.008678057851381163,0.00860398377730709,0.0740740740740741,0.022790753322234923,943,188,0
2021-01-29,development,QUALITY,long_only,25.0,0.008678057851381163,0.008492872666195977,0.0740740740740741,0.022790753322234923,943,188,0
2021-01-29,development,QUALITY,long_short,0.0,-0.024031113344670296,-0.024031113344670296,0.22222222222222227,0.022790753322234923,943,188,188
2021-01-29,development,QUALITY,long_short,10.0,-0.024031113344670296,-0.024253335566892516,0.22222222222222227,0.022790753322234923,943,188,188
2021-01-29,development,QUALITY,long_short,25.0,-0.024031113344670296,-0.02458666890022585,0.22222222222222227,0.022790753322234923,943,188,188
2021-01-29,development,SIZE,long_only,0.0,0.053488813117535804,0.053488813117535804,0.31000000000000005,0.024150214873056138,1000,200,0
2021-01-29,development,SIZE,long_only,10.0,0.053488813117535804,0.053178813117535806,0.31000000000000005,0.024150214873056138,1000,200,0
2021-01-29,development,SIZE,long_only,25.0,0.053488813117535804,0.052713813117535806,0.31000000000000005,0.024150214873056138,1000,200,0
2021-01-29,development,SIZE,long_short,0.0,0.014871353672168514,0.014871353672168514,0.3900000000000001,0.024150214873056138,1000,200,200
2021-01-29,development,SIZE,long_short,10.0,0.014871353672168514,0.014481353672168514,0.3900000000000001,0.024150214873056138,1000,200,200
2021-01-29,development,SIZE,long_short,25.0,0.014871353672168514,0.013896353672168514,0.3900000000000001,0.024150214873056138,1000,200,200
2021-01-29,development,VALUE,long_only,0.0,0.09707675372258368,0.09707675372258368,0.1878453038674034,0.022375281689722772,901,180,0
2021-01-29,development,VALUE,long_only,10.0,0.09707675372258368,0.09688890841871627,0.1878453038674034,0.022375281689722772,901,180,0
2021-01-29,development,VALUE,long_only,25.0,0.09707675372258368,0.09660714046291517,0.1878453038674034,0.022375281689722772,901,180,0
2021-01-29,development,VALUE,long_short,0.0,0.06604662170585782,0.06604662170585782,0.35359116022099474,0.022375281689722772,901,180,180
2021-01-29,development,VALUE,long_short,10.0,0.06604662170585782,0.06569303054563683,0.35359116022099474,0.022375281689722772,901,180,180
2021-01-29,development,VALUE,long_short,25.0,0.06604662170585782,0.06516264380530533,0.35359116022099474,0.022375281689722772,901,180,180
2021-02-26,development,COMPOSITE,long_only,0.0,0.029677724475177525,0.029677724475177525,0.351063829787234,0.03437966262619583,938,187,0
2021-02-26,development,COMPOSITE,long_only,10.0,0.029677724475177525,0.02932666064539029,0.351063829787234,0.03437966262619583,938,187,0
2021-02-26,development,COMPOSITE,long_only,25.0,0.029677724475177525,0.02880006490070944,0.351063829787234,0.03437966262619583,938,187,0
2021-02-26,development,COMPOSITE,long_short,0.0,0.022996386404957048,0.022996386404957048,0.6382978723404253,0.03437966262619583,938,187,187
2021-02-26,development,COMPOSITE,long_short,10.0,0.022996386404957048,0.022358088532616623,0.6382978723404253,0.03437966262619583,938,187,187
2021-02-26,development,COMPOSITE,long_short,25.0,0.022996386404957048,0.021400641724105985,0.6382978723404253,0.03437966262619583,938,187,187
2021-02-26,development,LV,long_only,0.0,0.0422182602821882,0.0422182602821882,0.1884816753926701,0.03349526594235798,954,190,0
2021-02-26,development,LV,long_only,10.0,0.0422182602821882,0.04202977860679553,0.1884816753926701,0.03349526594235798,954,190,0
2021-02-26,development,LV,long_only,25.0,0.0422182602821882,0.04174705609370652,0.1884816753926701,0.03349526594235798,954,190,0
2021-02-26,development,LV,long_short,0.0,0.04753940139745366,0.04753940139745366,0.47120418848167533,0.03349526594235798,954,190,190
2021-02-26,development,LV,long_short,10.0,0.04753940139745366,0.047068197208971985,0.47120418848167533,0.03349526594235798,954,190,190
2021-02-26,development,LV,long_short,25.0,0.04753940139745366,0.046361390926249475,0.47120418848167533,0.03349526594235798,954,190,190
2021-02-26,development,MOM,long_only,0.0,-0.024269236645613874,-0.024269236645613874,0.4842105263157894,0.0335515829369859,947,189,0
2021-02-26,development,MOM,long_only,10.0,-0.024269236645613874,-0.024753447171929663,0.4842105263157894,0.0335515829369859,947,189,0
2021-02-26,development,MOM,long_only,25.0,-0.024269236645613874,-0.02547976296140335,0.4842105263157894,0.0335515829369859,947,189,0
2021-02-26,development,MOM,long_short,0.0,-0.06267881672568625,-0.06267881672568625,0.9789473684210526,0.0335515829369859,947,189,189
2021-02-26,development,MOM,long_short,10.0,-0.06267881672568625,-0.0636577640941073,0.9789473684210526,0.0335515829369859,947,189,189
2021-02-26,development,MOM,long_short,25.0,-0.06267881672568625,-0.06512618514673887,0.9789473684210526,0.0335515829369859,947,189,189
2021-02-26,development,QUALITY,long_only,0.0,0.017179830241230914,0.017179830241230914,0.13829787234042548,0.03437039905986386,939,187,0
2021-02-26,development,QUALITY,long_only,10.0,0.017179830241230914,0.01704153236889049,0.13829787234042548,0.03437039905986386,939,187,0
2021-02-26,development,QUALITY,long_only,25.0,0.017179830241230914,0.01683408556037985,0.13829787234042548,0.03437039905986386,939,187,0
2021-02-26,development,QUALITY,long_short,0.0,0.010871322296026168,0.010871322296026168,0.2659574468085105,0.03437039905986386,939,187,187
2021-02-26,development,QUALITY,long_short,10.0,0.010871322296026168,0.010605364849217657,0.2659574468085105,0.03437039905986386,939,187,187
2021-02-26,development,QUALITY,long_short,25.0,0.010871322296026168,0.010206428679004892,0.2659574468085105,0.03437039905986386,939,187,187
2021-02-26,development,SIZE,long_only,0.0,0.016708447699211416,0.016708447699211416,0.48000000000000015,0.032176944886721834,998,199,0
2021-02-26,development,SIZE,long_only,10.0,0.016708447699211416,0.016228447699211414,0.48000000000000015,0.032176944886721834,998,199,0
2021-02-26,development,SIZE,long_only,25.0,0.016708447699211416,0.015508447699211416,0.48000000000000015,0.032176944886721834,998,199,0
2021-02-26,development,SIZE,long_short,0.0,-0.013455213115831992,-0.013455213115831992,0.6000000000000001,0.032176944886721834,998,199,199
2021-02-26,development,SIZE,long_short,10.0,-0.013455213115831992,-0.014055213115831992,0.6000000000000001,0.032176944886721834,998,199,199
2021-02-26,development,SIZE,long_short,25.0,-0.013455213115831992,-0.014955213115831992,0.6000000000000001,0.032176944886721834,998,199,199
2021-02-26,development,VALUE,long_only,0.0,0.07919452580793163,0.07919452580793163,0.2,0.032239059269364656,897,179,0
2021-02-26,development,VALUE,long_only,10.0,0.07919452580793163,0.07899452580793162,0.2,0.032239059269364656,897,179,0
2021-02-26,development,VALUE,long_only,25.0,0.07919452580793163,0.07869452580793163,0.2,0.032239059269364656,897,179,0
2021-02-26,development,VALUE,long_short,0.0,0.052162074045364853,0.052162074045364853,0.4333333333333333,0.032239059269364656,897,179,179
2021-02-26,development,VALUE,long_short,10.0,0.052162074045364853,0.05172874071203152,0.4333333333333333,0.032239059269364656,897,179,179
2021-02-26,development,VALUE,long_short,25.0,0.052162074045364853,0.05107874071203152,0.4333333333333333,0.032239059269364656,897,179,179
2021-03-31,development,COMPOSITE,long_only,0.0,0.03811521384222011,0.03811521384222011,0.4705882352941176,0.049057100386547425,939,187,0
2021-03-31,development,COMPOSITE,long_only,10.0,0.03811521384222011,0.03764462560692599,0.4705882352941176,0.049057100386547425,939,187,0
2021-03-31,development,COMPOSITE,long_only,25.0,0.03811521384222011,0.036938743253984815,0.4705882352941176,0.049057100386547425,939,187,0
2021-03-31,development,COMPOSITE,long_short,0.0,0.0042218511831942146,0.0042218511831942146,0.7272727272727273,0.049057100386547425,939,187,187
2021-03-31,development,COMPOSITE,long_short,10.0,0.0042218511831942146,0.003494578455921487,0.7272727272727273,0.049057100386547425,939,187,187
2021-03-31,development,COMPOSITE,long_short,25.0,0.0042218511831942146,0.002403669365012396,0.7272727272727273,0.049057100386547425,939,187,187
2021-03-31,development,LV,long_only,0.0,0.03950937561551185,0.03950937561551185,0.37696335078534027,0.052622340477883466,955,191,0
2021-03-31,development,LV,long_only,10.0,0.03950937561551185,0.03913241226472651,0.37696335078534027,0.052622340477883466,955,191,0
2021-03-31,development,LV,long_only,25.0,0.03950937561551185,0.0385669672385485,0.37696335078534027,0.052622340477883466,955,191,0
2021-03-31,development,LV,long_short,0.0,0.02108446100676875,0.02108446100676875,0.6910994764397906,0.052622340477883466,955,191,191
2021-03-31,development,LV,long_short,10.0,0.02108446100676875,0.02039336153032896,0.6910994764397906,0.052622340477883466,955,191,191
2021-03-31,development,LV,long_short,25.0,0.02108446100676875,0.019356712315669274,0.6910994764397906,0.052622340477883466,955,191,191
2021-03-31,development,MOM,long_only,0.0,0.023510636901138946,0.023510636901138946,0.47619047619047616,0.05259453684542409,949,189,0
2021-03-31,development,MOM,long_only,10.0,0.023510636901138946,0.02303444642494847,0.47619047619047616,0.05259453684542409,949,189,0
2021-03-31,development,MOM,long_only,25.0,0.023510636901138946,0.022320160710662756,0.47619047619047616,0.05259453684542409,949,189,0
2021-03-31,development,MOM,long_short,0.0,-0.00547153626897847,-0.00547153626897847,0.9735449735449735,0.05259453684542409,949,189,189
2021-03-31,development,MOM,long_short,10.0,-0.00547153626897847,-0.006445081242523443,0.9735449735449735,0.05259453684542409,949,189,189
2021-03-31,development,MOM,long_short,25.0,-0.00547153626897847,-0.007905398702840905,0.9735449735449735,0.05259453684542409,949,189,189
2021-03-31,development,QUALITY,long_only,0.0,0.04124238829787234,0.04124238829787234,0.20212765957446804,0.04907417745347101,940,188,0
2021-03-31,development,QUALITY,long_only,10.0,0.04124238829787234,0.041040260638297875,0.20212765957446804,0.04907417745347101,940,188,0
2021-03-31,development,QUALITY,long_only,25.0,0.04124238829787234,0.04073706914893617,0.20212765957446804,0.04907417745347101,940,188,0
2021-03-31,development,QUALITY,long_short,0.0,0.019609411326388333,0.019609411326388333,0.4787234042553191,0.04907417745347101,940,188,188
2021-03-31,development,QUALITY,long_short,10.0,0.019609411326388333,0.019130687922133013,0.4787234042553191,0.04907417745347101,940,188,188
2021-03-31,development,QUALITY,long_short,25.0,0.019609411326388333,0.018412602815750037,0.4787234042553191,0.04907417745347101,940,188,188
2021-03-31,development,SIZE,long_only,0.0,0.03074874626869429,0.03074874626869429,0.38190954773869346,0.05190815177767441,997,199,0
2021-03-31,development,SIZE,long_only,10.0,0.03074874626869429,0.030366836720955595,0.38190954773869346,0.05190815177767441,997,199,0
2021-03-31,development,SIZE,long_only,25.0,0.03074874626869429,0.029793972399347557,0.38190954773869346,0.05190815177767441,997,199,0
2021-03-31,development,SIZE,long_short,0.0,-0.015359960254981484,-0.015359960254981484,0.4623115577889447,0.05190815177767441,997,199,199
2021-03-31,development,SIZE,long_short,10.0,-0.015359960254981484,-0.01582227181277043,0.4623115577889447,0.05190815177767441,997,199,199
2021-03-31,development,SIZE,long_short,25.0,-0.015359960254981484,-0.016515739149453847,0.4623115577889447,0.05190815177767441,997,199,199
2021-03-31,development,VALUE,long_only,0.0,0.048524754027146635,0.048524754027146635,0.2458100558659218,0.04929452700721754,898,179,0
2021-03-31,development,VALUE,long_only,10.0,0.048524754027146635,0.04827894397128071,0.2458100558659218,0.04929452700721754,898,179,0
2021-03-31,development,VALUE,long_only,25.0,0.048524754027146635,0.04791022888748183,0.2458100558659218,0.04929452700721754,898,179,0
2021-03-31,development,VALUE,long_short,0.0,0.012781988723481985,0.012781988723481985,0.558659217877095,0.04929452700721754,898,179,179
2021-03-31,development,VALUE,long_short,10.0,0.012781988723481985,0.012223329505604891,0.558659217877095,0.04929452700721754,898,179,179
2021-03-31,development,VALUE,long_short,25.0,0.012781988723481985,0.011385340678789248,0.558659217877095,0.04929452700721754,898,179,179
2021-04-30,development,COMPOSITE,long_only,0.0,0.0061055873299121835,0.0061055873299121835,0.6844919786096259,0.0030521388353127858,933,186,0
2021-04-30,development,COMPOSITE,long_only,10.0,0.0061055873299121835,0.005421095351302557,0.6844919786096259,0.0030521388353127858,933,186,0
2021-04-30,development,COMPOSITE,long_only,25.0,0.0061055873299121835,0.004394357383388119,0.6844919786096259,0.0030521388353127858,933,186,0
2021-04-30,development,COMPOSITE,long_short,0.0,0.003357250281537283,0.003357250281537283,1.1122994652406422,0.0030521388353127858,933,186,186
2021-04-30,development,COMPOSITE,long_short,10.0,0.003357250281537283,0.002244950816296641,1.1122994652406422,0.0030521388353127858,933,186,186
2021-04-30,development,COMPOSITE,long_short,25.0,0.003357250281537283,0.0005765016184356773,1.1122994652406422,0.0030521388353127858,933,186,186
2021-04-30,development,LV,long_only,0.0,0.0046589442786011785,0.0046589442786011785,0.5968586387434555,0.002838416136658719,955,191,0
2021-04-30,development,LV,long_only,10.0,0.0046589442786011785,0.004062085639857723,0.5968586387434555,0.002838416136658719,955,191,0
2021-04-30,development,LV,long_only,25.0,0.0046589442786011785,0.00316679768174254,0.5968586387434555,0.002838416136658719,955,191,0
2021-04-30,development,LV,long_short,0.0,0.008838271856807332,0.008838271856807332,1.0157068062827224,0.002838416136658719,955,191,191
2021-04-30,development,LV,long_short,10.0,0.008838271856807332,0.007822565050524609,1.0157068062827224,0.002838416136658719,955,191,191
2021-04-30,development,LV,long_short,25.0,0.008838271856807332,0.006299004841100526,1.0157068062827224,0.002838416136658719,955,191,191
2021-04-30,development,MOM,long_only,0.0,0.0027150278861161423,0.0027150278861161423,0.8148148148148149,0.00291375939179468,941,188,0
2021-04-30,development,MOM,long_only,10.0,0.0027150278861161423,0.0019002130713013275,0.8148148148148149,0.00291375939179468,941,188,0
2021-04-30,development,MOM,long_only,25.0,0.0027150278861161423,0.000677990849079105,0.8148148148148149,0.00291375939179468,941,188,0
2021-04-30,development,MOM,long_short,0.0,0.0005267556912561047,0.0005267556912561047,1.5873015873015874,0.00291375939179468,941,188,188
2021-04-30,development,MOM,long_short,10.0,0.0005267556912561047,-0.0010605458960454828,1.5873015873015874,0.00291375939179468,941,188,188
2021-04-30,development,MOM,long_short,25.0,0.0005267556912561047,-0.003441498276997864,1.5873015873015874,0.00291375939179468,941,188,188
2021-04-30,development,QUALITY,long_only,0.0,-0.010296064516129038,-0.010296064516129038,0.12765957446808524,0.00311425771083581,934,186,0
2021-04-30,development,QUALITY,long_only,10.0,-0.010296064516129038,-0.010423724090597122,0.12765957446808524,0.00311425771083581,934,186,0
2021-04-30,development,QUALITY,long_only,25.0,-0.010296064516129038,-0.01061521345229925,0.12765957446808524,0.00311425771083581,934,186,0
2021-04-30,development,QUALITY,long_short,0.0,-0.018866088231662633,-0.018866088231662633,0.36170212765957477,0.00311425771083581,934,186,186
2021-04-30,development,QUALITY,long_short,10.0,-0.018866088231662633,-0.01922779035932221,0.36170212765957477,0.00311425771083581,934,186,186
2021-04-30,development,QUALITY,long_short,25.0,-0.018866088231662633,-0.01977034355081157,0.36170212765957477,0.00311425771083581,934,186,186
2021-04-30,development,SIZE,long_only,0.0,-0.0028762617347044338,-0.0028762617347044338,0.31155778894472363,0.0027426284865429917,998,199,0
2021-04-30,development,SIZE,long_only,10.0,-0.0028762617347044338,-0.0031878195236491576,0.31155778894472363,0.0027426284865429917,998,199,0
2021-04-30,development,SIZE,long_only,25.0,-0.0028762617347044338,-0.0036551562070662427,0.31155778894472363,0.0027426284865429917,998,199,0
2021-04-30,development,SIZE,long_short,0.0,-0.013347728482742315,-0.013347728482742315,0.4321608040201005,0.0027426284865429917,998,199,199
2021-04-30,development,SIZE,long_short,10.0,-0.013347728482742315,-0.013779889286762416,0.4321608040201005,0.0027426284865429917,998,199,199
2021-04-30,development,SIZE,long_short,25.0,-0.013347728482742315,-0.014428130492792566,0.4321608040201005,0.0027426284865429917,998,199,199
2021-04-30,development,VALUE,long_only,0.0,0.033341949710752335,0.033341949710752335,0.1787709497206703,0.0030299331506488383,892,178,0
2021-04-30,development,VALUE,long_only,10.0,0.033341949710752335,0.03316317876103166,0.1787709497206703,0.0030299331506488383,892,178,0
2021-04-30,development,VALUE,long_only,25.0,0.033341949710752335,0.03289502233645066,0.1787709497206703,0.0030299331506488383,892,178,0
2021-04-30,development,VALUE,long_short,0.0,0.03145722007742793,0.03145722007742793,0.41340782122905007,0.0030299331506488383,892,178,178
2021-04-30,development,VALUE,long_short,10.0,0.03145722007742793,0.031043812256198882,0.41340782122905007,0.0030299331506488383,892,178,178
2021-04-30,development,VALUE,long_short,25.0,0.03145722007742793,0.030423700524355307,0.41340782122905007,0.0030299331506488383,892,178,178
2021-05-28,development,COMPOSITE,long_only,0.0,-0.003439463610000374,-0.003439463610000374,0.3763440860215053,0.02662105192383342,927,185,0
2021-05-28,development,COMPOSITE,long_only,10.0,-0.003439463610000374,-0.003815807696021879,0.3763440860215053,0.02662105192383342,927,185,0
2021-05-28,development,COMPOSITE,long_only,25.0,-0.003439463610000374,-0.004380323825054137,0.3763440860215053,0.02662105192383342,927,185,0
2021-05-28,development,COMPOSITE,long_short,0.0,-0.04839014147543313,-0.04839014147543313,0.5591397849462365,0.02662105192383342,927,185,185
2021-05-28,development,COMPOSITE,long_short,10.0,-0.04839014147543313,-0.04894928126037936,0.5591397849462365,0.02662105192383342,927,185,185
2021-05-28,development,COMPOSITE,long_short,25.0,-0.04839014147543313,-0.04978799093779872,0.5591397849462365,0.02662105192383342,927,185,185
2021-05-28,development,LV,long_only,0.0,0.004013922033260783,0.004013922033260783,0.35602094240837695,0.027174715068148867,951,190,0
2021-05-28,development,LV,long_only,10.0,0.004013922033260783,0.0036579010908524058,0.35602094240837695,0.027174715068148867,951,190,0
2021-05-28,development,LV,long_only,25.0,0.004013922033260783,0.00312386967723984,0.35602094240837695,0.027174715068148867,951,190,0
2021-05-28,development,LV,long_short,0.0,-0.057924380326642724,-0.057924380326642724,0.6910994764397904,0.027174715068148867,951,190,190
2021-05-28,development,LV,long_short,10.0,-0.057924380326642724,-0.058615479803082515,0.6910994764397904,0.027174715068148867,951,190,190
2021-05-28,development,LV,long_short,25.0,-0.057924380326642724,-0.0596521290177422,0.6910994764397904,0.027174715068148867,951,190,190
2021-05-28,development,MOM,long_only,0.0,0.037636102382593045,0.037636102382593045,0.3829787234042553,0.027128558249931486,941,188,0
2021-05-28,development,MOM,long_only,10.0,0.037636102382593045,0.03725312365918879,0.3829787234042553,0.027128558249931486,941,188,0
2021-05-28,development,MOM,long_only,25.0,0.037636102382593045,0.036678655574082404,0.3829787234042553,0.027128558249931486,941,188,0
2021-05-28,development,MOM,long_short,0.0,0.014228622662476476,0.014228622662476476,0.8936170212765958,0.027128558249931486,941,188,188
2021-05-28,development,MOM,long_short,10.0,0.014228622662476476,0.01333500564119988,0.8936170212765958,0.027128558249931486,941,188,188
2021-05-28,development,MOM,long_short,25.0,0.014228622662476476,0.011994580109284987,0.8936170212765958,0.027128558249931486,941,188,188
2021-05-28,development,QUALITY,long_only,0.0,0.0396478,0.0396478,0.06451612903225803,0.02673954229912638,928,185,0
2021-05-28,development,QUALITY,long_only,10.0,0.0396478,0.03958328387096774,0.06451612903225803,0.02673954229912638,928,185,0
2021-05-28,development,QUALITY,long_only,25.0,0.0396478,0.03948650967741935,0.06451612903225803,0.02673954229912638,928,185,0
2021-05-28,development,QUALITY,long_short,0.0,0.009780827650997328,0.009780827650997328,0.18279569892473116,0.02673954229912638,928,185,185
2021-05-28,development,QUALITY,long_short,10.0,0.009780827650997328,0.009598031952072596,0.18279569892473116,0.02673954229912638,928,185,185
2021-05-28,development,QUALITY,long_short,25.0,0.009780827650997328,0.0093238384036855,0.18279569892473116,0.02673954229912638,928,185,185
2021-05-28,development,SIZE,long_only,0.0,0.0056383173172889775,0.0056383173172889775,0.3316582914572864,0.027675582591100575,997,199,0
2021-05-28,development,SIZE,long_only,10.0,0.0056383173172889775,0.005306659025831691,0.3316582914572864,0.027675582591100575,997,199,0
2021-05-28,development,SIZE,long_only,25.0,0.0056383173172889775,0.004809171588645762,0.3316582914572864,0.027675582591100575,997,199,0
2021-05-28,development,SIZE,long_short,0.0,-0.011177823360789816,-0.011177823360789816,0.41206030150753764,0.027675582591100575,997,199,199
2021-05-28,development,SIZE,long_short,10.0,-0.011177823360789816,-0.011589883662297355,0.41206030150753764,0.027675582591100575,997,199,199
2021-05-28,development,SIZE,long_short,25.0,-0.011177823360789816,-0.012207974114558661,0.41206030150753764,0.027675582591100575,997,199,199
2021-05-28,development,VALUE,long_only,0.0,-0.02726681893210679,-0.02726681893210679,0.16853932584269665,0.027659186185053745,885,177,0
2021-05-28,development,VALUE,long_only,10.0,-0.02726681893210679,-0.027435358257949485,0.16853932584269665,0.027659186185053745,885,177,0
2021-05-28,development,VALUE,long_only,25.0,-0.02726681893210679,-0.02768816724671353,0.16853932584269665,0.027659186185053745,885,177,0
2021-05-28,development,VALUE,long_short,0.0,-0.056275884663149825,-0.056275884663149825,0.2921348314606742,0.027659186185053745,885,177,177
2021-05-28,development,VALUE,long_short,10.0,-0.056275884663149825,-0.0565680194946105,0.2921348314606742,0.027659186185053745,885,177,177
2021-05-28,development,VALUE,long_short,25.0,-0.056275884663149825,-0.05700622174180151,0.2921348314606742,0.027659186185053745,885,177,177
2021-06-30,development,COMPOSITE,long_only,0.0,-0.01572077439987218,-0.01572077439987218,0.5591397849462365,0.015771022767443237,933,186,0
2021-06-30,development,COMPOSITE,long_only,10.0,-0.01572077439987218,-0.016279914184818417,0.5591397849462365,0.015771022767443237,933,186,0
2021-06-30,development,COMPOSITE,long_only,25.0,-0.01572077439987218,-0.01711862386223777,0.5591397849462365,0.015771022767443237,933,186,0
2021-06-30,development,COMPOSITE,long_short,0.0,0.004451357831673087,0.004451357831673087,0.8709677419354838,0.015771022767443237,933,186,186
2021-06-30,development,COMPOSITE,long_short,10.0,0.004451357831673087,0.003580390089737603,0.8709677419354838,0.015771022767443237,933,186,186
2021-06-30,development,COMPOSITE,long_short,25.0,0.004451357831673087,0.002273938476834377,0.8709677419354838,0.015771022767443237,933,186,186
2021-06-30,development,LV,long_only,0.0,0.0178067945863016,0.0178067945863016,0.27368421052631575,0.01853533486975198,941,188,0
2021-06-30,development,LV,long_only,10.0,0.0178067945863016,0.017533110375775283,0.27368421052631575,0.01853533486975198,941,188,0
2021-06-30,development,LV,long_only,25.0,0.0178067945863016,0.017122584059985808,0.27368421052631575,0.01853533486975198,941,188,0
2021-06-30,development,LV,long_short,0.0,0.07939647141275663,0.07939647141275663,0.5368421052631578,0.01853533486975198,941,188,188
2021-06-30,development,LV,long_short,10.0,0.07939647141275663,0.07885962930749348,0.5368421052631578,0.01853533486975198,941,188,188
2021-06-30,development,LV,long_short,25.0,0.07939647141275663,0.07805436614959874,0.5368421052631578,0.01853533486975198,941,188,188
2021-06-30,development,MOM,long_only,0.0,-0.031669855771252656,-0.031669855771252656,0.5319148936170213,0.01862417443889608,929,185,0
2021-06-30,development,MOM,long_only,10.0,-0.031669855771252656,-0.03220177066486968,0.5319148936170213,0.01862417443889608,929,185,0
2021-06-30,development,MOM,long_only,25.0,-0.031669855771252656,-0.03299964300529521,0.5319148936170213,0.01862417443889608,929,185,0
2021-06-30,development,MOM,long_short,0.0,-0.028103925729105646,-0.028103925729105646,0.9148936170212766,0.01862417443889608,929,185,185
2021-06-30,development,MOM,long_short,10.0,-0.028103925729105646,-0.029018819346126924,0.9148936170212766,0.01862417443889608,929,185,185
2021-06-30,development,MOM,long_short,25.0,-0.028103925729105646,-0.03039115977165884,0.9148936170212766,0.01862417443889608,929,185,185
2021-06-30,development,QUALITY,long_only,0.0,0.00039776810764453625,0.00039776810764453625,0.32631578947368434,0.015169227322628643,950,190,0
2021-06-30,development,QUALITY,long_only,10.0,0.00039776810764453625,7.145231817085187e-05,0.32631578947368434,0.015169227322628643,950,190,0
2021-06-30,development,QUALITY,long_only,25.0,0.00039776810764453625,-0.00041802136603967456,0.32631578947368434,0.015169227322628643,950,190,0
2021-06-30,development,QUALITY,long_short,0.0,0.031118254482170978,0.031118254482170978,0.8842105263157898,0.015169227322628643,950,190,190
2021-06-30,development,QUALITY,long_short,10.0,0.031118254482170978,0.03023404395585519,0.8842105263157898,0.015169227322628643,950,190,190
2021-06-30,development,QUALITY,long_short,25.0,0.031118254482170978,0.028907728166381503,0.8842105263157898,0.015169227322628643,950,190,190
2021-06-30,development,SIZE,long_only,0.0,-0.01850007770535615,-0.01850007770535615,0.4120603015075377,0.01679482444362681,996,199,0
2021-06-30,development,SIZE,long_only,10.0,-0.01850007770535615,-0.018912138006863685,0.4120603015075377,0.01679482444362681,996,199,0
2021-06-30,development,SIZE,long_only,25.0,-0.01850007770535615,-0.01953022845912499,0.4120603015075377,0.01679482444362681,996,199,0
2021-06-30,development,SIZE,long_short,0.0,-0.034095704722542516,-0.034095704722542516,0.5527638190954773,0.01679482444362681,996,199,199
2021-06-30,development,SIZE,long_short,10.0,-0.034095704722542516,-0.03464846854163799,0.5527638190954773,0.01679482444362681,996,199,199
2021-06-30,development,SIZE,long_short,25.0,-0.034095704722542516,-0.03547761427028121,0.5527638190954773,0.01679482444362681,996,199,199
2021-06-30,development,VALUE,long_only,0.0,-0.009808156134070772,-0.009808156134070772,0.39560439560439553,0.015040828973075331,910,182,0
2021-06-30,development,VALUE,long_only,10.0,-0.009808156134070772,-0.010203760529675168,0.39560439560439553,0.015040828973075331,910,182,0
2021-06-30,development,VALUE,long_only,25.0,-0.009808156134070772,-0.010797167123081762,0.39560439560439553,0.015040828973075331,910,182,0
2021-06-30,development,VALUE,long_short,0.0,0.0023754433066781296,0.0023754433066781296,0.857142857142857,0.015040828973075331,910,182,182
2021-06-30,development,VALUE,long_short,10.0,0.0023754433066781296,0.0015183004495352725,0.857142857142857,0.015040828973075331,910,182,182
2021-06-30,development,VALUE,long_short,25.0,0.0023754433066781296,0.00023258616382098706,0.857142857142857,0.015040828973075331,910,182,182
2021-07-30,development,COMPOSITE,long_only,0.0,0.025267054061581924,0.025267054061581924,0.3636363636363638,0.027319927328861456,938,187,0
2021-07-30,development,COMPOSITE,long_only,10.0,0.025267054061581924,0.02490341769794556,0.3636363636363638,0.027319927328861456,938,187,0
2021-07-30,development,COMPOSITE,long_only,25.0,0.025267054061581924,0.024357963152491016,0.3636363636363638,0.027319927328861456,938,187,0
2021-07-30,development,COMPOSITE,long_short,0.0,0.010967577662993479,0.010967577662993479,0.5989304812834229,0.027319927328861456,938,187,187
2021-07-30,development,COMPOSITE,long_short,10.0,0.010967577662993479,0.010368647181710055,0.5989304812834229,0.027319927328861456,938,187,187
2021-07-30,development,COMPOSITE,long_short,25.0,0.010967577662993479,0.009470251459784921,0.5989304812834229,0.027319927328861456,938,187,187
2021-07-30,development,LV,long_only,0.0,0.01876348453907532,0.01876348453907532,0.29629629629629634,0.029360274196994145,949,189,0
2021-07-30,development,LV,long_only,10.0,0.01876348453907532,0.01846718824277902,0.29629629629629634,0.029360274196994145,949,189,0
2021-07-30,development,LV,long_only,25.0,0.01876348453907532,0.01802274379833458,0.29629629629629634,0.029360274196994145,949,189,0
2021-07-30,development,LV,long_short,0.0,-0.002971136234219176,-0.002971136234219176,0.4867724867724869,0.029360274196994145,949,189,189
2021-07-30,development,LV,long_short,10.0,-0.002971136234219176,-0.0034579087209916626,0.4867724867724869,0.029360274196994145,949,189,189
2021-07-30,development,LV,long_short,25.0,-0.002971136234219176,-0.004188067451150393,0.4867724867724869,0.029360274196994145,949,189,189
2021-07-30,development,MOM,long_only,0.0,0.03305414796244949,0.03305414796244949,0.3850267379679144,0.029201553606232413,936,187,0
2021-07-30,development,MOM,long_only,10.0,0.03305414796244949,0.032669121224481575,0.3850267379679144,0.029201553606232413,936,187,0
2021-07-30,development,MOM,long_only,25.0,0.03305414796244949,0.0320915811175297,0.3850267379679144,0.029201553606232413,936,187,0
2021-07-30,development,MOM,long_short,0.0,0.020891817493567184,0.020891817493567184,0.8021390374331552,0.029201553606232413,936,187,187
2021-07-30,development,MOM,long_short,10.0,0.020891817493567184,0.02008967845613403,0.8021390374331552,0.029201553606232413,936,187,187
2021-07-30,development,MOM,long_short,25.0,0.020891817493567184,0.018886469899984295,0.8021390374331552,0.029201553606232413,936,187,187
2021-07-30,development,QUALITY,long_only,0.0,0.018493349419779065,0.018493349419779065,0.08421052631578943,0.027716809165579934,949,189,0
2021-07-30,development,QUALITY,long_only,10.0,0.018493349419779065,0.018409138893463274,0.08421052631578943,0.027716809165579934,949,189,0
2021-07-30,development,QUALITY,long_only,25.0,0.018493349419779065,0.01828282310398959,0.08421052631578943,0.027716809165579934,949,189,0
2021-07-30,development,QUALITY,long_short,0.0,-0.007702682396465327,-0.007702682396465327,0.17894736842105258,0.027716809165579934,949,189,189
2021-07-30,development,QUALITY,long_short,10.0,-0.007702682396465327,-0.00788162976488638,0.17894736842105258,0.027716809165579934,949,189,189
2021-07-30,development,QUALITY,long_short,25.0,-0.007702682396465327,-0.008150050817517959,0.17894736842105258,0.027716809165579934,949,189,189
2021-07-30,development,SIZE,long_only,0.0,0.02549784913818878,0.02549784913818878,0.31155778894472363,0.02946678742016412,998,199,0
2021-07-30,development,SIZE,long_only,10.0,0.02549784913818878,0.025186291349244057,0.31155778894472363,0.02946678742016412,998,199,0
2021-07-30,development,SIZE,long_only,25.0,0.02549784913818878,0.02471895466582697,0.31155778894472363,0.02946678742016412,998,199,0
2021-07-30,development,SIZE,long_short,0.0,0.008173896572112774,0.008173896572112774,0.42211055276381915,0.02946678742016412,998,199,199
2021-07-30,development,SIZE,long_short,10.0,0.008173896572112774,0.007751786019348955,0.42211055276381915,0.02946678742016412,998,199,199
2021-07-30,development,SIZE,long_short,25.0,0.008173896572112774,0.0071186201902032255,0.42211055276381915,0.02946678742016412,998,199,199
2021-07-30,development,VALUE,long_only,0.0,0.02832503480560998,0.02832503480560998,0.1868131868131867,0.02866608751280582,908,181,0
2021-07-30,development,VALUE,long_only,10.0,0.02832503480560998,0.028138221618796793,0.1868131868131867,0.02866608751280582,908,181,0
2021-07-30,development,VALUE,long_only,25.0,0.02832503480560998,0.027858001838577014,0.1868131868131867,0.02866608751280582,908,181,0
2021-07-30,development,VALUE,long_short,0.0,0.014751570274581332,0.014751570274581332,0.30769230769230743,0.02866608751280582,908,181,181
2021-07-30,development,VALUE,long_short,10.0,0.014751570274581332,0.014443877966889025,0.30769230769230743,0.02866608751280582,908,181,181
2021-07-30,development,VALUE,long_short,25.0,0.014751570274581332,0.013982339505350563,0.30769230769230743,0.02866608751280582,908,181,181
2021-08-31,development,COMPOSITE,long_only,0.0,-0.03064240505546246,-0.03064240505546246,0.4064171122994655,-0.04358591423640095,934,186,0
2021-08-31,development,COMPOSITE,long_only,10.0,-0.03064240505546246,-0.031048822167761923,0.4064171122994655,-0.04358591423640095,934,186,0
2021-08-31,development,COMPOSITE,long_only,25.0,-0.03064240505546246,-0.03165844783621112,0.4064171122994655,-0.04358591423640095,934,186,0
2021-08-31,development,COMPOSITE,long_short,0.0,0.010378983874747425,0.010378983874747425,0.6951871657754014,-0.04358591423640095,934,186,186
2021-08-31,development,COMPOSITE,long_short,10.0,0.010378983874747425,0.009683796708972023,0.6951871657754014,-0.04358591423640095,934,186,186
2021-08-31,development,COMPOSITE,long_short,25.0,0.010378983874747425,0.008641015960308921,0.6951871657754014,-0.04358591423640095,934,186,186
2021-08-31,development,LV,long_only,0.0,-0.032154104958662735,-0.032154104958662735,0.20105820105820105,-0.04478606797643221,945,189,0
2021-08-31,development,LV,long_only,10.0,-0.032154104958662735,-0.03235516315972094,0.20105820105820105,-0.04478606797643221,945,189,0
2021-08-31,development,LV,long_only,25.0,-0.032154104958662735,-0.03265675046130824,0.20105820105820105,-0.04478606797643221,945,189,0
2021-08-31,development,LV,long_short,0.0,-0.005884878073205972,-0.005884878073205972,0.48677248677248675,-0.04478606797643221,945,189,189
2021-08-31,development,LV,long_short,10.0,-0.005884878073205972,-0.006371650559978459,0.48677248677248675,-0.04478606797643221,945,189,189
2021-08-31,development,LV,long_short,25.0,-0.005884878073205972,-0.007101809290137189,0.48677248677248675,-0.04478606797643221,945,189,189
2021-08-31,development,MOM,long_only,0.0,-0.02913541239779959,-0.02913541239779959,0.44919786096256703,-0.045144651557081764,931,186,0
2021-08-31,development,MOM,long_only,10.0,-0.02913541239779959,-0.02958461025876216,0.44919786096256703,-0.045144651557081764,931,186,0
2021-08-31,development,MOM,long_only,25.0,-0.02913541239779959,-0.030258407050206007,0.44919786096256703,-0.045144651557081764,931,186,0
2021-08-31,development,MOM,long_short,0.0,-0.0015505344468446894,-0.0015505344468446894,0.9839572192513375,-0.045144651557081764,931,186,186
2021-08-31,development,MOM,long_short,10.0,-0.0015505344468446894,-0.002534491666096027,0.9839572192513375,-0.045144651557081764,931,186,186
2021-08-31,development,MOM,long_short,25.0,-0.0015505344468446894,-0.0040104274949730335,0.9839572192513375,-0.045144651557081764,931,186,186
2021-08-31,development,QUALITY,long_only,0.0,-0.045794198457196976,-0.045794198457196976,0.14814814814814814,-0.04294720786187156,946,189,0
2021-08-31,development,QUALITY,long_only,10.0,-0.045794198457196976,-0.04594234660534512,0.14814814814814814,-0.04294720786187156,946,189,0
2021-08-31,development,QUALITY,long_only,25.0,-0.045794198457196976,-0.046164568827567344,0.14814814814814814,-0.04294720786187156,946,189,0
2021-08-31,development,QUALITY,long_short,0.0,-0.01643777485937442,-0.01643777485937442,0.2857142857142857,-0.04294720786187156,946,189,189
2021-08-31,development,QUALITY,long_short,10.0,-0.01643777485937442,-0.016723489145088706,0.2857142857142857,-0.04294720786187156,946,189,189
2021-08-31,development,QUALITY,long_short,25.0,-0.01643777485937442,-0.017152060573660137,0.2857142857142857,-0.04294720786187156,946,189,189
2021-08-31,development,SIZE,long_only,0.0,-0.027964464101340323,-0.027964464101340323,0.2914572864321608,-0.044316654595941085,999,199,0
2021-08-31,development,SIZE,long_only,10.0,-0.027964464101340323,-0.028255921387772484,0.2914572864321608,-0.044316654595941085,999,199,0
2021-08-31,development,SIZE,long_only,25.0,-0.027964464101340323,-0.028693107317420724,0.2914572864321608,-0.044316654595941085,999,199,0
2021-08-31,development,SIZE,long_short,0.0,0.00915826496613566,0.00915826496613566,0.39195979899497485,-0.044316654595941085,999,199,199
2021-08-31,development,SIZE,long_short,10.0,0.00915826496613566,0.008766305167140685,0.39195979899497485,-0.044316654595941085,999,199,199
2021-08-31,development,SIZE,long_short,25.0,0.00915826496613566,0.008178365468648223,0.39195979899497485,-0.044316654595941085,999,199,199
2021-08-31,development,VALUE,long_only,0.0,-0.019273676081006854,-0.019273676081006854,0.1878453038674033,-0.04350914159903549,908,181,0
2021-08-31,development,VALUE,long_only,10.0,-0.019273676081006854,-0.019461521384874256,0.1878453038674033,-0.04350914159903549,908,181,0
2021-08-31,development,VALUE,long_only,25.0,-0.019273676081006854,-0.019743289340675364,0.1878453038674033,-0.04350914159903549,908,181,0
2021-08-31,development,VALUE,long_short,0.0,0.009379875288948236,0.009379875288948236,0.3977900552486187,-0.04350914159903549,908,181,181
2021-08-31,development,VALUE,long_short,10.0,0.009379875288948236,0.008982085233699618,0.3977900552486187,-0.04350914159903549,908,181,181
2021-08-31,development,VALUE,long_short,25.0,0.009379875288948236,0.008385400150826689,0.3977900552486187,-0.04350914159903549,908,181,181
2021-09-30,development,COMPOSITE,long_only,0.0,0.04049914165842716,0.04049914165842716,0.3743315508021392,0.06703149716659912,937,187,0
2021-09-30,development,COMPOSITE,long_only,10.0,0.04049914165842716,0.040124810107625024,0.3743315508021392,0.06703149716659912,937,187,0
2021-09-30,development,COMPOSITE,long_only,25.0,0.04049914165842716,0.03956331278142181,0.3743315508021392,0.06703149716659912,937,187,0
2021-09-30,development,COMPOSITE,long_short,0.0,-0.013893216218426069,-0.013893216218426069,0.6524064171122999,0.06703149716659912,937,187,187
2021-09-30,development,COMPOSITE,long_short,10.0,-0.013893216218426069,-0.01454562263553837,0.6524064171122999,0.06703149716659912,937,187,187
2021-09-30,development,COMPOSITE,long_short,25.0,-0.013893216218426069,-0.015524232261206819,0.6524064171122999,0.06703149716659912,937,187,187
2021-09-30,development,LV,long_only,0.0,0.05959641635348084,0.05959641635348084,0.20105820105820105,0.06916395426220451,945,189,0
2021-09-30,development,LV,long_only,10.0,0.05959641635348084,0.05939535815242264,0.20105820105820105,0.06916395426220451,945,189,0
2021-09-30,development,LV,long_only,25.0,0.05959641635348084,0.05909377085083534,0.20105820105820105,0.06916395426220451,945,189,0
2021-09-30,development,LV,long_short,0.0,0.0003709204681295094,0.0003709204681295094,0.47619047619047616,0.06916395426220451,945,189,189
2021-09-30,development,LV,long_short,10.0,0.0003709204681295094,-0.0001052700080609668,0.47619047619047616,0.06916395426220451,945,189,189
2021-09-30,development,LV,long_short,25.0,0.0003709204681295094,-0.000819555722346681,0.47619047619047616,0.06916395426220451,945,189,189
2021-09-30,development,MOM,long_only,0.0,0.061288367302477935,0.061288367302477935,0.5376344086021507,0.06845395214556808,932,186,0
2021-09-30,development,MOM,long_only,10.0,0.061288367302477935,0.06075073289387578,0.5376344086021507,0.06845395214556808,932,186,0
2021-09-30,development,MOM,long_only,25.0,0.061288367302477935,0.05994428128097256,0.5376344086021507,0.06845395214556808,932,186,0
2021-09-30,development,MOM,long_short,0.0,0.014059057585096188,0.014059057585096188,1.0752688172043015,0.06845395214556808,932,186,186
2021-09-30,development,MOM,long_short,10.0,0.014059057585096188,0.012983788767891887,1.0752688172043015,0.06845395214556808,932,186,186
2021-09-30,development,MOM,long_short,25.0,0.014059057585096188,0.011370885542085435,1.0752688172043015,0.06845395214556808,932,186,186
2021-09-30,development,QUALITY,long_only,0.0,0.0677508769055018,0.0677508769055018,0.08465608465608468,0.06691857357855202,944,188,0
2021-09-30,development,QUALITY,long_only,10.0,0.0677508769055018,0.06766622082084571,0.08465608465608468,0.06691857357855202,944,188,0
2021-09-30,development,QUALITY,long_only,25.0,0.0677508769055018,0.06753923669386158,0.08465608465608468,0.06691857357855202,944,188,0
2021-09-30,development,QUALITY,long_short,0.0,0.029566203250337597,0.029566203250337597,0.22222222222222227,0.06691857357855202,944,188,188
2021-09-30,development,QUALITY,long_short,10.0,0.029566203250337597,0.029343981028115376,0.22222222222222227,0.06691857357855202,944,188,188
2021-09-30,development,QUALITY,long_short,25.0,0.029566203250337597,0.02901064769478204,0.22222222222222227,0.06691857357855202,944,188,188
2021-09-30,development,SIZE,long_only,0.0,0.040678467336683406,0.040678467336683406,0.36180904522613067,0.06922529200950824,996,199,0
2021-09-30,development,SIZE,long_only,10.0,0.040678467336683406,0.04031665829145727,0.36180904522613067,0.06922529200950824,996,199,0
2021-09-30,development,SIZE,long_only,25.0,0.040678467336683406,0.03977394472361808,0.36180904522613067,0.06922529200950824,996,199,0
2021-09-30,development,SIZE,long_short,0.0,-0.022516697906012302,-0.022516697906012302,0.43216080402010054,0.06922529200950824,996,199,199
2021-09-30,development,SIZE,long_short,10.0,-0.022516697906012302,-0.022948858710032403,0.43216080402010054,0.06922529200950824,996,199,199
2021-09-30,development,SIZE,long_short,25.0,-0.022516697906012302,-0.023597099916062552,0.43216080402010054,0.06922529200950824,996,199,199
2021-09-30,development,VALUE,long_only,0.0,0.0412568016634141,0.0412568016634141,0.15469613259668508,0.06909689612458414,906,181,0
2021-09-30,development,VALUE,long_only,10.0,0.0412568016634141,0.04110210553081741,0.15469613259668508,0.06909689612458414,906,181,0
2021-09-30,development,VALUE,long_only,25.0,0.0412568016634141,0.040870061331922385,0.15469613259668508,0.06909689612458414,906,181,0
2021-09-30,development,VALUE,long_short,0.0,-0.013064079065725136,-0.013064079065725136,0.3204419889502762,0.06909689612458414,906,181,181
2021-09-30,development,VALUE,long_short,10.0,-0.013064079065725136,-0.013384521054675413,0.3204419889502762,0.06909689612458414,906,181,181
2021-09-30,development,VALUE,long_short,25.0,-0.013064079065725136,-0.013865184038100827,0.3204419889502762,0.06909689612458414,906,181,181
2021-10-29,development,COMPOSITE,long_only,0.0,-0.030751423256202035,-0.030751423256202035,0.3636363636363636,-0.01148819378226024,939,187,0
2021-10-29,development,COMPOSITE,long_only,10.0,-0.030751423256202035,-0.0311150596198384,0.3636363636363636,-0.01148819378226024,939,187,0
2021-10-29,development,COMPOSITE,long_only,25.0,-0.030751423256202035,-0.03166051416529295,0.3636363636363636,-0.01148819378226024,939,187,0
2021-10-29,development,COMPOSITE,long_short,0.0,0.02605551092090716,0.02605551092090716,0.6737967914438502,-0.01148819378226024,939,187,187
2021-10-29,development,COMPOSITE,long_short,10.0,0.02605551092090716,0.02538171412946331,0.6737967914438502,-0.01148819378226024,939,187,187
2021-10-29,development,COMPOSITE,long_short,25.0,0.02605551092090716,0.024371018942297533,0.6737967914438502,-0.01148819378226024,939,187,187
2021-10-29,development,LV,long_only,0.0,-0.035023005324787235,-0.035023005324787235,0.2751322751322751,-0.01282298682662268,948,189,0
2021-10-29,development,LV,long_only,10.0,-0.035023005324787235,-0.03529813759991951,0.2751322751322751,-0.01282298682662268,948,189,0
2021-10-29,development,LV,long_only,25.0,-0.035023005324787235,-0.03571083601261792,0.2751322751322751,-0.01282298682662268,948,189,0
2021-10-29,development,LV,long_short,0.0,0.03164228210230543,0.03164228210230543,0.6137566137566137,-0.01282298682662268,948,189,189
2021-10-29,development,LV,long_short,10.0,0.03164228210230543,0.031028525488548814,0.6137566137566137,-0.01282298682662268,948,189,189
2021-10-29,development,LV,long_short,25.0,0.03164228210230543,0.030107890567913895,0.6137566137566137,-0.01282298682662268,948,189,189
2021-10-29,development,MOM,long_only,0.0,-0.03582451801209646,-0.03582451801209646,0.42780748663101625,-0.012309534085164497,935,187,0
2021-10-29,development,MOM,long_only,10.0,-0.03582451801209646,-0.03625232549872748,0.42780748663101625,-0.012309534085164497,935,187,0
2021-10-29,development,MOM,long_only,25.0,-0.03582451801209646,-0.036894036728674,0.42780748663101625,-0.012309534085164497,935,187,0
2021-10-29,development,MOM,long_short,0.0,0.044246038050951036,0.044246038050951036,0.8663101604278081,-0.012309534085164497,935,187,187
2021-10-29,development,MOM,long_short,10.0,0.044246038050951036,0.04337972789052323,0.8663101604278081,-0.012309534085164497,935,187,187
2021-10-29,development,MOM,long_short,25.0,0.044246038050951036,0.04208026264988152,0.8663101604278081,-0.012309534085164497,935,187,187
2021-10-29,development,QUALITY,long_only,0.0,-0.03859808439040818,-0.03859808439040818,0.10638297872340424,-0.012078241044104555,940,188,0
2021-10-29,development,QUALITY,long_only,10.0,-0.03859808439040818,-0.038704467369131586,0.10638297872340424,-0.012078241044104555,940,188,0
2021-10-29,development,QUALITY,long_only,25.0,-0.03859808439040818,-0.038864041837216694,0.10638297872340424,-0.012078241044104555,940,188,0
2021-10-29,development,QUALITY,long_short,0.0,0.01986257808253418,0.01986257808253418,0.25531914893617014,-0.012078241044104555,940,188,188
2021-10-29,development,QUALITY,long_short,10.0,0.01986257808253418,0.01960725893359801,0.25531914893617014,-0.012078241044104555,940,188,188
2021-10-29,development,QUALITY,long_short,25.0,0.01986257808253418,0.019224280210193755,0.25531914893617014,-0.012078241044104555,940,188,188
2021-10-29,development,SIZE,long_only,0.0,-0.056327520241331586,-0.056327520241331586,0.36180904522613067,-0.01330997550413444,999,199,0
2021-10-29,development,SIZE,long_only,10.0,-0.056327520241331586,-0.05668932928655772,0.36180904522613067,-0.01330997550413444,999,199,0
2021-10-29,development,SIZE,long_only,25.0,-0.056327520241331586,-0.05723204285439691,0.36180904522613067,-0.01330997550413444,999,199,0
2021-10-29,development,SIZE,long_short,0.0,-0.03307314456559354,-0.03307314456559354,0.4623115577889447,-0.01330997550413444,999,199,199
2021-10-29,development,SIZE,long_short,10.0,-0.03307314456559354,-0.03353545612338249,0.4623115577889447,-0.01330997550413444,999,199,199
2021-10-29,development,SIZE,long_short,25.0,-0.03307314456559354,-0.0342289234600659,0.4623115577889447,-0.01330997550413444,999,199,199
2021-10-29,development,VALUE,long_only,0.0,-0.03714925610087312,-0.03714925610087312,0.1767955801104973,-0.011179517643380231,902,180,0
2021-10-29,development,VALUE,long_only,10.0,-0.03714925610087312,-0.037326051680983616,0.1767955801104973,-0.011179517643380231,902,180,0
2021-10-29,development,VALUE,long_only,25.0,-0.03714925610087312,-0.037591245051149365,0.1767955801104973,-0.011179517643380231,902,180,0
2021-10-29,development,VALUE,long_short,0.0,0.003640516014960022,0.003640516014960022,0.3867403314917129,-0.011179517643380231,902,180,180
2021-10-29,development,VALUE,long_short,10.0,0.003640516014960022,0.003253775683468309,0.3867403314917129,-0.011179517643380231,902,180,180
2021-10-29,development,VALUE,long_short,25.0,0.003640516014960022,0.0026736651862307396,0.3867403314917129,-0.011179517643380231,902,180,180
2021-11-30,development,COMPOSITE,long_only,0.0,0.04580359718700269,0.04580359718700269,0.4787234042553191,0.03482271097375815,943,188,0
2021-11-30,development,COMPOSITE,long_only,10.0,0.04580359718700269,0.045324873782747375,0.4787234042553191,0.03482271097375815,943,188,0
2021-11-30,development,COMPOSITE,long_only,25.0,0.04580359718700269,0.044606788676364396,0.4787234042553191,0.03482271097375815,943,188,0
2021-11-30,development,COMPOSITE,long_short,0.0,0.040032037082947045,0.040032037082947045,0.8085106382978723,0.03482271097375815,943,188,188
2021-11-30,development,COMPOSITE,long_short,10.0,0.040032037082947045,0.03922352644464917,0.8085106382978723,0.03482271097375815,943,188,188
2021-11-30,development,COMPOSITE,long_short,25.0,0.040032037082947045,0.038010760487202366,0.8085106382978723,0.03482271097375815,943,188,188
2021-11-30,development,LV,long_only,0.0,0.056212254174884096,0.056212254174884096,0.3246073298429319,0.03389768996967228,956,191,0
2021-11-30,development,LV,long_only,10.0,0.056212254174884096,0.05588764684504116,0.3246073298429319,0.03389768996967228,956,191,0
2021-11-30,development,LV,long_only,25.0,0.056212254174884096,0.055400735850276765,0.3246073298429319,0.03389768996967228,956,191,0
2021-11-30,development,LV,long_short,0.0,0.0716127420404701,0.0716127420404701,0.6596858638743455,0.03389768996967228,956,191,191
2021-11-30,development,LV,long_short,10.0,0.0716127420404701,0.07095305617659577,0.6596858638743455,0.03389768996967228,956,191,191
2021-11-30,development,LV,long_short,25.0,0.0716127420404701,0.06996352738078425,0.6596858638743455,0.03389768996967228,956,191,191
2021-11-30,development,MOM,long_only,0.0,-0.0021370053191489373,-0.0021370053191489373,0.5425531914893615,0.03456716927997923,940,188,0
2021-11-30,development,MOM,long_only,10.0,-0.0021370053191489373,-0.002679558510638299,0.5425531914893615,0.03456716927997923,940,188,0
2021-11-30,development,MOM,long_only,25.0,-0.0021370053191489373,-0.0034933882978723414,0.5425531914893615,0.03456716927997923,940,188,0
2021-11-30,development,MOM,long_short,0.0,-0.0364294108355558,-0.0364294108355558,1.0425531914893615,0.03456716927997923,940,188,188
2021-11-30,development,MOM,long_short,10.0,-0.0364294108355558,-0.03747196402704516,1.0425531914893615,0.03456716927997923,940,188,188
2021-11-30,development,MOM,long_short,25.0,-0.0364294108355558,-0.039035793814279206,1.0425531914893615,0.03456716927997923,940,188,188
2021-11-30,development,QUALITY,long_only,0.0,0.040633701155730034,0.040633701155730034,0.10638297872340424,0.03576232050123179,942,188,0
2021-11-30,development,QUALITY,long_only,10.0,0.040633701155730034,0.04052731817700663,0.10638297872340424,0.03576232050123179,942,188,0
2021-11-30,development,QUALITY,long_only,25.0,0.040633701155730034,0.04036774370892152,0.10638297872340424,0.03576232050123179,942,188,0
2021-11-30,development,QUALITY,long_short,0.0,0.021361328818651364,0.021361328818651364,0.276595744680851,0.03576232050123179,942,188,188
2021-11-30,development,QUALITY,long_short,10.0,0.021361328818651364,0.02108473307397051,0.276595744680851,0.03576232050123179,942,188,188
2021-11-30,development,QUALITY,long_short,25.0,0.021361328818651364,0.020669839456949238,0.276595744680851,0.03576232050123179,942,188,188
2021-11-30,development,SIZE,long_only,0.0,0.028893274256073444,0.028893274256073444,0.42211055276381915,0.0328960865392522,997,199,0
2021-11-30,development,SIZE,long_only,10.0,0.028893274256073444,0.028471163703309623,0.42211055276381915,0.0328960865392522,997,199,0
2021-11-30,development,SIZE,long_only,25.0,0.028893274256073444,0.027837997874163897,0.42211055276381915,0.0328960865392522,997,199,0
2021-11-30,development,SIZE,long_short,0.0,-0.012001604743932788,-0.012001604743932788,0.4924623115577889,0.0328960865392522,997,199,199
2021-11-30,development,SIZE,long_short,10.0,-0.012001604743932788,-0.012494067055490577,0.4924623115577889,0.0328960865392522,997,199,199
2021-11-30,development,SIZE,long_short,25.0,-0.012001604743932788,-0.01323276052282726,0.4924623115577889,0.0328960865392522,997,199,199
2021-11-30,development,VALUE,long_only,0.0,0.0564443323067564,0.0564443323067564,0.19889502762430944,0.03423479186633778,905,181,0
2021-11-30,development,VALUE,long_only,10.0,0.0564443323067564,0.05624543727913209,0.19889502762430944,0.03423479186633778,905,181,0
2021-11-30,development,VALUE,long_only,25.0,0.0564443323067564,0.05594709473769562,0.19889502762430944,0.03423479186633778,905,181,0
2021-11-30,development,VALUE,long_short,0.0,0.03902649135103588,0.03902649135103588,0.4640883977900554,0.03423479186633778,905,181,181
2021-11-30,development,VALUE,long_short,10.0,0.03902649135103588,0.038562402953245825,0.4640883977900554,0.03423479186633778,905,181,181
2021-11-30,development,VALUE,long_short,25.0,0.03902649135103588,0.03786627035656074,0.4640883977900554,0.03423479186633778,905,181,181
2021-12-31,development,COMPOSITE,long_only,0.0,-0.05896491956030606,-0.05896491956030606,0.3829787234042553,-0.05708298090807644,943,188,0
2021-12-31,development,COMPOSITE,long_only,10.0,-0.05896491956030606,-0.059347898283710315,0.3829787234042553,-0.05708298090807644,943,188,0
2021-12-31,development,COMPOSITE,long_only,25.0,-0.05896491956030606,-0.059922366368816704,0.3829787234042553,-0.05708298090807644,943,188,0
2021-12-31,development,COMPOSITE,long_short,0.0,0.029493859786679767,0.029493859786679767,0.7234042553191489,-0.05708298090807644,943,188,188
2021-12-31,development,COMPOSITE,long_short,10.0,0.029493859786679767,0.02877045553136062,0.7234042553191489,-0.05708298090807644,943,188,188
2021-12-31,development,COMPOSITE,long_short,25.0,0.029493859786679767,0.027685349148381895,0.7234042553191489,-0.05708298090807644,943,188,188
2021-12-31,development,LV,long_only,0.0,-0.06820433507145844,-0.06820433507145844,0.5130890052356021,-0.057424432543837105,958,191,0
2021-12-31,development,LV,long_only,10.0,-0.06820433507145844,-0.06871742407669404,0.5130890052356021,-0.057424432543837105,958,191,0
2021-12-31,development,LV,long_only,25.0,-0.06820433507145844,-0.06948705758454744,0.5130890052356021,-0.057424432543837105,958,191,0
2021-12-31,development,LV,long_short,0.0,0.04810921496567712,0.04810921496567712,1.1413612565445026,-0.057424432543837105,958,191,191
2021-12-31,development,LV,long_short,10.0,0.04810921496567712,0.04696785370913262,1.1413612565445026,-0.057424432543837105,958,191,191
2021-12-31,development,LV,long_short,25.0,0.04810921496567712,0.045255811824315866,1.1413612565445026,-0.057424432543837105,958,191,191
2021-12-31,development,MOM,long_only,0.0,-0.09544589250010917,-0.09544589250010917,0.5531914893617021,-0.05696242781713341,944,188,0
2021-12-31,development,MOM,long_only,10.0,-0.09544589250010917,-0.09599908398947087,0.5531914893617021,-0.05696242781713341,944,188,0
2021-12-31,development,MOM,long_only,25.0,-0.09544589250010917,-0.09682887122351343,0.5531914893617021,-0.05696242781713341,944,188,0
2021-12-31,development,MOM,long_short,0.0,-0.03593232988754532,-0.03593232988754532,1.2234042553191489,-0.05696242781713341,944,188,188
2021-12-31,development,MOM,long_short,10.0,-0.03593232988754532,-0.03715573414286447,1.2234042553191489,-0.05696242781713341,944,188,188
2021-12-31,development,MOM,long_short,25.0,-0.03593232988754532,-0.038990840525843194,1.2234042553191489,-0.05696242781713341,944,188,188
2021-12-31,development,QUALITY,long_only,0.0,-0.10062718538926863,-0.10062718538926863,0.10638297872340426,-0.05708493851788303,943,188,0
2021-12-31,development,QUALITY,long_only,10.0,-0.10062718538926863,-0.10073356836799204,0.10638297872340426,-0.05708493851788303,943,188,0
2021-12-31,development,QUALITY,long_only,25.0,-0.10062718538926863,-0.10089314283607713,0.10638297872340426,-0.05708493851788303,943,188,0
2021-12-31,development,QUALITY,long_short,0.0,-0.023334041745096894,-0.023334041745096894,0.26595744680851063,-0.05708493851788303,943,188,188
2021-12-31,development,QUALITY,long_short,10.0,-0.023334041745096894,-0.023599999191905405,0.26595744680851063,-0.05708493851788303,943,188,188
2021-12-31,development,QUALITY,long_short,25.0,-0.023334041745096894,-0.02399893536211817,0.26595744680851063,-0.05708493851788303,943,188,188
2021-12-31,development,SIZE,long_only,0.0,-0.0692830047436985,-0.0692830047436985,0.31155778894472363,-0.06003866536921086,998,199,0
2021-12-31,development,SIZE,long_only,10.0,-0.0692830047436985,-0.06959456253264322,0.31155778894472363,-0.06003866536921086,998,199,0
2021-12-31,development,SIZE,long_only,25.0,-0.0692830047436985,-0.0700618992160603,0.31155778894472363,-0.06003866536921086,998,199,0
2021-12-31,development,SIZE,long_short,0.0,-0.0038194763726226728,-0.0038194763726226728,0.4321608040201005,-0.06003866536921086,998,199,199
2021-12-31,development,SIZE,long_short,10.0,-0.0038194763726226728,-0.004251637176642773,0.4321608040201005,-0.06003866536921086,998,199,199
2021-12-31,development,SIZE,long_short,25.0,-0.0038194763726226728,-0.0048998783826729245,0.4321608040201005,-0.06003866536921086,998,199,199
2021-12-31,development,VALUE,long_only,0.0,-0.009090252122416185,-0.009090252122416185,0.17679558011049723,-0.05730579271491493,908,181,0
2021-12-31,development,VALUE,long_only,10.0,-0.009090252122416185,-0.009267047702526681,0.17679558011049723,-0.05730579271491493,908,181,0
2021-12-31,development,VALUE,long_only,25.0,-0.009090252122416185,-0.009532241072692429,0.17679558011049723,-0.05730579271491493,908,181,0
2021-12-31,development,VALUE,long_short,0.0,0.07476077273436918,0.07476077273436918,0.3867403314917127,-0.05730579271491493,908,181,181
2021-12-31,development,VALUE,long_short,10.0,0.07476077273436918,0.07437403240287746,0.3867403314917127,-0.05730579271491493,908,181,181
2021-12-31,development,VALUE,long_short,25.0,0.07476077273436918,0.0737939219056399,0.3867403314917127,-0.05730579271491493,908,181,181
2022-01-31,development,COMPOSITE,long_only,0.0,-0.0006502057382282967,-0.0006502057382282967,0.43386243386243395,-0.02552781049820491,949,189,0
2022-01-31,development,COMPOSITE,long_only,10.0,-0.0006502057382282967,-0.0010840681720907307,0.43386243386243395,-0.02552781049820491,949,189,0
2022-01-31,development,COMPOSITE,long_only,25.0,-0.0006502057382282967,-0.0017348618228843816,0.43386243386243395,-0.02552781049820491,949,189,0
2022-01-31,development,COMPOSITE,long_short,0.0,0.0029285351950746876,0.0029285351950746876,0.7724867724867728,-0.02552781049820491,949,189,189
2022-01-31,development,COMPOSITE,long_short,10.0,0.0029285351950746876,0.002156048422587915,0.7724867724867728,-0.02552781049820491,949,189,189
2022-01-31,development,COMPOSITE,long_short,25.0,0.0029285351950746876,0.0009973182638577556,0.7724867724867728,-0.02552781049820491,949,189,189
2022-01-31,development,LV,long_only,0.0,-0.008731034025704887,-0.008731034025704887,0.4663212435233161,-0.024442605921301038,965,193,0
2022-01-31,development,LV,long_only,10.0,-0.008731034025704887,-0.009197355269228203,0.4663212435233161,-0.024442605921301038,965,193,0
2022-01-31,development,LV,long_only,25.0,-0.008731034025704887,-0.009896837134513177,0.4663212435233161,-0.024442605921301038,965,193,0
2022-01-31,development,LV,long_short,0.0,-0.0335935048370677,-0.0335935048370677,0.8808290155440417,-0.024442605921301038,965,193,193
2022-01-31,development,LV,long_short,10.0,-0.0335935048370677,-0.03447433385261175,0.8808290155440417,-0.024442605921301038,965,193,193
2022-01-31,development,LV,long_short,25.0,-0.0335935048370677,-0.035795577375927805,0.8808290155440417,-0.024442605921301038,965,193,193
2022-01-31,development,MOM,long_only,0.0,0.0066565685297568285,0.0066565685297568285,0.6210526315789473,-0.024485349437715388,953,190,0
2022-01-31,development,MOM,long_only,10.0,0.0066565685297568285,0.006035515898177881,0.6210526315789473,-0.024485349437715388,953,190,0
2022-01-31,development,MOM,long_only,25.0,0.0066565685297568285,0.005103936950809461,0.6210526315789473,-0.024485349437715388,953,190,0
2022-01-31,development,MOM,long_short,0.0,0.02102148690226152,0.02102148690226152,1.063157894736842,-0.024485349437715388,953,190,190
2022-01-31,development,MOM,long_short,10.0,0.02102148690226152,0.01995832900752468,1.063157894736842,-0.024485349437715388,953,190,190
2022-01-31,development,MOM,long_short,25.0,0.02102148690226152,0.018363592165419416,1.063157894736842,-0.024485349437715388,953,190,190
2022-01-31,development,QUALITY,long_only,0.0,-0.019410027547462516,-0.019410027547462516,0.11640211640211645,-0.025508714478351256,948,189,0
2022-01-31,development,QUALITY,long_only,10.0,-0.019410027547462516,-0.01952642966386463,0.11640211640211645,-0.025508714478351256,948,189,0
2022-01-31,development,QUALITY,long_only,25.0,-0.019410027547462516,-0.019701032838467806,0.11640211640211645,-0.025508714478351256,948,189,0
2022-01-31,development,QUALITY,long_short,0.0,-0.033742649971397906,-0.033742649971397906,0.26455026455026465,-0.025508714478351256,948,189,189
2022-01-31,development,QUALITY,long_short,10.0,-0.033742649971397906,-0.03400720023594817,0.26455026455026465,-0.025508714478351256,948,189,189
2022-01-31,development,QUALITY,long_short,25.0,-0.033742649971397906,-0.03440402563277357,0.26455026455026465,-0.025508714478351256,948,189,189
2022-01-31,development,SIZE,long_only,0.0,0.0011955728643216117,0.0011955728643216117,0.4522613065326633,-0.024520907164065662,998,199,0
2022-01-31,development,SIZE,long_only,10.0,0.0011955728643216117,0.0007433115577889484,0.4522613065326633,-0.024520907164065662,998,199,0
2022-01-31,development,SIZE,long_only,25.0,0.0011955728643216117,6.491959798995343e-05,0.4522613065326633,-0.024520907164065662,998,199,0
2022-01-31,development,SIZE,long_short,0.0,0.01733645434544151,0.01733645434544151,0.6030150753768844,-0.024520907164065662,998,199,199
2022-01-31,development,SIZE,long_short,10.0,0.01733645434544151,0.016733439270064626,0.6030150753768844,-0.024520907164065662,998,199,199
2022-01-31,development,SIZE,long_short,25.0,0.01733645434544151,0.0158289166569993,0.6030150753768844,-0.024520907164065662,998,199,199
2022-01-31,development,VALUE,long_only,0.0,0.01529035241789757,0.01529035241789757,0.24175824175824162,-0.025891318238647806,913,182,0
2022-01-31,development,VALUE,long_only,10.0,0.01529035241789757,0.015048594176139329,0.24175824175824162,-0.025891318238647806,913,182,0
2022-01-31,development,VALUE,long_only,25.0,0.01529035241789757,0.014685956813501967,0.24175824175824162,-0.025891318238647806,913,182,0
2022-01-31,development,VALUE,long_short,0.0,0.01782702053715006,0.01782702053715006,0.5714285714285712,-0.025891318238647806,913,182,182
2022-01-31,development,VALUE,long_short,10.0,0.01782702053715006,0.01725559196572149,0.5714285714285712,-0.025891318238647806,913,182,182
2022-01-31,development,VALUE,long_short,25.0,0.01782702053715006,0.01639844910857863,0.5714285714285712,-0.025891318238647806,913,182,182
2022-02-28,development,COMPOSITE,long_only,0.0,0.01763050283889596,0.01763050283889596,0.35978835978835977,0.03366048063339377,949,189,0
2022-02-28,development,COMPOSITE,long_only,10.0,0.01763050283889596,0.0172707144791076,0.35978835978835977,0.03366048063339377,949,189,0
2022-02-28,development,COMPOSITE,long_only,25.0,0.01763050283889596,0.01673103193942506,0.35978835978835977,0.03366048063339377,949,189,0
2022-02-28,development,COMPOSITE,long_short,0.0,-0.017560069528318664,-0.017560069528318664,0.7301587301587301,0.03366048063339377,949,189,189
2022-02-28,development,COMPOSITE,long_short,10.0,-0.017560069528318664,-0.018290228258477394,0.7301587301587301,0.03366048063339377,949,189,189
2022-02-28,development,COMPOSITE,long_short,25.0,-0.017560069528318664,-0.019385466353715488,0.7301587301587301,0.03366048063339377,949,189,189
2022-02-28,development,LV,long_only,0.0,0.020114403323352452,0.020114403323352452,0.4536082474226806,0.032870267130191894,972,194,0
2022-02-28,development,LV,long_only,10.0,0.020114403323352452,0.01966079507592977,0.4536082474226806,0.032870267130191894,972,194,0
2022-02-28,development,LV,long_only,25.0,0.020114403323352452,0.01898038270479575,0.4536082474226806,0.032870267130191894,972,194,0
2022-02-28,development,LV,long_short,0.0,-0.004350863489478131,-0.004350863489478131,0.8350515463917528,0.032870267130191894,972,194,194
2022-02-28,development,LV,long_short,10.0,-0.004350863489478131,-0.005185915035869884,0.8350515463917528,0.032870267130191894,972,194,194
2022-02-28,development,LV,long_short,25.0,-0.004350863489478131,-0.006438492355457513,0.8350515463917528,0.032870267130191894,972,194,194
2022-02-28,development,MOM,long_only,0.0,0.02913565031914313,0.02913565031914313,0.481675392670157,0.03349620286718456,959,191,0
2022-02-28,development,MOM,long_only,10.0,0.02913565031914313,0.028653974926472973,0.481675392670157,0.03349620286718456,959,191,0
2022-02-28,development,MOM,long_only,25.0,0.02913565031914313,0.02793146183746774,0.481675392670157,0.03349620286718456,959,191,0
2022-02-28,development,MOM,long_short,0.0,0.008142453728421893,0.008142453728421893,0.994764397905759,0.03349620286718456,959,191,191
2022-02-28,development,MOM,long_short,10.0,0.008142453728421893,0.007147689330516134,0.994764397905759,0.03349620286718456,959,191,191
2022-02-28,development,MOM,long_short,25.0,0.008142453728421893,0.005655542733657495,0.994764397905759,0.03349620286718456,959,191,191
2022-02-28,development,QUALITY,long_only,0.0,0.0094598776962326,0.0094598776962326,0.05291005291005291,0.03387200676885832,948,189,0
2022-02-28,development,QUALITY,long_only,10.0,0.0094598776962326,0.009406967643322547,0.05291005291005291,0.03387200676885832,948,189,0
2022-02-28,development,QUALITY,long_only,25.0,0.0094598776962326,0.009327602563957467,0.05291005291005291,0.03387200676885832,948,189,0
2022-02-28,development,QUALITY,long_short,0.0,-0.02030141498354045,-0.02030141498354045,0.14814814814814814,0.03387200676885832,948,189,189
2022-02-28,development,QUALITY,long_short,10.0,-0.02030141498354045,-0.020449563131688598,0.14814814814814814,0.03387200676885832,948,189,189
2022-02-28,development,QUALITY,long_short,25.0,-0.02030141498354045,-0.020671785353910822,0.14814814814814814,0.03387200676885832,948,189,189
2022-02-28,development,SIZE,long_only,0.0,0.009467538942155776,0.009467538942155776,0.3015075376884422,0.0321871557788597,997,199,0
2022-02-28,development,SIZE,long_only,10.0,0.009467538942155776,0.009166031404467334,0.3015075376884422,0.0321871557788597,997,199,0
2022-02-28,development,SIZE,long_only,25.0,0.009467538942155776,0.00871377009793467,0.3015075376884422,0.0321871557788597,997,199,0
2022-02-28,development,SIZE,long_short,0.0,-0.009106436341121947,-0.009106436341121947,0.42211055276381904,0.0321871557788597,997,199,199
2022-02-28,development,SIZE,long_short,10.0,-0.009106436341121947,-0.009528546893885766,0.42211055276381904,0.0321871557788597,997,199,199
2022-02-28,development,SIZE,long_short,25.0,-0.009106436341121947,-0.010161712723031496,0.42211055276381904,0.0321871557788597,997,199,199
2022-02-28,development,VALUE,long_only,0.0,0.012063710129922156,0.012063710129922156,0.17486338797814222,0.034775568284350994,915,183,0
2022-02-28,development,VALUE,long_only,10.0,0.012063710129922156,0.011888846741944015,0.17486338797814222,0.034775568284350994,915,183,0
2022-02-28,development,VALUE,long_only,25.0,0.012063710129922156,0.011626551659976801,0.17486338797814222,0.034775568284350994,915,183,0
2022-02-28,development,VALUE,long_short,0.0,-0.0042915933499544584,-0.0042915933499544584,0.41530054644808767,0.034775568284350994,915,183,183
2022-02-28,development,VALUE,long_short,10.0,-0.0042915933499544584,-0.004706893896402546,0.41530054644808767,0.034775568284350994,915,183,183
2022-02-28,development,VALUE,long_short,25.0,-0.0042915933499544584,-0.005329844716074677,0.41530054644808767,0.034775568284350994,915,183,183
2022-03-31,development,COMPOSITE,long_only,0.0,-0.06091158596018288,-0.06091158596018288,0.5079365079365079,-0.08920085806338052,949,189,0
2022-03-31,development,COMPOSITE,long_only,10.0,-0.06091158596018288,-0.06141952246811939,0.5079365079365079,-0.08920085806338052,949,189,0
2022-03-31,development,COMPOSITE,long_only,25.0,-0.06091158596018288,-0.06218142723002415,0.5079365079365079,-0.08920085806338052,949,189,0
2022-03-31,development,COMPOSITE,long_short,0.0,0.07222883863600342,0.07222883863600342,0.8465608465608465,-0.08920085806338052,949,189,189
2022-03-31,development,COMPOSITE,long_short,10.0,0.07222883863600342,0.07138227778944257,0.8465608465608465,-0.08920085806338052,949,189,189
2022-03-31,development,COMPOSITE,long_short,25.0,0.07222883863600342,0.0701124365196013,0.8465608465608465,-0.08920085806338052,949,189,189
2022-03-31,development,LV,long_only,0.0,-0.05993978052896179,-0.05993978052896179,0.4845360824742268,-0.09343949438228771,973,194,0
2022-03-31,development,LV,long_only,10.0,-0.05993978052896179,-0.06042431661143602,0.4845360824742268,-0.09343949438228771,973,194,0
2022-03-31,development,LV,long_only,25.0,-0.05993978052896179,-0.061151120735147356,0.4845360824742268,-0.09343949438228771,973,194,0
2022-03-31,development,LV,long_short,0.0,0.09092559243326594,0.09092559243326594,0.9587628865979381,-0.09343949438228771,973,194,194
2022-03-31,development,LV,long_short,10.0,0.09092559243326594,0.089966829546668,0.9587628865979381,-0.09343949438228771,973,194,194
2022-03-31,development,LV,long_short,25.0,0.09092559243326594,0.0885286852167711,0.9587628865979381,-0.09343949438228771,973,194,194
2022-03-31,development,MOM,long_only,0.0,-0.0884523919103308,-0.0884523919103308,0.6492146596858639,-0.09256769911957603,959,191,0
2022-03-31,development,MOM,long_only,10.0,-0.0884523919103308,-0.08910160657001667,0.6492146596858639,-0.09256769911957603,959,191,0
2022-03-31,development,MOM,long_only,25.0,-0.0884523919103308,-0.09007542855954546,0.6492146596858639,-0.09256769911957603,959,191,0
2022-03-31,development,MOM,long_short,0.0,0.02541228729782053,0.02541228729782053,1.2670157068062826,-0.09256769911957603,959,191,191
2022-03-31,development,MOM,long_short,10.0,0.02541228729782053,0.024145271591014247,1.2670157068062826,-0.09256769911957603,959,191,191
2022-03-31,development,MOM,long_short,25.0,0.02541228729782053,0.022244748030804826,1.2670157068062826,-0.09256769911957603,959,191,191
2022-03-31,development,QUALITY,long_only,0.0,-0.07876787424703187,-0.07876787424703187,0.12698412698412698,-0.08899162236927488,949,189,0
2022-03-31,development,QUALITY,long_only,10.0,-0.07876787424703187,-0.078894858374016,0.12698412698412698,-0.08899162236927488,949,189,0
2022-03-31,development,QUALITY,long_only,25.0,-0.07876787424703187,-0.07908533456449218,0.12698412698412698,-0.08899162236927488,949,189,0
2022-03-31,development,QUALITY,long_short,0.0,0.009177963091851501,0.009177963091851501,0.2962962962962963,-0.08899162236927488,949,189,189
2022-03-31,development,QUALITY,long_short,10.0,0.009177963091851501,0.008881666795555205,0.2962962962962963,-0.08899162236927488,949,189,189
2022-03-31,development,QUALITY,long_short,25.0,0.009177963091851501,0.00843722235111076,0.2962962962962963,-0.08899162236927488,949,189,189
2022-03-31,development,SIZE,long_only,0.0,-0.07377929108979792,-0.07377929108979792,0.32160804020100503,-0.09376832045430998,997,199,0
2022-03-31,development,SIZE,long_only,10.0,-0.07377929108979792,-0.07410089912999893,0.32160804020100503,-0.09376832045430998,997,199,0
2022-03-31,development,SIZE,long_only,25.0,-0.07377929108979792,-0.07458331119030043,0.32160804020100503,-0.09376832045430998,997,199,0
2022-03-31,development,SIZE,long_short,0.0,0.007303900987125458,0.007303900987125458,0.4321608040201005,-0.09376832045430998,997,199,199
2022-03-31,development,SIZE,long_short,10.0,0.007303900987125458,0.006871740183105358,0.4321608040201005,-0.09376832045430998,997,199,199
2022-03-31,development,SIZE,long_short,25.0,0.007303900987125458,0.006223498977075206,0.4321608040201005,-0.09376832045430998,997,199,199
2022-03-31,development,VALUE,long_only,0.0,-0.052834069976412296,-0.052834069976412296,0.2185792349726776,-0.08955356156442909,918,183,0
2022-03-31,development,VALUE,long_only,10.0,-0.052834069976412296,-0.05305264921138497,0.2185792349726776,-0.08955356156442909,918,183,0
2022-03-31,development,VALUE,long_only,25.0,-0.052834069976412296,-0.05338051806384399,0.2185792349726776,-0.08955356156442909,918,183,0
2022-03-31,development,VALUE,long_short,0.0,0.03314153031954751,0.03314153031954751,0.4590163934426229,-0.08955356156442909,918,183,183
2022-03-31,development,VALUE,long_short,10.0,0.03314153031954751,0.032682513926104884,0.4590163934426229,-0.08955356156442909,918,183,183
2022-03-31,development,VALUE,long_short,25.0,0.03314153031954751,0.03199398933594095,0.4590163934426229,-0.08955356156442909,918,183,183
2022-04-29,development,COMPOSITE,long_only,0.0,0.008768574830512145,0.008768574830512145,0.3492063492063492,-0.0023049645360377425,947,189,0
2022-04-29,development,COMPOSITE,long_only,10.0,0.008768574830512145,0.008419368481305796,0.3492063492063492,-0.0023049645360377425,947,189,0
2022-04-29,development,COMPOSITE,long_only,25.0,0.008768574830512145,0.007895558957496272,0.3492063492063492,-0.0023049645360377425,947,189,0
2022-04-29,development,COMPOSITE,long_short,0.0,0.03800127215076393,0.03800127215076393,0.7407407407407407,-0.0023049645360377425,947,189,189
2022-04-29,development,COMPOSITE,long_short,10.0,0.03800127215076393,0.03726053141002319,0.7407407407407407,-0.0023049645360377425,947,189,189
2022-04-29,development,COMPOSITE,long_short,25.0,0.03800127215076393,0.03614942029891208,0.7407407407407407,-0.0023049645360377425,947,189,189
2022-04-29,development,LV,long_only,0.0,0.008660686340086814,0.008660686340086814,0.37948717948717947,-0.0025519459604515125,976,195,0
2022-04-29,development,LV,long_only,10.0,0.008660686340086814,0.008281199160599634,0.37948717948717947,-0.0025519459604515125,976,195,0
2022-04-29,development,LV,long_only,25.0,0.008660686340086814,0.007711968391368865,0.37948717948717947,-0.0025519459604515125,976,195,0
2022-04-29,development,LV,long_short,0.0,0.01644410790439778,0.01644410790439778,0.7794871794871796,-0.0025519459604515125,976,195,195
2022-04-29,development,LV,long_short,10.0,0.01644410790439778,0.015664620724910597,0.7794871794871796,-0.0025519459604515125,976,195,195
2022-04-29,development,LV,long_short,25.0,0.01644410790439778,0.01449538995567983,0.7794871794871796,-0.0025519459604515125,976,195,195
2022-04-29,development,MOM,long_only,0.0,0.007547628032665215,0.007547628032665215,0.6041666666666667,-0.00235476956666018,961,192,0
2022-04-29,development,MOM,long_only,10.0,0.007547628032665215,0.006943461365998548,0.6041666666666667,-0.00235476956666018,961,192,0
2022-04-29,development,MOM,long_only,25.0,0.007547628032665215,0.006037211365998548,0.6041666666666667,-0.00235476956666018,961,192,0
2022-04-29,development,MOM,long_short,0.0,0.027332915468849174,0.027332915468849174,1.1770833333333335,-0.00235476956666018,961,192,192
2022-04-29,development,MOM,long_short,10.0,0.027332915468849174,0.026155832135515842,1.1770833333333335,-0.00235476956666018,961,192,192
2022-04-29,development,MOM,long_short,25.0,0.027332915468849174,0.02439020713551584,1.1770833333333335,-0.00235476956666018,961,192,192
2022-04-29,development,QUALITY,long_only,0.0,-0.013581147248438868,-0.013581147248438868,0.07407407407407407,-0.0024148179823658767,946,189,0
2022-04-29,development,QUALITY,long_only,10.0,-0.013581147248438868,-0.013655221322512942,0.07407407407407407,-0.0024148179823658767,946,189,0
2022-04-29,development,QUALITY,long_only,25.0,-0.013581147248438868,-0.013766332433624054,0.07407407407407407,-0.0024148179823658767,946,189,0
2022-04-29,development,QUALITY,long_short,0.0,-0.020298344363688926,-0.020298344363688926,0.20105820105820105,-0.0024148179823658767,946,189,189
2022-04-29,development,QUALITY,long_short,10.0,-0.020298344363688926,-0.020499402564747127,0.20105820105820105,-0.0024148179823658767,946,189,189
2022-04-29,development,QUALITY,long_short,25.0,-0.020298344363688926,-0.020800989866334427,0.20105820105820105,-0.0024148179823658767,946,189,189
2022-04-29,development,SIZE,long_only,0.0,0.010073884422110558,0.010073884422110558,0.2814070351758794,-0.0025438195273879294,997,199,0
2022-04-29,development,SIZE,long_only,10.0,0.010073884422110558,0.00979247738693468,0.2814070351758794,-0.0025438195273879294,997,199,0
2022-04-29,development,SIZE,long_only,25.0,0.010073884422110558,0.009370366834170859,0.2814070351758794,-0.0025438195273879294,997,199,0
2022-04-29,development,SIZE,long_short,0.0,0.003060184784389525,0.003060184784389525,0.38190954773869346,-0.0025438195273879294,997,199,199
2022-04-29,development,SIZE,long_short,10.0,0.003060184784389525,0.0026782752366508317,0.38190954773869346,-0.0025438195273879294,997,199,199
2022-04-29,development,SIZE,long_short,25.0,0.003060184784389525,0.002105410915042792,0.38190954773869346,-0.0025438195273879294,997,199,199
2022-04-29,development,VALUE,long_only,0.0,0.042690126511908004,0.042690126511908004,0.19672131147540983,-0.0022487367417792547,916,183,0
2022-04-29,development,VALUE,long_only,10.0,0.042690126511908004,0.04249340520043259,0.19672131147540983,-0.0022487367417792547,916,183,0
2022-04-29,development,VALUE,long_only,25.0,0.042690126511908004,0.04219832323321948,0.19672131147540983,-0.0022487367417792547,916,183,0
2022-04-29,development,VALUE,long_short,0.0,0.053430174170710276,0.053430174170710276,0.43715846994535523,-0.0022487367417792547,916,183,183
2022-04-29,development,VALUE,long_short,10.0,0.053430174170710276,0.05299301570076492,0.43715846994535523,-0.0022487367417792547,916,183,183
2022-04-29,development,VALUE,long_short,25.0,0.053430174170710276,0.052337277995846886,0.43715846994535523,-0.0022487367417792547,916,183,183
2022-05-31,development,COMPOSITE,long_only,0.0,-0.08991541514032927,-0.08991541514032927,0.4021164021164021,-0.08479257968552237,947,189,0
2022-05-31,development,COMPOSITE,long_only,10.0,-0.08991541514032927,-0.09031753154244568,0.4021164021164021,-0.08479257968552237,947,189,0
2022-05-31,development,COMPOSITE,long_only,25.0,-0.08991541514032927,-0.09092070614562028,0.4021164021164021,-0.08479257968552237,947,189,0
2022-05-31,development,COMPOSITE,long_short,0.0,0.014947617581321076,0.014947617581321076,0.8148148148148148,-0.08479257968552237,947,189,189
2022-05-31,development,COMPOSITE,long_short,10.0,0.014947617581321076,0.014132802766506261,0.8148148148148148,-0.08479257968552237,947,189,189
2022-05-31,development,COMPOSITE,long_short,25.0,0.014947617581321076,0.01291058054428404,0.8148148148148148,-0.08479257968552237,947,189,189
2022-05-31,development,LV,long_only,0.0,-0.09107583861562488,-0.09107583861562488,0.3367346938775511,-0.08326019583493087,983,196,0
2022-05-31,development,LV,long_only,10.0,-0.09107583861562488,-0.09141257330950243,0.3367346938775511,-0.08326019583493087,983,196,0
2022-05-31,development,LV,long_only,25.0,-0.09107583861562488,-0.09191767535031875,0.3367346938775511,-0.08326019583493087,983,196,0
2022-05-31,development,LV,long_short,0.0,0.019174059468043278,0.019174059468043278,0.7244897959183674,-0.08326019583493087,983,196,196
2022-05-31,development,LV,long_short,10.0,0.019174059468043278,0.01844956967212491,0.7244897959183674,-0.08326019583493087,983,196,196
2022-05-31,development,LV,long_short,25.0,0.019174059468043278,0.01736283497824736,0.7244897959183674,-0.08326019583493087,983,196,196
2022-05-31,development,MOM,long_only,0.0,-0.09786305092081728,-0.09786305092081728,0.5077720207253884,-0.0832342704867366,966,193,0
2022-05-31,development,MOM,long_only,10.0,-0.09786305092081728,-0.09837082294154266,0.5077720207253884,-0.0832342704867366,966,193,0
2022-05-31,development,MOM,long_only,25.0,-0.09786305092081728,-0.09913248097263075,0.5077720207253884,-0.0832342704867366,966,193,0
2022-05-31,development,MOM,long_short,0.0,0.010511905361258967,0.010511905361258967,1.1398963730569944,-0.0832342704867366,966,193,193
2022-05-31,development,MOM,long_short,10.0,0.010511905361258967,0.009372008988201973,1.1398963730569944,-0.0832342704867366,966,193,193
2022-05-31,development,MOM,long_short,25.0,0.010511905361258967,0.007662164428616482,1.1398963730569944,-0.0832342704867366,966,193,193
2022-05-31,development,QUALITY,long_only,0.0,-0.07891520223450177,-0.07891520223450177,0.1164021164021164,-0.08476543862651842,946,189,0
2022-05-31,development,QUALITY,long_only,10.0,-0.07891520223450177,-0.07903160435090388,0.1164021164021164,-0.08476543862651842,946,189,0
2022-05-31,development,QUALITY,long_only,25.0,-0.07891520223450177,-0.07920620752550706,0.1164021164021164,-0.08476543862651842,946,189,0
2022-05-31,development,QUALITY,long_short,0.0,0.032642641914426195,0.032642641914426195,0.26455026455026454,-0.08476543862651842,946,189,189
2022-05-31,development,QUALITY,long_short,10.0,0.032642641914426195,0.03237809164987593,0.26455026455026454,-0.08476543862651842,946,189,189
2022-05-31,development,QUALITY,long_short,25.0,0.032642641914426195,0.03198126625305053,0.26455026455026454,-0.08476543862651842,946,189,189
2022-05-31,development,SIZE,long_only,0.0,-0.08979857694675775,-0.08979857694675775,0.3015075376884422,-0.08370519241697555,997,199,0
2022-05-31,development,SIZE,long_only,10.0,-0.08979857694675775,-0.09010008448444619,0.3015075376884422,-0.08370519241697555,997,199,0
2022-05-31,development,SIZE,long_only,25.0,-0.08979857694675775,-0.09055234579097886,0.3015075376884422,-0.08370519241697555,997,199,0
2022-05-31,development,SIZE,long_short,0.0,-0.006977772016251353,-0.006977772016251353,0.40201005025125625,-0.08370519241697555,997,199,199
2022-05-31,development,SIZE,long_short,10.0,-0.006977772016251353,-0.0073797820665026095,0.40201005025125625,-0.08370519241697555,997,199,199
2022-05-31,development,SIZE,long_short,25.0,-0.006977772016251353,-0.007982797141879494,0.40201005025125625,-0.08370519241697555,997,199,199
2022-05-31,development,VALUE,long_only,0.0,-0.11384848531506749,-0.11384848531506749,0.1639344262295082,-0.08572873497481043,917,183,0
2022-05-31,development,VALUE,long_only,10.0,-0.11384848531506749,-0.114012419741297,0.1639344262295082,-0.08572873497481043,917,183,0
2022-05-31,development,VALUE,long_only,25.0,-0.11384848531506749,-0.11425832138064125,0.1639344262295082,-0.08572873497481043,917,183,0
2022-05-31,development,VALUE,long_short,0.0,-0.03611232451167046,-0.03611232451167046,0.3497267759562842,-0.08572873497481043,917,183,183
2022-05-31,development,VALUE,long_short,10.0,-0.03611232451167046,-0.036462051287626744,0.3497267759562842,-0.08572873497481043,917,183,183
2022-05-31,development,VALUE,long_short,25.0,-0.03611232451167046,-0.03698664145156117,0.3497267759562842,-0.08572873497481043,917,183,183
2022-06-30,development,COMPOSITE,long_only,0.0,0.08754262948034724,0.08754262948034724,0.46632124352331594,0.0968211815704069,969,193,0
2022-06-30,development,COMPOSITE,long_only,10.0,0.08754262948034724,0.08707630823682393,0.46632124352331594,0.0968211815704069,969,193,0
2022-06-30,development,COMPOSITE,long_only,25.0,0.08754262948034724,0.08637682637153896,0.46632124352331594,0.0968211815704069,969,193,0
2022-06-30,development,COMPOSITE,long_short,0.0,-0.03139215242456191,-0.03139215242456191,0.9637305699481864,0.0968211815704069,969,193,193
2022-06-30,development,COMPOSITE,long_short,10.0,-0.03139215242456191,-0.0323558829945101,0.9637305699481864,0.0968211815704069,969,193,193
2022-06-30,development,COMPOSITE,long_short,25.0,-0.03139215242456191,-0.03380147884943238,0.9637305699481864,0.0968211815704069,969,193,193
2022-06-30,development,LV,long_only,0.0,0.08565375796725117,0.08565375796725117,0.33673469387755106,0.09569920249619643,979,195,0
2022-06-30,development,LV,long_only,10.0,0.08565375796725117,0.08531702327337361,0.33673469387755106,0.09569920249619643,979,195,0
2022-06-30,development,LV,long_only,25.0,0.08565375796725117,0.08481192123255729,0.33673469387755106,0.09569920249619643,979,195,0
2022-06-30,development,LV,long_short,0.0,-0.045914008636194194,-0.045914008636194194,0.7040816326530612,0.09569920249619643,979,195,195
2022-06-30,development,LV,long_short,10.0,-0.045914008636194194,-0.04661809026884726,0.7040816326530612,0.09569920249619643,979,195,195
2022-06-30,development,LV,long_short,25.0,-0.045914008636194194,-0.04767421271782685,0.7040816326530612,0.09569920249619643,979,195,195
2022-06-30,development,MOM,long_only,0.0,0.09568916121576848,0.09568916121576848,0.5388601036269429,0.09573437812944317,965,193,0
2022-06-30,development,MOM,long_only,10.0,0.09568916121576848,0.09515030111214154,0.5388601036269429,0.09573437812944317,965,193,0
2022-06-30,development,MOM,long_only,25.0,0.09568916121576848,0.09434201095670113,0.5388601036269429,0.09573437812944317,965,193,0
2022-06-30,development,MOM,long_short,0.0,-0.014360815089288277,-0.014360815089288277,1.1398963730569949,0.09573437812944317,965,193,193
2022-06-30,development,MOM,long_short,10.0,-0.014360815089288277,-0.015500711462345272,1.1398963730569949,0.09573437812944317,965,193,193
2022-06-30,development,MOM,long_short,25.0,-0.014360815089288277,-0.017210556021930765,1.1398963730569949,0.09573437812944317,965,193,193
2022-06-30,development,QUALITY,long_only,0.0,0.1013274583737187,0.1013274583737187,0.41025641025641013,0.09704742252514206,978,195,0
2022-06-30,development,QUALITY,long_only,10.0,0.1013274583737187,0.1009172019634623,0.41025641025641013,0.09704742252514206,978,195,0
2022-06-30,development,QUALITY,long_only,25.0,0.1013274583737187,0.10030181734807768,0.41025641025641013,0.09704742252514206,978,195,0
2022-06-30,development,QUALITY,long_short,0.0,-0.0012777732013666658,-0.0012777732013666658,1.0769230769230766,0.09704742252514206,978,195,195
2022-06-30,development,QUALITY,long_short,10.0,-0.0012777732013666658,-0.0023546962782897427,1.0769230769230766,0.09704742252514206,978,195,195
2022-06-30,development,QUALITY,long_short,25.0,-0.0012777732013666658,-0.003970080893674358,1.0769230769230766,0.09704742252514206,978,195,195
2022-06-30,development,SIZE,long_only,0.0,0.08747459174195116,0.08747459174195116,0.33165829145728654,0.09599649812237698,993,198,0
2022-06-30,development,SIZE,long_only,10.0,0.08747459174195116,0.08714293345049387,0.33165829145728654,0.09599649812237698,993,198,0
2022-06-30,development,SIZE,long_only,25.0,0.08747459174195116,0.08664544601330794,0.33165829145728654,0.09599649812237698,993,198,0
2022-06-30,development,SIZE,long_short,0.0,0.0008719814975113056,0.0008719814975113056,0.3919597989949751,0.09599649812237698,993,198,198
2022-06-30,development,SIZE,long_short,10.0,0.0008719814975113056,0.00048002169851633046,0.3919597989949751,0.09599649812237698,993,198,198
2022-06-30,development,SIZE,long_short,25.0,0.0008719814975113056,-0.00010791799997613219,0.3919597989949751,0.09599649812237698,993,198,198
2022-06-30,development,VALUE,long_only,0.0,0.09259966447858212,0.09259966447858212,0.4598930481283422,0.09729509350663715,937,187,0
2022-06-30,development,VALUE,long_only,10.0,0.09259966447858212,0.09213977143045378,0.4598930481283422,0.09729509350663715,937,187,0
2022-06-30,development,VALUE,long_only,25.0,0.09259966447858212,0.09144993185826127,0.4598930481283422,0.09729509350663715,937,187,0
2022-06-30,development,VALUE,long_short,0.0,-0.01440897713202875,-0.01440897713202875,0.909090909090909,0.09729509350663715,937,187,187
2022-06-30,development,VALUE,long_short,10.0,-0.01440897713202875,-0.01531806804111966,0.909090909090909,0.09729509350663715,937,187,187
2022-06-30,development,VALUE,long_short,25.0,-0.01440897713202875,-0.016681704404756022,0.909090909090909,0.09729509350663715,937,187,187
2022-07-29,development,COMPOSITE,long_only,0.0,-0.03156651914225585,-0.03156651914225585,0.3877551020408164,-0.036096011504828183,980,196,0
2022-07-29,development,COMPOSITE,long_only,10.0,-0.03156651914225585,-0.031954274244296664,0.3877551020408164,-0.036096011504828183,980,196,0
2022-07-29,development,COMPOSITE,long_only,25.0,-0.03156651914225585,-0.032535906897357886,0.3877551020408164,-0.036096011504828183,980,196,0
2022-07-29,development,COMPOSITE,long_short,0.0,-0.015796187296034103,-0.015796187296034103,0.7346938775510206,-0.036096011504828183,980,196,196
2022-07-29,development,COMPOSITE,long_short,10.0,-0.015796187296034103,-0.016530881173585123,0.7346938775510206,-0.036096011504828183,980,196,196
2022-07-29,development,COMPOSITE,long_short,25.0,-0.015796187296034103,-0.017632921989911655,0.7346938775510206,-0.036096011504828183,980,196,196
2022-07-29,development,LV,long_only,0.0,-0.03472643059811446,-0.03472643059811446,0.31472081218274117,-0.037192404328675675,989,197,0
2022-07-29,development,LV,long_only,10.0,-0.03472643059811446,-0.035041151410297205,0.31472081218274117,-0.037192404328675675,989,197,0
2022-07-29,development,LV,long_only,25.0,-0.03472643059811446,-0.03551323262857132,0.31472081218274117,-0.037192404328675675,989,197,0
2022-07-29,development,LV,long_short,0.0,-0.022242630946588716,-0.022242630946588716,0.6497461928934012,-0.037192404328675675,989,197,197
2022-07-29,development,LV,long_short,10.0,-0.022242630946588716,-0.02289237713948212,0.6497461928934012,-0.037192404328675675,989,197,197
2022-07-29,development,LV,long_short,25.0,-0.022242630946588716,-0.02386699642882222,0.6497461928934012,-0.037192404328675675,989,197,197
2022-07-29,development,MOM,long_only,0.0,-0.01592040352605084,-0.01592040352605084,0.5128205128205129,-0.03719936877945095,977,195,0
2022-07-29,development,MOM,long_only,10.0,-0.01592040352605084,-0.016433224038871354,0.5128205128205129,-0.03719936877945095,977,195,0
2022-07-29,development,MOM,long_only,25.0,-0.01592040352605084,-0.017202454808102122,0.5128205128205129,-0.03719936877945095,977,195,0
2022-07-29,development,MOM,long_short,0.0,0.020036503599273846,0.020036503599273846,1.0871794871794873,-0.03719936877945095,977,195,195
2022-07-29,development,MOM,long_short,10.0,0.020036503599273846,0.018949324112094358,1.0871794871794873,-0.03719936877945095,977,195,195
2022-07-29,development,MOM,long_short,25.0,0.020036503599273846,0.017318554881325127,1.0871794871794873,-0.03719936877945095,977,195,195
2022-07-29,development,QUALITY,long_only,0.0,-0.03799576986618887,-0.03799576986618887,0.1326530612244899,-0.036119640926942864,984,196,0
2022-07-29,development,QUALITY,long_only,10.0,-0.03799576986618887,-0.03812842292741336,0.1326530612244899,-0.036119640926942864,984,196,0
2022-07-29,development,QUALITY,long_only,25.0,-0.03799576986618887,-0.03832740251925009,0.1326530612244899,-0.036119640926942864,984,196,0
2022-07-29,development,QUALITY,long_short,0.0,-0.020844143188765603,-0.020844143188765603,0.34693877551020424,-0.036119640926942864,984,196,196
2022-07-29,development,QUALITY,long_short,10.0,-0.020844143188765603,-0.021191081964275806,0.34693877551020424,-0.036119640926942864,984,196,196
2022-07-29,development,QUALITY,long_short,25.0,-0.020844143188765603,-0.021711490127541113,0.34693877551020424,-0.036119640926942864,984,196,196
2022-07-29,development,SIZE,long_only,0.0,-0.028718673817407878,-0.028718673817407878,0.2512562814070353,-0.0371187586699155,998,199,0
2022-07-29,development,SIZE,long_only,10.0,-0.028718673817407878,-0.028969930098814912,0.2512562814070353,-0.0371187586699155,998,199,0
2022-07-29,development,SIZE,long_only,25.0,-0.028718673817407878,-0.029346814520925465,0.2512562814070353,-0.0371187586699155,998,199,0
2022-07-29,development,SIZE,long_short,0.0,-0.001933872815154787,-0.001933872815154787,0.30150753768844235,-0.0371187586699155,998,199,199
2022-07-29,development,SIZE,long_short,10.0,-0.001933872815154787,-0.0022353803528432294,0.30150753768844235,-0.0371187586699155,998,199,199
2022-07-29,development,SIZE,long_short,25.0,-0.001933872815154787,-0.002687641659375893,0.30150753768844235,-0.0371187586699155,998,199,199
2022-07-29,development,VALUE,long_only,0.0,-0.03140424432058252,-0.03140424432058252,0.17021276595744678,-0.03614519220198062,944,188,0
2022-07-29,development,VALUE,long_only,10.0,-0.03140424432058252,-0.03157445708653996,0.17021276595744678,-0.03614519220198062,944,188,0
2022-07-29,development,VALUE,long_only,25.0,-0.03140424432058252,-0.031829776235476136,0.17021276595744678,-0.03614519220198062,944,188,0
2022-07-29,development,VALUE,long_short,0.0,-0.015465860214409145,-0.015465860214409145,0.34042553191489355,-0.03614519220198062,944,188,188
2022-07-29,development,VALUE,long_short,10.0,-0.015465860214409145,-0.015806285746324037,0.34042553191489355,-0.03614519220198062,944,188,188
2022-07-29,development,VALUE,long_short,25.0,-0.015465860214409145,-0.01631692404419638,0.34042553191489355,-0.03614519220198062,944,188,188
2022-08-31,development,COMPOSITE,long_only,0.0,-0.08824261398311446,-0.08824261398311446,0.36734693877551017,-0.08971575708155309,984,196,0
2022-08-31,development,COMPOSITE,long_only,10.0,-0.08824261398311446,-0.08860996092188997,0.36734693877551017,-0.08971575708155309,984,196,0
2022-08-31,development,COMPOSITE,long_only,25.0,-0.08824261398311446,-0.08916098133005324,0.36734693877551017,-0.08971575708155309,984,196,0
2022-08-31,development,COMPOSITE,long_short,0.0,0.014965161595300126,0.014965161595300126,0.7346938775510203,-0.08971575708155309,984,196,196
2022-08-31,development,COMPOSITE,long_short,10.0,0.014965161595300126,0.014230467717749107,0.7346938775510203,-0.08971575708155309,984,196,196
2022-08-31,development,COMPOSITE,long_short,25.0,0.014965161595300126,0.013128426901422576,0.7346938775510203,-0.08971575708155309,984,196,196
2022-08-31,development,LV,long_only,0.0,-0.0824905973338538,-0.0824905973338538,0.35532994923857864,-0.09066901719348575,989,197,0
2022-08-31,development,LV,long_only,10.0,-0.0824905973338538,-0.08284592728309238,0.35532994923857864,-0.09066901719348575,989,197,0
2022-08-31,development,LV,long_only,25.0,-0.0824905973338538,-0.08337892220695026,0.35532994923857864,-0.09066901719348575,989,197,0
2022-08-31,development,LV,long_short,0.0,0.0249395725806682,0.0249395725806682,0.7411167512690355,-0.09066901719348575,989,197,197
2022-08-31,development,LV,long_short,10.0,0.0249395725806682,0.024198455829399165,0.7411167512690355,-0.09066901719348575,989,197,197
2022-08-31,development,LV,long_short,25.0,0.0249395725806682,0.02308678070249561,0.7411167512690355,-0.09066901719348575,989,197,197
2022-08-31,development,MOM,long_only,0.0,-0.06983461682281907,-0.06983461682281907,0.5,-0.09057963443885868,982,196,0
2022-08-31,development,MOM,long_only,10.0,-0.06983461682281907,-0.07033461682281907,0.5,-0.09057963443885868,982,196,0
2022-08-31,development,MOM,long_only,25.0,-0.06983461682281907,-0.07108461682281907,0.5,-0.09057963443885868,982,196,0
2022-08-31,development,MOM,long_short,0.0,0.03732117371897914,0.03732117371897914,0.9285714285714287,-0.09057963443885868,982,196,196
2022-08-31,development,MOM,long_short,10.0,0.03732117371897914,0.03639260229040771,0.9285714285714287,-0.09057963443885868,982,196,196
2022-08-31,development,MOM,long_short,25.0,0.03732117371897914,0.03499974514755057,0.9285714285714287,-0.09057963443885868,982,196,196
2022-08-31,development,QUALITY,long_only,0.0,-0.08644049851920257,-0.08644049851920257,0.09137055837563454,-0.08964807849071543,987,197,0
2022-08-31,development,QUALITY,long_only,10.0,-0.08644049851920257,-0.0865318690775782,0.09137055837563454,-0.08964807849071543,987,197,0
2022-08-31,development,QUALITY,long_only,25.0,-0.08644049851920257,-0.08666892491514167,0.09137055837563454,-0.08964807849071543,987,197,0
2022-08-31,development,QUALITY,long_short,0.0,0.015367949334444648,0.015367949334444648,0.27411167512690354,-0.08964807849071543,987,197,197
2022-08-31,development,QUALITY,long_short,10.0,0.015367949334444648,0.015093837659317745,0.27411167512690354,-0.08964807849071543,987,197,197
2022-08-31,development,QUALITY,long_short,25.0,0.015367949334444648,0.01468267014662739,0.27411167512690354,-0.08964807849071543,987,197,197
2022-08-31,development,SIZE,long_only,0.0,-0.1043906484825522,-0.1043906484825522,0.3015075376884422,-0.09059195486002457,997,199,0
2022-08-31,development,SIZE,long_only,10.0,-0.1043906484825522,-0.10469215602024064,0.3015075376884422,-0.09059195486002457,997,199,0
2022-08-31,development,SIZE,long_only,25.0,-0.1043906484825522,-0.1051444173267733,0.3015075376884422,-0.09059195486002457,997,199,0
2022-08-31,development,SIZE,long_short,0.0,-0.015553023538299189,-0.015553023538299189,0.36180904522613067,-0.09059195486002457,997,199,199
2022-08-31,development,SIZE,long_short,10.0,-0.015553023538299189,-0.01591483258352532,0.36180904522613067,-0.09059195486002457,997,199,199
2022-08-31,development,SIZE,long_short,25.0,-0.015553023538299189,-0.016457546151364515,0.36180904522613067,-0.09059195486002457,997,199,199
2022-08-31,development,VALUE,long_only,0.0,-0.11340152858633246,-0.11340152858633246,0.19148936170212766,-0.09020907921707813,944,188,0
2022-08-31,development,VALUE,long_only,10.0,-0.11340152858633246,-0.11359301794803459,0.19148936170212766,-0.09020907921707813,944,188,0
2022-08-31,development,VALUE,long_only,25.0,-0.11340152858633246,-0.11388025199058778,0.19148936170212766,-0.09020907921707813,944,188,0
2022-08-31,development,VALUE,long_short,0.0,-0.02480503077963217,-0.02480503077963217,0.3829787234042553,-0.09020907921707813,944,188,188
2022-08-31,development,VALUE,long_short,10.0,-0.02480503077963217,-0.025188009503036426,0.3829787234042553,-0.09020907921707813,944,188,188
2022-08-31,development,VALUE,long_short,25.0,-0.02480503077963217,-0.025762477588142808,0.3829787234042553,-0.09020907921707813,944,188,188
2022-09-30,development,COMPOSITE,long_only,0.0,0.11340899587303627,0.11340899587303627,0.36734693877551017,0.08286629210592793,984,196,0
2022-09-30,development,COMPOSITE,long_only,10.0,0.11340899587303627,0.11304164893426076,0.36734693877551017,0.08286629210592793,984,196,0
2022-09-30,development,COMPOSITE,long_only,25.0,0.11340899587303627,0.1124906285260975,0.36734693877551017,0.08286629210592793,984,196,0
2022-09-30,development,COMPOSITE,long_short,0.0,0.049787017787838644,0.049787017787838644,0.6224489795918368,0.08286629210592793,984,196,196
2022-09-30,development,COMPOSITE,long_short,10.0,0.049787017787838644,0.04916456880824681,0.6224489795918368,0.08286629210592793,984,196,196
2022-09-30,development,COMPOSITE,long_short,25.0,0.049787017787838644,0.048230895338859055,0.6224489795918368,0.08286629210592793,984,196,196
2022-09-30,development,LV,long_only,0.0,0.09383553459011484,0.09383553459011484,0.29441624365482233,0.07960243978760796,988,197,0
2022-09-30,development,LV,long_only,10.0,0.09383553459011484,0.09354111834646002,0.29441624365482233,0.07960243978760796,988,197,0
2022-09-30,development,LV,long_only,25.0,0.09383553459011484,0.09309949398097779,0.29441624365482233,0.07960243978760796,988,197,0
2022-09-30,development,LV,long_short,0.0,0.019805368952923327,0.019805368952923327,0.5685279187817258,0.07960243978760796,988,197,197
2022-09-30,development,LV,long_short,10.0,0.019805368952923327,0.0192368410341416,0.5685279187817258,0.07960243978760796,988,197,197
2022-09-30,development,LV,long_short,25.0,0.019805368952923327,0.01838404915596901,0.5685279187817258,0.07960243978760796,988,197,197
2022-09-30,development,MOM,long_only,0.0,0.11154646700732145,0.11154646700732145,0.5306122448979591,0.07973840796719231,979,195,0
2022-09-30,development,MOM,long_only,10.0,0.11154646700732145,0.11101585476242348,0.5306122448979591,0.07973840796719231,979,195,0
2022-09-30,development,MOM,long_only,25.0,0.11154646700732145,0.11021993639507655,0.5306122448979591,0.07973840796719231,979,195,0
2022-09-30,development,MOM,long_short,0.0,0.04324618618304796,0.04324618618304796,0.8775510204081634,0.07973840796719231,979,195,195
2022-09-30,development,MOM,long_short,10.0,0.04324618618304796,0.04236863516263979,0.8775510204081634,0.07973840796719231,979,195,195
2022-09-30,development,MOM,long_short,25.0,0.04324618618304796,0.04105230863202755,0.8775510204081634,0.07973840796719231,979,195,195
2022-09-30,development,QUALITY,long_only,0.0,0.08304734131382235,0.08304734131382235,0.1116751269035533,0.08285568892687448,985,197,0
2022-09-30,development,QUALITY,long_only,10.0,0.08304734131382235,0.0829356661869188,0.1116751269035533,0.08285568892687448,985,197,0
2022-09-30,development,QUALITY,long_only,25.0,0.08304734131382235,0.08276815349656347,0.1116751269035533,0.08285568892687448,985,197,0
2022-09-30,development,QUALITY,long_short,0.0,0.010097440529485214,0.010097440529485214,0.20304568527918782,0.08285568892687448,985,197,197
2022-09-30,development,QUALITY,long_short,10.0,0.010097440529485214,0.009894394844206025,0.20304568527918782,0.08285568892687448,985,197,197
2022-09-30,development,QUALITY,long_short,25.0,0.010097440529485214,0.009589826316287244,0.20304568527918782,0.08285568892687448,985,197,197
2022-09-30,development,SIZE,long_only,0.0,0.10528338097847309,0.10528338097847309,0.2613065326633166,0.07963171790048454,993,198,0
2022-09-30,development,SIZE,long_only,10.0,0.10528338097847309,0.10502207444580977,0.2613065326633166,0.07963171790048454,993,198,0
2022-09-30,development,SIZE,long_only,25.0,0.10528338097847309,0.10463011464681479,0.2613065326633166,0.07963171790048454,993,198,0
2022-09-30,development,SIZE,long_short,0.0,0.004717825172568446,0.004717825172568446,0.33165829145728654,0.07963171790048454,993,198,198
2022-09-30,development,SIZE,long_short,10.0,0.004717825172568446,0.004386166881111159,0.33165829145728654,0.07963171790048454,993,198,198
2022-09-30,development,SIZE,long_short,25.0,0.004717825172568446,0.0038886794439252294,0.33165829145728654,0.07963171790048454,993,198,198
2022-09-30,development,VALUE,long_only,0.0,0.11175964611037208,0.11175964611037208,0.12765957446808507,0.0817986775807681,942,188,0
2022-09-30,development,VALUE,long_only,10.0,0.11175964611037208,0.11163198653590399,0.12765957446808507,0.0817986775807681,942,188,0
2022-09-30,development,VALUE,long_only,25.0,0.11175964611037208,0.11144049717420186,0.12765957446808507,0.0817986775807681,942,188,0
2022-09-30,development,VALUE,long_short,0.0,0.04229805584809106,0.04229805584809106,0.35106382978723405,0.0817986775807681,942,188,188
2022-09-30,development,VALUE,long_short,10.0,0.04229805584809106,0.041946992018303826,0.35106382978723405,0.0817986775807681,942,188,188
2022-09-30,development,VALUE,long_short,25.0,0.04229805584809106,0.04142039627362297,0.35106382978723405,0.0817986775807681,942,188,188
2022-10-31,development,COMPOSITE,long_only,0.0,0.05091587625484362,0.05091587625484362,0.42639593908629436,0.05115550983610548,986,197,0
2022-10-31,development,COMPOSITE,long_only,10.0,0.05091587625484362,0.050489480315757326,0.42639593908629436,0.05115550983610548,986,197,0
2022-10-31,development,COMPOSITE,long_only,25.0,0.05091587625484362,0.04984988640712788,0.42639593908629436,0.05115550983610548,986,197,0
2022-10-31,development,COMPOSITE,long_short,0.0,0.01623200248545833,0.01623200248545833,0.7715736040609136,0.05115550983610548,986,197,197
2022-10-31,development,COMPOSITE,long_short,10.0,0.01623200248545833,0.015460428881397415,0.7715736040609136,0.05115550983610548,986,197,197
2022-10-31,development,COMPOSITE,long_short,25.0,0.01623200248545833,0.014303068475306045,0.7715736040609136,0.05115550983610548,986,197,197
2022-10-31,development,LV,long_only,0.0,0.05498092090976469,0.05498092090976469,0.3232323232323232,0.051702606503770634,991,198,0
2022-10-31,development,LV,long_only,10.0,0.05498092090976469,0.05465768858653237,0.3232323232323232,0.051702606503770634,991,198,0
2022-10-31,development,LV,long_only,25.0,0.05498092090976469,0.05417284010168388,0.3232323232323232,0.051702606503770634,991,198,0
2022-10-31,development,LV,long_short,0.0,0.01953334617845328,0.01953334617845328,0.5555555555555555,0.051702606503770634,991,198,198
2022-10-31,development,LV,long_short,10.0,0.01953334617845328,0.018977790622897724,0.5555555555555555,0.051702606503770634,991,198,198
2022-10-31,development,LV,long_short,25.0,0.01953334617845328,0.018144457289564393,0.5555555555555555,0.051702606503770634,991,198,198
2022-10-31,development,MOM,long_only,0.0,0.027880889527812616,0.027880889527812616,0.4670050761421321,0.051899760674262455,986,197,0
2022-10-31,development,MOM,long_only,10.0,0.027880889527812616,0.027413884451670482,0.4670050761421321,0.051899760674262455,986,197,0
2022-10-31,development,MOM,long_only,25.0,0.027880889527812616,0.026713376837457285,0.4670050761421321,0.051899760674262455,986,197,0
2022-10-31,development,MOM,long_short,0.0,-0.02132500422439907,-0.02132500422439907,0.8629441624365484,0.051899760674262455,986,197,197
2022-10-31,development,MOM,long_short,10.0,-0.02132500422439907,-0.022187948386835618,0.8629441624365484,0.051899760674262455,986,197,197
2022-10-31,development,MOM,long_short,25.0,-0.02132500422439907,-0.023482364630490443,0.8629441624365484,0.051899760674262455,986,197,197
2022-10-31,development,QUALITY,long_only,0.0,0.07143118570671522,0.07143118570671522,0.14213197969543145,0.05081373200666785,987,197,0
2022-10-31,development,QUALITY,long_only,10.0,0.07143118570671522,0.0712890537270198,0.14213197969543145,0.05081373200666785,987,197,0
2022-10-31,development,QUALITY,long_only,25.0,0.07143118570671522,0.07107585575747664,0.14213197969543145,0.05081373200666785,987,197,0
2022-10-31,development,QUALITY,long_short,0.0,0.02744881985138394,0.02744881985138394,0.29441624365482233,0.05081373200666785,987,197,197
2022-10-31,development,QUALITY,long_short,10.0,0.02744881985138394,0.027154403607729118,0.29441624365482233,0.05081373200666785,987,197,197
2022-10-31,development,QUALITY,long_short,25.0,0.02744881985138394,0.02671277924224688,0.29441624365482233,0.05081373200666785,987,197,197
2022-10-31,development,SIZE,long_only,0.0,0.061751226938476886,0.061751226938476886,0.28140703517587945,0.05115401722851956,998,199,0
2022-10-31,development,SIZE,long_only,10.0,0.061751226938476886,0.061469819903301005,0.28140703517587945,0.05115401722851956,998,199,0
2022-10-31,development,SIZE,long_only,25.0,0.061751226938476886,0.06104770935053719,0.28140703517587945,0.05115401722851956,998,199,0
2022-10-31,development,SIZE,long_short,0.0,0.009091142438978426,0.009091142438978426,0.40201005025125636,0.05115401722851956,998,199,199
2022-10-31,development,SIZE,long_short,10.0,0.009091142438978426,0.00868913238872717,0.40201005025125636,0.05115401722851956,998,199,199
2022-10-31,development,SIZE,long_short,25.0,0.009091142438978426,0.008086117313350285,0.40201005025125636,0.05115401722851956,998,199,199
2022-10-31,development,VALUE,long_only,0.0,0.06896512531905086,0.06896512531905086,0.1382978723404255,0.04908132539033007,944,188,0
2022-10-31,development,VALUE,long_only,10.0,0.06896512531905086,0.06882682744671043,0.1382978723404255,0.04908132539033007,944,188,0
2022-10-31,development,VALUE,long_only,25.0,0.06896512531905086,0.06861938063819979,0.1382978723404255,0.04908132539033007,944,188,0
2022-10-31,development,VALUE,long_short,0.0,0.02675756357922296,0.02675756357922296,0.3936170212765957,0.04908132539033007,944,188,188
2022-10-31,development,VALUE,long_short,10.0,0.02675756357922296,0.026363946557946362,0.3936170212765957,0.04908132539033007,944,188,188
2022-10-31,development,VALUE,long_short,25.0,0.02675756357922296,0.02577352102603147,0.3936170212765957,0.04908132539033007,944,188,188
2022-11-30,development,COMPOSITE,long_only,0.0,-0.05438852292529649,-0.05438852292529649,0.3959390862944162,-0.05859167840561069,986,197,0
2022-11-30,development,COMPOSITE,long_only,10.0,-0.05438852292529649,-0.0547844620115909,0.3959390862944162,-0.05859167840561069,986,197,0
2022-11-30,development,COMPOSITE,long_only,25.0,-0.05438852292529649,-0.05537837064103253,0.3959390862944162,-0.05859167840561069,986,197,0
2022-11-30,development,COMPOSITE,long_short,0.0,0.024325285540997946,0.024325285540997946,0.6903553299492385,-0.05859167840561069,986,197,197
2022-11-30,development,COMPOSITE,long_short,10.0,0.024325285540997946,0.023634930211048708,0.6903553299492385,-0.05859167840561069,986,197,197
2022-11-30,development,COMPOSITE,long_short,25.0,0.024325285540997946,0.02259939721612485,0.6903553299492385,-0.05859167840561069,986,197,197
2022-11-30,development,LV,long_only,0.0,-0.04293716869912649,-0.04293716869912649,0.4242424242424243,-0.06075775951475384,992,198,0
2022-11-30,development,LV,long_only,10.0,-0.04293716869912649,-0.043361411123368915,0.4242424242424243,-0.06075775951475384,992,198,0
2022-11-30,development,LV,long_only,25.0,-0.04293716869912649,-0.04399777475973255,0.4242424242424243,-0.06075775951475384,992,198,0
2022-11-30,development,LV,long_short,0.0,0.04893402172784463,0.04893402172784463,0.8686868686868688,-0.06075775951475384,992,198,198
2022-11-30,development,LV,long_short,10.0,0.04893402172784463,0.04806533485915777,0.8686868686868688,-0.06075775951475384,992,198,198
2022-11-30,development,LV,long_short,25.0,0.04893402172784463,0.04676230455612746,0.8686868686868688,-0.06075775951475384,992,198,198
2022-11-30,development,MOM,long_only,0.0,-0.058247022948732866,-0.058247022948732866,0.46700507614213194,-0.06047203594392846,989,197,0
2022-11-30,development,MOM,long_only,10.0,-0.058247022948732866,-0.058714028024875,0.46700507614213194,-0.06047203594392846,989,197,0
2022-11-30,development,MOM,long_only,25.0,-0.058247022948732866,-0.059414535639088197,0.46700507614213194,-0.06047203594392846,989,197,0
2022-11-30,development,MOM,long_short,0.0,0.012736155956072432,0.012736155956072432,0.8934010152284264,-0.06047203594392846,989,197,197
2022-11-30,development,MOM,long_short,10.0,0.012736155956072432,0.011842754940844006,0.8934010152284264,-0.06047203594392846,989,197,197
2022-11-30,development,MOM,long_short,25.0,0.012736155956072432,0.010502653418001367,0.8934010152284264,-0.06047203594392846,989,197,197
2022-11-30,development,QUALITY,long_only,0.0,-0.05964589864611581,-0.05964589864611581,0.09137055837563451,-0.05857231198861182,987,197,0
2022-11-30,development,QUALITY,long_only,10.0,-0.05964589864611581,-0.05973726920449145,0.09137055837563451,-0.05857231198861182,987,197,0
2022-11-30,development,QUALITY,long_only,25.0,-0.05964589864611581,-0.05987432504205489,0.09137055837563451,-0.05857231198861182,987,197,0
2022-11-30,development,QUALITY,long_short,0.0,0.00433609213118619,0.00433609213118619,0.18274111675126903,-0.05857231198861182,987,197,197
2022-11-30,development,QUALITY,long_short,10.0,0.00433609213118619,0.004153351014434921,0.18274111675126903,-0.05857231198861182,987,197,197
2022-11-30,development,QUALITY,long_short,25.0,0.00433609213118619,0.0038792393393080175,0.18274111675126903,-0.05857231198861182,987,197,197
2022-11-30,development,SIZE,long_only,0.0,-0.060644823458520895,-0.060644823458520895,0.25125628140703515,-0.06087549750506323,998,199,0
2022-11-30,development,SIZE,long_only,10.0,-0.060644823458520895,-0.06089607973992793,0.25125628140703515,-0.06087549750506323,998,199,0
2022-11-30,development,SIZE,long_only,25.0,-0.060644823458520895,-0.061272964162038486,0.25125628140703515,-0.06087549750506323,998,199,0
2022-11-30,development,SIZE,long_short,0.0,-0.005064876078867922,-0.005064876078867922,0.3417085427135679,-0.06087549750506323,998,199,199
2022-11-30,development,SIZE,long_short,10.0,-0.005064876078867922,-0.00540658462158149,0.3417085427135679,-0.06087549750506323,998,199,199
2022-11-30,development,SIZE,long_short,25.0,-0.005064876078867922,-0.0059191474356518415,0.3417085427135679,-0.06087549750506323,998,199,199
2022-11-30,development,VALUE,long_only,0.0,-0.057113404795967826,-0.057113404795967826,0.18085106382978722,-0.06035274548489719,943,188,0
2022-11-30,development,VALUE,long_only,10.0,-0.057113404795967826,-0.05729425585979761,0.18085106382978722,-0.06035274548489719,943,188,0
2022-11-30,development,VALUE,long_only,25.0,-0.057113404795967826,-0.057565532455542294,0.18085106382978722,-0.06035274548489719,943,188,0
2022-11-30,development,VALUE,long_short,0.0,-0.00010341243808254918,-0.00010341243808254918,0.35106382978723405,-0.06035274548489719,943,188,188
2022-11-30,development,VALUE,long_short,10.0,-0.00010341243808254918,-0.0004544762678697832,0.35106382978723405,-0.06035274548489719,943,188,188
2022-11-30,development,VALUE,long_short,25.0,-0.00010341243808254918,-0.0009810720125506343,0.35106382978723405,-0.06035274548489719,943,188,188
2022-12-30,development,COMPOSITE,long_only,0.0,0.06728388761653141,0.06728388761653141,0.41624365482233505,0.06493927298388313,987,197,0
2022-12-30,development,COMPOSITE,long_only,10.0,0.06728388761653141,0.06686764396170908,0.41624365482233505,0.06493927298388313,987,197,0
2022-12-30,development,COMPOSITE,long_only,25.0,0.06728388761653141,0.06624327847947557,0.41624365482233505,0.06493927298388313,987,197,0
2022-12-30,development,COMPOSITE,long_short,0.0,-0.05120429532583693,-0.05120429532583693,0.8020304568527918,0.06493927298388313,987,197,197
2022-12-30,development,COMPOSITE,long_short,10.0,-0.05120429532583693,-0.052006325782689725,0.8020304568527918,0.06493927298388313,987,197,197
2022-12-30,development,COMPOSITE,long_short,25.0,-0.05120429532583693,-0.05320937146796891,0.8020304568527918,0.06493927298388313,987,197,197
2022-12-30,development,LV,long_only,0.0,0.05094815071369182,0.05094815071369182,0.3737373737373738,0.06665978394564126,993,198,0
2022-12-30,development,LV,long_only,10.0,0.05094815071369182,0.050574413339954445,0.3737373737373738,0.06665978394564126,993,198,0
2022-12-30,development,LV,long_only,25.0,0.05094815071369182,0.050013807279348385,0.3737373737373738,0.06665978394564126,993,198,0
2022-12-30,development,LV,long_short,0.0,-0.08827970644488295,-0.08827970644488295,0.7373737373737375,0.06665978394564126,993,198,198
2022-12-30,development,LV,long_short,10.0,-0.08827970644488295,-0.08901708018225668,0.7373737373737375,0.06665978394564126,993,198,198
2022-12-30,development,LV,long_short,25.0,-0.08827970644488295,-0.09012314078831729,0.7373737373737375,0.06665978394564126,993,198,198
2022-12-30,development,MOM,long_only,0.0,0.029054593847119687,0.029054593847119687,0.5353535353535352,0.06674042229135906,991,198,0
2022-12-30,development,MOM,long_only,10.0,0.029054593847119687,0.028519240311766152,0.5353535353535352,0.06674042229135906,991,198,0
2022-12-30,development,MOM,long_only,25.0,0.029054593847119687,0.02771621000873585,0.5353535353535352,0.06674042229135906,991,198,0
2022-12-30,development,MOM,long_short,0.0,-0.12770424011462045,-0.12770424011462045,1.0303030303030303,0.06674042229135906,991,198,198
2022-12-30,development,MOM,long_short,10.0,-0.12770424011462045,-0.12873454314492347,1.0303030303030303,0.06674042229135906,991,198,198
2022-12-30,development,MOM,long_short,25.0,-0.12770424011462045,-0.130279997690378,1.0303030303030303,0.06674042229135906,991,198,198
2022-12-30,development,QUALITY,long_only,0.0,0.08943378437446675,0.08943378437446675,0.07106598984771573,0.0650072756947612,989,197,0
2022-12-30,development,QUALITY,long_only,10.0,0.08943378437446675,0.08936271838461904,0.07106598984771573,0.0650072756947612,989,197,0
2022-12-30,development,QUALITY,long_only,25.0,0.08943378437446675,0.08925611939984746,0.07106598984771573,0.0650072756947612,989,197,0
2022-12-30,development,QUALITY,long_short,0.0,0.008978211323052715,0.008978211323052715,0.25380710659898476,0.0650072756947612,989,197,197
2022-12-30,development,QUALITY,long_short,10.0,0.008978211323052715,0.00872440421645373,0.25380710659898476,0.0650072756947612,989,197,197
2022-12-30,development,QUALITY,long_short,25.0,0.008978211323052715,0.008343693556555253,0.25380710659898476,0.0650072756947612,989,197,197
2022-12-30,development,SIZE,long_only,0.0,0.09633541752334404,0.09633541752334404,0.25,0.06705895571479595,1000,200,0
2022-12-30,development,SIZE,long_only,10.0,0.09633541752334404,0.09608541752334404,0.25,0.06705895571479595,1000,200,0
2022-12-30,development,SIZE,long_only,25.0,0.09633541752334404,0.09571041752334404,0.25,0.06705895571479595,1000,200,0
2022-12-30,development,SIZE,long_short,0.0,0.036133293761746885,0.036133293761746885,0.36,0.06705895571479595,1000,200,200
2022-12-30,development,SIZE,long_short,10.0,0.036133293761746885,0.035773293761746885,0.36,0.06705895571479595,1000,200,200
2022-12-30,development,SIZE,long_short,25.0,0.036133293761746885,0.03523329376174689,0.36,0.06705895571479595,1000,200,200
2022-12-30,development,VALUE,long_only,0.0,0.11763603848507576,0.11763603848507576,0.16931216931216936,0.06541818967243408,945,189,0
2022-12-30,development,VALUE,long_only,10.0,0.11763603848507576,0.11746672631576359,0.16931216931216936,0.06541818967243408,945,189,0
2022-12-30,development,VALUE,long_only,25.0,0.11763603848507576,0.11721275806179533,0.16931216931216936,0.06541818967243408,945,189,0
2022-12-30,development,VALUE,long_short,0.0,0.05159408975285702,0.05159408975285702,0.3386243386243387,0.06541818967243408,945,189,189
2022-12-30,development,VALUE,long_short,10.0,0.05159408975285702,0.05125546541423268,0.3386243386243387,0.06541818967243408,945,189,189
2022-12-30,development,VALUE,long_short,25.0,0.05159408975285702,0.05074752890629618,0.3386243386243387,0.06541818967243408,945,189,189
2023-01-31,development,COMPOSITE,long_only,0.0,-0.024021514052487494,-0.024021514052487494,0.2639593908629442,-0.020051331380174234,985,197,0
2023-01-31,development,COMPOSITE,long_only,10.0,-0.024021514052487494,-0.024285473443350438,0.2639593908629442,-0.020051331380174234,985,197,0
2023-01-31,development,COMPOSITE,long_only,25.0,-0.024021514052487494,-0.024681412529644856,0.2639593908629442,-0.020051331380174234,985,197,0
2023-01-31,development,COMPOSITE,long_short,0.0,0.000687063210272646,0.000687063210272646,0.5685279187817258,-0.020051331380174234,985,197,197
2023-01-31,development,COMPOSITE,long_short,10.0,0.000687063210272646,0.00011853529149092018,0.5685279187817258,-0.020051331380174234,985,197,197
2023-01-31,development,COMPOSITE,long_short,25.0,0.000687063210272646,-0.0007342565866816687,0.5685279187817258,-0.020051331380174234,985,197,197
2023-01-31,development,LV,long_only,0.0,-0.026530944705529205,-0.026530944705529205,0.2525252525252526,-0.022392968603327564,992,198,0
2023-01-31,development,LV,long_only,10.0,-0.026530944705529205,-0.02678346995805446,0.2525252525252526,-0.022392968603327564,992,198,0
2023-01-31,development,LV,long_only,25.0,-0.026530944705529205,-0.027162257836842337,0.2525252525252526,-0.022392968603327564,992,198,0
2023-01-31,development,LV,long_short,0.0,-0.0003326513907362452,-0.0003326513907362452,0.5252525252525253,-0.022392968603327564,992,198,198
2023-01-31,development,LV,long_short,10.0,-0.0003326513907362452,-0.0008579039159887705,0.5252525252525253,-0.022392968603327564,992,198,198
2023-01-31,development,LV,long_short,25.0,-0.0003326513907362452,-0.0016457827038675586,0.5252525252525253,-0.022392968603327564,992,198,198
2023-01-31,development,MOM,long_only,0.0,-0.015767482252253346,-0.015767482252253346,0.36363636363636365,-0.02233323733592301,990,198,0
2023-01-31,development,MOM,long_only,10.0,-0.015767482252253346,-0.01613111861588971,0.36363636363636365,-0.02233323733592301,990,198,0
2023-01-31,development,MOM,long_only,25.0,-0.015767482252253346,-0.016676573161344254,0.36363636363636365,-0.02233323733592301,990,198,0
2023-01-31,development,MOM,long_short,0.0,0.014650002393845792,0.014650002393845792,0.8181818181818183,-0.02233323733592301,990,198,198
2023-01-31,development,MOM,long_short,10.0,0.014650002393845792,0.013831820575663973,0.8181818181818183,-0.02233323733592301,990,198,198
2023-01-31,development,MOM,long_short,25.0,0.014650002393845792,0.012604547848391245,0.8181818181818183,-0.02233323733592301,990,198,198
2023-01-31,development,QUALITY,long_only,0.0,-0.015857286198542254,-0.015857286198542254,0.10152284263959391,-0.01999721820591849,987,197,0
2023-01-31,development,QUALITY,long_only,10.0,-0.015857286198542254,-0.015958809041181847,0.10152284263959391,-0.01999721820591849,987,197,0
2023-01-31,development,QUALITY,long_only,25.0,-0.015857286198542254,-0.01611109330514124,0.10152284263959391,-0.01999721820591849,987,197,0
2023-01-31,development,QUALITY,long_short,0.0,0.012455697226918581,0.012455697226918581,0.19289340101522842,-0.01999721820591849,987,197,197
2023-01-31,development,QUALITY,long_short,10.0,0.012455697226918581,0.012262803825903352,0.19289340101522842,-0.01999721820591849,987,197,197
2023-01-31,development,QUALITY,long_short,25.0,0.012455697226918581,0.01197346372438051,0.19289340101522842,-0.01999721820591849,987,197,197
2023-01-31,development,SIZE,long_only,0.0,-0.017345530605455288,-0.017345530605455288,0.36,-0.022293636824211663,997,199,0
2023-01-31,development,SIZE,long_only,10.0,-0.017345530605455288,-0.017705530605455287,0.36,-0.022293636824211663,997,199,0
2023-01-31,development,SIZE,long_only,25.0,-0.017345530605455288,-0.01824553060545529,0.36,-0.022293636824211663,997,199,0
2023-01-31,development,SIZE,long_short,0.0,0.009688225766682193,0.009688225766682193,0.44999999999999996,-0.022293636824211663,997,199,199
2023-01-31,development,SIZE,long_short,10.0,0.009688225766682193,0.009238225766682193,0.44999999999999996,-0.022293636824211663,997,199,199
2023-01-31,development,SIZE,long_short,25.0,0.009688225766682193,0.008563225766682194,0.44999999999999996,-0.022293636824211663,997,199,199
2023-01-31,development,VALUE,long_only,0.0,-0.03174729287463233,-0.03174729287463233,0.1904761904761905,-0.01851935867803621,941,188,0
2023-01-31,development,VALUE,long_only,10.0,-0.03174729287463233,-0.03193776906510852,0.1904761904761905,-0.01851935867803621,941,188,0
2023-01-31,development,VALUE,long_only,25.0,-0.03174729287463233,-0.032223483350822806,0.1904761904761905,-0.01851935867803621,941,188,0
2023-01-31,development,VALUE,long_short,0.0,-0.022336743639277148,-0.022336743639277148,0.4232804232804234,-0.01851935867803621,941,188,188
2023-01-31,development,VALUE,long_short,10.0,-0.022336743639277148,-0.02276002406255757,0.4232804232804234,-0.01851935867803621,941,188,188
2023-01-31,development,VALUE,long_short,25.0,-0.022336743639277148,-0.023394944697478208,0.4232804232804234,-0.01851935867803621,941,188,188
2023-02-28,development,COMPOSITE,long_only,0.0,-0.013711966973023838,-0.013711966973023838,0.35532994923857864,0.02997916619304774,980,196,0
2023-02-28,development,COMPOSITE,long_only,10.0,-0.013711966973023838,-0.014067296922262416,0.35532994923857864,0.02997916619304774,980,196,0
2023-02-28,development,COMPOSITE,long_only,25.0,-0.013711966973023838,-0.014600291846120285,0.35532994923857864,0.02997916619304774,980,196,0
2023-02-28,development,COMPOSITE,long_short,0.0,-0.001125961755676995,-0.001125961755676995,0.6802030456852792,0.02997916619304774,980,196,196
2023-02-28,development,COMPOSITE,long_short,10.0,-0.001125961755676995,-0.0018061648013622741,0.6802030456852792,0.02997916619304774,980,196,196
2023-02-28,development,COMPOSITE,long_short,25.0,-0.001125961755676995,-0.002826469369890193,0.6802030456852792,0.02997916619304774,980,196,196
2023-02-28,development,LV,long_only,0.0,0.0011596268259686181,0.0011596268259686181,0.38383838383838387,0.033394497225348055,990,198,0
2023-02-28,development,LV,long_only,10.0,0.0011596268259686181,0.0007757884421302342,0.38383838383838387,0.033394497225348055,990,198,0
2023-02-28,development,LV,long_only,25.0,0.0011596268259686181,0.00020003086637265842,0.38383838383838387,0.033394497225348055,990,198,0
2023-02-28,development,LV,long_short,0.0,0.023207604544068835,0.023207604544068835,0.7070707070707071,0.033394497225348055,990,198,198
2023-02-28,development,LV,long_short,10.0,0.023207604544068835,0.022500533836998127,0.7070707070707071,0.033394497225348055,990,198,198
2023-02-28,development,LV,long_short,25.0,0.023207604544068835,0.021439927776392066,0.7070707070707071,0.033394497225348055,990,198,198
2023-02-28,development,MOM,long_only,0.0,-0.013011621715387583,-0.013011621715387583,0.5353535353535354,0.03346008550407064,985,197,0
2023-02-28,development,MOM,long_only,10.0,-0.013011621715387583,-0.013546975250741118,0.5353535353535354,0.03346008550407064,985,197,0
2023-02-28,development,MOM,long_only,25.0,-0.013011621715387583,-0.014350005553771422,0.5353535353535354,0.03346008550407064,985,197,0
2023-02-28,development,MOM,long_short,0.0,-0.00393908769152403,-0.00393908769152403,0.9797979797979796,0.03346008550407064,985,197,197
2023-02-28,development,MOM,long_short,10.0,-0.00393908769152403,-0.00491888567132201,0.9797979797979796,0.03346008550407064,985,197,197
2023-02-28,development,MOM,long_short,25.0,-0.00393908769152403,-0.006388582641018979,0.9797979797979796,0.03346008550407064,985,197,197
2023-02-28,development,QUALITY,long_only,0.0,0.02379566445061654,0.02379566445061654,0.09137055837563449,0.030005956305176648,982,196,0
2023-02-28,development,QUALITY,long_only,10.0,0.02379566445061654,0.023704293892240907,0.09137055837563449,0.030005956305176648,982,196,0
2023-02-28,development,QUALITY,long_only,25.0,0.02379566445061654,0.023567238054677454,0.09137055837563449,0.030005956305176648,982,196,0
2023-02-28,development,QUALITY,long_short,0.0,0.05753988195395239,0.05753988195395239,0.18274111675126908,0.030005956305176648,982,196,196
2023-02-28,development,QUALITY,long_short,10.0,0.05753988195395239,0.05735714083720112,0.18274111675126908,0.030005956305176648,982,196,196
2023-02-28,development,QUALITY,long_short,25.0,0.05753988195395239,0.057083029162074216,0.18274111675126908,0.030005956305176648,982,196,196
2023-02-28,development,SIZE,long_only,0.0,-0.03164474778809164,-0.03164474778809164,0.27135678391959805,0.033379119410679454,994,198,0
2023-02-28,development,SIZE,long_only,10.0,-0.03164474778809164,-0.03191610457201124,0.27135678391959805,0.033379119410679454,994,198,0
2023-02-28,development,SIZE,long_only,25.0,-0.03164474778809164,-0.03232313974789064,0.27135678391959805,0.033379119410679454,994,198,0
2023-02-28,development,SIZE,long_short,0.0,-0.053143535513303426,-0.053143535513303426,0.35175879396984944,0.033379119410679454,994,198,198
2023-02-28,development,SIZE,long_short,10.0,-0.053143535513303426,-0.053495294307273275,0.35175879396984944,0.033379119410679454,994,198,198
2023-02-28,development,SIZE,long_short,25.0,-0.053143535513303426,-0.05402293249822805,0.35175879396984944,0.033379119410679454,994,198,198
2023-02-28,development,VALUE,long_only,0.0,-0.04524152213788323,-0.04524152213788323,0.15957446808510634,0.03040332364578527,937,187,0
2023-02-28,development,VALUE,long_only,10.0,-0.04524152213788323,-0.04540109660596834,0.15957446808510634,0.03040332364578527,937,187,0
2023-02-28,development,VALUE,long_only,25.0,-0.04524152213788323,-0.045640458308095995,0.15957446808510634,0.03040332364578527,937,187,0
2023-02-28,development,VALUE,long_short,0.0,-0.05658727739093587,-0.05658727739093587,0.30851063829787223,0.03040332364578527,937,187,187
2023-02-28,development,VALUE,long_short,10.0,-0.05658727739093587,-0.05689578802923374,0.30851063829787223,0.03040332364578527,937,187,187
2023-02-28,development,VALUE,long_short,25.0,-0.05658727739093587,-0.05735855398668055,0.30851063829787223,0.03040332364578527,937,187,187
2023-03-31,development,COMPOSITE,long_only,0.0,-0.0033315334907833213,-0.0033315334907833213,0.3959390862944162,0.011634670719084597,987,197,0
2023-03-31,development,COMPOSITE,long_only,10.0,-0.0033315334907833213,-0.0037274725770777375,0.3959390862944162,0.011634670719084597,987,197,0
2023-03-31,development,COMPOSITE,long_only,25.0,-0.0033315334907833213,-0.0043213812065193615,0.3959390862944162,0.011634670719084597,987,197,0
2023-03-31,development,COMPOSITE,long_short,0.0,0.012103035276504335,0.012103035276504335,0.6700507614213198,0.011634670719084597,987,197,197
2023-03-31,development,COMPOSITE,long_short,10.0,0.012103035276504335,0.011432984515083015,0.6700507614213198,0.011634670719084597,987,197,197
2023-03-31,development,COMPOSITE,long_short,25.0,0.012103035276504335,0.010427908372951034,0.6700507614213198,0.011634670719084597,987,197,197
2023-03-31,development,LV,long_only,0.0,-7.642941106283859e-05,-7.642941106283859e-05,0.27135678391959805,0.011466586703147756,996,199,0
2023-03-31,development,LV,long_only,10.0,-7.642941106283859e-05,-0.00034778619498243666,0.27135678391959805,0.011466586703147756,996,199,0
2023-03-31,development,LV,long_only,25.0,-7.642941106283859e-05,-0.0007548213708618338,0.27135678391959805,0.011466586703147756,996,199,0
2023-03-31,development,LV,long_short,0.0,0.036441006623910505,0.036441006623910505,0.5025125628140705,0.011466586703147756,996,199,199
2023-03-31,development,LV,long_short,10.0,0.036441006623910505,0.035938494061096435,0.5025125628140705,0.011466586703147756,996,199,199
2023-03-31,development,LV,long_short,25.0,0.036441006623910505,0.03518472521687533,0.5025125628140705,0.011466586703147756,996,199,199
2023-03-31,development,MOM,long_only,0.0,-0.0003809417308718835,-0.0003809417308718835,0.6969696969696969,0.011655049032490476,991,198,0
2023-03-31,development,MOM,long_only,10.0,-0.0003809417308718835,-0.0010779114278415803,0.6969696969696969,0.011655049032490476,991,198,0
2023-03-31,development,MOM,long_only,25.0,-0.0003809417308718835,-0.002123365973296126,0.6969696969696969,0.011655049032490476,991,198,0
2023-03-31,development,MOM,long_short,0.0,0.024689459755394258,0.024689459755394258,1.1717171717171715,0.011655049032490476,991,198,198
2023-03-31,development,MOM,long_short,10.0,0.024689459755394258,0.023517742583677087,1.1717171717171715,0.011655049032490476,991,198,198
2023-03-31,development,MOM,long_short,25.0,0.024689459755394258,0.02176016682610133,1.1717171717171715,0.011655049032490476,991,198,198
2023-03-31,development,QUALITY,long_only,0.0,-0.0032838903333512453,-0.0032838903333512453,0.1319796954314721,0.011539815835148064,989,197,0
2023-03-31,development,QUALITY,long_only,10.0,-0.0032838903333512453,-0.003415870028782717,0.1319796954314721,0.011539815835148064,989,197,0
2023-03-31,development,QUALITY,long_only,25.0,-0.0032838903333512453,-0.0036138395719299255,0.1319796954314721,0.011539815835148064,989,197,0
2023-03-31,development,QUALITY,long_short,0.0,0.006890089357227883,0.006890089357227883,0.31472081218274117,0.011539815835148064,989,197,197
2023-03-31,development,QUALITY,long_short,10.0,0.006890089357227883,0.006575368545045142,0.31472081218274117,0.011539815835148064,989,197,197
2023-03-31,development,QUALITY,long_short,25.0,0.006890089357227883,0.00610328732677103,0.31472081218274117,0.011539815835148064,989,197,197
2023-03-31,development,SIZE,long_only,0.0,-0.011541431320163385,-0.011541431320163385,0.3700000000000001,0.011371586885665095,1000,200,0
2023-03-31,development,SIZE,long_only,10.0,-0.011541431320163385,-0.011911431320163385,0.3700000000000001,0.011371586885665095,1000,200,0
2023-03-31,development,SIZE,long_only,25.0,-0.011541431320163385,-0.012466431320163385,0.3700000000000001,0.011371586885665095,1000,200,0
2023-03-31,development,SIZE,long_short,0.0,-0.015428579589745795,-0.015428579589745795,0.4500000000000001,0.011371586885665095,1000,200,200
2023-03-31,development,SIZE,long_short,10.0,-0.015428579589745795,-0.015878579589745794,0.4500000000000001,0.011371586885665095,1000,200,200
2023-03-31,development,SIZE,long_short,25.0,-0.015428579589745795,-0.016553579589745796,0.4500000000000001,0.011371586885665095,1000,200,200
2023-03-31,development,VALUE,long_only,0.0,-0.009978081384943539,-0.009978081384943539,0.1914893617021276,0.010822380980831625,942,188,0
2023-03-31,development,VALUE,long_only,10.0,-0.009978081384943539,-0.010169570746645666,0.1914893617021276,0.010822380980831625,942,188,0
2023-03-31,development,VALUE,long_only,25.0,-0.009978081384943539,-0.010456804789198857,0.1914893617021276,0.010822380980831625,942,188,0
2023-03-31,development,VALUE,long_short,0.0,-0.013550445875923918,-0.013550445875923918,0.39361702127659565,0.010822380980831625,942,188,188
2023-03-31,development,VALUE,long_short,10.0,-0.013550445875923918,-0.013944062897200514,0.39361702127659565,0.010822380980831625,942,188,188
2023-03-31,development,VALUE,long_short,25.0,-0.013550445875923918,-0.014534488429115406,0.39361702127659565,0.010822380980831625,942,188,188
2023-04-28,development,COMPOSITE,long_only,0.0,-0.03429220091437268,-0.03429220091437268,0.35532994923857864,0.007649104068043369,984,196,0
2023-04-28,development,COMPOSITE,long_only,10.0,-0.03429220091437268,-0.034647530863611255,0.35532994923857864,0.007649104068043369,984,196,0
2023-04-28,development,COMPOSITE,long_only,25.0,-0.03429220091437268,-0.03518052578746912,0.35532994923857864,0.007649104068043369,984,196,0
2023-04-28,development,COMPOSITE,long_short,0.0,-0.05877087278577374,-0.05877087278577374,0.6091370558375635,0.007649104068043369,984,196,196
2023-04-28,development,COMPOSITE,long_short,10.0,-0.05877087278577374,-0.059380009841611306,0.6091370558375635,0.007649104068043369,984,196,196
2023-04-28,development,COMPOSITE,long_short,25.0,-0.05877087278577374,-0.06029371542536765,0.6091370558375635,0.007649104068043369,984,196,196
2023-04-28,development,LV,long_only,0.0,-0.026707095989651337,-0.026707095989651337,0.2010050251256282,0.00742099105459184,993,198,0
2023-04-28,development,LV,long_only,10.0,-0.026707095989651337,-0.026908101014776965,0.2010050251256282,0.00742099105459184,993,198,0
2023-04-28,development,LV,long_only,25.0,-0.026707095989651337,-0.027209608552465406,0.2010050251256282,0.00742099105459184,993,198,0
2023-04-28,development,LV,long_short,0.0,-0.04430196332441779,-0.04430196332441779,0.512562814070352,0.00742099105459184,993,198,198
2023-04-28,development,LV,long_short,10.0,-0.04430196332441779,-0.044814526138488145,0.512562814070352,0.00742099105459184,993,198,198
2023-04-28,development,LV,long_short,25.0,-0.04430196332441779,-0.04558337035959367,0.512562814070352,0.00742099105459184,993,198,198
2023-04-28,development,MOM,long_only,0.0,-0.018060091370558373,-0.018060091370558373,0.707070707070707,0.007601442000712874,989,197,0
2023-04-28,development,MOM,long_only,10.0,-0.018060091370558373,-0.01876716207762908,0.707070707070707,0.007601442000712874,989,197,0
2023-04-28,development,MOM,long_only,25.0,-0.018060091370558373,-0.01982776813823514,0.707070707070707,0.007601442000712874,989,197,0
2023-04-28,development,MOM,long_short,0.0,-0.028413580942867906,-0.028413580942867906,1.2525252525252522,0.007601442000712874,989,197,197
2023-04-28,development,MOM,long_short,10.0,-0.028413580942867906,-0.029666106195393158,1.2525252525252522,0.007601442000712874,989,197,197
2023-04-28,development,MOM,long_short,25.0,-0.028413580942867906,-0.03154489407418104,1.2525252525252522,0.007601442000712874,989,197,197
2023-04-28,development,QUALITY,long_only,0.0,-0.015491764293390612,-0.015491764293390612,0.06091370558375634,0.007774560091382171,985,197,0
2023-04-28,development,QUALITY,long_only,10.0,-0.015491764293390612,-0.015552677998974368,0.06091370558375634,0.007774560091382171,985,197,0
2023-04-28,development,QUALITY,long_only,25.0,-0.015491764293390612,-0.015644048557350004,0.06091370558375634,0.007774560091382171,985,197,0
2023-04-28,development,QUALITY,long_short,0.0,0.0023470912695083886,0.0023470912695083886,0.19289340101522845,0.007774560091382171,985,197,197
2023-04-28,development,QUALITY,long_short,10.0,0.0023470912695083886,0.0021541978684931603,0.19289340101522845,0.007774560091382171,985,197,197
2023-04-28,development,QUALITY,long_short,25.0,0.0023470912695083886,0.0018648577669703175,0.19289340101522845,0.007774560091382171,985,197,197
2023-04-28,development,SIZE,long_only,0.0,-0.015853576517428497,-0.015853576517428497,0.29,0.00751145705367343,997,199,0
2023-04-28,development,SIZE,long_only,10.0,-0.015853576517428497,-0.016143576517428496,0.29,0.00751145705367343,997,199,0
2023-04-28,development,SIZE,long_only,25.0,-0.015853576517428497,-0.016578576517428497,0.29,0.00751145705367343,997,199,0
2023-04-28,development,SIZE,long_short,0.0,9.00888623076735e-05,9.00888623076735e-05,0.35,0.00751145705367343,997,199,199
2023-04-28,development,SIZE,long_short,10.0,9.00888623076735e-05,-0.0002599111376923265,0.35,0.00751145705367343,997,199,199
2023-04-28,development,SIZE,long_short,25.0,9.00888623076735e-05,-0.0007849111376923265,0.35,0.00751145705367343,997,199,199
2023-04-28,development,VALUE,long_only,0.0,-0.050172720309037064,-0.050172720309037064,0.13829787234042554,0.009638185527959631,940,188,0
2023-04-28,development,VALUE,long_only,10.0,-0.050172720309037064,-0.05031101818137749,0.13829787234042554,0.009638185527959631,940,188,0
2023-04-28,development,VALUE,long_only,25.0,-0.050172720309037064,-0.05051846498988813,0.13829787234042554,0.009638185527959631,940,188,0
2023-04-28,development,VALUE,long_short,0.0,-0.04898818786984736,-0.04898818786984736,0.2872340425531915,0.009638185527959631,940,188,188
2023-04-28,development,VALUE,long_short,10.0,-0.04898818786984736,-0.04927542191240056,0.2872340425531915,0.009638185527959631,940,188,188
2023-04-28,development,VALUE,long_short,25.0,-0.04898818786984736,-0.04970627297623034,0.2872340425531915,0.009638185527959631,940,188,188
2023-05-31,development,COMPOSITE,long_only,0.0,0.08104670086040798,0.08104670086040798,0.40609137055837563,0.06811575572047757,985,197,0
2023-05-31,development,COMPOSITE,long_only,10.0,0.08104670086040798,0.08064060948984961,0.40609137055837563,0.06811575572047757,985,197,0
2023-05-31,development,COMPOSITE,long_only,25.0,0.08104670086040798,0.08003147243401204,0.40609137055837563,0.06811575572047757,985,197,0
2023-05-31,development,COMPOSITE,long_short,0.0,-0.016756713097028916,-0.016756713097028916,0.7411167512690355,0.06811575572047757,985,197,197
2023-05-31,development,COMPOSITE,long_short,10.0,-0.016756713097028916,-0.017497829848297952,0.7411167512690355,0.06811575572047757,985,197,197
2023-05-31,development,COMPOSITE,long_short,25.0,-0.016756713097028916,-0.018609504975201505,0.7411167512690355,0.06811575572047757,985,197,197
2023-05-31,development,LV,long_only,0.0,0.07294277511372407,0.07294277511372407,0.21212121212121215,0.06822375374107173,992,198,0
2023-05-31,development,LV,long_only,10.0,0.07294277511372407,0.07273065390160285,0.21212121212121215,0.06822375374107173,992,198,0
2023-05-31,development,LV,long_only,25.0,0.07294277511372407,0.07241247208342104,0.21212121212121215,0.06822375374107173,992,198,0
2023-05-31,development,LV,long_short,0.0,-0.03197930819191512,-0.03197930819191512,0.44444444444444453,0.06822375374107173,992,198,198
2023-05-31,development,LV,long_short,10.0,-0.03197930819191512,-0.03242375263635956,0.44444444444444453,0.06822375374107173,992,198,198
2023-05-31,development,LV,long_short,25.0,-0.03197930819191512,-0.03309041930302623,0.44444444444444453,0.06822375374107173,992,198,198
2023-05-31,development,MOM,long_only,0.0,0.07220253535353535,0.07220253535353535,0.6969696969696969,0.06823621112192979,991,198,0
2023-05-31,development,MOM,long_only,10.0,0.07220253535353535,0.07150556565656566,0.6969696969696969,0.06823621112192979,991,198,0
2023-05-31,development,MOM,long_only,25.0,0.07220253535353535,0.07046011111111111,0.6969696969696969,0.06823621112192979,991,198,0
2023-05-31,development,MOM,long_short,0.0,-0.02580797945487146,-0.02580797945487146,1.2525252525252522,0.06823621112192979,991,198,198
2023-05-31,development,MOM,long_short,10.0,-0.02580797945487146,-0.027060504707396713,1.2525252525252522,0.06823621112192979,991,198,198
2023-05-31,development,MOM,long_short,25.0,-0.02580797945487146,-0.028939292586184592,1.2525252525252522,0.06823621112192979,991,198,198
2023-05-31,development,QUALITY,long_only,0.0,0.08136045327051873,0.08136045327051873,0.12182741116751267,0.06801713090851708,986,197,0
2023-05-31,development,QUALITY,long_only,10.0,0.08136045327051873,0.08123862585935122,0.12182741116751267,0.06801713090851708,986,197,0
2023-05-31,development,QUALITY,long_only,25.0,0.08136045327051873,0.08105588474259995,0.12182741116751267,0.06801713090851708,986,197,0
2023-05-31,development,QUALITY,long_short,0.0,0.005069936005479709,0.005069936005479709,0.27411167512690354,0.06801713090851708,986,197,197
2023-05-31,development,QUALITY,long_short,10.0,0.005069936005479709,0.004795824330352806,0.27411167512690354,0.06801713090851708,986,197,197
2023-05-31,development,QUALITY,long_short,25.0,0.005069936005479709,0.0043846568176624506,0.27411167512690354,0.06801713090851708,986,197,197
2023-05-31,development,SIZE,long_only,0.0,0.08146190734564226,0.08146190734564226,0.31155778894472363,0.06811979151908244,997,199,0
2023-05-31,development,SIZE,long_only,10.0,0.08146190734564226,0.08115034955669755,0.31155778894472363,0.06811979151908244,997,199,0
2023-05-31,development,SIZE,long_only,25.0,0.08146190734564226,0.08068301287328046,0.31155778894472363,0.06811979151908244,997,199,0
2023-05-31,development,SIZE,long_short,0.0,0.015004172339182687,0.015004172339182687,0.39195979899497485,0.06811979151908244,997,199,199
2023-05-31,development,SIZE,long_short,10.0,0.015004172339182687,0.014612212540187712,0.39195979899497485,0.06811979151908244,997,199,199
2023-05-31,development,SIZE,long_short,25.0,0.015004172339182687,0.014024272841695249,0.39195979899497485,0.06811979151908244,997,199,199
2023-05-31,development,VALUE,long_only,0.0,0.09042581658580659,0.09042581658580659,0.19148936170212766,0.06698471904370813,940,188,0
2023-05-31,development,VALUE,long_only,10.0,0.09042581658580659,0.09023432722410446,0.19148936170212766,0.06698471904370813,940,188,0
2023-05-31,development,VALUE,long_only,25.0,0.09042581658580659,0.08994709318155127,0.19148936170212766,0.06698471904370813,940,188,0
2023-05-31,development,VALUE,long_short,0.0,0.021141925307261476,0.021141925307261476,0.40425531914893614,0.06698471904370813,940,188,188
2023-05-31,development,VALUE,long_short,10.0,0.021141925307261476,0.02073766998811254,0.40425531914893614,0.06698471904370813,940,188,188
2023-05-31,development,VALUE,long_short,25.0,0.021141925307261476,0.020131287009389136,0.40425531914893614,0.06698471904370813,940,188,188
2023-06-30,development,COMPOSITE,long_only,0.0,0.034991786331041295,0.034991786331041295,0.49746192893401014,0.03527745246463739,988,197,0
2023-06-30,development,COMPOSITE,long_only,10.0,0.034991786331041295,0.034494324402107285,0.49746192893401014,0.03527745246463739,988,197,0
2023-06-30,development,COMPOSITE,long_only,25.0,0.034991786331041295,0.03374813150870627,0.49746192893401014,0.03527745246463739,988,197,0
2023-06-30,development,COMPOSITE,long_short,0.0,-0.026547504607495616,-0.026547504607495616,0.883248730964467,0.03527745246463739,988,197,197
2023-06-30,development,COMPOSITE,long_short,10.0,-0.026547504607495616,-0.02743075333846008,0.883248730964467,0.03527745246463739,988,197,197
2023-06-30,development,COMPOSITE,long_short,25.0,-0.026547504607495616,-0.028755626434906784,0.883248730964467,0.03527745246463739,988,197,197
2023-06-30,development,LV,long_only,0.0,0.02409910356211855,0.02409910356211855,0.26262626262626265,0.035278429623629516,992,198,0
2023-06-30,development,LV,long_only,10.0,0.02409910356211855,0.023836477299492287,0.26262626262626265,0.035278429623629516,992,198,0
2023-06-30,development,LV,long_only,25.0,0.02409910356211855,0.023442537905552892,0.26262626262626265,0.035278429623629516,992,198,0
2023-06-30,development,LV,long_short,0.0,-0.038012239786085394,-0.038012239786085394,0.5050505050505052,0.035278429623629516,992,198,198
2023-06-30,development,LV,long_short,10.0,-0.038012239786085394,-0.0385172902911359,0.5050505050505052,0.035278429623629516,992,198,198
2023-06-30,development,LV,long_short,25.0,-0.038012239786085394,-0.03927486604871166,0.5050505050505052,0.035278429623629516,992,198,198
2023-06-30,development,MOM,long_only,0.0,0.018713303809120355,0.018713303809120355,0.7070707070707072,0.035278429623629516,992,198,0
2023-06-30,development,MOM,long_only,10.0,0.018713303809120355,0.018006233102049646,0.7070707070707072,0.035278429623629516,992,198,0
2023-06-30,development,MOM,long_only,25.0,0.018713303809120355,0.016945627041443586,0.7070707070707072,0.035278429623629516,992,198,0
2023-06-30,development,MOM,long_short,0.0,-0.06131073975962412,-0.06131073975962412,1.2525252525252526,0.035278429623629516,992,198,198
2023-06-30,development,MOM,long_short,10.0,-0.06131073975962412,-0.06256326501214937,1.2525252525252526,0.035278429623629516,992,198,198
2023-06-30,development,MOM,long_short,25.0,-0.06131073975962412,-0.06444205289093725,1.2525252525252526,0.035278429623629516,992,198,198
2023-06-30,development,QUALITY,long_only,0.0,0.039449027217306164,0.039449027217306164,0.3535353535353535,0.03530623723629755,991,198,0
2023-06-30,development,QUALITY,long_only,10.0,0.039449027217306164,0.03909549186377081,0.3535353535353535,0.03530623723629755,991,198,0
2023-06-30,development,QUALITY,long_only,25.0,0.039449027217306164,0.03856518883346778,0.3535353535353535,0.03530623723629755,991,198,0
2023-06-30,development,QUALITY,long_short,0.0,-0.007439161096502274,-0.007439161096502274,0.8585858585858585,0.03530623723629755,991,198,198
2023-06-30,development,QUALITY,long_short,10.0,-0.007439161096502274,-0.008297746955088132,0.8585858585858585,0.03530623723629755,991,198,198
2023-06-30,development,QUALITY,long_short,25.0,-0.007439161096502274,-0.00958562574296692,0.8585858585858585,0.03530623723629755,991,198,198
2023-06-30,development,SIZE,long_only,0.0,0.05557051770342253,0.05557051770342253,0.3216080402010051,0.0350745272692216,998,199,0
2023-06-30,development,SIZE,long_only,10.0,0.05557051770342253,0.055248909663221525,0.3216080402010051,0.0350745272692216,998,199,0
2023-06-30,development,SIZE,long_only,25.0,0.05557051770342253,0.05476649760292002,0.3216080402010051,0.0350745272692216,998,199,0
2023-06-30,development,SIZE,long_short,0.0,0.020175924423646935,0.020175924423646935,0.3919597989949749,0.0350745272692216,998,199,199
2023-06-30,development,SIZE,long_short,10.0,0.020175924423646935,0.01978396462465196,0.3919597989949749,0.0350745272692216,998,199,199
2023-06-30,development,SIZE,long_short,25.0,0.020175924423646935,0.0191960249261595,0.3919597989949749,0.0350745272692216,998,199,199
2023-06-30,development,VALUE,long_only,0.0,0.07635406879975803,0.07635406879975803,0.3936170212765957,0.03585903551635107,942,188,0
2023-06-30,development,VALUE,long_only,10.0,0.07635406879975803,0.07596045177848144,0.3936170212765957,0.03585903551635107,942,188,0
2023-06-30,development,VALUE,long_only,25.0,0.07635406879975803,0.07537002624656655,0.3936170212765957,0.03585903551635107,942,188,0
2023-06-30,development,VALUE,long_short,0.0,0.046700561034869637,0.046700561034869637,0.776595744680851,0.03585903551635107,942,188,188
2023-06-30,development,VALUE,long_short,10.0,0.046700561034869637,0.04592396529018879,0.776595744680851,0.03585903551635107,942,188,188
2023-06-30,development,VALUE,long_short,25.0,0.046700561034869637,0.04475907167316751,0.776595744680851,0.03585903551635107,942,188,188
2023-07-31,development,COMPOSITE,long_only,0.0,-0.03440366689134648,-0.03440366689134648,0.4365482233502538,-0.017214325920528975,988,197,0
2023-07-31,development,COMPOSITE,long_only,10.0,-0.03440366689134648,-0.03484021511469674,0.4365482233502538,-0.017214325920528975,988,197,0
2023-07-31,development,COMPOSITE,long_only,25.0,-0.03440366689134648,-0.035495037449722114,0.4365482233502538,-0.017214325920528975,988,197,0
2023-07-31,development,COMPOSITE,long_short,0.0,0.02513348189489103,0.02513348189489103,0.8527918781725888,-0.017214325920528975,988,197,197
2023-07-31,development,COMPOSITE,long_short,10.0,0.02513348189489103,0.02428069001671844,0.8527918781725888,-0.017214325920528975,988,197,197
2023-07-31,development,COMPOSITE,long_short,25.0,0.02513348189489103,0.023001502199459557,0.8527918781725888,-0.017214325920528975,988,197,197
2023-07-31,development,LV,long_only,0.0,-0.016399622061704998,-0.016399622061704998,0.31313131313131315,-0.017216245536318852,992,198,0
2023-07-31,development,LV,long_only,10.0,-0.016399622061704998,-0.01671275337483631,0.31313131313131315,-0.017216245536318852,992,198,0
2023-07-31,development,LV,long_only,25.0,-0.016399622061704998,-0.017182450344533282,0.31313131313131315,-0.017216245536318852,992,198,0
2023-07-31,development,LV,long_short,0.0,0.04655767327779954,0.04655767327779954,0.6666666666666667,-0.017216245536318852,992,198,198
2023-07-31,development,LV,long_short,10.0,0.04655767327779954,0.04589100661113287,0.6666666666666667,-0.017216245536318852,992,198,198
2023-07-31,development,LV,long_short,25.0,0.04655767327779954,0.04489100661113288,0.6666666666666667,-0.017216245536318852,992,198,198
2023-07-31,development,MOM,long_only,0.0,-0.021790933974460018,-0.021790933974460018,0.6565656565656566,-0.017297267860488266,990,198,0
2023-07-31,development,MOM,long_only,10.0,-0.021790933974460018,-0.022447499631025675,0.6565656565656566,-0.017297267860488266,990,198,0
2023-07-31,development,MOM,long_only,25.0,-0.021790933974460018,-0.02343234811587416,0.6565656565656566,-0.017297267860488266,990,198,0
2023-07-31,development,MOM,long_short,0.0,0.032904328909076075,0.032904328909076075,1.2424242424242424,-0.017297267860488266,990,198,198
2023-07-31,development,MOM,long_short,10.0,0.032904328909076075,0.031661904666651836,1.2424242424242424,-0.017297267860488266,990,198,198
2023-07-31,development,MOM,long_short,25.0,0.032904328909076075,0.02979826830301547,1.2424242424242424,-0.017297267860488266,990,198,198
2023-07-31,development,QUALITY,long_only,0.0,-0.027377527529500775,-0.027377527529500775,0.08080808080808063,-0.01720996416324587,989,197,0
2023-07-31,development,QUALITY,long_only,10.0,-0.027377527529500775,-0.027458335610308856,0.08080808080808063,-0.01720996416324587,989,197,0
2023-07-31,development,QUALITY,long_only,25.0,-0.027377527529500775,-0.02757954773152098,0.08080808080808063,-0.01720996416324587,989,197,0
2023-07-31,development,QUALITY,long_short,0.0,0.02413785761026247,0.02413785761026247,0.25252525252525226,-0.01720996416324587,989,197,197
2023-07-31,development,QUALITY,long_short,10.0,0.02413785761026247,0.02388533235773722,0.25252525252525226,-0.01720996416324587,989,197,197
2023-07-31,development,QUALITY,long_short,25.0,0.02413785761026247,0.02350654447894934,0.25252525252525226,-0.01720996416324587,989,197,197
2023-07-31,development,SIZE,long_only,0.0,-0.03919195979899497,-0.03919195979899497,0.3015075376884422,-0.01730579376452076,998,199,0
2023-07-31,development,SIZE,long_only,10.0,-0.03919195979899497,-0.039493467336683415,0.3015075376884422,-0.01730579376452076,998,199,0
2023-07-31,development,SIZE,long_only,25.0,-0.03919195979899497,-0.03994572864321608,0.3015075376884422,-0.01730579376452076,998,199,0
2023-07-31,development,SIZE,long_short,0.0,-0.020519292467689923,-0.020519292467689923,0.38190954773869346,-0.01730579376452076,998,199,199
2023-07-31,development,SIZE,long_short,10.0,-0.020519292467689923,-0.020901202015428617,0.38190954773869346,-0.01730579376452076,998,199,199
2023-07-31,development,SIZE,long_short,25.0,-0.020519292467689923,-0.021474066337036656,0.38190954773869346,-0.01730579376452076,998,199,199
2023-07-31,development,VALUE,long_only,0.0,-0.03836072421676686,-0.03836072421676686,0.2340425531914893,-0.016898171597609195,938,187,0
2023-07-31,development,VALUE,long_only,10.0,-0.03836072421676686,-0.03859476676995835,0.2340425531914893,-0.016898171597609195,938,187,0
2023-07-31,development,VALUE,long_only,25.0,-0.03836072421676686,-0.03894583059974558,0.2340425531914893,-0.016898171597609195,938,187,0
2023-07-31,development,VALUE,long_short,0.0,-0.002472864400578017,-0.002472864400578017,0.4042553191489361,-0.016898171597609195,938,187,187
2023-07-31,development,VALUE,long_short,10.0,-0.002472864400578017,-0.002877119719726953,0.4042553191489361,-0.016898171597609195,938,187,187
2023-07-31,development,VALUE,long_short,25.0,-0.002472864400578017,-0.0034835026984503573,0.4042553191489361,-0.016898171597609195,938,187,187
2023-08-31,development,COMPOSITE,long_only,0.0,-0.04508063324438688,-0.04508063324438688,0.36548223350253806,-0.04715866867376704,986,197,0
2023-08-31,development,COMPOSITE,long_only,10.0,-0.04508063324438688,-0.04544611547788942,0.36548223350253806,-0.04715866867376704,986,197,0
2023-08-31,development,COMPOSITE,long_only,25.0,-0.04508063324438688,-0.04599433882814322,0.36548223350253806,-0.04715866867376704,986,197,0
2023-08-31,development,COMPOSITE,long_short,0.0,0.012449114080868526,0.012449114080868526,0.6294416243654821,-0.04715866867376704,986,197,197
2023-08-31,development,COMPOSITE,long_short,10.0,0.012449114080868526,0.011819672456503044,0.6294416243654821,-0.04715866867376704,986,197,197
2023-08-31,development,COMPOSITE,long_short,25.0,0.012449114080868526,0.01087551001995482,0.6294416243654821,-0.04715866867376704,986,197,197
2023-08-31,development,LV,long_only,0.0,-0.042523271109868505,-0.042523271109868505,0.33333333333333337,-0.04716331664103674,990,198,0
2023-08-31,development,LV,long_only,10.0,-0.042523271109868505,-0.042856604443201836,0.33333333333333337,-0.04716331664103674,990,198,0
2023-08-31,development,LV,long_only,25.0,-0.042523271109868505,-0.043356604443201836,0.33333333333333337,-0.04716331664103674,990,198,0
2023-08-31,development,LV,long_short,0.0,0.02667876833997333,0.02667876833997333,0.686868686868687,-0.04716331664103674,990,198,198
2023-08-31,development,LV,long_short,10.0,0.02667876833997333,0.025991899653104642,0.686868686868687,-0.04716331664103674,990,198,198
2023-08-31,development,LV,long_short,25.0,0.02667876833997333,0.02496159662280161,0.686868686868687,-0.04716331664103674,990,198,198
2023-08-31,development,MOM,long_only,0.0,-0.06024057071839681,-0.06024057071839681,0.43434343434343425,-0.0472341792866698,988,197,0
2023-08-31,development,MOM,long_only,10.0,-0.06024057071839681,-0.06067491415274024,0.43434343434343425,-0.0472341792866698,988,197,0
2023-08-31,development,MOM,long_only,25.0,-0.06024057071839681,-0.06132642930425539,0.43434343434343425,-0.0472341792866698,988,197,0
2023-08-31,development,MOM,long_short,0.0,0.0009286022850240484,0.0009286022850240484,0.9898989898989897,-0.0472341792866698,988,197,197
2023-08-31,development,MOM,long_short,10.0,0.0009286022850240484,-6.129670487494158e-05,0.9898989898989897,-0.0472341792866698,988,197,197
2023-08-31,development,MOM,long_short,25.0,0.0009286022850240484,-0.0015461451897234263,0.9898989898989897,-0.0472341792866698,988,197,197
2023-08-31,development,QUALITY,long_only,0.0,-0.04564307584330919,-0.04564307584330919,0.08121827411167512,-0.047152433697174305,988,197,0
2023-08-31,development,QUALITY,long_only,10.0,-0.04564307584330919,-0.04572429411742086,0.08121827411167512,-0.047152433697174305,988,197,0
2023-08-31,development,QUALITY,long_only,25.0,-0.04564307584330919,-0.04584612152858838,0.08121827411167512,-0.047152433697174305,988,197,0
2023-08-31,development,QUALITY,long_short,0.0,0.012389242890122873,0.012389242890122873,0.25380710659898476,-0.047152433697174305,988,197,197
2023-08-31,development,QUALITY,long_short,10.0,0.012389242890122873,0.012135435783523888,0.25380710659898476,-0.047152433697174305,988,197,197
2023-08-31,development,QUALITY,long_short,25.0,0.012389242890122873,0.01175472512362541,0.25380710659898476,-0.047152433697174305,988,197,197
2023-08-31,development,SIZE,long_only,0.0,-0.058753847673835125,-0.058753847673835125,0.2914572864321608,-0.047279869461830805,997,199,0
2023-08-31,development,SIZE,long_only,10.0,-0.058753847673835125,-0.05904530496026728,0.2914572864321608,-0.047279869461830805,997,199,0
2023-08-31,development,SIZE,long_only,25.0,-0.058753847673835125,-0.05948249088991553,0.2914572864321608,-0.047279869461830805,997,199,0
2023-08-31,development,SIZE,long_short,0.0,-0.019391460690605173,-0.019391460690605173,0.36180904522613067,-0.047279869461830805,997,199,199
2023-08-31,development,SIZE,long_short,10.0,-0.019391460690605173,-0.019753269735831303,0.36180904522613067,-0.047279869461830805,997,199,199
2023-08-31,development,SIZE,long_short,25.0,-0.019391460690605173,-0.0202959833036705,0.36180904522613067,-0.047279869461830805,997,199,199
2023-08-31,development,VALUE,long_only,0.0,-0.0486874252914554,-0.0486874252914554,0.2234042553191489,-0.04629138136812947,940,188,0
2023-08-31,development,VALUE,long_only,10.0,-0.0486874252914554,-0.04891082954677455,0.2234042553191489,-0.04629138136812947,940,188,0
2023-08-31,development,VALUE,long_only,25.0,-0.0486874252914554,-0.04924593592975327,0.2234042553191489,-0.04629138136812947,940,188,0
2023-08-31,development,VALUE,long_short,0.0,0.0011892078104801676,0.0011892078104801676,0.43617021276595735,-0.04629138136812947,940,188,188
2023-08-31,development,VALUE,long_short,10.0,0.0011892078104801676,0.0007530375977142102,0.43617021276595735,-0.04629138136812947,940,188,188
2023-08-31,development,VALUE,long_short,25.0,0.0011892078104801676,9.87822785652741e-05,0.43617021276595735,-0.04629138136812947,940,188,188
2023-09-29,development,COMPOSITE,long_only,0.0,-0.04957506775248169,-0.04957506775248169,0.29441624365482233,-0.024950124008800114,989,197,0
2023-09-29,development,COMPOSITE,long_only,10.0,-0.04957506775248169,-0.04986948399613651,0.29441624365482233,-0.024950124008800114,989,197,0
2023-09-29,development,COMPOSITE,long_only,25.0,-0.04957506775248169,-0.05031110836161874,0.29441624365482233,-0.024950124008800114,989,197,0
2023-09-29,development,COMPOSITE,long_short,0.0,0.012281784190828295,0.012281784190828295,0.649746192893401,-0.024950124008800114,989,197,197
2023-09-29,development,COMPOSITE,long_short,10.0,0.012281784190828295,0.011632037997934894,0.649746192893401,-0.024950124008800114,989,197,197
2023-09-29,development,COMPOSITE,long_short,25.0,0.012281784190828295,0.010657418708594792,0.649746192893401,-0.024950124008800114,989,197,197
2023-09-29,development,LV,long_only,0.0,-0.03048399331830995,-0.03048399331830995,0.22222222222222224,-0.02499755603913242,993,198,0
2023-09-29,development,LV,long_only,10.0,-0.03048399331830995,-0.03070621554053217,0.22222222222222224,-0.02499755603913242,993,198,0
2023-09-29,development,LV,long_only,25.0,-0.03048399331830995,-0.031039548873865504,0.22222222222222224,-0.02499755603913242,993,198,0
2023-09-29,development,LV,long_short,0.0,0.05958633033713103,0.05958633033713103,0.5353535353535354,-0.02499755603913242,993,198,198
2023-09-29,development,LV,long_short,10.0,0.05958633033713103,0.0590509768017775,0.5353535353535354,-0.02499755603913242,993,198,198
2023-09-29,development,LV,long_short,25.0,0.05958633033713103,0.05824794649874719,0.5353535353535354,-0.02499755603913242,993,198,198
2023-09-29,development,MOM,long_only,0.0,-0.06314062159568393,-0.06314062159568393,0.649746192893401,-0.024955262341286616,989,197,0
2023-09-29,development,MOM,long_only,10.0,-0.06314062159568393,-0.06379036778857733,0.649746192893401,-0.024955262341286616,989,197,0
2023-09-29,development,MOM,long_only,25.0,-0.06314062159568393,-0.06476498707791743,0.649746192893401,-0.024955262341286616,989,197,0
2023-09-29,development,MOM,long_short,0.0,0.019750362956798016,0.019750362956798016,1.1269035532994924,-0.024955262341286616,989,197,197
2023-09-29,development,MOM,long_short,10.0,0.019750362956798016,0.018623459403498525,1.1269035532994924,-0.024955262341286616,989,197,197
2023-09-29,development,MOM,long_short,25.0,0.019750362956798016,0.016933104073549286,1.1269035532994924,-0.024955262341286616,989,197,197
2023-09-29,development,QUALITY,long_only,0.0,-0.043989686302601715,-0.043989686302601715,0.06060606060606044,-0.024939688118739357,990,198,0
2023-09-29,development,QUALITY,long_only,10.0,-0.043989686302601715,-0.044050292363207774,0.06060606060606044,-0.024939688118739357,990,198,0
2023-09-29,development,QUALITY,long_only,25.0,-0.043989686302601715,-0.04414120145411687,0.06060606060606044,-0.024939688118739357,990,198,0
2023-09-29,development,QUALITY,long_short,0.0,0.02396484423950578,0.02396484423950578,0.15151515151515121,-0.024939688118739357,990,198,198
2023-09-29,development,QUALITY,long_short,10.0,0.02396484423950578,0.023813329087990626,0.15151515151515121,-0.024939688118739357,990,198,198
2023-09-29,development,QUALITY,long_short,25.0,0.02396484423950578,0.0235860563607179,0.15151515151515121,-0.024939688118739357,990,198,198
2023-09-29,development,SIZE,long_only,0.0,-0.06074411399669159,-0.06074411399669159,0.23115577889447236,-0.025010795318847832,998,199,0
2023-09-29,development,SIZE,long_only,10.0,-0.06074411399669159,-0.060975269775586066,0.23115577889447236,-0.025010795318847832,998,199,0
2023-09-29,development,SIZE,long_only,25.0,-0.06074411399669159,-0.061322003443927776,0.23115577889447236,-0.025010795318847832,998,199,0
2023-09-29,development,SIZE,long_short,0.0,-0.03562935252073904,-0.03562935252073904,0.2814070351758794,-0.025010795318847832,998,199,199
2023-09-29,development,SIZE,long_short,10.0,-0.03562935252073904,-0.03591075955591492,0.2814070351758794,-0.025010795318847832,998,199,199
2023-09-29,development,SIZE,long_short,25.0,-0.03562935252073904,-0.036332870108678736,0.2814070351758794,-0.025010795318847832,998,199,199
2023-09-29,development,VALUE,long_only,0.0,-0.05777033246122329,-0.05777033246122329,0.1595744680851064,-0.024827398732153214,941,188,0
2023-09-29,development,VALUE,long_only,10.0,-0.05777033246122329,-0.0579299069293084,0.1595744680851064,-0.024827398732153214,941,188,0
2023-09-29,development,VALUE,long_only,25.0,-0.05777033246122329,-0.05816926863143605,0.1595744680851064,-0.024827398732153214,941,188,0
2023-09-29,development,VALUE,long_short,0.0,-0.0120061288222017,-0.0120061288222017,0.24468085106382975,-0.024827398732153214,941,188,188
2023-09-29,development,VALUE,long_short,10.0,-0.0120061288222017,-0.01225080967326553,0.24468085106382975,-0.024827398732153214,941,188,188
2023-09-29,development,VALUE,long_short,25.0,-0.0120061288222017,-0.012617830949861275,0.24468085106382975,-0.024827398732153214,941,188,188
2023-10-31,development,COMPOSITE,long_only,0.0,0.09041910776942039,0.09041910776942039,0.416243654822335,0.09271814652484227,987,197,0
2023-10-31,development,COMPOSITE,long_only,10.0,0.09041910776942039,0.09000286411459806,0.416243654822335,0.09271814652484227,987,197,0
2023-10-31,development,COMPOSITE,long_only,25.0,0.09041910776942039,0.08937849863236455,0.416243654822335,0.09271814652484227,987,197,0
2023-10-31,development,COMPOSITE,long_short,0.0,-0.02494255829010538,-0.02494255829010538,0.8020304568527918,0.09271814652484227,987,197,197
2023-10-31,development,COMPOSITE,long_short,10.0,-0.02494255829010538,-0.02574458874695817,0.8020304568527918,0.09271814652484227,987,197,197
2023-10-31,development,COMPOSITE,long_short,25.0,-0.02494255829010538,-0.026947634432237362,0.8020304568527918,0.09271814652484227,987,197,197
2023-10-31,development,LV,long_only,0.0,0.07464522044647282,0.07464522044647282,0.3434343434343434,0.09271800560118618,991,198,0
2023-10-31,development,LV,long_only,10.0,0.07464522044647282,0.07430178610303848,0.3434343434343434,0.09271800560118618,991,198,0
2023-10-31,development,LV,long_only,25.0,0.07464522044647282,0.07378663458788695,0.3434343434343434,0.09271800560118618,991,198,0
2023-10-31,development,LV,long_short,0.0,-0.05935236748268647,-0.05935236748268647,0.6262626262626263,0.09271800560118618,991,198,198
2023-10-31,development,LV,long_short,10.0,-0.05935236748268647,-0.0599786301089491,0.6262626262626263,0.09271800560118618,991,198,198
2023-10-31,development,LV,long_short,25.0,-0.05935236748268647,-0.06091802404834304,0.6262626262626263,0.09271800560118618,991,198,198
2023-10-31,development,MOM,long_only,0.0,0.12186374972907918,0.12186374972907918,0.5380710659898477,0.09270574372187025,988,197,0
2023-10-31,development,MOM,long_only,10.0,0.12186374972907918,0.12132567866308933,0.5380710659898477,0.09270574372187025,988,197,0
2023-10-31,development,MOM,long_only,25.0,0.12186374972907918,0.12051857206410456,0.5380710659898477,0.09270574372187025,988,197,0
2023-10-31,development,MOM,long_short,0.0,0.03436588163867019,0.03436588163867019,1.0456852791878173,0.09270574372187025,988,197,197
2023-10-31,development,MOM,long_short,10.0,0.03436588163867019,0.03332019635948237,1.0456852791878173,0.09270574372187025,988,197,197
2023-10-31,development,MOM,long_short,25.0,0.03436588163867019,0.031751668440700646,1.0456852791878173,0.09270574372187025,988,197,197
2023-10-31,development,QUALITY,long_only,0.0,0.09238517470086638,0.09238517470086638,0.08080808080808066,0.09271814652484227,987,197,0
2023-10-31,development,QUALITY,long_only,10.0,0.09238517470086638,0.0923043666200583,0.08080808080808066,0.09271814652484227,987,197,0
2023-10-31,development,QUALITY,long_only,25.0,0.09238517470086638,0.09218315449884618,0.08080808080808066,0.09271814652484227,987,197,0
2023-10-31,development,QUALITY,long_short,0.0,-0.00825695428188733,-0.00825695428188733,0.2020202020202017,0.09271814652484227,987,197,197
2023-10-31,development,QUALITY,long_short,10.0,-0.00825695428188733,-0.008458974483907531,0.2020202020202017,0.09271814652484227,987,197,197
2023-10-31,development,QUALITY,long_short,25.0,-0.00825695428188733,-0.008762004786937835,0.2020202020202017,0.09271814652484227,987,197,197
2023-10-31,development,SIZE,long_only,0.0,0.09277636609710826,0.09277636609710826,0.3015075376884422,0.0926617468409699,996,199,0
2023-10-31,development,SIZE,long_only,10.0,0.09277636609710826,0.09247485855941982,0.3015075376884422,0.0926617468409699,996,199,0
2023-10-31,development,SIZE,long_only,25.0,0.09277636609710826,0.09202259725288715,0.3015075376884422,0.0926617468409699,996,199,0
2023-10-31,development,SIZE,long_short,0.0,-0.0006518714123891853,-0.0006518714123891853,0.38190954773869346,0.0926617468409699,996,199,199
2023-10-31,development,SIZE,long_short,10.0,-0.0006518714123891853,-0.0010337809601278789,0.38190954773869346,0.0926617468409699,996,199,199
2023-10-31,development,SIZE,long_short,25.0,-0.0006518714123891853,-0.001606645281735919,0.38190954773869346,0.0926617468409699,996,199,199
2023-10-31,development,VALUE,long_only,0.0,0.086398922187987,0.086398922187987,0.2340425531914893,0.09257697209408908,938,187,0
2023-10-31,development,VALUE,long_only,10.0,0.086398922187987,0.08616487963479552,0.2340425531914893,0.09257697209408908,938,187,0
2023-10-31,development,VALUE,long_only,25.0,0.086398922187987,0.08581381580500828,0.2340425531914893,0.09257697209408908,938,187,0
2023-10-31,development,VALUE,long_short,0.0,-0.019032615528992214,-0.019032615528992214,0.3723404255319148,0.09257697209408908,938,187,187
2023-10-31,development,VALUE,long_short,10.0,-0.019032615528992214,-0.019404955954524128,0.3723404255319148,0.09257697209408908,938,187,187
2023-10-31,development,VALUE,long_short,25.0,-0.019032615528992214,-0.019963466592822002,0.3723404255319148,0.09257697209408908,938,187,187
2023-11-30,development,COMPOSITE,long_only,0.0,0.08670391443450279,0.08670391443450279,0.27411167512690354,0.04922401923297443,988,197,0
2023-11-30,development,COMPOSITE,long_only,10.0,0.08670391443450279,0.08642980275937588,0.27411167512690354,0.04922401923297443,988,197,0
2023-11-30,development,COMPOSITE,long_only,25.0,0.08670391443450279,0.08601863524668553,0.27411167512690354,0.04922401923297443,988,197,0
2023-11-30,development,COMPOSITE,long_short,0.0,-0.017836407114469762,-0.017836407114469762,0.5888324873096447,0.04922401923297443,988,197,197
2023-11-30,development,COMPOSITE,long_short,10.0,-0.017836407114469762,-0.018425239601779407,0.5888324873096447,0.04922401923297443,988,197,197
2023-11-30,development,COMPOSITE,long_short,25.0,-0.017836407114469762,-0.019308488332743873,0.5888324873096447,0.04922401923297443,988,197,197
2023-11-30,development,LV,long_only,0.0,0.05659764506725802,0.05659764506725802,0.494949494949495,0.04932801003120871,993,198,0
2023-11-30,development,LV,long_only,10.0,0.05659764506725802,0.05610269557230853,0.494949494949495,0.04932801003120871,993,198,0
2023-11-30,development,LV,long_only,25.0,0.05659764506725802,0.05536027132988428,0.494949494949495,0.04932801003120871,993,198,0
2023-11-30,development,LV,long_short,0.0,-0.08266962973215544,-0.08266962973215544,0.8686868686868687,0.04932801003120871,993,198,198
2023-11-30,development,LV,long_short,10.0,-0.08266962973215544,-0.08353831660084231,0.8686868686868687,0.04932801003120871,993,198,198
2023-11-30,development,LV,long_short,25.0,-0.08266962973215544,-0.08484134690387261,0.8686868686868687,0.04932801003120871,993,198,198
2023-11-30,development,MOM,long_only,0.0,0.08889450418917208,0.08889450418917208,0.505050505050505,0.04925488384485888,990,198,0
2023-11-30,development,MOM,long_only,10.0,0.08889450418917208,0.08838945368412157,0.505050505050505,0.04925488384485888,990,198,0
2023-11-30,development,MOM,long_only,25.0,0.08889450418917208,0.08763187792654582,0.505050505050505,0.04925488384485888,990,198,0
2023-11-30,development,MOM,long_short,0.0,-0.0315450158342437,-0.0315450158342437,1.0505050505050504,0.04925488384485888,990,198,198
2023-11-30,development,MOM,long_short,10.0,-0.0315450158342437,-0.03259552088474875,1.0505050505050504,0.04925488384485888,990,198,198
2023-11-30,development,MOM,long_short,25.0,-0.0315450158342437,-0.03417127846050633,1.0505050505050504,0.04925488384485888,990,198,198
2023-11-30,development,QUALITY,long_only,0.0,0.08436526328093594,0.08436526328093594,0.07106598984771573,0.04922401923297443,988,197,0
2023-11-30,development,QUALITY,long_only,10.0,0.08436526328093594,0.08429419729108822,0.07106598984771573,0.04922401923297443,988,197,0
2023-11-30,development,QUALITY,long_only,25.0,0.08436526328093594,0.08418759830631664,0.07106598984771573,0.04922401923297443,988,197,0
2023-11-30,development,QUALITY,long_short,0.0,-0.030096611837046545,-0.030096611837046545,0.22335025380710655,0.04922401923297443,988,197,197
2023-11-30,development,QUALITY,long_short,10.0,-0.030096611837046545,-0.030319962090853653,0.22335025380710655,0.04922401923297443,988,197,197
2023-11-30,development,QUALITY,long_short,25.0,-0.030096611837046545,-0.030654987471564314,0.22335025380710655,0.04922401923297443,988,197,197
2023-11-30,development,SIZE,long_only,0.0,0.10874789910750704,0.10874789910750704,0.35175879396984927,0.049360404403232194,999,199,0
2023-11-30,development,SIZE,long_only,10.0,0.10874789910750704,0.10839614031353718,0.35175879396984927,0.049360404403232194,999,199,0
2023-11-30,development,SIZE,long_only,25.0,0.10874789910750704,0.10786850212258242,0.35175879396984927,0.049360404403232194,999,199,0
2023-11-30,development,SIZE,long_short,0.0,0.05551026646575885,0.05551026646575885,0.40201005025125625,0.049360404403232194,999,199,199
2023-11-30,development,SIZE,long_short,10.0,0.05551026646575885,0.055108256415507595,0.40201005025125625,0.049360404403232194,999,199,199
2023-11-30,development,SIZE,long_short,25.0,0.05551026646575885,0.05450524134013071,0.40201005025125625,0.049360404403232194,999,199,199
2023-11-30,development,VALUE,long_only,0.0,0.10017656725636273,0.10017656725636273,0.20212765957446804,0.04898548388966929,941,188,0
2023-11-30,development,VALUE,long_only,10.0,0.10017656725636273,0.09997443959678826,0.20212765957446804,0.04898548388966929,941,188,0
2023-11-30,development,VALUE,long_only,25.0,0.10017656725636273,0.09967124810742656,0.20212765957446804,0.04898548388966929,941,188,0
2023-11-30,development,VALUE,long_short,0.0,0.03386501166964926,0.03386501166964926,0.3297872340425531,0.04898548388966929,941,188,188
2023-11-30,development,VALUE,long_short,10.0,0.03386501166964926,0.033535224435606706,0.3297872340425531,0.04898548388966929,941,188,188
2023-11-30,development,VALUE,long_short,25.0,0.03386501166964926,0.03304054358454288,0.3297872340425531,0.04898548388966929,941,188,188
2023-12-29,development,COMPOSITE,long_only,0.0,-0.01399331726258448,-0.01399331726258448,0.38578680203045684,0.014683672768316934,986,197,0
2023-12-29,development,COMPOSITE,long_only,10.0,-0.01399331726258448,-0.014379104064614937,0.38578680203045684,0.014683672768316934,986,197,0
2023-12-29,development,COMPOSITE,long_only,25.0,-0.01399331726258448,-0.014957784267660623,0.38578680203045684,0.014683672768316934,986,197,0
2023-12-29,development,COMPOSITE,long_short,0.0,0.013711403815989918,0.013711403815989918,0.700507614213198,0.014683672768316934,986,197,197
2023-12-29,development,COMPOSITE,long_short,10.0,0.013711403815989918,0.013010896201776721,0.700507614213198,0.014683672768316934,986,197,197
2023-12-29,development,COMPOSITE,long_short,25.0,0.013711403815989918,0.011960134780456924,0.700507614213198,0.014683672768316934,986,197,197
2023-12-29,development,LV,long_only,0.0,0.002840794332799817,0.002840794332799817,0.3535353535353536,0.014575571050104293,991,198,0
2023-12-29,development,LV,long_only,10.0,0.002840794332799817,0.0024872589792644634,0.3535353535353536,0.014575571050104293,991,198,0
2023-12-29,development,LV,long_only,25.0,0.002840794332799817,0.001956955948961433,0.3535353535353536,0.014575571050104293,991,198,0
2023-12-29,development,LV,long_short,0.0,0.037118798880833956,0.037118798880833956,0.7171717171717172,0.014575571050104293,991,198,198
2023-12-29,development,LV,long_short,10.0,0.037118798880833956,0.036401627163662235,0.7171717171717172,0.014575571050104293,991,198,198
2023-12-29,development,LV,long_short,25.0,0.037118798880833956,0.035325869587904665,0.7171717171717172,0.014575571050104293,991,198,198
2023-12-29,development,MOM,long_only,0.0,0.008669592476095814,0.008669592476095814,0.606060606060606,0.014632495678584947,989,197,0
2023-12-29,development,MOM,long_only,10.0,0.008669592476095814,0.008063531870035208,0.606060606060606,0.014632495678584947,989,197,0
2023-12-29,development,MOM,long_only,25.0,0.008669592476095814,0.0071544409609443,0.606060606060606,0.014632495678584947,989,197,0
2023-12-29,development,MOM,long_short,0.0,0.050721559999901474,0.050721559999901474,1.3131313131313131,0.014632495678584947,989,197,197
2023-12-29,development,MOM,long_short,10.0,0.050721559999901474,0.04940842868677016,1.3131313131313131,0.014632495678584947,989,197,197
2023-12-29,development,MOM,long_short,25.0,0.050721559999901474,0.04743873171707319,1.3131313131313131,0.014632495678584947,989,197,197
2023-12-29,development,QUALITY,long_only,0.0,-0.0075475260012561295,-0.0075475260012561295,0.09137055837563451,0.014683672768316934,986,197,0
2023-12-29,development,QUALITY,long_only,10.0,-0.0075475260012561295,-0.007638896559631764,0.09137055837563451,0.014683672768316934,986,197,0
2023-12-29,development,QUALITY,long_only,25.0,-0.0075475260012561295,-0.007775952397195216,0.09137055837563451,0.014683672768316934,986,197,0
2023-12-29,development,QUALITY,long_short,0.0,0.03213968027395938,0.03213968027395938,0.24365482233502533,0.014683672768316934,986,197,197
2023-12-29,development,QUALITY,long_short,10.0,0.03213968027395938,0.03189602545162436,0.24365482233502533,0.014683672768316934,986,197,197
2023-12-29,development,QUALITY,long_short,25.0,0.03213968027395938,0.03153054321812181,0.24365482233502533,0.014683672768316934,986,197,197
2023-12-29,development,SIZE,long_only,0.0,-0.022452097424135273,-0.022452097424135273,0.3517587939698492,0.014505928806174113,998,199,0
2023-12-29,development,SIZE,long_only,10.0,-0.022452097424135273,-0.02280385621810512,0.3517587939698492,0.014505928806174113,998,199,0
2023-12-29,development,SIZE,long_only,25.0,-0.022452097424135273,-0.023331494409059895,0.3517587939698492,0.014505928806174113,998,199,0
2023-12-29,development,SIZE,long_short,0.0,-0.037451977673855476,-0.037451977673855476,0.4120603015075377,0.014505928806174113,998,199,199
2023-12-29,development,SIZE,long_short,10.0,-0.037451977673855476,-0.037864037975363016,0.4120603015075377,0.014505928806174113,998,199,199
2023-12-29,development,SIZE,long_short,25.0,-0.037451977673855476,-0.03848212842762432,0.4120603015075377,0.014505928806174113,998,199,199
2023-12-29,development,VALUE,long_only,0.0,-0.029190471270023097,-0.029190471270023097,0.20212765957446804,0.01580445077938096,937,187,0
2023-12-29,development,VALUE,long_only,10.0,-0.029190471270023097,-0.029392598929597565,0.20212765957446804,0.01580445077938096,937,187,0
2023-12-29,development,VALUE,long_only,25.0,-0.029190471270023097,-0.029695790418959266,0.20212765957446804,0.01580445077938096,937,187,0
2023-12-29,development,VALUE,long_short,0.0,-0.017214394707081828,-0.017214394707081828,0.3297872340425531,0.01580445077938096,937,187,187
2023-12-29,development,VALUE,long_short,10.0,-0.017214394707081828,-0.017544181941124382,0.3297872340425531,0.01580445077938096,937,187,187
2023-12-29,development,VALUE,long_short,25.0,-0.017214394707081828,-0.01803886279218821,0.3297872340425531,0.01580445077938096,937,187,187
2024-01-31,holdout,COMPOSITE,long_only,0.0,0.056236735913215714,0.056236735913215714,0.3451776649746192,0.05509304529085102,986,197,0
2024-01-31,holdout,COMPOSITE,long_only,10.0,0.056236735913215714,0.055891558248241095,0.3451776649746192,0.05509304529085102,986,197,0
2024-01-31,holdout,COMPOSITE,long_only,25.0,0.056236735913215714,0.05537379175077917,0.3451776649746192,0.05509304529085102,986,197,0
2024-01-31,holdout,COMPOSITE,long_short,0.0,0.009811756929633165,0.009811756929633165,0.6903553299492385,0.05509304529085102,986,197,197
2024-01-31,holdout,COMPOSITE,long_short,10.0,0.009811756929633165,0.009121401599683927,0.6903553299492385,0.05509304529085102,986,197,197
2024-01-31,holdout,COMPOSITE,long_short,25.0,0.009811756929633165,0.008085868604760068,0.6903553299492385,0.05509304529085102,986,197,197
2024-01-31,holdout,LV,long_only,0.0,0.04868048364623506,0.04868048364623506,0.31313131313131315,0.05522211419710995,992,198,0
2024-01-31,holdout,LV,long_only,10.0,0.04868048364623506,0.04836735233310375,0.31313131313131315,0.05522211419710995,992,198,0
2024-01-31,holdout,LV,long_only,25.0,0.04868048364623506,0.04789765536340678,0.31313131313131315,0.05522211419710995,992,198,0
2024-01-31,holdout,LV,long_short,0.0,-0.021705988187141534,-0.021705988187141534,0.6262626262626263,0.05522211419710995,992,198,198
2024-01-31,holdout,LV,long_short,10.0,-0.021705988187141534,-0.02233225081340416,0.6262626262626263,0.05522211419710995,992,198,198
2024-01-31,holdout,LV,long_short,25.0,-0.021705988187141534,-0.0232716447527981,0.6262626262626263,0.05522211419710995,992,198,198
2024-01-31,holdout,MOM,long_only,0.0,0.09653455569714645,0.09653455569714645,0.4848484848484848,0.055056457178491475,990,198,0
2024-01-31,holdout,MOM,long_only,10.0,0.09653455569714645,0.09604970721229796,0.4848484848484848,0.055056457178491475,990,198,0
2024-01-31,holdout,MOM,long_only,25.0,0.09653455569714645,0.09532243448502524,0.4848484848484848,0.055056457178491475,990,198,0
2024-01-31,holdout,MOM,long_short,0.0,0.05925152608626322,0.05925152608626322,1.0303030303030303,0.055056457178491475,990,198,198
2024-01-31,holdout,MOM,long_short,10.0,0.05925152608626322,0.05822122305596019,1.0303030303030303,0.055056457178491475,990,198,198
2024-01-31,holdout,MOM,long_short,25.0,0.05925152608626322,0.05667576851050564,1.0303030303030303,0.055056457178491475,990,198,198
2024-01-31,holdout,QUALITY,long_only,0.0,0.05886973246786197,0.05886973246786197,0.08121827411167512,0.055118730715816126,987,197,0
2024-01-31,holdout,QUALITY,long_only,10.0,0.05886973246786197,0.0587885141937503,0.08121827411167512,0.055118730715816126,987,197,0
2024-01-31,holdout,QUALITY,long_only,25.0,0.05886973246786197,0.058666686782582786,0.08121827411167512,0.055118730715816126,987,197,0
2024-01-31,holdout,QUALITY,long_short,0.0,0.0073582455825453455,0.0073582455825453455,0.2233502538071066,0.055118730715816126,987,197,197
2024-01-31,holdout,QUALITY,long_short,10.0,0.0073582455825453455,0.0071348953287382385,0.2233502538071066,0.055118730715816126,987,197,197
2024-01-31,holdout,QUALITY,long_short,25.0,0.0073582455825453455,0.006799869948027579,0.2233502538071066,0.055118730715816126,987,197,197
2024-01-31,holdout,SIZE,long_only,0.0,0.04498031441338261,0.04498031441338261,0.2914572864321608,0.05519624800788775,998,199,0
2024-01-31,holdout,SIZE,long_only,10.0,0.04498031441338261,0.044688857126950456,0.2914572864321608,0.05519624800788775,998,199,0
2024-01-31,holdout,SIZE,long_only,25.0,0.04498031441338261,0.04425167119730221,0.2914572864321608,0.05519624800788775,998,199,0
2024-01-31,holdout,SIZE,long_short,0.0,0.0006263714367059584,0.0006263714367059584,0.3417085427135678,0.05519624800788775,998,199,199
2024-01-31,holdout,SIZE,long_short,10.0,0.0006263714367059584,0.0002846628939923906,0.3417085427135678,0.05519624800788775,998,199,199
2024-01-31,holdout,SIZE,long_short,25.0,0.0006263714367059584,-0.00022789992007796113,0.3417085427135678,0.05519624800788775,998,199,199
2024-01-31,holdout,VALUE,long_only,0.0,0.026964745283409752,0.026964745283409752,0.1818181818181818,0.055867572071695806,936,187,0
2024-01-31,holdout,VALUE,long_only,10.0,0.026964745283409752,0.02678292710159157,0.1818181818181818,0.055867572071695806,936,187,0
2024-01-31,holdout,VALUE,long_only,25.0,0.026964745283409752,0.0265101998288643,0.1818181818181818,0.055867572071695806,936,187,0
2024-01-31,holdout,VALUE,long_short,0.0,-0.03223827503361738,-0.03223827503361738,0.33155080213903737,0.055867572071695806,936,187,187
2024-01-31,holdout,VALUE,long_short,10.0,-0.03223827503361738,-0.03256982583575642,0.33155080213903737,0.055867572071695806,936,187,187
2024-01-31,holdout,VALUE,long_short,25.0,-0.03223827503361738,-0.03306715203896498,0.33155080213903737,0.055867572071695806,936,187,187
2024-02-29,holdout,COMPOSITE,long_only,0.0,0.04524947366883744,0.04524947366883744,0.30456852791878164,0.032918688012831814,985,197,0
2024-02-29,holdout,COMPOSITE,long_only,10.0,0.04524947366883744,0.04494490514091866,0.30456852791878164,0.032918688012831814,985,197,0
2024-02-29,holdout,COMPOSITE,long_only,25.0,0.04524947366883744,0.04448805234904049,0.30456852791878164,0.032918688012831814,985,197,0
2024-02-29,holdout,COMPOSITE,long_short,0.0,0.006077051844707311,0.006077051844707311,0.5685279187817258,0.032918688012831814,985,197,197
2024-02-29,holdout,COMPOSITE,long_short,10.0,0.006077051844707311,0.005508523925925585,0.5685279187817258,0.032918688012831814,985,197,197
2024-02-29,holdout,COMPOSITE,long_short,25.0,0.006077051844707311,0.004655732047752996,0.5685279187817258,0.032918688012831814,985,197,197
2024-02-29,holdout,LV,long_only,0.0,0.03438234524120119,0.03438234524120119,0.3232323232323233,0.03284975452324176,992,198,0
2024-02-29,holdout,LV,long_only,10.0,0.03438234524120119,0.03405911291796887,0.3232323232323233,0.03284975452324176,992,198,0
2024-02-29,holdout,LV,long_only,25.0,0.03438234524120119,0.033574264433120386,0.3232323232323233,0.03284975452324176,992,198,0
2024-02-29,holdout,LV,long_short,0.0,-0.006444270929390569,-0.006444270929390569,0.6565656565656566,0.03284975452324176,992,198,198
2024-02-29,holdout,LV,long_short,10.0,-0.006444270929390569,-0.0071008365859562255,0.6565656565656566,0.03284975452324176,992,198,198
2024-02-29,holdout,LV,long_short,25.0,-0.006444270929390569,-0.008085685070804711,0.6565656565656566,0.03284975452324176,992,198,198
2024-02-29,holdout,MOM,long_only,0.0,0.03539800625533503,0.03539800625533503,0.3737373737373738,0.03284347748389876,990,198,0
2024-02-29,holdout,MOM,long_only,10.0,0.03539800625533503,0.03502426888159765,0.3737373737373738,0.03284347748389876,990,198,0
2024-02-29,holdout,MOM,long_only,25.0,0.03539800625533503,0.03446366282099159,0.3737373737373738,0.03284347748389876,990,198,0
2024-02-29,holdout,MOM,long_short,0.0,-0.009539415622000044,-0.009539415622000044,0.8686868686868688,0.03284347748389876,990,198,198
2024-02-29,holdout,MOM,long_short,10.0,-0.009539415622000044,-0.010408102490686914,0.8686868686868688,0.03284347748389876,990,198,198
2024-02-29,holdout,MOM,long_short,25.0,-0.009539415622000044,-0.011711132793717216,0.8686868686868688,0.03284347748389876,990,198,198
2024-02-29,holdout,QUALITY,long_only,0.0,0.0286578746912259,0.0286578746912259,0.07106598984771573,0.032913440141018886,986,197,0
2024-02-29,holdout,QUALITY,long_only,10.0,0.0286578746912259,0.028586808701378183,0.07106598984771573,0.032913440141018886,986,197,0
2024-02-29,holdout,QUALITY,long_only,25.0,0.0286578746912259,0.02848020971660661,0.07106598984771573,0.032913440141018886,986,197,0
2024-02-29,holdout,QUALITY,long_short,0.0,-0.010661681208142482,-0.010661681208142482,0.1928934010152284,0.032913440141018886,986,197,197
2024-02-29,holdout,QUALITY,long_short,10.0,-0.010661681208142482,-0.010854574609157711,0.1928934010152284,0.032913440141018886,986,197,197
2024-02-29,holdout,QUALITY,long_short,25.0,-0.010661681208142482,-0.011143914710680552,0.1928934010152284,0.032913440141018886,986,197,197
2024-02-29,holdout,SIZE,long_only,0.0,0.040863149818224385,0.040863149818224385,0.4020100502512563,0.03297036208583073,997,199,0
2024-02-29,holdout,SIZE,long_only,10.0,0.040863149818224385,0.04046113976797313,0.4020100502512563,0.03297036208583073,997,199,0
2024-02-29,holdout,SIZE,long_only,25.0,0.040863149818224385,0.039858124692596246,0.4020100502512563,0.03297036208583073,997,199,0
2024-02-29,holdout,SIZE,long_short,0.0,0.0054501201738313835,0.0054501201738313835,0.4723618090452262,0.03297036208583073,997,199,199
2024-02-29,holdout,SIZE,long_short,10.0,0.0054501201738313835,0.0049777583647861575,0.4723618090452262,0.03297036208583073,997,199,199
2024-02-29,holdout,SIZE,long_short,25.0,0.0054501201738313835,0.004269215651218318,0.4723618090452262,0.03297036208583073,997,199,199
2024-02-29,holdout,VALUE,long_only,0.0,0.06870875742700173,0.06870875742700173,0.18181818181818182,0.03322549206802447,936,187,0
2024-02-29,holdout,VALUE,long_only,10.0,0.06870875742700173,0.06852693924518355,0.18181818181818182,0.03322549206802447,936,187,0
2024-02-29,holdout,VALUE,long_only,25.0,0.06870875742700173,0.06825421197245628,0.18181818181818182,0.03322549206802447,936,187,0
2024-02-29,holdout,VALUE,long_short,0.0,0.03384785288269502,0.03384785288269502,0.32085561497326204,0.03322549206802447,936,187,187
2024-02-29,holdout,VALUE,long_short,10.0,0.03384785288269502,0.03352699726772176,0.32085561497326204,0.03322549206802447,936,187,187
2024-02-29,holdout,VALUE,long_short,25.0,0.03384785288269502,0.033045713845261865,0.32085561497326204,0.03322549206802447,936,187,187
2024-03-28,holdout,COMPOSITE,long_only,0.0,-0.052806422568802136,-0.052806422568802136,0.30456852791878175,-0.04053863446416731,986,197,0
2024-03-28,holdout,COMPOSITE,long_only,10.0,-0.052806422568802136,-0.05311099109672092,0.30456852791878175,-0.04053863446416731,986,197,0
2024-03-28,holdout,COMPOSITE,long_only,25.0,-0.052806422568802136,-0.05356784388859909,0.30456852791878175,-0.04053863446416731,986,197,0
2024-03-28,holdout,COMPOSITE,long_short,0.0,0.007497978462198691,0.007497978462198691,0.6091370558375634,-0.04053863446416731,986,197,197
2024-03-28,holdout,COMPOSITE,long_short,10.0,0.007497978462198691,0.006888841406361128,0.6091370558375634,-0.04053863446416731,986,197,197
2024-03-28,holdout,COMPOSITE,long_short,25.0,0.007497978462198691,0.005975135822604782,0.6091370558375634,-0.04053863446416731,986,197,197
2024-03-28,holdout,LV,long_only,0.0,-0.045199264261696466,-0.045199264261696466,0.3737373737373738,-0.04069460417629487,994,198,0
2024-03-28,holdout,LV,long_only,10.0,-0.045199264261696466,-0.04557300163543384,0.3737373737373738,-0.04069460417629487,994,198,0
2024-03-28,holdout,LV,long_only,25.0,-0.045199264261696466,-0.0461336076960399,0.3737373737373738,-0.04069460417629487,994,198,0
2024-03-28,holdout,LV,long_short,0.0,0.04023680440177692,0.04023680440177692,0.6666666666666667,-0.04069460417629487,994,198,198
2024-03-28,holdout,LV,long_short,10.0,0.04023680440177692,0.03957013773511025,0.6666666666666667,-0.04069460417629487,994,198,198
2024-03-28,holdout,LV,long_short,25.0,0.04023680440177692,0.038570137735110255,0.6666666666666667,-0.04069460417629487,994,198,198
2024-03-28,holdout,MOM,long_only,0.0,-0.06093717971110118,-0.06093717971110118,0.5252525252525253,-0.040637620691648745,992,198,0
2024-03-28,holdout,MOM,long_only,10.0,-0.06093717971110118,-0.061462432236353705,0.5252525252525253,-0.040637620691648745,992,198,0
2024-03-28,holdout,MOM,long_only,25.0,-0.06093717971110118,-0.062250311024232494,0.5252525252525253,-0.040637620691648745,992,198,0
2024-03-28,holdout,MOM,long_short,0.0,0.00900505312434369,0.00900505312434369,1.0404040404040407,-0.040637620691648745,992,198,198
2024-03-28,holdout,MOM,long_short,10.0,0.00900505312434369,0.00796464908393965,1.0404040404040407,-0.040637620691648745,992,198,198
2024-03-28,holdout,MOM,long_short,25.0,0.00900505312434369,0.006404043023333588,1.0404040404040407,-0.040637620691648745,992,198,198
2024-03-28,holdout,QUALITY,long_only,0.0,-0.06131368416431834,-0.06131368416431834,0.11167512690355329,-0.04054249384093339,987,197,0
2024-03-28,holdout,QUALITY,long_only,10.0,-0.06131368416431834,-0.06142535929122189,0.11167512690355329,-0.04054249384093339,987,197,0
2024-03-28,holdout,QUALITY,long_only,25.0,-0.06131368416431834,-0.06159287198157722,0.11167512690355329,-0.04054249384093339,987,197,0
2024-03-28,holdout,QUALITY,long_short,0.0,0.005871426217776275,0.005871426217776275,0.233502538071066,-0.04054249384093339,987,197,197
2024-03-28,holdout,QUALITY,long_short,10.0,0.005871426217776275,0.005637923679705209,0.233502538071066,-0.04054249384093339,987,197,197
2024-03-28,holdout,QUALITY,long_short,25.0,0.005871426217776275,0.00528766987259861,0.233502538071066,-0.04054249384093339,987,197,197
2024-03-28,holdout,SIZE,long_only,0.0,-0.06100270986849379,-0.06100270986849379,0.3115577889447236,-0.04065249141392864,999,199,0
2024-03-28,holdout,SIZE,long_only,10.0,-0.06100270986849379,-0.06131426765743852,0.3115577889447236,-0.04065249141392864,999,199,0
2024-03-28,holdout,SIZE,long_only,25.0,-0.06100270986849379,-0.061781604340855605,0.3115577889447236,-0.04065249141392864,999,199,0
2024-03-28,holdout,SIZE,long_short,0.0,-0.016742804474039585,-0.016742804474039585,0.39195979899497485,-0.04065249141392864,999,199,199
2024-03-28,holdout,SIZE,long_short,10.0,-0.016742804474039585,-0.01713476427303456,0.39195979899497485,-0.04065249141392864,999,199,199
2024-03-28,holdout,SIZE,long_short,25.0,-0.016742804474039585,-0.01772270397152702,0.39195979899497485,-0.04065249141392864,999,199,199
2024-03-28,holdout,VALUE,long_only,0.0,-0.05806335386609204,-0.05806335386609204,0.17112299465240638,-0.03992231280796928,939,187,0
2024-03-28,holdout,VALUE,long_only,10.0,-0.05806335386609204,-0.05823447686074445,0.17112299465240638,-0.03992231280796928,939,187,0
2024-03-28,holdout,VALUE,long_only,25.0,-0.05806335386609204,-0.05849116135272306,0.17112299465240638,-0.03992231280796928,939,187,0
2024-03-28,holdout,VALUE,long_short,0.0,-0.0019818173043238668,-0.0019818173043238668,0.3529411764705882,-0.03992231280796928,939,187,187
2024-03-28,holdout,VALUE,long_short,10.0,-0.0019818173043238668,-0.002334758480794455,0.3529411764705882,-0.03992231280796928,939,187,187
2024-03-28,holdout,VALUE,long_short,25.0,-0.0019818173043238668,-0.002864170245500337,0.3529411764705882,-0.03992231280796928,939,187,187
2024-04-30,holdout,COMPOSITE,long_only,0.0,0.046059411464988764,0.046059411464988764,0.38578680203045684,0.047835205715429215,981,196,0
2024-04-30,holdout,COMPOSITE,long_only,10.0,0.046059411464988764,0.04567362466295831,0.38578680203045684,0.047835205715429215,981,196,0
2024-04-30,holdout,COMPOSITE,long_only,25.0,0.046059411464988764,0.04509494445991262,0.38578680203045684,0.047835205715429215,981,196,0
2024-04-30,holdout,COMPOSITE,long_short,0.0,0.021705306551037258,0.021705306551037258,0.7918781725888324,0.047835205715429215,981,196,196
2024-04-30,holdout,COMPOSITE,long_short,10.0,0.021705306551037258,0.020913428378448427,0.7918781725888324,0.047835205715429215,981,196,196
2024-04-30,holdout,COMPOSITE,long_short,25.0,0.021705306551037258,0.019725611119565178,0.7918781725888324,0.047835205715429215,981,196,196
2024-04-30,holdout,LV,long_only,0.0,0.024206004487385357,0.024206004487385357,0.24242424242424243,0.04779408375772741,991,198,0
2024-04-30,holdout,LV,long_only,10.0,0.024206004487385357,0.023963580244961116,0.24242424242424243,0.04779408375772741,991,198,0
2024-04-30,holdout,LV,long_only,25.0,0.024206004487385357,0.02359994388132475,0.24242424242424243,0.04779408375772741,991,198,0
2024-04-30,holdout,LV,long_short,0.0,-0.007414253186561392,-0.007414253186561392,0.5050505050505052,0.04779408375772741,991,198,198
2024-04-30,holdout,LV,long_short,10.0,-0.007414253186561392,-0.007919303691611897,0.5050505050505052,0.04779408375772741,991,198,198
2024-04-30,holdout,LV,long_short,25.0,-0.007414253186561392,-0.008676879449187654,0.5050505050505052,0.04779408375772741,991,198,198
2024-04-30,holdout,MOM,long_only,0.0,0.04718726335312072,0.04718726335312072,0.5353535353535352,0.04777163418393791,987,197,0
2024-04-30,holdout,MOM,long_only,10.0,0.04718726335312072,0.046651909817767186,0.5353535353535352,0.04777163418393791,987,197,0
2024-04-30,holdout,MOM,long_only,25.0,0.04718726335312072,0.04584887951473688,0.5353535353535352,0.04777163418393791,987,197,0
2024-04-30,holdout,MOM,long_short,0.0,0.02525819708513376,0.02525819708513376,1.121212121212121,0.04777163418393791,987,197,197
2024-04-30,holdout,MOM,long_short,10.0,0.02525819708513376,0.02413698496392164,1.121212121212121,0.04777163418393791,987,197,197
2024-04-30,holdout,MOM,long_short,25.0,0.02525819708513376,0.022455166782103457,1.121212121212121,0.04777163418393791,987,197,197
2024-04-30,holdout,QUALITY,long_only,0.0,0.027454056753562776,0.027454056753562776,0.10152284263959394,0.047834312110784885,983,196,0
2024-04-30,holdout,QUALITY,long_only,10.0,0.027454056753562776,0.027352533910923182,0.10152284263959394,0.047834312110784885,983,196,0
2024-04-30,holdout,QUALITY,long_only,25.0,0.027454056753562776,0.02720024964696379,0.10152284263959394,0.047834312110784885,983,196,0
2024-04-30,holdout,QUALITY,long_short,0.0,-0.0033392335074245803,-0.0033392335074245803,0.24365482233502542,0.047834312110784885,983,196,196
2024-04-30,holdout,QUALITY,long_short,10.0,-0.0033392335074245803,-0.0035828883297596057,0.24365482233502542,0.047834312110784885,983,196,196
2024-04-30,holdout,QUALITY,long_short,25.0,-0.0033392335074245803,-0.003948370563262144,0.24365482233502542,0.047834312110784885,983,196,196
2024-04-30,holdout,SIZE,long_only,0.0,0.042852406824528094,0.042852406824528094,0.25125628140703515,0.047685023204716584,996,199,0
2024-04-30,holdout,SIZE,long_only,10.0,0.042852406824528094,0.04260115054312106,0.25125628140703515,0.047685023204716584,996,199,0
2024-04-30,holdout,SIZE,long_only,25.0,0.042852406824528094,0.042224266121010504,0.25125628140703515,0.047685023204716584,996,199,0
2024-04-30,holdout,SIZE,long_short,0.0,0.015840702033222357,0.015840702033222357,0.3417085427135678,0.047685023204716584,996,199,199
2024-04-30,holdout,SIZE,long_short,10.0,0.015840702033222357,0.015498993490508789,0.3417085427135678,0.047685023204716584,996,199,199
2024-04-30,holdout,SIZE,long_short,25.0,0.015840702033222357,0.014986430676438437,0.3417085427135678,0.047685023204716584,996,199,199
2024-04-30,holdout,VALUE,long_only,0.0,0.038941879124553574,0.038941879124553574,0.181818181818182,0.048700109607287836,932,186,0
2024-04-30,holdout,VALUE,long_only,10.0,0.038941879124553574,0.038760060942735396,0.181818181818182,0.048700109607287836,932,186,0
2024-04-30,holdout,VALUE,long_only,25.0,0.038941879124553574,0.03848733367000812,0.181818181818182,0.048700109607287836,932,186,0
2024-04-30,holdout,VALUE,long_short,0.0,0.004384630155889836,0.004384630155889836,0.35294117647058854,0.048700109607287836,932,186,186
2024-04-30,holdout,VALUE,long_short,10.0,0.004384630155889836,0.004031688979419247,0.35294117647058854,0.048700109607287836,932,186,186
2024-04-30,holdout,VALUE,long_short,25.0,0.004384630155889836,0.003502277214713365,0.35294117647058854,0.048700109607287836,932,186,186
2024-05-31,holdout,COMPOSITE,long_only,0.0,-0.012086104370307821,-0.012086104370307821,0.2857142857142857,0.03432408706170906,982,196,0
2024-05-31,holdout,COMPOSITE,long_only,10.0,-0.012086104370307821,-0.012371818656022106,0.2857142857142857,0.03432408706170906,982,196,0
2024-05-31,holdout,COMPOSITE,long_only,25.0,-0.012086104370307821,-0.012800390084593535,0.2857142857142857,0.03432408706170906,982,196,0
2024-05-31,holdout,COMPOSITE,long_short,0.0,-0.008142951155730254,-0.008142951155730254,0.5714285714285714,0.03432408706170906,982,196,196
2024-05-31,holdout,COMPOSITE,long_short,10.0,-0.008142951155730254,-0.008714379727158826,0.5714285714285714,0.03432408706170906,982,196,196
2024-05-31,holdout,COMPOSITE,long_short,25.0,-0.008142951155730254,-0.009571522584301682,0.5714285714285714,0.03432408706170906,982,196,196
2024-05-31,holdout,LV,long_only,0.0,0.004774131270546292,0.004774131270546292,0.25252525252525254,0.03410217762726195,992,198,0
2024-05-31,holdout,LV,long_only,10.0,0.004774131270546292,0.00452160601802104,0.25252525252525254,0.03410217762726195,992,198,0
2024-05-31,holdout,LV,long_only,25.0,0.004774131270546292,0.004142818139233161,0.25252525252525254,0.03410217762726195,992,198,0
2024-05-31,holdout,LV,long_short,0.0,0.01741800241561649,0.01741800241561649,0.5050505050505052,0.03410217762726195,992,198,198
2024-05-31,holdout,LV,long_short,10.0,0.01741800241561649,0.016912951910565986,0.5050505050505052,0.03410217762726195,992,198,198
2024-05-31,holdout,LV,long_short,25.0,0.01741800241561649,0.016155376152990227,0.5050505050505052,0.03410217762726195,992,198,198
2024-05-31,holdout,MOM,long_only,0.0,0.0029525172491036353,0.0029525172491036353,0.35532994923857864,0.03418196039755136,989,197,0
2024-05-31,holdout,MOM,long_only,10.0,0.0029525172491036353,0.0025971872998650568,0.35532994923857864,0.03418196039755136,989,197,0
2024-05-31,holdout,MOM,long_only,25.0,0.0029525172491036353,0.0020641923760071888,0.35532994923857864,0.03418196039755136,989,197,0
2024-05-31,holdout,MOM,long_short,0.0,0.021375342589556697,0.021375342589556697,0.8223350253807107,0.03418196039755136,989,197,197
2024-05-31,holdout,MOM,long_short,10.0,0.021375342589556697,0.020553007564175985,0.8223350253807107,0.03418196039755136,989,197,197
2024-05-31,holdout,MOM,long_short,25.0,0.021375342589556697,0.01931950502610492,0.8223350253807107,0.03418196039755136,989,197,197
2024-05-31,holdout,QUALITY,long_only,0.0,0.0018097073734326336,0.0018097073734326336,0.061224489795918366,0.034316177703683864,983,196,0
2024-05-31,holdout,QUALITY,long_only,10.0,0.0018097073734326336,0.0017484828836367152,0.061224489795918366,0.034316177703683864,983,196,0
2024-05-31,holdout,QUALITY,long_only,25.0,0.0018097073734326336,0.0016566461489428376,0.061224489795918366,0.034316177703683864,983,196,0
2024-05-31,holdout,QUALITY,long_short,0.0,0.016274390930166912,0.016274390930166912,0.17346938775510204,0.034316177703683864,983,196,196
2024-05-31,holdout,QUALITY,long_short,10.0,0.016274390930166912,0.01610092154241181,0.17346938775510204,0.034316177703683864,983,196,196
2024-05-31,holdout,QUALITY,long_short,25.0,0.016274390930166912,0.015840717460779155,0.17346938775510204,0.034316177703683864,983,196,196
2024-05-31,holdout,SIZE,long_only,0.0,-0.01562567407383765,-0.01562567407383765,0.3,0.03394219774004205,1000,200,0
2024-05-31,holdout,SIZE,long_only,10.0,-0.01562567407383765,-0.015925674073837652,0.3,0.03394219774004205,1000,200,0
2024-05-31,holdout,SIZE,long_only,25.0,-0.01562567407383765,-0.01637567407383765,0.3,0.03394219774004205,1000,200,0
2024-05-31,holdout,SIZE,long_short,0.0,-0.029575972932831672,-0.029575972932831672,0.4,0.03394219774004205,1000,200,200
2024-05-31,holdout,SIZE,long_short,10.0,-0.029575972932831672,-0.029975972932831673,0.4,0.03394219774004205,1000,200,200
2024-05-31,holdout,SIZE,long_short,25.0,-0.029575972932831672,-0.030575972932831673,0.4,0.03394219774004205,1000,200,200
2024-05-31,holdout,VALUE,long_only,0.0,-0.023267121269025574,-0.023267121269025574,0.16129032258064518,0.03515993078225817,932,186,0
2024-05-31,holdout,VALUE,long_only,10.0,-0.023267121269025574,-0.02342841159160622,0.16129032258064518,0.03515993078225817,932,186,0
2024-05-31,holdout,VALUE,long_only,25.0,-0.023267121269025574,-0.02367034707547719,0.16129032258064518,0.03515993078225817,932,186,0
2024-05-31,holdout,VALUE,long_short,0.0,-0.03281421555308259,-0.03281421555308259,0.2903225806451613,0.03515993078225817,932,186,186
2024-05-31,holdout,VALUE,long_short,10.0,-0.03281421555308259,-0.03310453813372775,0.2903225806451613,0.03515993078225817,932,186,186
2024-05-31,holdout,VALUE,long_short,25.0,-0.03281421555308259,-0.03354002200469549,0.2903225806451613,0.03515993078225817,932,186,186
2024-06-28,holdout,COMPOSITE,long_only,0.0,0.05908404966451684,0.05908404966451684,0.33673469387755106,0.01333070402966751,979,195,0
2024-06-28,holdout,COMPOSITE,long_only,10.0,0.05908404966451684,0.058747314970639286,0.33673469387755106,0.01333070402966751,979,195,0
2024-06-28,holdout,COMPOSITE,long_only,25.0,0.05908404966451684,0.058242212929822956,0.33673469387755106,0.01333070402966751,979,195,0
2024-06-28,holdout,COMPOSITE,long_short,0.0,0.018322329315288738,0.018322329315288738,0.7551020408163267,0.01333070402966751,979,195,195
2024-06-28,holdout,COMPOSITE,long_short,10.0,0.018322329315288738,0.01756722727447241,0.7551020408163267,0.01333070402966751,979,195,195
2024-06-28,holdout,COMPOSITE,long_short,25.0,0.018322329315288738,0.01643457421324792,0.7551020408163267,0.01333070402966751,979,195,195
2024-06-28,holdout,LV,long_only,0.0,0.04241596782240547,0.04241596782240547,0.3232323232323231,0.013466093107855882,989,197,0
2024-06-28,holdout,LV,long_only,10.0,0.04241596782240547,0.042092735499173146,0.3232323232323231,0.013466093107855882,989,197,0
2024-06-28,holdout,LV,long_only,25.0,0.04241596782240547,0.04160788701432466,0.3232323232323231,0.013466093107855882,989,197,0
2024-06-28,holdout,LV,long_short,0.0,-0.0023232179030105767,-0.0023232179030105767,0.6666666666666665,0.013466093107855882,989,197,197
2024-06-28,holdout,LV,long_short,10.0,-0.0023232179030105767,-0.0029898845696772433,0.6666666666666665,0.013466093107855882,989,197,197
2024-06-28,holdout,LV,long_short,25.0,-0.0023232179030105767,-0.003989884569677244,0.6666666666666665,0.013466093107855882,989,197,197
2024-06-28,holdout,MOM,long_only,0.0,0.03339457764604569,0.03339457764604569,0.5786802030456853,0.013478683493126638,987,197,0
2024-06-28,holdout,MOM,long_only,10.0,0.03339457764604569,0.03281589744300001,0.5786802030456853,0.013478683493126638,987,197,0
2024-06-28,holdout,MOM,long_only,25.0,0.03339457764604569,0.031947877138431474,0.5786802030456853,0.013478683493126638,987,197,0
2024-06-28,holdout,MOM,long_short,0.0,-0.016574587882428393,-0.016574587882428393,1.1979695431472082,0.013478683493126638,987,197,197
2024-06-28,holdout,MOM,long_short,10.0,-0.016574587882428393,-0.0177725574255756,1.1979695431472082,0.013478683493126638,987,197,197
2024-06-28,holdout,MOM,long_short,25.0,-0.016574587882428393,-0.019569511740296412,1.1979695431472082,0.013478683493126638,987,197,197
2024-06-28,holdout,QUALITY,long_only,0.0,0.031129251885313867,0.031129251885313867,0.13265306122448978,0.013354106575999607,980,196,0
2024-06-28,holdout,QUALITY,long_only,10.0,0.031129251885313867,0.030996598824089377,0.13265306122448978,0.013354106575999607,980,196,0
2024-06-28,holdout,QUALITY,long_only,25.0,0.031129251885313867,0.030797619232252643,0.13265306122448978,0.013354106575999607,980,196,0
2024-06-28,holdout,QUALITY,long_short,0.0,-0.03233661653257066,-0.03233661653257066,0.346938775510204,0.013354106575999607,980,196,196
2024-06-28,holdout,QUALITY,long_short,10.0,-0.03233661653257066,-0.03268355530808086,0.346938775510204,0.013354106575999607,980,196,196
2024-06-28,holdout,QUALITY,long_short,25.0,-0.03233661653257066,-0.033203963471346166,0.346938775510204,0.013354106575999607,980,196,196
2024-06-28,holdout,SIZE,long_only,0.0,0.06896681361981792,0.06896681361981792,0.34,0.013567406799156672,997,199,0
2024-06-28,holdout,SIZE,long_only,10.0,0.06896681361981792,0.06862681361981791,0.34,0.013567406799156672,997,199,0
2024-06-28,holdout,SIZE,long_only,25.0,0.06896681361981792,0.06811681361981792,0.34,0.013567406799156672,997,199,0
2024-06-28,holdout,SIZE,long_short,0.0,0.041138056725186826,0.041138056725186826,0.39999999999999997,0.013567406799156672,997,199,199
2024-06-28,holdout,SIZE,long_short,10.0,0.041138056725186826,0.04073805672518683,0.39999999999999997,0.013567406799156672,997,199,199
2024-06-28,holdout,SIZE,long_short,25.0,0.041138056725186826,0.040138056725186826,0.39999999999999997,0.013567406799156672,997,199,199
2024-06-28,holdout,VALUE,long_only,0.0,0.06270755615302585,0.06270755615302585,0.15053763440860218,0.012029971890147682,928,185,0
2024-06-28,holdout,VALUE,long_only,10.0,0.06270755615302585,0.06255701851861725,0.15053763440860218,0.012029971890147682,928,185,0
2024-06-28,holdout,VALUE,long_only,25.0,0.06270755615302585,0.06233121206700435,0.15053763440860218,0.012029971890147682,928,185,0
2024-06-28,holdout,VALUE,long_short,0.0,0.024535744090507558,0.024535744090507558,0.3763440860215054,0.012029971890147682,928,185,185
2024-06-28,holdout,VALUE,long_short,10.0,0.024535744090507558,0.02415940000448605,0.3763440860215054,0.012029971890147682,928,185,185
2024-06-28,holdout,VALUE,long_short,25.0,0.024535744090507558,0.023594883875453793,0.3763440860215054,0.012029971890147682,928,185,185
2024-07-31,holdout,COMPOSITE,long_only,0.0,0.008617688322812176,0.008617688322812176,0.36548223350253817,0.022390083117936187,985,197,0
2024-07-31,holdout,COMPOSITE,long_only,10.0,0.008617688322812176,0.008252206089309638,0.36548223350253817,0.022390083117936187,985,197,0
2024-07-31,holdout,COMPOSITE,long_only,25.0,0.008617688322812176,0.007703982739055831,0.36548223350253817,0.022390083117936187,985,197,0
2024-07-31,holdout,COMPOSITE,long_short,0.0,-0.008076368058599423,-0.008076368058599423,0.7106598984771575,0.022390083117936187,985,197,197
2024-07-31,holdout,COMPOSITE,long_short,10.0,-0.008076368058599423,-0.00878702795707658,0.7106598984771575,0.022390083117936187,985,197,197
2024-07-31,holdout,COMPOSITE,long_short,25.0,-0.008076368058599423,-0.009853017804792316,0.7106598984771575,0.022390083117936187,985,197,197
2024-07-31,holdout,LV,long_only,0.0,0.02340184319654249,0.02340184319654249,0.25252525252525243,0.022365854886464448,990,198,0
2024-07-31,holdout,LV,long_only,10.0,0.02340184319654249,0.023149317944017235,0.25252525252525243,0.022365854886464448,990,198,0
2024-07-31,holdout,LV,long_only,25.0,0.02340184319654249,0.022770530065229357,0.25252525252525243,0.022365854886464448,990,198,0
2024-07-31,holdout,LV,long_short,0.0,0.024557692989056974,0.024557692989056974,0.5858585858585856,0.022365854886464448,990,198,198
2024-07-31,holdout,LV,long_short,10.0,0.024557692989056974,0.02397183440319839,0.5858585858585856,0.022365854886464448,990,198,198
2024-07-31,holdout,LV,long_short,25.0,0.024557692989056974,0.02309304652441051,0.5858585858585856,0.022365854886464448,990,198,198
2024-07-31,holdout,MOM,long_only,0.0,0.030845528805749554,0.030845528805749554,0.5177664974619289,0.02236265915672605,989,197,0
2024-07-31,holdout,MOM,long_only,10.0,0.030845528805749554,0.030327762308287626,0.5177664974619289,0.02236265915672605,989,197,0
2024-07-31,holdout,MOM,long_only,25.0,0.030845528805749554,0.029551112562094733,0.5177664974619289,0.02236265915672605,989,197,0
2024-07-31,holdout,MOM,long_short,0.0,0.02221393119921293,0.02221393119921293,1.1065989847715736,0.02236265915672605,989,197,197
2024-07-31,holdout,MOM,long_short,10.0,0.02221393119921293,0.021107332214441357,1.1065989847715736,0.02236265915672605,989,197,197
2024-07-31,holdout,MOM,long_short,25.0,0.02221393119921293,0.019447433737283998,1.1065989847715736,0.02236265915672605,989,197,197
2024-07-31,holdout,QUALITY,long_only,0.0,0.015013171280036564,0.015013171280036564,0.35532994923857864,0.022415845389685003,988,197,0
2024-07-31,holdout,QUALITY,long_only,10.0,0.015013171280036564,0.014657841330797986,0.35532994923857864,0.022415845389685003,988,197,0
2024-07-31,holdout,QUALITY,long_only,25.0,0.015013171280036564,0.014124846406940117,0.35532994923857864,0.022415845389685003,988,197,0
2024-07-31,holdout,QUALITY,long_short,0.0,0.0046953506115107934,0.0046953506115107934,0.7512690355329948,0.022415845389685003,988,197,197
2024-07-31,holdout,QUALITY,long_short,10.0,0.0046953506115107934,0.003944081575977799,0.7512690355329948,0.022415845389685003,988,197,197
2024-07-31,holdout,QUALITY,long_short,25.0,0.0046953506115107934,0.0028171780226783063,0.7512690355329948,0.022415845389685003,988,197,197
2024-07-31,holdout,SIZE,long_only,0.0,-0.003360607316943369,-0.003360607316943369,0.3316582914572864,0.022570572564555014,999,199,0
2024-07-31,holdout,SIZE,long_only,10.0,-0.003360607316943369,-0.0036922656084006555,0.3316582914572864,0.022570572564555014,999,199,0
2024-07-31,holdout,SIZE,long_only,25.0,-0.003360607316943369,-0.004189753045586585,0.3316582914572864,0.022570572564555014,999,199,0
2024-07-31,holdout,SIZE,long_short,0.0,-0.033458292253720386,-0.033458292253720386,0.40201005025125625,0.022570572564555014,999,199,199
2024-07-31,holdout,SIZE,long_short,10.0,-0.033458292253720386,-0.03386030230397164,0.40201005025125625,0.022570572564555014,999,199,199
2024-07-31,holdout,SIZE,long_short,25.0,-0.033458292253720386,-0.034463317379348525,0.40201005025125625,0.022570572564555014,999,199,199
2024-07-31,holdout,VALUE,long_only,0.0,-0.001391524381227394,-0.001391524381227394,0.24598930481283426,0.021434922807781205,939,187,0
2024-07-31,holdout,VALUE,long_only,10.0,-0.001391524381227394,-0.0016375136860402283,0.24598930481283426,0.021434922807781205,939,187,0
2024-07-31,holdout,VALUE,long_only,25.0,-0.001391524381227394,-0.00200649764325948,0.24598930481283426,0.021434922807781205,939,187,0
2024-07-31,holdout,VALUE,long_short,0.0,-0.024102860422075722,-0.024102860422075722,0.6737967914438503,0.021434922807781205,939,187,187
2024-07-31,holdout,VALUE,long_short,10.0,-0.024102860422075722,-0.02477665721351957,0.6737967914438503,0.021434922807781205,939,187,187
2024-07-31,holdout,VALUE,long_short,25.0,-0.024102860422075722,-0.02578735240068535,0.6737967914438503,0.021434922807781205,939,187,187
2024-08-30,holdout,COMPOSITE,long_only,0.0,0.02411209568521088,0.02411209568521088,0.3248730964467005,0.022003011077089484,983,196,0
2024-08-30,holdout,COMPOSITE,long_only,10.0,0.02411209568521088,0.02378722258876418,0.3248730964467005,0.022003011077089484,983,196,0
2024-08-30,holdout,COMPOSITE,long_only,25.0,0.02411209568521088,0.02329991294409413,0.3248730964467005,0.022003011077089484,983,196,0
2024-08-30,holdout,COMPOSITE,long_short,0.0,0.0007808306661637242,0.0007808306661637242,0.5888324873096447,0.022003011077089484,983,196,196
2024-08-30,holdout,COMPOSITE,long_short,10.0,0.0007808306661637242,0.00019199817885407952,0.5888324873096447,0.022003011077089484,983,196,196
2024-08-30,holdout,COMPOSITE,long_short,25.0,0.0007808306661637242,-0.0006912505521103876,0.5888324873096447,0.022003011077089484,983,196,196
2024-08-30,holdout,LV,long_only,0.0,0.018195280942168213,0.018195280942168213,0.2929292929292929,0.022012638672382893,987,197,0
2024-08-30,holdout,LV,long_only,10.0,0.018195280942168213,0.01790235164923892,0.2929292929292929,0.022012638672382893,987,197,0
2024-08-30,holdout,LV,long_only,25.0,0.018195280942168213,0.01746295770984498,0.2929292929292929,0.022012638672382893,987,197,0
2024-08-30,holdout,LV,long_short,0.0,-0.014284360525091891,-0.014284360525091891,0.6464646464646464,0.022012638672382893,987,197,197
2024-08-30,holdout,LV,long_short,10.0,-0.014284360525091891,-0.014930825171556538,0.6464646464646464,0.022012638672382893,987,197,197
2024-08-30,holdout,LV,long_short,25.0,-0.014284360525091891,-0.015900522141253506,0.6464646464646464,0.022012638672382893,987,197,197
2024-08-30,holdout,MOM,long_only,0.0,0.028934889912745614,0.028934889912745614,0.4670050761421319,0.02201253971115351,984,196,0
2024-08-30,holdout,MOM,long_only,10.0,0.028934889912745614,0.028467884836603483,0.4670050761421319,0.02201253971115351,984,196,0
2024-08-30,holdout,MOM,long_only,25.0,0.028934889912745614,0.027767377222390283,0.4670050761421319,0.02201253971115351,984,196,0
2024-08-30,holdout,MOM,long_short,0.0,0.0016446064386675925,0.0016446064386675925,1.015228426395939,0.02201253971115351,984,196,196
2024-08-30,holdout,MOM,long_short,10.0,0.0016446064386675925,0.0006293780122716534,1.015228426395939,0.02201253971115351,984,196,196
2024-08-30,holdout,MOM,long_short,25.0,0.0016446064386675925,-0.000893464627322255,1.015228426395939,0.02201253971115351,984,196,196
2024-08-30,holdout,QUALITY,long_only,0.0,0.02518129418009299,0.02518129418009299,0.11167512690355329,0.021959252402142457,985,197,0
2024-08-30,holdout,QUALITY,long_only,10.0,0.02518129418009299,0.025069619053189437,0.11167512690355329,0.021959252402142457,985,197,0
2024-08-30,holdout,QUALITY,long_only,25.0,0.02518129418009299,0.024902106362834107,0.11167512690355329,0.021959252402142457,985,197,0
2024-08-30,holdout,QUALITY,long_short,0.0,-1.3087078972324941e-05,-1.3087078972324941e-05,0.20304568527918782,0.021959252402142457,985,197,197
2024-08-30,holdout,QUALITY,long_short,10.0,-1.3087078972324941e-05,-0.00021613276425151275,0.20304568527918782,0.021959252402142457,985,197,197
2024-08-30,holdout,QUALITY,long_short,25.0,-1.3087078972324941e-05,-0.0005207012921702945,0.20304568527918782,0.021959252402142457,985,197,197
2024-08-30,holdout,SIZE,long_only,0.0,0.020102357885629574,0.020102357885629574,0.3,0.022246052691385618,1000,200,0
2024-08-30,holdout,SIZE,long_only,10.0,0.020102357885629574,0.019802357885629573,0.3,0.022246052691385618,1000,200,0
2024-08-30,holdout,SIZE,long_only,25.0,0.020102357885629574,0.019352357885629574,0.3,0.022246052691385618,1000,200,0
2024-08-30,holdout,SIZE,long_short,0.0,-0.0002804210872419332,-0.0002804210872419332,0.37,0.022246052691385618,1000,200,200
2024-08-30,holdout,SIZE,long_short,10.0,-0.0002804210872419332,-0.0006504210872419333,0.37,0.022246052691385618,1000,200,200
2024-08-30,holdout,SIZE,long_short,25.0,-0.0002804210872419332,-0.0012054210872419332,0.37,0.022246052691385618,1000,200,200
2024-08-30,holdout,VALUE,long_only,0.0,0.013677199064374434,0.013677199064374434,0.160427807486631,0.021889117364097203,935,187,0
2024-08-30,holdout,VALUE,long_only,10.0,0.013677199064374434,0.013516771256887803,0.160427807486631,0.021889117364097203,935,187,0
2024-08-30,holdout,VALUE,long_only,25.0,0.013677199064374434,0.013276129545657857,0.160427807486631,0.021889117364097203,935,187,0
2024-08-30,holdout,VALUE,long_short,0.0,-0.006585393736215365,-0.006585393736215365,0.3101604278074866,0.021889117364097203,935,187,187
2024-08-30,holdout,VALUE,long_short,10.0,-0.006585393736215365,-0.006895554164022852,0.3101604278074866,0.021889117364097203,935,187,187
2024-08-30,holdout,VALUE,long_short,25.0,-0.006585393736215365,-0.007360794805734081,0.3101604278074866,0.021889117364097203,935,187,187
2024-09-30,holdout,COMPOSITE,long_only,0.0,-0.010713938654720473,-0.010713938654720473,0.26530612244897955,-0.006231484599326445,981,196,0
2024-09-30,holdout,COMPOSITE,long_only,10.0,-0.010713938654720473,-0.010979244777169453,0.26530612244897955,-0.006231484599326445,981,196,0
2024-09-30,holdout,COMPOSITE,long_only,25.0,-0.010713938654720473,-0.011377203960842922,0.26530612244897955,-0.006231484599326445,981,196,0
2024-09-30,holdout,COMPOSITE,long_short,0.0,-0.005165481905307521,-0.005165481905307521,0.6020408163265305,-0.006231484599326445,981,196,196
2024-09-30,holdout,COMPOSITE,long_short,10.0,-0.005165481905307521,-0.005767522721634052,0.6020408163265305,-0.006231484599326445,981,196,196
2024-09-30,holdout,COMPOSITE,long_short,25.0,-0.005165481905307521,-0.0066705839461238476,0.6020408163265305,-0.006231484599326445,981,196,196
2024-09-30,holdout,LV,long_only,0.0,-0.010545238317278532,-0.010545238317278532,0.19289340101522842,-0.006258416717967073,985,197,0
2024-09-30,holdout,LV,long_only,10.0,-0.010545238317278532,-0.010738131718293761,0.19289340101522842,-0.006258416717967073,985,197,0
2024-09-30,holdout,LV,long_only,25.0,-0.010545238317278532,-0.011027471819816602,0.19289340101522842,-0.006258416717967073,985,197,0
2024-09-30,holdout,LV,long_short,0.0,0.003228939925718889,0.003228939925718889,0.45685279187817257,-0.006258416717967073,985,197,197
2024-09-30,holdout,LV,long_short,10.0,0.003228939925718889,0.002772087133840716,0.45685279187817257,-0.006258416717967073,985,197,197
2024-09-30,holdout,LV,long_short,25.0,0.003228939925718889,0.002086807946023457,0.45685279187817257,-0.006258416717967073,985,197,197
2024-09-30,holdout,MOM,long_only,0.0,-0.002174242260318964,-0.002174242260318964,0.520408163265306,-0.006247940913064752,982,196,0
2024-09-30,holdout,MOM,long_only,10.0,-0.002174242260318964,-0.00269465042358427,0.520408163265306,-0.006247940913064752,982,196,0
2024-09-30,holdout,MOM,long_only,25.0,-0.002174242260318964,-0.0034752626684822294,0.520408163265306,-0.006247940913064752,982,196,0
2024-09-30,holdout,MOM,long_short,0.0,0.018956232069462772,0.018956232069462772,1.030612244897959,-0.006247940913064752,982,196,196
2024-09-30,holdout,MOM,long_short,10.0,0.018956232069462772,0.017925619824564813,1.030612244897959,-0.006247940913064752,982,196,196
2024-09-30,holdout,MOM,long_short,25.0,0.018956232069462772,0.016379701457217875,1.030612244897959,-0.006247940913064752,982,196,196
2024-09-30,holdout,QUALITY,long_only,0.0,-0.025726487847008803,-0.025726487847008803,0.11167512690355336,-0.006227540000084517,983,196,0
2024-09-30,holdout,QUALITY,long_only,10.0,-0.025726487847008803,-0.025838162973912355,0.11167512690355336,-0.006227540000084517,983,196,0
2024-09-30,holdout,QUALITY,long_only,25.0,-0.025726487847008803,-0.026005675664267685,0.11167512690355336,-0.006227540000084517,983,196,0
2024-09-30,holdout,QUALITY,long_short,0.0,-0.01007075831538685,-0.01007075831538685,0.2639593908629442,-0.006227540000084517,983,196,196
2024-09-30,holdout,QUALITY,long_short,10.0,-0.01007075831538685,-0.010334717706249793,0.2639593908629442,-0.006227540000084517,983,196,196
2024-09-30,holdout,QUALITY,long_short,25.0,-0.01007075831538685,-0.01073065679254421,0.2639593908629442,-0.006227540000084517,983,196,196
2024-09-30,holdout,SIZE,long_only,0.0,-0.013688399037234778,-0.013688399037234778,0.27,-0.0058625852991507415,998,199,0
2024-09-30,holdout,SIZE,long_only,10.0,-0.013688399037234778,-0.013958399037234778,0.27,-0.0058625852991507415,998,199,0
2024-09-30,holdout,SIZE,long_only,25.0,-0.013688399037234778,-0.014363399037234778,0.27,-0.0058625852991507415,998,199,0
2024-09-30,holdout,SIZE,long_short,0.0,-0.008688508750236548,-0.008688508750236548,0.31999999999999995,-0.0058625852991507415,998,199,199
2024-09-30,holdout,SIZE,long_short,10.0,-0.008688508750236548,-0.009008508750236547,0.31999999999999995,-0.0058625852991507415,998,199,199
2024-09-30,holdout,SIZE,long_short,25.0,-0.008688508750236548,-0.009488508750236548,0.31999999999999995,-0.0058625852991507415,998,199,199
2024-09-30,holdout,VALUE,long_only,0.0,-0.019265027397581937,-0.019265027397581937,0.160427807486631,-0.006467803080345969,935,187,0
2024-09-30,holdout,VALUE,long_only,10.0,-0.019265027397581937,-0.019425455205068567,0.160427807486631,-0.006467803080345969,935,187,0
2024-09-30,holdout,VALUE,long_only,25.0,-0.019265027397581937,-0.019666096916298514,0.160427807486631,-0.006467803080345969,935,187,0
2024-09-30,holdout,VALUE,long_short,0.0,-0.007165903439426397,-0.007165903439426397,0.28877005347593576,-0.006467803080345969,935,187,187
2024-09-30,holdout,VALUE,long_short,10.0,-0.007165903439426397,-0.007454673492902332,0.28877005347593576,-0.006467803080345969,935,187,187
2024-09-30,holdout,VALUE,long_short,25.0,-0.007165903439426397,-0.007887828573116236,0.28877005347593576,-0.006467803080345969,935,187,187
2024-10-31,holdout,COMPOSITE,long_only,0.0,0.09186082909621122,0.09186082909621122,0.316326530612245,0.06730832799731773,979,195,0
2024-10-31,holdout,COMPOSITE,long_only,10.0,0.09186082909621122,0.09154450256559898,0.316326530612245,0.06730832799731773,979,195,0
2024-10-31,holdout,COMPOSITE,long_only,25.0,0.09186082909621122,0.09107001276968062,0.316326530612245,0.06730832799731773,979,195,0
2024-10-31,holdout,COMPOSITE,long_short,0.0,-0.014098341810498854,-0.014098341810498854,0.6122448979591838,0.06730832799731773,979,195,195
2024-10-31,holdout,COMPOSITE,long_short,10.0,-0.014098341810498854,-0.014710586708458038,0.6122448979591838,0.06730832799731773,979,195,195
2024-10-31,holdout,COMPOSITE,long_short,25.0,-0.014098341810498854,-0.015628954055396813,0.6122448979591838,0.06730832799731773,979,195,195
2024-10-31,holdout,LV,long_only,0.0,0.05648438498061033,0.05648438498061033,0.19289340101522845,0.06726174065634341,984,196,0
2024-10-31,holdout,LV,long_only,10.0,0.05648438498061033,0.0562914915795951,0.19289340101522845,0.06726174065634341,984,196,0
2024-10-31,holdout,LV,long_only,25.0,0.05648438498061033,0.056002151478072255,0.19289340101522845,0.06726174065634341,984,196,0
2024-10-31,holdout,LV,long_short,0.0,-0.07641074767731686,-0.07641074767731686,0.4060913705583757,0.06726174065634341,984,196,196
2024-10-31,holdout,LV,long_short,10.0,-0.07641074767731686,-0.07681683904787523,0.4060913705583757,0.06726174065634341,984,196,196
2024-10-31,holdout,LV,long_short,25.0,-0.07641074767731686,-0.0774259761037128,0.4060913705583757,0.06726174065634341,984,196,196
2024-10-31,holdout,MOM,long_only,0.0,0.1176241043724794,0.1176241043724794,0.4285714285714285,0.06726283051457468,981,196,0
2024-10-31,holdout,MOM,long_only,10.0,0.1176241043724794,0.11719553294390797,0.4285714285714285,0.06726283051457468,981,196,0
2024-10-31,holdout,MOM,long_only,25.0,0.1176241043724794,0.11655267580105083,0.4285714285714285,0.06726283051457468,981,196,0
2024-10-31,holdout,MOM,long_short,0.0,0.034783572655012376,0.034783572655012376,0.8673469387755102,0.06726283051457468,981,196,196
2024-10-31,holdout,MOM,long_short,10.0,0.034783572655012376,0.03391622571623687,0.8673469387755102,0.06726283051457468,981,196,196
2024-10-31,holdout,MOM,long_short,25.0,0.034783572655012376,0.0326152053080736,0.8673469387755102,0.06726283051457468,981,196,196
2024-10-31,holdout,QUALITY,long_only,0.0,0.09415057263051482,0.09415057263051482,0.08163265306122448,0.0673308477652961,980,196,0
2024-10-31,holdout,QUALITY,long_only,10.0,0.09415057263051482,0.0940689399774536,0.08163265306122448,0.0673308477652961,980,196,0
2024-10-31,holdout,QUALITY,long_only,25.0,0.09415057263051482,0.09394649099786176,0.08163265306122448,0.0673308477652961,980,196,0
2024-10-31,holdout,QUALITY,long_short,0.0,-0.0004766764366622555,-0.0004766764366622555,0.22448979591836732,0.0673308477652961,980,196,196
2024-10-31,holdout,QUALITY,long_short,10.0,-0.0004766764366622555,-0.0007011662325806229,0.22448979591836732,0.0673308477652961,980,196,196
2024-10-31,holdout,QUALITY,long_short,25.0,-0.0004766764366622555,-0.0010379009264581739,0.22448979591836732,0.0673308477652961,980,196,196
2024-10-31,holdout,SIZE,long_only,0.0,0.10024269233029107,0.10024269233029107,0.3015075376884422,0.06732031968051755,997,199,0
2024-10-31,holdout,SIZE,long_only,10.0,0.10024269233029107,0.09994118479260262,0.3015075376884422,0.06732031968051755,997,199,0
2024-10-31,holdout,SIZE,long_only,25.0,0.10024269233029107,0.09948892348606996,0.3015075376884422,0.06732031968051755,997,199,0
2024-10-31,holdout,SIZE,long_short,0.0,0.02009174413644757,0.02009174413644757,0.37185929648241206,0.06732031968051755,997,199,199
2024-10-31,holdout,SIZE,long_short,10.0,0.02009174413644757,0.019719884839965156,0.37185929648241206,0.06732031968051755,997,199,199
2024-10-31,holdout,SIZE,long_short,25.0,0.02009174413644757,0.01916209589524154,0.37185929648241206,0.06732031968051755,997,199,199
2024-10-31,holdout,VALUE,long_only,0.0,0.07203745691763033,0.07203745691763033,0.20320855614973282,0.06771030492163074,931,186,0
2024-10-31,holdout,VALUE,long_only,10.0,0.07203745691763033,0.0718342483614806,0.20320855614973282,0.06771030492163074,931,186,0
2024-10-31,holdout,VALUE,long_only,25.0,0.07203745691763033,0.071529435527256,0.20320855614973282,0.06771030492163074,931,186,0
2024-10-31,holdout,VALUE,long_short,0.0,-0.02812339643859068,-0.02812339643859068,0.3957219251336902,0.06771030492163074,931,186,186
2024-10-31,holdout,VALUE,long_short,10.0,-0.02812339643859068,-0.02851911836372437,0.3957219251336902,0.06771030492163074,931,186,186
2024-10-31,holdout,VALUE,long_short,25.0,-0.02812339643859068,-0.029112701251424906,0.3957219251336902,0.06771030492163074,931,186,186
2024-11-29,holdout,COMPOSITE,long_only,0.0,-0.06963334604779135,-0.06963334604779135,0.4307692307692308,-0.02630270847078044,977,195,0
2024-11-29,holdout,COMPOSITE,long_only,10.0,-0.06963334604779135,-0.07006411527856059,0.4307692307692308,-0.02630270847078044,977,195,0
2024-11-29,holdout,COMPOSITE,long_only,25.0,-0.06963334604779135,-0.07071026912471443,0.4307692307692308,-0.02630270847078044,977,195,0
2024-11-29,holdout,COMPOSITE,long_short,0.0,-0.004965135804148596,-0.004965135804148596,0.7384615384615385,-0.02630270847078044,977,195,195
2024-11-29,holdout,COMPOSITE,long_short,10.0,-0.004965135804148596,-0.005703597342610134,0.7384615384615385,-0.02630270847078044,977,195,195
2024-11-29,holdout,COMPOSITE,long_short,25.0,-0.004965135804148596,-0.006811289650302442,0.7384615384615385,-0.02630270847078044,977,195,195
2024-11-29,holdout,LV,long_only,0.0,-0.05683210982022581,-0.05683210982022581,0.2040816326530612,-0.026355571410145707,984,196,0
2024-11-29,holdout,LV,long_only,10.0,-0.05683210982022581,-0.05703619145287887,0.2040816326530612,-0.026355571410145707,984,196,0
2024-11-29,holdout,LV,long_only,25.0,-0.05683210982022581,-0.05734231390185846,0.2040816326530612,-0.026355571410145707,984,196,0
2024-11-29,holdout,LV,long_short,0.0,0.023330202227308354,0.023330202227308354,0.47959183673469385,-0.026355571410145707,984,196,196
2024-11-29,holdout,LV,long_short,10.0,0.023330202227308354,0.02285061039057366,0.47959183673469385,-0.026355571410145707,984,196,196
2024-11-29,holdout,LV,long_short,25.0,0.023330202227308354,0.02213122263547162,0.47959183673469385,-0.026355571410145707,984,196,196
2024-11-29,holdout,MOM,long_only,0.0,-0.08827717405195751,-0.08827717405195751,0.47959183673469385,-0.026328889306019888,982,196,0
2024-11-29,holdout,MOM,long_only,10.0,-0.08827717405195751,-0.0887567658886922,0.47959183673469385,-0.026328889306019888,982,196,0
2024-11-29,holdout,MOM,long_only,25.0,-0.08827717405195751,-0.08947615364379424,0.47959183673469385,-0.026328889306019888,982,196,0
2024-11-29,holdout,MOM,long_short,0.0,-0.03558675426169825,-0.03558675426169825,0.9489795918367346,-0.026328889306019888,982,196,196
2024-11-29,holdout,MOM,long_short,10.0,-0.03558675426169825,-0.03653573385353499,0.9489795918367346,-0.026328889306019888,982,196,196
2024-11-29,holdout,MOM,long_short,25.0,-0.03558675426169825,-0.03795920324129009,0.9489795918367346,-0.026328889306019888,982,196,196
2024-11-29,holdout,QUALITY,long_only,0.0,-0.05784039040314428,-0.05784039040314428,0.08163265306122457,-0.026430096950658004,978,195,0
2024-11-29,holdout,QUALITY,long_only,10.0,-0.05784039040314428,-0.0579220230562055,0.08163265306122457,-0.026430096950658004,978,195,0
2024-11-29,holdout,QUALITY,long_only,25.0,-0.05784039040314428,-0.058044472035797344,0.08163265306122457,-0.026430096950658004,978,195,0
2024-11-29,holdout,QUALITY,long_short,0.0,0.017369606624050807,0.017369606624050807,0.2040816326530614,-0.026430096950658004,978,195,195
2024-11-29,holdout,QUALITY,long_short,10.0,0.017369606624050807,0.017165524991397747,0.2040816326530614,-0.026430096950658004,978,195,195
2024-11-29,holdout,QUALITY,long_short,25.0,0.017369606624050807,0.016859402542418155,0.2040816326530614,-0.026430096950658004,978,195,195
2024-11-29,holdout,SIZE,long_only,0.0,-0.07699912594860779,-0.07699912594860779,0.39195979899497485,-0.026464305464997683,998,199,0
2024-11-29,holdout,SIZE,long_only,10.0,-0.07699912594860779,-0.07739108574760277,0.39195979899497485,-0.026464305464997683,998,199,0
2024-11-29,holdout,SIZE,long_only,25.0,-0.07699912594860779,-0.07797902544609522,0.39195979899497485,-0.026464305464997683,998,199,0
2024-11-29,holdout,SIZE,long_short,0.0,-0.016604917021256493,-0.016604917021256493,0.4221105527638191,-0.026464305464997683,998,199,199
2024-11-29,holdout,SIZE,long_short,10.0,-0.016604917021256493,-0.017027027574020314,0.4221105527638191,-0.026464305464997683,998,199,199
2024-11-29,holdout,SIZE,long_short,25.0,-0.016604917021256493,-0.01766019340316604,0.4221105527638191,-0.026464305464997683,998,199,199
2024-11-29,holdout,VALUE,long_only,0.0,-0.06819425941760544,-0.06819425941760544,0.2258064516129032,-0.02566196980324382,929,185,0
2024-11-29,holdout,VALUE,long_only,10.0,-0.06819425941760544,-0.06842006586921835,0.2258064516129032,-0.02566196980324382,929,185,0
2024-11-29,holdout,VALUE,long_only,25.0,-0.06819425941760544,-0.0687587755466377,0.2258064516129032,-0.02566196980324382,929,185,0
2024-11-29,holdout,VALUE,long_short,0.0,0.004351162289996233,0.004351162289996233,0.4193548387096774,-0.02566196980324382,929,185,185
2024-11-29,holdout,VALUE,long_short,10.0,0.004351162289996233,0.003931807451286556,0.4193548387096774,-0.02566196980324382,929,185,185
2024-11-29,holdout,VALUE,long_short,25.0,0.004351162289996233,0.00330277519322204,0.4193548387096774,-0.02566196980324382,929,185,185
