date,period,strategy,aum_usd,borrow_bps,gross_return,net_return,turnover,benchmark_return,universe_size,long_count,short_count,gross_exposure,net_exposure,beta_exposure,size_exposure,maximum_sector_net_exposure,maximum_absolute_weight,effective_breadth,median_spread_bps,median_adv_usd,spread_cost,impact_cost,borrow_cost,total_cost,maximum_adv_participation,capacity_breaches,risk_observations,risk_universe,solver,solver_status,eligible_names,buffered_holdings,minimum_position_cap
2010-01-29,development,v4_hysteresis,10000000.0,50.0,0.02456283903863039,0.022684687336868844,1.9999998395099206,0.03924197324814053,500,78,78,1.9999998395099206,2.1377758618879028e-08,0.03737058032174123,0.0223277016530158,0.040000008111121366,0.01999999979571303,117.27399322589467,5.572224212182477,41347399.5,0.0011913679114577175,0.00027011716152629435,0.00041666662877753373,0.0018781517017615456,0.009999999773383126,0,252,500,CLARABEL,optimal,200,0,0.00048728700000000004
2010-01-29,development,v4_hysteresis,10000000.0,150.0,0.02456283903863039,0.021851354079313778,1.9999998395099206,0.03924197324814053,500,78,78,1.9999998395099206,2.1377758618879028e-08,0.03737058032174123,0.0223277016530158,0.040000008111121366,0.01999999979571303,117.27399322589467,5.572224212182477,41347399.5,0.0011913679114577175,0.00027011716152629435,0.0012499998863326012,0.0027114849593166132,0.009999999773383126,0,252,500,CLARABEL,optimal,200,0,0.00048728700000000004
2010-01-29,development,v4_hysteresis,10000000.0,300.0,0.02456283903863039,0.020601354192981175,1.9999998395099206,0.03924197324814053,500,78,78,1.9999998395099206,2.1377758618879028e-08,0.03737058032174123,0.0223277016530158,0.040000008111121366,0.01999999979571303,117.27399322589467,5.572224212182477,41347399.5,0.0011913679114577175,0.00027011716152629435,0.0024999997726652024,0.003961484845649214,0.009999999773383126,0,252,500,CLARABEL,optimal,200,0,0.00048728700000000004
2010-01-29,development,v4_hysteresis,100000000.0,50.0,0.02456283903863039,0.022100619032872443,1.9999998395099206,0.03924197324814053,500,78,78,1.9999998395099206,2.1377758618879028e-08,0.03737058032174123,0.0223277016530158,0.040000008111121366,0.01999999979571303,117.27399322589467,5.572224212182477,41347399.5,0.0011913679114577175,0.0008541854655226943,0.00041666662877753373,0.0024622200057579455,0.09999999773383127,0,252,500,CLARABEL,optimal,200,0,0.00048728700000000004
2010-01-29,development,v4_hysteresis,100000000.0,150.0,0.02456283903863039,0.021267285775317377,1.9999998395099206,0.03924197324814053,500,78,78,1.9999998395099206,2.1377758618879028e-08,0.03737058032174123,0.0223277016530158,0.040000008111121366,0.01999999979571303,117.27399322589467,5.572224212182477,41347399.5,0.0011913679114577175,0.0008541854655226943,0.0012499998863326012,0.0032955532633130126,0.09999999773383127,0,252,500,CLARABEL,optimal,200,0,0.00048728700000000004
2010-01-29,development,v4_hysteresis,100000000.0,300.0,0.02456283903863039,0.020017285888984777,1.9999998395099206,0.03924197324814053,500,78,78,1.9999998395099206,2.1377758618879028e-08,0.03737058032174123,0.0223277016530158,0.040000008111121366,0.01999999979571303,117.27399322589467,5.572224212182477,41347399.5,0.0011913679114577175,0.0008541854655226943,0.0024999997726652024,0.004545553149645614,0.09999999773383127,0,252,500,CLARABEL,optimal,200,0,0.00048728700000000004
2010-01-29,development,v4_hysteresis,500000000.0,50.0,0.02456283903863039,0.021044787732094093,1.9999998395099206,0.03924197324814053,500,78,78,1.9999998395099206,2.1377758618879028e-08,0.03737058032174123,0.0223277016530158,0.040000008111121366,0.01999999979571303,117.27399322589467,5.572224212182477,41347399.5,0.0011913679114577175,0.0019100167663010472,0.00041666662877753373,0.0035180513065362984,0.49999998866915635,82,252,500,CLARABEL,optimal,200,0,0.00048728700000000004
2010-01-29,development,v4_hysteresis,500000000.0,150.0,0.02456283903863039,0.020211454474539023,1.9999998395099206,0.03924197324814053,500,78,78,1.9999998395099206,2.1377758618879028e-08,0.03737058032174123,0.0223277016530158,0.040000008111121366,0.01999999979571303,117.27399322589467,5.572224212182477,41347399.5,0.0011913679114577175,0.0019100167663010472,0.0012499998863326012,0.0043513845640913654,0.49999998866915635,82,252,500,CLARABEL,optimal,200,0,0.00048728700000000004
2010-01-29,development,v4_hysteresis,500000000.0,300.0,0.02456283903863039,0.018961454588206424,1.9999998395099206,0.03924197324814053,500,78,78,1.9999998395099206,2.1377758618879028e-08,0.03737058032174123,0.0223277016530158,0.040000008111121366,0.01999999979571303,117.27399322589467,5.572224212182477,41347399.5,0.0011913679114577175,0.0019100167663010472,0.0024999997726652024,0.005601384450423966,0.49999998866915635,82,252,500,CLARABEL,optimal,200,0,0.00048728700000000004
2010-02-26,development,v4_hysteresis,10000000.0,50.0,-0.0018045766734718117,-0.0027520734778406623,0.749999587637,0.0673264685954196,500,81,87,1.9999999406682396,-9.285041721596166e-09,0.03301730495623517,0.049999995586418725,0.03999999767716205,0.020000000526428675,121.42108384427448,5.491186910355739,40473886.5,0.00045474090464691204,7.60892434816716e-05,0.00041666665624026693,0.0009474968043688505,0.008835571657215158,0,252,500,CLARABEL,optimal,241,41,0.0005001570000000001
2010-02-26,development,v4_hysteresis,10000000.0,150.0,-0.0018045766734718117,-0.0035854067903211963,0.749999587637,0.0673264685954196,500,81,87,1.9999999406682396,-9.285041721596166e-09,0.03301730495623517,0.049999995586418725,0.03999999767716205,0.020000000526428675,121.42108384427448,5.491186910355739,40473886.5,0.00045474090464691204,7.60892434816716e-05,0.0012499999687208007,0.0017808301168493845,0.008835571657215158,0,252,500,CLARABEL,optimal,241,41,0.0005001570000000001
2010-02-26,development,v4_hysteresis,10000000.0,300.0,-0.0018045766734718117,-0.004835406759041996,0.749999587637,0.0673264685954196,500,81,87,1.9999999406682396,-9.285041721596166e-09,0.03301730495623517,0.049999995586418725,0.03999999767716205,0.020000000526428675,121.42108384427448,5.491186910355739,40473886.5,0.00045474090464691204,7.60892434816716e-05,0.0024999999374416015,0.003030830085570185,0.008835571657215158,0,252,500,CLARABEL,optimal,241,41,0.0005001570000000001
2010-02-26,development,v4_hysteresis,100000000.0,50.0,-0.0018045766734718117,-0.0029165995492001933,0.749999587637,0.0673264685954196,500,81,87,1.9999999406682396,-9.285041721596166e-09,0.03301730495623517,0.049999995586418725,0.03999999767716205,0.020000000526428675,121.42108384427448,5.491186910355739,40473886.5,0.00045474090464691204,0.0002406153148412026,0.00041666665624026693,0.0011120228757283816,0.08835571657215158,0,252,500,CLARABEL,optimal,241,41,0.0005001570000000001
2010-02-26,development,v4_hysteresis,100000000.0,150.0,-0.0018045766734718117,-0.003749932861680727,0.749999587637,0.0673264685954196,500,81,87,1.9999999406682396,-9.285041721596166e-09,0.03301730495623517,0.049999995586418725,0.03999999767716205,0.020000000526428675,121.42108384427448,5.491186910355739,40473886.5,0.00045474090464691204,0.0002406153148412026,0.0012499999687208007,0.0019453561882089153,0.08835571657215158,0,252,500,CLARABEL,optimal,241,41,0.0005001570000000001
2010-02-26,development,v4_hysteresis,100000000.0,300.0,-0.0018045766734718117,-0.004999932830401527,0.749999587637,0.0673264685954196,500,81,87,1.9999999406682396,-9.285041721596166e-09,0.03301730495623517,0.049999995586418725,0.03999999767716205,0.020000000526428675,121.42108384427448,5.491186910355739,40473886.5,0.00045474090464691204,0.0002406153148412026,0.0024999999374416015,0.003195356156929716,0.08835571657215158,0,252,500,CLARABEL,optimal,241,41,0.0005001570000000001
2010-02-26,development,v4_hysteresis,500000000.0,50.0,-0.0018045766734718117,-0.003214016434771434,0.749999587637,0.0673264685954196,500,81,87,1.9999999406682396,-9.285041721596166e-09,0.03301730495623517,0.049999995586418725,0.03999999767716205,0.020000000526428675,121.42108384427448,5.491186910355739,40473886.5,0.00045474090464691204,0.000538032200412443,0.00041666665624026693,0.001409439761299622,0.44177858286075794,33,252,500,CLARABEL,optimal,241,41,0.0005001570000000001
2010-02-26,development,v4_hysteresis,500000000.0,150.0,-0.0018045766734718117,-0.004047349747251967,0.749999587637,0.0673264685954196,500,81,87,1.9999999406682396,-9.285041721596166e-09,0.03301730495623517,0.049999995586418725,0.03999999767716205,0.020000000526428675,121.42108384427448,5.491186910355739,40473886.5,0.00045474090464691204,0.000538032200412443,0.0012499999687208007,0.0022427730737801556,0.44177858286075794,33,252,500,CLARABEL,optimal,241,41,0.0005001570000000001
2010-02-26,development,v4_hysteresis,500000000.0,300.0,-0.0018045766734718117,-0.005297349715972769,0.749999587637,0.0673264685954196,500,81,87,1.9999999406682396,-9.285041721596166e-09,0.03301730495623517,0.049999995586418725,0.03999999767716205,0.020000000526428675,121.42108384427448,5.491186910355739,40473886.5,0.00045474090464691204,0.000538032200412443,0.0024999999374416015,0.0034927730425009565,0.44177858286075794,33,252,500,CLARABEL,optimal,241,41,0.0005001570000000001
2010-03-31,development,v4_hysteresis,10000000.0,50.0,-0.01611215530972394,-0.01702430996116161,0.749999952443414,0.02029937445346185,500,84,82,1.9999999713462842,-8.869755041551741e-09,0.0499999948557705,-0.041872752553556755,0.040000001712551726,0.020000000501657976,121.75492570117828,5.348307886466194,42664020.25,0.00042009564565495566,7.539234323770467e-05,0.0004166666625450083,0.0009121546514376687,0.010000000149346528,0,252,500,CLARABEL,optimal,258,58,0.00054089
2010-03-31,development,v4_hysteresis,10000000.0,150.0,-0.01611215530972394,-0.017857643286251626,0.749999952443414,0.02029937445346185,500,84,82,1.9999999713462842,-8.869755041551741e-09,0.0499999948557705,-0.041872752553556755,0.040000001712551726,0.020000000501657976,121.75492570117828,5.348307886466194,42664020.25,0.00042009564565495566,7.539234323770467e-05,0.001249999987635025,0.0017454879765276855,0.010000000149346528,0,252,500,CLARABEL,optimal,258,58,0.00054089
2010-03-31,development,v4_hysteresis,10000000.0,300.0,-0.01611215530972394,-0.01910764327388665,0.749999952443414,0.02029937445346185,500,84,82,1.9999999713462842,-8.869755041551741e-09,0.0499999948557705,-0.041872752553556755,0.040000001712551726,0.020000000501657976,121.75492570117828,5.348307886466194,42664020.25,0.00042009564565495566,7.539234323770467e-05,0.00249999997527005,0.0029954879641627104,0.010000000149346528,0,252,500,CLARABEL,optimal,258,58,0.00054089
2010-03-31,development,v4_hysteresis,100000000.0,50.0,-0.01611215530972394,-0.017187329140692244,0.749999952443414,0.02029937445346185,500,84,82,1.9999999713462842,-8.869755041551741e-09,0.0499999948557705,-0.041872752553556755,0.040000001712551726,0.020000000501657976,121.75492570117828,5.348307886466194,42664020.25,0.00042009564565495566,0.0002384115227683401,0.0004166666625450083,0.001075173830968304,0.10000000149346527,2,252,500,CLARABEL,optimal,258,58,0.00054089
2010-03-31,development,v4_hysteresis,100000000.0,150.0,-0.01611215530972394,-0.01802066246578226,0.749999952443414,0.02029937445346185,500,84,82,1.9999999713462842,-8.869755041551741e-09,0.0499999948557705,-0.041872752553556755,0.040000001712551726,0.020000000501657976,121.75492570117828,5.348307886466194,42664020.25,0.00042009564565495566,0.0002384115227683401,0.001249999987635025,0.0019085071560583208,0.10000000149346527,2,252,500,CLARABEL,optimal,258,58,0.00054089
2010-03-31,development,v4_hysteresis,100000000.0,300.0,-0.01611215530972394,-0.019270662453417287,0.749999952443414,0.02029937445346185,500,84,82,1.9999999713462842,-8.869755041551741e-09,0.0499999948557705,-0.041872752553556755,0.040000001712551726,0.020000000501657976,121.75492570117828,5.348307886466194,42664020.25,0.00042009564565495566,0.0002384115227683401,0.00249999997527005,0.003158507143693346,0.10000000149346527,2,252,500,CLARABEL,optimal,258,58,0.00054089
2010-03-31,development,v4_hysteresis,500000000.0,50.0,-0.01611215530972394,-0.01748202198945315,0.749999952443414,0.02029937445346185,500,84,82,1.9999999713462842,-8.869755041551741e-09,0.0499999948557705,-0.041872752553556755,0.040000001712551726,0.020000000501657976,121.75492570117828,5.348307886466194,42664020.25,0.00042009564565495566,0.0005331043715292473,0.0004166666625450083,0.0013698666797292113,0.5000000074673263,38,252,500,CLARABEL,optimal,258,58,0.00054089
2010-03-31,development,v4_hysteresis,500000000.0,150.0,-0.01611215530972394,-0.018315355314543168,0.749999952443414,0.02029937445346185,500,84,82,1.9999999713462842,-8.869755041551741e-09,0.0499999948557705,-0.041872752553556755,0.040000001712551726,0.020000000501657976,121.75492570117828,5.348307886466194,42664020.25,0.00042009564565495566,0.0005331043715292473,0.001249999987635025,0.002203200004819228,0.5000000074673263,38,252,500,CLARABEL,optimal,258,58,0.00054089
2010-03-31,development,v4_hysteresis,500000000.0,300.0,-0.01611215530972394,-0.019565355302178192,0.749999952443414,0.02029937445346185,500,84,82,1.9999999713462842,-8.869755041551741e-09,0.0499999948557705,-0.041872752553556755,0.040000001712551726,0.020000000501657976,121.75492570117828,5.348307886466194,42664020.25,0.00042009564565495566,0.0005331043715292473,0.00249999997527005,0.003453199992454253,0.5000000074673263,38,252,500,CLARABEL,optimal,258,58,0.00054089
2010-04-30,development,v4_hysteresis,10000000.0,50.0,0.023980761741160254,0.0230915067321886,0.6129540894135179,-0.07952773186919304,500,85,73,1.9999999601440757,-6.986754230720038e-09,0.04792790247038431,-0.04999999345367842,0.039999999414850405,0.020000000643494723,117.33256884789996,4.908140463308081,45401160.75,0.00038432909804371864,8.825925110901495e-05,0.00041666665981892286,0.0008892550089716565,0.009999988571532952,0,252,500,CLARABEL,optimal,236,36,0.0005759325
2010-04-30,development,v4_hysteresis,10000000.0,150.0,0.023980761741160254,0.022258173412550753,0.6129540894135179,-0.07952773186919304,500,85,73,1.9999999601440757,-6.986754230720038e-09,0.04792790247038431,-0.04999999345367842,0.039999999414850405,0.020000000643494723,117.33256884789996,4.908140463308081,45401160.75,0.00038432909804371864,8.825925110901495e-05,0.0012499999794567686,0.0017225883286095022,0.009999988571532952,0,252,500,CLARABEL,optimal,236,36,0.0005759325
2010-04-30,development,v4_hysteresis,10000000.0,300.0,0.023980761741160254,0.021008173433093982,0.6129540894135179,-0.07952773186919304,500,85,73,1.9999999601440757,-6.986754230720038e-09,0.04792790247038431,-0.04999999345367842,0.039999999414850405,0.020000000643494723,117.33256884789996,4.908140463308081,45401160.75,0.00038432909804371864,8.825925110901495e-05,0.0024999999589135373,0.002972588308066271,0.009999988571532952,0,252,500,CLARABEL,optimal,236,36,0.0005759325
2010-04-30,development,v4_hysteresis,100000000.0,50.0,0.023980761741160254,0.022900665725212384,0.6129540894135179,-0.07952773186919304,500,85,73,1.9999999601440757,-6.986754230720038e-09,0.04792790247038431,-0.04999999345367842,0.039999999414850405,0.020000000643494723,117.33256884789996,4.908140463308081,45401160.75,0.00038432909804371864,0.0002791002580852293,0.00041666665981892286,0.0010800960159478709,0.09999988571532951,0,252,500,CLARABEL,optimal,236,36,0.0005759325
2010-04-30,development,v4_hysteresis,100000000.0,150.0,0.023980761741160254,0.022067332405574538,0.6129540894135179,-0.07952773186919304,500,85,73,1.9999999601440757,-6.986754230720038e-09,0.04792790247038431,-0.04999999345367842,0.039999999414850405,0.020000000643494723,117.33256884789996,4.908140463308081,45401160.75,0.00038432909804371864,0.0002791002580852293,0.0012499999794567686,0.0019134293355857167,0.09999988571532951,0,252,500,CLARABEL,optimal,236,36,0.0005759325
2010-04-30,development,v4_hysteresis,100000000.0,300.0,0.023980761741160254,0.02081733242611777,0.6129540894135179,-0.07952773186919304,500,85,73,1.9999999601440757,-6.986754230720038e-09,0.04792790247038431,-0.04999999345367842,0.039999999414850405,0.020000000643494723,117.33256884789996,4.908140463308081,45401160.75,0.00038432909804371864,0.0002791002580852293,0.0024999999589135373,0.0031634293150424853,0.09999988571532951,0,252,500,CLARABEL,optimal,236,36,0.0005759325
2010-04-30,development,v4_hysteresis,500000000.0,50.0,0.023980761741160254,0.022555678833681304,0.6129540894135179,-0.07952773186919304,500,85,73,1.9999999601440757,-6.986754230720038e-09,0.04792790247038431,-0.04999999345367842,0.039999999414850405,0.020000000643494723,117.33256884789996,4.908140463308081,45401160.75,0.00038432909804371864,0.0006240871496163079,0.00041666665981892286,0.0014250829074789492,0.49999942857664764,35,252,500,CLARABEL,optimal,236,36,0.0005759325
2010-04-30,development,v4_hysteresis,500000000.0,150.0,0.023980761741160254,0.021722345514043458,0.6129540894135179,-0.07952773186919304,500,85,73,1.9999999601440757,-6.986754230720038e-09,0.04792790247038431,-0.04999999345367842,0.039999999414850405,0.020000000643494723,117.33256884789996,4.908140463308081,45401160.75,0.00038432909804371864,0.0006240871496163079,0.0012499999794567686,0.002258416227116795,0.49999942857664764,35,252,500,CLARABEL,optimal,236,36,0.0005759325
2010-04-30,development,v4_hysteresis,500000000.0,300.0,0.023980761741160254,0.02047234553458669,0.6129540894135179,-0.07952773186919304,500,85,73,1.9999999601440757,-6.986754230720038e-09,0.04792790247038431,-0.04999999345367842,0.039999999414850405,0.020000000643494723,117.33256884789996,4.908140463308081,45401160.75,0.00038432909804371864,0.0006240871496163079,0.0024999999589135373,0.0035084162065735637,0.49999942857664764,35,252,500,CLARABEL,optimal,236,36,0.0005759325
2010-05-28,development,v4_hysteresis,10000000.0,50.0,0.012767526074861861,0.011851719090539958,0.7499995903187011,-0.06341253865171803,500,86,70,1.9999999516188136,-6.854612877305044e-09,0.05000000045897651,0.002268993963377347,0.0400000013610999,0.02000000064068666,117.31206444548509,4.516717592794236,53315032.5,0.00039949580402552653,9.964452228108017e-05,0.0004166666580152972,0.0009158069843219038,0.009999998877724353,0,252,500,CLARABEL,optimal,239,39,0.000797328
2010-05-28,development,v4_hysteresis,10000000.0,150.0,0.012767526074861861,0.011018385774509363,0.7499995903187011,-0.06341253865171803,500,86,70,1.9999999516188136,-6.854612877305044e-09,0.05000000045897651,0.002268993963377347,0.0400000013610999,0.02000000064068666,117.31206444548509,4.516717592794236,53315032.5,0.00039949580402552653,9.964452228108017e-05,0.0012499999740458914,0.001749140300352498,0.009999998877724353,0,252,500,CLARABEL,optimal,239,39,0.000797328
2010-05-28,development,v4_hysteresis,10000000.0,300.0,0.012767526074861861,0.00976838580046347,0.7499995903187011,-0.06341253865171803,500,86,70,1.9999999516188136,-6.854612877305044e-09,0.05000000045897651,0.002268993963377347,0.0400000013610999,0.02000000064068666,117.31206444548509,4.516717592794236,53315032.5,0.00039949580402552653,9.964452228108017e-05,0.0024999999480917827,0.0029991402743983894,0.009999998877724353,0,252,500,CLARABEL,optimal,239,39,0.000797328
2010-05-28,development,v4_hysteresis,100000000.0,50.0,0.012767526074861861,0.011636259966053428,0.7499995903187011,-0.06341253865171803,500,86,70,1.9999999516188136,-6.854612877305044e-09,0.05000000045897651,0.002268993963377347,0.0400000013610999,0.02000000064068666,117.31206444548509,4.516717592794236,53315032.5,0.00039949580402552653,0.0003151036467676101,0.0004166666580152972,0.0011312661088084337,0.09999998877724353,0,252,500,CLARABEL,optimal,239,39,0.000797328
2010-05-28,development,v4_hysteresis,100000000.0,150.0,0.012767526074861861,0.010802926650022833,0.7499995903187011,-0.06341253865171803,500,86,70,1.9999999516188136,-6.854612877305044e-09,0.05000000045897651,0.002268993963377347,0.0400000013610999,0.02000000064068666,117.31206444548509,4.516717592794236,53315032.5,0.00039949580402552653,0.0003151036467676101,0.0012499999740458914,0.001964599424839028,0.09999998877724353,0,252,500,CLARABEL,optimal,239,39,0.000797328
2010-05-28,development,v4_hysteresis,100000000.0,300.0,0.012767526074861861,0.009552926675976941,0.7499995903187011,-0.06341253865171803,500,86,70,1.9999999516188136,-6.854612877305044e-09,0.05000000045897651,0.002268993963377347,0.0400000013610999,0.02000000064068666,117.31206444548509,4.516717592794236,53315032.5,0.00039949580402552653,0.0003151036467676101,0.0024999999480917827,0.0032145993988849193,0.09999998877724353,0,252,500,CLARABEL,optimal,239,39,0.000797328
2010-05-28,development,v4_hysteresis,500000000.0,50.0,0.012767526074861861,0.01124677043869058,0.7499995903187011,-0.06341253865171803,500,86,70,1.9999999516188136,-6.854612877305044e-09,0.05000000045897651,0.002268993963377347,0.0400000013610999,0.02000000064068666,117.31206444548509,4.516717592794236,53315032.5,0.00039949580402552653,0.0007045931741304581,0.0004166666580152972,0.0015207556361712818,0.49999994388621766,32,252,500,CLARABEL,optimal,239,39,0.000797328
2010-05-28,development,v4_hysteresis,500000000.0,150.0,0.012767526074861861,0.010413437122659984,0.7499995903187011,-0.06341253865171803,500,86,70,1.9999999516188136,-6.854612877305044e-09,0.05000000045897651,0.002268993963377347,0.0400000013610999,0.02000000064068666,117.31206444548509,4.516717592794236,53315032.5,0.00039949580402552653,0.0007045931741304581,0.0012499999740458914,0.002354088952201876,0.49999994388621766,32,252,500,CLARABEL,optimal,239,39,0.000797328
2010-05-28,development,v4_hysteresis,500000000.0,300.0,0.012767526074861861,0.009163437148614093,0.7499995903187011,-0.06341253865171803,500,86,70,1.9999999516188136,-6.854612877305044e-09,0.05000000045897651,0.002268993963377347,0.0400000013610999,0.02000000064068666,117.31206444548509,4.516717592794236,53315032.5,0.00039949580402552653,0.0007045931741304581,0.0024999999480917827,0.0036040889262477674,0.49999994388621766,32,252,500,CLARABEL,optimal,239,39,0.000797328
2010-06-30,development,v4_hysteresis,10000000.0,50.0,0.029462726710841745,0.028593213024485423,0.6867918637088517,0.0735126537396329,500,80,70,1.9999999586843917,1.0051026858026724e-08,0.04989276470429267,0.05000001599948796,0.040000005966385394,0.02000000059820501,114.93800991781185,4.455853420782582,54269807.1325,0.000362649387579205,9.019764281183203e-05,0.0004166666559652844,0.0008695136863563215,0.008186714043456968,0,252,500,CLARABEL,optimal,238,38,0.000820954
2010-06-30,development,v4_hysteresis,10000000.0,150.0,0.029462726710841745,0.027759879712554853,0.6867918637088517,0.0735126537396329,500,80,70,1.9999999586843917,1.0051026858026724e-08,0.04989276470429267,0.05000001599948796,0.040000005966385394,0.02000000059820501,114.93800991781185,4.455853420782582,54269807.1325,0.000362649387579205,9.019764281183203e-05,0.0012499999678958532,0.0017028469982868903,0.008186714043456968,0,252,500,CLARABEL,optimal,238,38,0.000820954
2010-06-30,development,v4_hysteresis,10000000.0,300.0,0.029462726710841745,0.026509879744659,0.6867918637088517,0.0735126537396329,500,80,70,1.9999999586843917,1.0051026858026724e-08,0.04989276470429267,0.05000001599948796,0.040000005966385394,0.02000000059820501,114.93800991781185,4.455853420782582,54269807.1325,0.000362649387579205,9.019764281183203e-05,0.0024999999357917064,0.0029528469661827435,0.008186714043456968,0,252,500,CLARABEL,optimal,238,38,0.000820954
2010-06-30,development,v4_hysteresis,100000000.0,50.0,0.029462726710841745,0.02839818067643355,0.6867918637088517,0.0735126537396329,500,80,70,1.9999999586843917,1.0051026858026724e-08,0.04989276470429267,0.05000001599948796,0.040000005966385394,0.02000000059820501,114.93800991781185,4.455853420782582,54269807.1325,0.000362649387579205,0.0002852299908637034,0.0004166666559652844,0.0010645460344081929,0.08186714043456968,0,252,500,CLARABEL,optimal,238,38,0.000820954
2010-06-30,development,v4_hysteresis,100000000.0,150.0,0.029462726710841745,0.027564847364502983,0.6867918637088517,0.0735126537396329,500,80,70,1.9999999586843917,1.0051026858026724e-08,0.04989276470429267,0.05000001599948796,0.040000005966385394,0.02000000059820501,114.93800991781185,4.455853420782582,54269807.1325,0.000362649387579205,0.0002852299908637034,0.0012499999678958532,0.0018978793463387616,0.08186714043456968,0,252,500,CLARABEL,optimal,238,38,0.000820954
2010-06-30,development,v4_hysteresis,100000000.0,300.0,0.029462726710841745,0.02631484739660713,0.6867918637088517,0.0735126537396329,500,80,70,1.9999999586843917,1.0051026858026724e-08,0.04989276470429267,0.05000001599948796,0.040000005966385394,0.02000000059820501,114.93800991781185,4.455853420782582,54269807.1325,0.000362649387579205,0.0002852299908637034,0.0024999999357917064,0.003147879314234615,0.08186714043456968,0,252,500,CLARABEL,optimal,238,38,0.000820954
2010-06-30,development,v4_hysteresis,500000000.0,50.0,0.029462726710841745,0.02804561701850437,0.6867918637088517,0.0735126537396329,500,80,70,1.9999999586843917,1.0051026858026724e-08,0.04989276470429267,0.05000001599948796,0.040000005966385394,0.02000000059820501,114.93800991781185,4.455853420782582,54269807.1325,0.000362649387579205,0.0006377936487928849,0.0004166666559652844,0.0014171096923373744,0.40933570217284837,34,252,500,CLARABEL,optimal,238,38,0.000820954
2010-06-30,development,v4_hysteresis,500000000.0,150.0,0.029462726710841745,0.027212283706573803,0.6867918637088517,0.0735126537396329,500,80,70,1.9999999586843917,1.0051026858026724e-08,0.04989276470429267,0.05000001599948796,0.040000005966385394,0.02000000059820501,114.93800991781185,4.455853420782582,54269807.1325,0.000362649387579205,0.0006377936487928849,0.0012499999678958532,0.002250443004267943,0.40933570217284837,34,252,500,CLARABEL,optimal,238,38,0.000820954
2010-06-30,development,v4_hysteresis,500000000.0,300.0,0.029462726710841745,0.025962283738677948,0.6867918637088517,0.0735126537396329,500,80,70,1.9999999586843917,1.0051026858026724e-08,0.04989276470429267,0.05000001599948796,0.040000005966385394,0.02000000059820501,114.93800991781185,4.455853420782582,54269807.1325,0.000362649387579205,0.0006377936487928849,0.0024999999357917064,0.0035004429721637964,0.40933570217284837,34,252,500,CLARABEL,optimal,238,38,0.000820954
2010-07-30,development,v4_hysteresis,10000000.0,50.0,0.014932008266087893,0.014169596504296438,0.49324032737251844,-0.040198687878249734,500,85,67,1.9999999789649232,6.612738870370727e-09,0.023853381919691025,0.04508788259092464,0.03999999858062362,0.020000000570039242,115.22129799343614,4.583533655129769,55310877.25,0.0002838080986127828,6.19370022719668e-05,0.00041666666090670507,0.0007624117617914547,0.008113978704749197,0,252,500,CLARABEL,optimal,226,26,0.000820954
2010-07-30,development,v4_hysteresis,10000000.0,150.0,0.014932008266087893,0.013336263182483028,0.49324032737251844,-0.040198687878249734,500,85,67,1.9999999789649232,6.612738870370727e-09,0.023853381919691025,0.04508788259092464,0.03999999858062362,0.020000000570039242,115.22129799343614,4.583533655129769,55310877.25,0.0002838080986127828,6.19370022719668e-05,0.0012499999827201155,0.0015957450836048652,0.008113978704749197,0,252,500,CLARABEL,optimal,226,26,0.000820954
2010-07-30,development,v4_hysteresis,10000000.0,300.0,0.014932008266087893,0.012086263199762913,0.49324032737251844,-0.040198687878249734,500,85,67,1.9999999789649232,6.612738870370727e-09,0.023853381919691025,0.04508788259092464,0.03999999858062362,0.020000000570039242,115.22129799343614,4.583533655129769,55310877.25,0.0002838080986127828,6.19370022719668e-05,0.002499999965440231,0.0028457450663249804,0.008113978704749197,0,252,500,CLARABEL,optimal,226,26,0.000820954
2010-07-30,development,v4_hysteresis,100000000.0,50.0,0.014932008266087893,0.014035671507945966,0.49324032737251844,-0.040198687878249734,500,85,67,1.9999999789649232,6.612738870370727e-09,0.023853381919691025,0.04508788259092464,0.03999999858062362,0.020000000570039242,115.22129799343614,4.583533655129769,55310877.25,0.0002838080986127828,0.00019586199862243873,0.00041666666090670507,0.0008963367581419266,0.08113978704749199,0,252,500,CLARABEL,optimal,226,26,0.000820954
2010-07-30,development,v4_hysteresis,100000000.0,150.0,0.014932008266087893,0.013202338186132557,0.49324032737251844,-0.040198687878249734,500,85,67,1.9999999789649232,6.612738870370727e-09,0.023853381919691025,0.04508788259092464,0.03999999858062362,0.020000000570039242,115.22129799343614,4.583533655129769,55310877.25,0.0002838080986127828,0.00019586199862243873,0.0012499999827201155,0.001729670079955337,0.08113978704749199,0,252,500,CLARABEL,optimal,226,26,0.000820954
2010-07-30,development,v4_hysteresis,100000000.0,300.0,0.014932008266087893,0.011952338203412441,0.49324032737251844,-0.040198687878249734,500,85,67,1.9999999789649232,6.612738870370727e-09,0.023853381919691025,0.04508788259092464,0.03999999858062362,0.020000000570039242,115.22129799343614,4.583533655129769,55310877.25,0.0002838080986127828,0.00019586199862243873,0.002499999965440231,0.0029796700626754523,0.08113978704749199,0,252,500,CLARABEL,optimal,226,26,0.000820954
2010-07-30,development,v4_hysteresis,500000000.0,50.0,0.014932008266087893,0.013793572763439663,0.49324032737251844,-0.040198687878249734,500,85,67,1.9999999789649232,6.612738870370727e-09,0.023853381919691025,0.04508788259092464,0.03999999858062362,0.020000000570039242,115.22129799343614,4.583533655129769,55310877.25,0.0002838080986127828,0.00043796074312874326,0.00041666666090670507,0.0011384355026482311,0.4056989352374599,17,252,500,CLARABEL,optimal,226,26,0.000820954
2010-07-30,development,v4_hysteresis,500000000.0,150.0,0.014932008266087893,0.012960239441626251,0.49324032737251844,-0.040198687878249734,500,85,67,1.9999999789649232,6.612738870370727e-09,0.023853381919691025,0.04508788259092464,0.03999999858062362,0.020000000570039242,115.22129799343614,4.583533655129769,55310877.25,0.0002838080986127828,0.00043796074312874326,0.0012499999827201155,0.001971768824461642,0.4056989352374599,17,252,500,CLARABEL,optimal,226,26,0.000820954
2010-07-30,development,v4_hysteresis,500000000.0,300.0,0.014932008266087893,0.011710239458906136,0.49324032737251844,-0.040198687878249734,500,85,67,1.9999999789649232,6.612738870370727e-09,0.023853381919691025,0.04508788259092464,0.03999999858062362,0.020000000570039242,115.22129799343614,4.583533655129769,55310877.25,0.0002838080986127828,0.00043796074312874326,0.002499999965440231,0.003221768807181757,0.4056989352374599,17,252,500,CLARABEL,optimal,226,26,0.000820954
2010-08-31,development,v4_hysteresis,10000000.0,50.0,0.01444789378404514,0.013763899840247012,0.46239525574055207,0.10297369270410156,500,81,75,1.9999999708785843,-7.823256056860295e-09,0.048953498583223704,0.04999999080215492,0.03999999388089749,0.020000000551055122,115.05978450962797,4.59879037685449,49219103.5,0.0002112000644522893,5.6127217116287364e-05,0.00041666666222955006,0.0006839939437981267,0.007473926510122011,0,252,500,CLARABEL,optimal,228,28,0.0007678605
2010-08-31,development,v4_hysteresis,10000000.0,150.0,0.01444789378404514,0.012930566515787913,0.46239525574055207,0.10297369270410156,500,81,75,1.9999999708785843,-7.823256056860295e-09,0.048953498583223704,0.04999999080215492,0.03999999388089749,0.020000000551055122,115.05978450962797,4.59879037685449,49219103.5,0.0002112000644522893,5.6127217116287364e-05,0.0012499999866886502,0.001517327268257227,0.007473926510122011,0,252,500,CLARABEL,optimal,228,28,0.0007678605
2010-08-31,development,v4_hysteresis,10000000.0,300.0,0.01444789378404514,0.011680566529099263,0.46239525574055207,0.10297369270410156,500,81,75,1.9999999708785843,-7.823256056860295e-09,0.048953498583223704,0.04999999080215492,0.03999999388089749,0.020000000551055122,115.05978450962797,4.59879037685449,49219103.5,0.0002112000644522893,5.6127217116287364e-05,0.0024999999733773003,0.002767327254945877,0.007473926510122011,0,252,500,CLARABEL,optimal,228,28,0.0007678605
2010-08-31,development,v4_hysteresis,100000000.0,50.0,0.01444789378404514,0.013642537212549044,0.46239525574055207,0.10297369270410156,500,81,75,1.9999999708785843,-7.823256056860295e-09,0.048953498583223704,0.04999999080215492,0.03999999388089749,0.020000000551055122,115.05978450962797,4.59879037685449,49219103.5,0.0002112000644522893,0.00017748984481425584,0.00041666666222955006,0.0008053565714960951,0.0747392651012201,0,252,500,CLARABEL,optimal,228,28,0.0007678605
2010-08-31,development,v4_hysteresis,100000000.0,150.0,0.01444789378404514,0.012809203888089944,0.46239525574055207,0.10297369270410156,500,81,75,1.9999999708785843,-7.823256056860295e-09,0.048953498583223704,0.04999999080215492,0.03999999388089749,0.020000000551055122,115.05978450962797,4.59879037685449,49219103.5,0.0002112000644522893,0.00017748984481425584,0.0012499999866886502,0.0016386898959551953,0.0747392651012201,0,252,500,CLARABEL,optimal,228,28,0.0007678605
2010-08-31,development,v4_hysteresis,100000000.0,300.0,0.01444789378404514,0.011559203901401294,0.46239525574055207,0.10297369270410156,500,81,75,1.9999999708785843,-7.823256056860295e-09,0.048953498583223704,0.04999999080215492,0.03999999388089749,0.020000000551055122,115.05978450962797,4.59879037685449,49219103.5,0.0002112000644522893,0.00017748984481425584,0.0024999999733773003,0.0028886898826438454,0.0747392651012201,0,252,500,CLARABEL,optimal,228,28,0.0007678605
2010-08-31,development,v4_hysteresis,500000000.0,50.0,0.01444789378404514,0.013423147699042735,0.46239525574055207,0.10297369270410156,500,81,75,1.9999999708785843,-7.823256056860295e-09,0.048953498583223704,0.04999999080215492,0.03999999388089749,0.020000000551055122,115.05978450962797,4.59879037685449,49219103.5,0.0002112000644522893,0.00039687935832056456,0.00041666666222955006,0.001024746085002404,0.37369632550610055,21,252,500,CLARABEL,optimal,228,28,0.0007678605
2010-08-31,development,v4_hysteresis,500000000.0,150.0,0.01444789378404514,0.012589814374583636,0.46239525574055207,0.10297369270410156,500,81,75,1.9999999708785843,-7.823256056860295e-09,0.048953498583223704,0.04999999080215492,0.03999999388089749,0.020000000551055122,115.05978450962797,4.59879037685449,49219103.5,0.0002112000644522893,0.00039687935832056456,0.0012499999866886502,0.001858079409461504,0.37369632550610055,21,252,500,CLARABEL,optimal,228,28,0.0007678605
2010-08-31,development,v4_hysteresis,500000000.0,300.0,0.01444789378404514,0.011339814387894985,0.46239525574055207,0.10297369270410156,500,81,75,1.9999999708785843,-7.823256056860295e-09,0.048953498583223704,0.04999999080215492,0.03999999388089749,0.020000000551055122,115.05978450962797,4.59879037685449,49219103.5,0.0002112000644522893,0.00039687935832056456,0.0024999999733773003,0.003108079396150154,0.37369632550610055,21,252,500,CLARABEL,optimal,228,28,0.0007678605
2010-09-30,development,v4_hysteresis,10000000.0,50.0,0.015678973585743966,0.015043976081726463,0.34665913062785114,0.043696632952157706,500,75,71,1.9999999774684385,5.972718125635268e-09,0.049999984354747146,0.050000006041883815,0.04000000107741815,0.02000000050483343,114.93483771289276,4.59190516523742,43540614.0,0.000170711625438505,4.7619217850722887e-05,0.00041666666072827504,0.000634997504017503,0.010000000628374882,0,252,500,CLARABEL,optimal,222,22,0.000671466
2010-09-30,development,v4_hysteresis,10000000.0,150.0,0.015678973585743966,0.014210642760269914,0.34665913062785114,0.043696632952157706,500,75,71,1.9999999774684385,5.972718125635268e-09,0.049999984354747146,0.050000006041883815,0.04000000107741815,0.02000000050483343,114.93483771289276,4.59190516523742,43540614.0,0.000170711625438505,4.7619217850722887e-05,0.0012499999821848251,0.001468330825474053,0.010000000628374882,0,252,500,CLARABEL,optimal,222,22,0.000671466
2010-09-30,development,v4_hysteresis,10000000.0,300.0,0.015678973585743966,0.012960642778085087,0.34665913062785114,0.043696632952157706,500,75,71,1.9999999774684385,5.972718125635268e-09,0.049999984354747146,0.050000006041883815,0.04000000107741815,0.02000000050483343,114.93483771289276,4.59190516523742,43540614.0,0.000170711625438505,4.7619217850722887e-05,0.0024999999643696503,0.0027183308076588783,0.010000000628374882,0,252,500,CLARABEL,optimal,222,22,0.000671466
2010-09-30,development,v4_hysteresis,100000000.0,50.0,0.015678973585743966,0.014941010110773154,0.34665913062785114,0.043696632952157706,500,75,71,1.9999999774684385,5.972718125635268e-09,0.049999984354747146,0.050000006041883815,0.04000000107741815,0.02000000050483343,114.93483771289276,4.59190516523742,43540614.0,0.000170711625438505,0.00015058518880403229,0.00041666666072827504,0.0007379634749708124,0.10000000628374882,1,252,500,CLARABEL,optimal,222,22,0.000671466
2010-09-30,development,v4_hysteresis,100000000.0,150.0,0.015678973585743966,0.014107676789316603,0.34665913062785114,0.043696632952157706,500,75,71,1.9999999774684385,5.972718125635268e-09,0.049999984354747146,0.050000006041883815,0.04000000107741815,0.02000000050483343,114.93483771289276,4.59190516523742,43540614.0,0.000170711625438505,0.00015058518880403229,0.0012499999821848251,0.0015712967964273624,0.10000000628374882,1,252,500,CLARABEL,optimal,222,22,0.000671466
2010-09-30,development,v4_hysteresis,100000000.0,300.0,0.015678973585743966,0.012857676807131778,0.34665913062785114,0.043696632952157706,500,75,71,1.9999999774684385,5.972718125635268e-09,0.049999984354747146,0.050000006041883815,0.04000000107741815,0.02000000050483343,114.93483771289276,4.59190516523742,43540614.0,0.000170711625438505,0.00015058518880403229,0.0024999999643696503,0.002821296778612188,0.10000000628374882,1,252,500,CLARABEL,optimal,222,22,0.000671466
2010-09-30,development,v4_hysteresis,500000000.0,50.0,0.015678973585743966,0.014754876581006729,0.34665913062785114,0.043696632952157706,500,75,71,1.9999999774684385,5.972718125635268e-09,0.049999984354747146,0.050000006041883815,0.04000000107741815,0.02000000050483343,114.93483771289276,4.59190516523742,43540614.0,0.000170711625438505,0.00033671871857045646,0.00041666666072827504,0.0009240970047372365,0.5000000314187442,21,252,500,CLARABEL,optimal,222,22,0.000671466
2010-09-30,development,v4_hysteresis,500000000.0,150.0,0.015678973585743966,0.01392154325955018,0.34665913062785114,0.043696632952157706,500,75,71,1.9999999774684385,5.972718125635268e-09,0.049999984354747146,0.050000006041883815,0.04000000107741815,0.02000000050483343,114.93483771289276,4.59190516523742,43540614.0,0.000170711625438505,0.00033671871857045646,0.0012499999821848251,0.0017574303261937865,0.5000000314187442,21,252,500,CLARABEL,optimal,222,22,0.000671466
2010-09-30,development,v4_hysteresis,500000000.0,300.0,0.015678973585743966,0.012671543277365353,0.34665913062785114,0.043696632952157706,500,75,71,1.9999999774684385,5.972718125635268e-09,0.049999984354747146,0.050000006041883815,0.04000000107741815,0.02000000050483343,114.93483771289276,4.59190516523742,43540614.0,0.000170711625438505,0.00033671871857045646,0.0024999999643696503,0.003007430308378612,0.5000000314187442,21,252,500,CLARABEL,optimal,222,22,0.000671466
2010-10-29,development,v4_hysteresis,10000000.0,50.0,0.05187775742742223,0.05117474699076705,0.3902426197520008,0.001736393770088507,500,75,70,1.9999999716084107,-4.8188655982217554e-09,0.04999999298444441,0.050000004598927894,0.03361516860085196,0.020000000481613774,115.27170970072707,4.329566671250433,42845082.0,0.0002342248605030326,5.2118914396466224e-05,0.0004166666617556826,0.0007030104366551814,0.00659345741091557,0,252,500,CLARABEL,optimal,219,19,0.00055746
2010-10-29,development,v4_hysteresis,10000000.0,150.0,0.05187775742742223,0.05034141366725569,0.3902426197520008,0.001736393770088507,500,75,70,1.9999999716084107,-4.8188655982217554e-09,0.04999999298444441,0.050000004598927894,0.03361516860085196,0.020000000481613774,115.27170970072707,4.329566671250433,42845082.0,0.0002342248605030326,5.2118914396466224e-05,0.0012499999852670478,0.0015363437601665466,0.00659345741091557,0,252,500,CLARABEL,optimal,219,19,0.00055746
2010-10-29,development,v4_hysteresis,10000000.0,300.0,0.05187775742742223,0.04909141368198864,0.3902426197520008,0.001736393770088507,500,75,70,1.9999999716084107,-4.8188655982217554e-09,0.04999999298444441,0.050000004598927894,0.03361516860085196,0.020000000481613774,115.27170970072707,4.329566671250433,42845082.0,0.0002342248605030326,5.2118914396466224e-05,0.0024999999705340955,0.0027863437454335943,0.00659345741091557,0,252,500,CLARABEL,optimal,219,19,0.00055746
2010-10-29,development,v4_hysteresis,100000000.0,50.0,0.05187775742742223,0.05106205142649534,0.3902426197520008,0.001736393770088507,500,75,70,1.9999999716084107,-4.8188655982217554e-09,0.04999999298444441,0.050000004598927894,0.03361516860085196,0.020000000481613774,115.27170970072707,4.329566671250433,42845082.0,0.0002342248605030326,0.00016481447866817327,0.0004166666617556826,0.0008157060009268885,0.0659345741091557,0,252,500,CLARABEL,optimal,219,19,0.00055746
2010-10-29,development,v4_hysteresis,100000000.0,150.0,0.05187775742742223,0.05022871810298398,0.3902426197520008,0.001736393770088507,500,75,70,1.9999999716084107,-4.8188655982217554e-09,0.04999999298444441,0.050000004598927894,0.03361516860085196,0.020000000481613774,115.27170970072707,4.329566671250433,42845082.0,0.0002342248605030326,0.00016481447866817327,0.0012499999852670478,0.0016490393244382538,0.0659345741091557,0,252,500,CLARABEL,optimal,219,19,0.00055746
2010-10-29,development,v4_hysteresis,100000000.0,300.0,0.05187775742742223,0.04897871811771693,0.3902426197520008,0.001736393770088507,500,75,70,1.9999999716084107,-4.8188655982217554e-09,0.04999999298444441,0.050000004598927894,0.03361516860085196,0.020000000481613774,115.27170970072707,4.329566671250433,42845082.0,0.0002342248605030326,0.00016481447866817327,0.0024999999705340955,0.0028990393097053013,0.0659345741091557,0,252,500,CLARABEL,optimal,219,19,0.00055746
2010-10-29,development,v4_hysteresis,500000000.0,50.0,0.05187775742742223,0.050858329527185296,0.3902426197520008,0.001736393770088507,500,75,70,1.9999999716084107,-4.8188655982217554e-09,0.04999999298444441,0.050000004598927894,0.03361516860085196,0.020000000481613774,115.27170970072707,4.329566671250433,42845082.0,0.0002342248605030326,0.0003685363779782244,0.0004166666617556826,0.0010194279002369395,0.3296728705457785,24,252,500,CLARABEL,optimal,219,19,0.00055746
2010-10-29,development,v4_hysteresis,500000000.0,150.0,0.05187775742742223,0.05002499620367393,0.3902426197520008,0.001736393770088507,500,75,70,1.9999999716084107,-4.8188655982217554e-09,0.04999999298444441,0.050000004598927894,0.03361516860085196,0.020000000481613774,115.27170970072707,4.329566671250433,42845082.0,0.0002342248605030326,0.0003685363779782244,0.0012499999852670478,0.0018527612237483047,0.3296728705457785,24,252,500,CLARABEL,optimal,219,19,0.00055746
2010-10-29,development,v4_hysteresis,500000000.0,300.0,0.05187775742742223,0.04877499621840688,0.3902426197520008,0.001736393770088507,500,75,70,1.9999999716084107,-4.8188655982217554e-09,0.04999999298444441,0.050000004598927894,0.03361516860085196,0.020000000481613774,115.27170970072707,4.329566671250433,42845082.0,0.0002342248605030326,0.0003685363779782244,0.0024999999705340955,0.0031027612090153527,0.3296728705457785,24,252,500,CLARABEL,optimal,219,19,0.00055746
2010-11-30,development,v4_hysteresis,10000000.0,50.0,-0.022284498052212675,-0.023056909358535837,0.49492087340445123,0.06583599274736747,500,77,71,1.9999999817338734,-1.2122746695375497e-09,0.045488274526389705,0.0500000069514316,0.040000001612049495,0.0200000004192541,116.95776357985525,4.3478972925258015,43763347.3775,0.0002961777956954925,5.9566847513888406e-05,0.00041666666311378084,0.0007724113063231617,0.010000000361427248,0,252,500,CLARABEL,optimal,230,30,0.00047746200000000006
2010-11-30,development,v4_hysteresis,10000000.0,150.0,-0.022284498052212675,-0.023890242684763398,0.49492087340445123,0.06583599274736747,500,77,71,1.9999999817338734,-1.2122746695375497e-09,0.045488274526389705,0.0500000069514316,0.040000001612049495,0.0200000004192541,116.95776357985525,4.3478972925258015,43763347.3775,0.0002961777956954925,5.9566847513888406e-05,0.0012499999893413425,0.0016057446325507233,0.010000000361427248,0,252,500,CLARABEL,optimal,230,30,0.00047746200000000006
2010-11-30,development,v4_hysteresis,10000000.0,300.0,-0.022284498052212675,-0.02514024267410474,0.49492087340445123,0.06583599274736747,500,77,71,1.9999999817338734,-1.2122746695375497e-09,0.045488274526389705,0.0500000069514316,0.040000001612049495,0.0200000004192541,116.95776357985525,4.3478972925258015,43763347.3775,0.0002961777956954925,5.9566847513888406e-05,0.002499999978682685,0.002855744621892066,0.010000000361427248,0,252,500,CLARABEL,optimal,230,30,0.00047746200000000006
2010-11-30,development,v4_hysteresis,100000000.0,50.0,-0.022284498052212675,-0.023185709422201772,0.49492087340445123,0.06583599274736747,500,77,71,1.9999999817338734,-1.2122746695375497e-09,0.045488274526389705,0.0500000069514316,0.040000001612049495,0.0200000004192541,116.95776357985525,4.3478972925258015,43763347.3775,0.0002961777956954925,0.0001883669111798257,0.00041666666311378084,0.0009012113699890991,0.10000000361427247,2,252,500,CLARABEL,optimal,230,30,0.00047746200000000006
2010-11-30,development,v4_hysteresis,100000000.0,150.0,-0.022284498052212675,-0.024019042748429337,0.49492087340445123,0.06583599274736747,500,77,71,1.9999999817338734,-1.2122746695375497e-09,0.045488274526389705,0.0500000069514316,0.040000001612049495,0.0200000004192541,116.95776357985525,4.3478972925258015,43763347.3775,0.0002961777956954925,0.0001883669111798257,0.0012499999893413425,0.0017345446962166607,0.10000000361427247,2,252,500,CLARABEL,optimal,230,30,0.00047746200000000006
2010-11-30,development,v4_hysteresis,100000000.0,300.0,-0.022284498052212675,-0.025269042737770676,0.49492087340445123,0.06583599274736747,500,77,71,1.9999999817338734,-1.2122746695375497e-09,0.045488274526389705,0.0500000069514316,0.040000001612049495,0.0200000004192541,116.95776357985525,4.3478972925258015,43763347.3775,0.0002961777956954925,0.0001883669111798257,0.002499999978682685,0.002984544685558003,0.10000000361427247,2,252,500,CLARABEL,optimal,230,30,0.00047746200000000006
2010-11-30,development,v4_hysteresis,500000000.0,50.0,-0.022284498052212675,-0.023418543729131703,0.49492087340445123,0.06583599274736747,500,77,71,1.9999999817338734,-1.2122746695375497e-09,0.045488274526389705,0.0500000069514316,0.040000001612049495,0.0200000004192541,116.95776357985525,4.3478972925258015,43763347.3775,0.0002961777956954925,0.0004212012181097553,0.00041666666311378084,0.0011340456769190286,0.5000000180713624,25,252,500,CLARABEL,optimal,230,30,0.00047746200000000006
2010-11-30,development,v4_hysteresis,500000000.0,150.0,-0.022284498052212675,-0.024251877055359264,0.49492087340445123,0.06583599274736747,500,77,71,1.9999999817338734,-1.2122746695375497e-09,0.045488274526389705,0.0500000069514316,0.040000001612049495,0.0200000004192541,116.95776357985525,4.3478972925258015,43763347.3775,0.0002961777956954925,0.0004212012181097553,0.0012499999893413425,0.00196737900314659,0.5000000180713624,25,252,500,CLARABEL,optimal,230,30,0.00047746200000000006
2010-11-30,development,v4_hysteresis,500000000.0,300.0,-0.022284498052212675,-0.025501877044700607,0.49492087340445123,0.06583599274736747,500,77,71,1.9999999817338734,-1.2122746695375497e-09,0.045488274526389705,0.0500000069514316,0.040000001612049495,0.0200000004192541,116.95776357985525,4.3478972925258015,43763347.3775,0.0002961777956954925,0.0004212012181097553,0.002499999978682685,0.003217378992487933,0.5000000180713624,25,252,500,CLARABEL,optimal,230,30,0.00047746200000000006
2010-12-31,development,v4_hysteresis,10000000.0,50.0,-0.00400388714352516,-0.004677849380432975,0.3812503728956991,0.021361050109220427,500,81,68,1.9999999579360512,-7.384353239991981e-09,0.043768777151819704,0.04999999782437384,0.035474524986145124,0.020000000594575407,116.56615015010861,4.213733832813426,44158297.36,0.00020883233702019728,4.846324044586667e-05,0.00041666665944175104,0.0006739622369078149,0.010000000410701223,0,252,500,CLARABEL,optimal,223,23,0.00037497
2010-12-31,development,v4_hysteresis,10000000.0,150.0,-0.00400388714352516,-0.005511182699316477,0.3812503728956991,0.021361050109220427,500,81,68,1.9999999579360512,-7.384353239991981e-09,0.043768777151819704,0.04999999782437384,0.035474524986145124,0.020000000594575407,116.56615015010861,4.213733832813426,44158297.36,0.00020883233702019728,4.846324044586667e-05,0.001249999978325253,0.001507295555791317,0.010000000410701223,0,252,500,CLARABEL,optimal,223,23,0.00037497
2010-12-31,development,v4_hysteresis,10000000.0,300.0,-0.00400388714352516,-0.00676118267764173,0.3812503728956991,0.021361050109220427,500,81,68,1.9999999579360512,-7.384353239991981e-09,0.043768777151819704,0.04999999782437384,0.035474524986145124,0.020000000594575407,116.56615015010861,4.213733832813426,44158297.36,0.00020883233702019728,4.846324044586667e-05,0.002499999956650506,0.00275729553411657,0.010000000410701223,0,252,500,CLARABEL,optimal,223,23,0.00037497
2010-12-31,development,v4_hysteresis,100000000.0,50.0,-0.00400388714352516,-0.004782640362588441,0.3812503728956991,0.021361050109220427,500,81,68,1.9999999579360512,-7.384353239991981e-09,0.043768777151819704,0.04999999782437384,0.035474524986145124,0.020000000594575407,116.56615015010861,4.213733832813426,44158297.36,0.00020883233702019728,0.0001532542226013328,0.00041666665944175104,0.000778753219063281,0.10000000410701222,1,252,500,CLARABEL,optimal,223,23,0.00037497
2010-12-31,development,v4_hysteresis,100000000.0,150.0,-0.00400388714352516,-0.005615973681471943,0.3812503728956991,0.021361050109220427,500,81,68,1.9999999579360512,-7.384353239991981e-09,0.043768777151819704,0.04999999782437384,0.035474524986145124,0.020000000594575407,116.56615015010861,4.213733832813426,44158297.36,0.00020883233702019728,0.0001532542226013328,0.001249999978325253,0.001612086537946783,0.10000000410701222,1,252,500,CLARABEL,optimal,223,23,0.00037497
2010-12-31,development,v4_hysteresis,100000000.0,300.0,-0.00400388714352516,-0.006865973659797196,0.3812503728956991,0.021361050109220427,500,81,68,1.9999999579360512,-7.384353239991981e-09,0.043768777151819704,0.04999999782437384,0.035474524986145124,0.020000000594575407,116.56615015010861,4.213733832813426,44158297.36,0.00020883233702019728,0.0001532542226013328,0.002499999956650506,0.002862086516272036,0.10000000410701222,1,252,500,CLARABEL,optimal,223,23,0.00037497
2010-12-31,development,v4_hysteresis,500000000.0,50.0,-0.00400388714352516,-0.004972072999562573,0.3812503728956991,0.021361050109220427,500,81,68,1.9999999579360512,-7.384353239991981e-09,0.043768777151819704,0.04999999782437384,0.035474524986145124,0.020000000594575407,116.56615015010861,4.213733832813426,44158297.36,0.00020883233702019728,0.0003426868595754647,0.00041666665944175104,0.0009681858560374129,0.5000000205350612,19,252,500,CLARABEL,optimal,223,23,0.00037497
2010-12-31,development,v4_hysteresis,500000000.0,150.0,-0.00400388714352516,-0.005805406318446075,0.3812503728956991,0.021361050109220427,500,81,68,1.9999999579360512,-7.384353239991981e-09,0.043768777151819704,0.04999999782437384,0.035474524986145124,0.020000000594575407,116.56615015010861,4.213733832813426,44158297.36,0.00020883233702019728,0.0003426868595754647,0.001249999978325253,0.001801519174920915,0.5000000205350612,19,252,500,CLARABEL,optimal,223,23,0.00037497
2010-12-31,development,v4_hysteresis,500000000.0,300.0,-0.00400388714352516,-0.007055406296771328,0.3812503728956991,0.021361050109220427,500,81,68,1.9999999579360512,-7.384353239991981e-09,0.043768777151819704,0.04999999782437384,0.035474524986145124,0.020000000594575407,116.56615015010861,4.213733832813426,44158297.36,0.00020883233702019728,0.0003426868595754647,0.002499999956650506,0.003051519153246168,0.5000000205350612,19,252,500,CLARABEL,optimal,223,23,0.00037497
2011-01-31,development,v4_hysteresis,10000000.0,50.0,0.023169458661802846,0.022489738218068562,0.4127363121006361,0.03342691211031508,500,82,69,1.9999999566641713,-1.6284645021347188e-09,0.0499999998576294,0.050000018504565785,0.0354745127231646,0.020000000659516196,116.56105056627688,4.203684878731615,47831754.4825,0.00022016313439917235,4.2890651357477304e-05,0.0004166666579776325,0.0006797204437342822,0.010000001195417755,0,252,500,CLARABEL,optimal,225,25,0.000359016
2011-01-31,development,v4_hysteresis,10000000.0,150.0,0.023169458661802846,0.021656404902113298,0.4127363121006361,0.03342691211031508,500,82,69,1.9999999566641713,-1.6284645021347188e-09,0.0499999998576294,0.050000018504565785,0.0354745127231646,0.020000000659516196,116.56105056627688,4.203684878731615,47831754.4825,0.00022016313439917235,4.2890651357477304e-05,0.0012499999739328973,0.001513053759689547,0.010000001195417755,0,252,500,CLARABEL,optimal,225,25,0.000359016
2011-01-31,development,v4_hysteresis,10000000.0,300.0,0.023169458661802846,0.0204064049281804,0.4127363121006361,0.03342691211031508,500,82,69,1.9999999566641713,-1.6284645021347188e-09,0.0499999998576294,0.050000018504565785,0.0354745127231646,0.020000000659516196,116.56105056627688,4.203684878731615,47831754.4825,0.00022016313439917235,4.2890651357477304e-05,0.0024999999478657947,0.002763053733622444,0.010000001195417755,0,252,500,CLARABEL,optimal,225,25,0.000359016
2011-01-31,development,v4_hysteresis,100000000.0,50.0,0.023169458661802846,0.02239699672080822,0.4127363121006361,0.03342691211031508,500,82,69,1.9999999566641713,-1.6284645021347188e-09,0.0499999998576294,0.050000018504565785,0.0354745127231646,0.020000000659516196,116.56105056627688,4.203684878731615,47831754.4825,0.00022016313439917235,0.00013563214861782104,0.0004166666579776325,0.0007724619409946259,0.10000001195417754,1,252,500,CLARABEL,optimal,225,25,0.000359016
2011-01-31,development,v4_hysteresis,100000000.0,150.0,0.023169458661802846,0.021563663404852954,0.4127363121006361,0.03342691211031508,500,82,69,1.9999999566641713,-1.6284645021347188e-09,0.0499999998576294,0.050000018504565785,0.0354745127231646,0.020000000659516196,116.56105056627688,4.203684878731615,47831754.4825,0.00022016313439917235,0.00013563214861782104,0.0012499999739328973,0.0016057952569498908,0.10000001195417754,1,252,500,CLARABEL,optimal,225,25,0.000359016
2011-01-31,development,v4_hysteresis,100000000.0,300.0,0.023169458661802846,0.02031366343092006,0.4127363121006361,0.03342691211031508,500,82,69,1.9999999566641713,-1.6284645021347188e-09,0.0499999998576294,0.050000018504565785,0.0354745127231646,0.020000000659516196,116.56105056627688,4.203684878731615,47831754.4825,0.00022016313439917235,0.00013563214861782104,0.0024999999478657947,0.002855795230882788,0.10000001195417754,1,252,500,CLARABEL,optimal,225,25,0.000359016
2011-01-31,development,v4_hysteresis,500000000.0,50.0,0.023169458661802846,0.02222934616518224,0.4127363121006361,0.03342691211031508,500,82,69,1.9999999566641713,-1.6284645021347188e-09,0.0499999998576294,0.050000018504565785,0.0354745127231646,0.020000000659516196,116.56105056627688,4.203684878731615,47831754.4825,0.00022016313439917235,0.00030328270424380204,0.0004166666579776325,0.0009401124966206069,0.5000000597708877,18,252,500,CLARABEL,optimal,225,25,0.000359016
2011-01-31,development,v4_hysteresis,500000000.0,150.0,0.023169458661802846,0.021396012849226972,0.4127363121006361,0.03342691211031508,500,82,69,1.9999999566641713,-1.6284645021347188e-09,0.0499999998576294,0.050000018504565785,0.0354745127231646,0.020000000659516196,116.56105056627688,4.203684878731615,47831754.4825,0.00022016313439917235,0.00030328270424380204,0.0012499999739328973,0.0017734458125758718,0.5000000597708877,18,252,500,CLARABEL,optimal,225,25,0.000359016
2011-01-31,development,v4_hysteresis,500000000.0,300.0,0.023169458661802846,0.020146012875294078,0.4127363121006361,0.03342691211031508,500,82,69,1.9999999566641713,-1.6284645021347188e-09,0.0499999998576294,0.050000018504565785,0.0354745127231646,0.020000000659516196,116.56105056627688,4.203684878731615,47831754.4825,0.00022016313439917235,0.00030328270424380204,0.0024999999478657947,0.003023445786508769,0.5000000597708877,18,252,500,CLARABEL,optimal,225,25,0.000359016
2011-02-28,development,v4_hysteresis,10000000.0,50.0,0.004312224236111591,0.0035626259475146334,0.6193324194504541,0.0012816024141251608,500,78,71,1.9999999617302033,3.097974196619724e-09,0.050000000641705955,0.05000000897697317,0.04000000102092542,0.02000000065404982,116.97076087351068,3.89079832755506,47036406.165,0.0002780062732071603,5.492535734141615e-05,0.00041666665804838114,0.0007495982885969576,0.009608714543896614,0,252,500,CLARABEL,optimal,229,29,0.000334763
2011-02-28,development,v4_hysteresis,10000000.0,150.0,0.004312224236111591,0.0027292926314178715,0.6193324194504541,0.0012816024141251608,500,78,71,1.9999999617302033,3.097974196619724e-09,0.050000000641705955,0.05000000897697317,0.04000000102092542,0.02000000065404982,116.97076087351068,3.89079832755506,47036406.165,0.0002780062732071603,5.492535734141615e-05,0.0012499999741451434,0.0015829316046937199,0.009608714543896614,0,252,500,CLARABEL,optimal,229,29,0.000334763
2011-02-28,development,v4_hysteresis,10000000.0,300.0,0.004312224236111591,0.001479292657272728,0.6193324194504541,0.0012816024141251608,500,78,71,1.9999999617302033,3.097974196619724e-09,0.050000000641705955,0.05000000897697317,0.04000000102092542,0.02000000065404982,116.97076087351068,3.89079832755506,47036406.165,0.0002780062732071603,5.492535734141615e-05,0.0024999999482902867,0.002832931578838863,0.009608714543896614,0,252,500,CLARABEL,optimal,229,29,0.000334763
2011-02-28,development,v4_hysteresis,100000000.0,50.0,0.004312224236111591,0.0034438620743585243,0.6193324194504541,0.0012816024141251608,500,78,71,1.9999999617302033,3.097974196619724e-09,0.050000000641705955,0.05000000897697317,0.04000000102092542,0.02000000065404982,116.97076087351068,3.89079832755506,47036406.165,0.0002780062732071603,0.00017368923049752556,0.00041666665804838114,0.000868362161753067,0.09608714543896614,0,252,500,CLARABEL,optimal,229,29,0.000334763
2011-02-28,development,v4_hysteresis,100000000.0,150.0,0.004312224236111591,0.002610528758261762,0.6193324194504541,0.0012816024141251608,500,78,71,1.9999999617302033,3.097974196619724e-09,0.050000000641705955,0.05000000897697317,0.04000000102092542,0.02000000065404982,116.97076087351068,3.89079832755506,47036406.165,0.0002780062732071603,0.00017368923049752556,0.0012499999741451434,0.0017016954778498292,0.09608714543896614,0,252,500,CLARABEL,optimal,229,29,0.000334763
2011-02-28,development,v4_hysteresis,100000000.0,300.0,0.004312224236111591,0.0013605287841166186,0.6193324194504541,0.0012816024141251608,500,78,71,1.9999999617302033,3.097974196619724e-09,0.050000000641705955,0.05000000897697317,0.04000000102092542,0.02000000065404982,116.97076087351068,3.89079832755506,47036406.165,0.0002780062732071603,0.00017368923049752556,0.0024999999482902867,0.0029516954519949725,0.09608714543896614,0,252,500,CLARABEL,optimal,229,29,0.000334763
2011-02-28,development,v4_hysteresis,500000000.0,50.0,0.004312224236111591,0.003229170378503953,0.6193324194504541,0.0012816024141251608,500,78,71,1.9999999617302033,3.097974196619724e-09,0.050000000641705955,0.05000000897697317,0.04000000102092542,0.02000000065404982,116.97076087351068,3.89079832755506,47036406.165,0.0002780062732071603,0.0003883809263520968,0.00041666665804838114,0.0010830538576076382,0.48043572719483063,25,252,500,CLARABEL,optimal,229,29,0.000334763
2011-02-28,development,v4_hysteresis,500000000.0,150.0,0.004312224236111591,0.0023958370624071906,0.6193324194504541,0.0012816024141251608,500,78,71,1.9999999617302033,3.097974196619724e-09,0.050000000641705955,0.05000000897697317,0.04000000102092542,0.02000000065404982,116.97076087351068,3.89079832755506,47036406.165,0.0002780062732071603,0.0003883809263520968,0.0012499999741451434,0.0019163871737044006,0.48043572719483063,25,252,500,CLARABEL,optimal,229,29,0.000334763
2011-02-28,development,v4_hysteresis,500000000.0,300.0,0.004312224236111591,0.0011458370882620472,0.6193324194504541,0.0012816024141251608,500,78,71,1.9999999617302033,3.097974196619724e-09,0.050000000641705955,0.05000000897697317,0.04000000102092542,0.02000000065404982,116.97076087351068,3.89079832755506,47036406.165,0.0002780062732071603,0.0003883809263520968,0.0024999999482902867,0.003166387147849544,0.48043572719483063,25,252,500,CLARABEL,optimal,229,29,0.000334763
2011-03-31,development,v4_hysteresis,10000000.0,50.0,0.010666177398148293,0.009926771988648365,0.5786540190656799,0.03533367868987619,500,78,72,1.9999999705529907,-1.3351870234434848e-09,0.04215026344493067,0.049999993839863074,0.039999997968823586,0.02000000063567146,118.06378615529569,3.552265680919352,51132501.0,0.0002627290364038122,6.0009712286077425e-05,0.00041666666081003706,0.0007394054094999266,0.007048576418396395,0,252,500,CLARABEL,optimal,223,23,0.00035568
2011-03-31,development,v4_hysteresis,10000000.0,150.0,0.010666177398148293,0.009093438667028293,0.5786540190656799,0.03533367868987619,500,78,72,1.9999999705529907,-1.3351870234434848e-09,0.04215026344493067,0.049999993839863074,0.039999997968823586,0.02000000063567146,118.06378615529569,3.552265680919352,51132501.0,0.0002627290364038122,6.0009712286077425e-05,0.0012499999824301111,0.0015727387311200007,0.007048576418396395,0,252,500,CLARABEL,optimal,223,23,0.00035568
2011-03-31,development,v4_hysteresis,10000000.0,300.0,0.010666177398148293,0.007843438684598181,0.5786540190656799,0.03533367868987619,500,78,72,1.9999999705529907,-1.3351870234434848e-09,0.04215026344493067,0.049999993839863074,0.039999997968823586,0.02000000063567146,118.06378615529569,3.552265680919352,51132501.0,0.0002627290364038122,6.0009712286077425e-05,0.0024999999648602222,0.0028227387135501118,0.007048576418396395,0,252,500,CLARABEL,optimal,223,23,0.00035568
2011-03-31,development,v4_hysteresis,100000000.0,50.0,0.010666177398148293,0.00979701432837905,0.5786540190656799,0.03533367868987619,500,78,72,1.9999999705529907,-1.3351870234434848e-09,0.04215026344493067,0.049999993839863074,0.039999997968823586,0.02000000063567146,118.06378615529569,3.552265680919352,51132501.0,0.0002627290364038122,0.00018976737255539458,0.00041666666081003706,0.0008691630697692438,0.07048576418396396,0,252,500,CLARABEL,optimal,223,23,0.00035568
2011-03-31,development,v4_hysteresis,100000000.0,150.0,0.010666177398148293,0.008963681006758975,0.5786540190656799,0.03533367868987619,500,78,72,1.9999999705529907,-1.3351870234434848e-09,0.04215026344493067,0.049999993839863074,0.039999997968823586,0.02000000063567146,118.06378615529569,3.552265680919352,51132501.0,0.0002627290364038122,0.00018976737255539458,0.0012499999824301111,0.001702496391389318,0.07048576418396396,0,252,500,CLARABEL,optimal,223,23,0.00035568
2011-03-31,development,v4_hysteresis,100000000.0,300.0,0.010666177398148293,0.007713681024328864,0.5786540190656799,0.03533367868987619,500,78,72,1.9999999705529907,-1.3351870234434848e-09,0.04215026344493067,0.049999993839863074,0.039999997968823586,0.02000000063567146,118.06378615529569,3.552265680919352,51132501.0,0.0002627290364038122,0.00018976737255539458,0.0024999999648602222,0.002952496373819429,0.07048576418396396,0,252,500,CLARABEL,optimal,223,23,0.00035568
2011-03-31,development,v4_hysteresis,500000000.0,50.0,0.010666177398148293,0.009562448955989053,0.5786540190656799,0.03533367868987619,500,78,72,1.9999999705529907,-1.3351870234434848e-09,0.04215026344493067,0.049999993839863074,0.039999997968823586,0.02000000063567146,118.06378615529569,3.552265680919352,51132501.0,0.0002627290364038122,0.00042433274494539023,0.00041666666081003706,0.0011037284421592396,0.35242882091981975,25,252,500,CLARABEL,optimal,223,23,0.00035568
2011-03-31,development,v4_hysteresis,500000000.0,150.0,0.010666177398148293,0.00872911563436898,0.5786540190656799,0.03533367868987619,500,78,72,1.9999999705529907,-1.3351870234434848e-09,0.04215026344493067,0.049999993839863074,0.039999997968823586,0.02000000063567146,118.06378615529569,3.552265680919352,51132501.0,0.0002627290364038122,0.00042433274494539023,0.0012499999824301111,0.0019370617637793136,0.35242882091981975,25,252,500,CLARABEL,optimal,223,23,0.00035568
2011-03-31,development,v4_hysteresis,500000000.0,300.0,0.010666177398148293,0.007479115651938868,0.5786540190656799,0.03533367868987619,500,78,72,1.9999999705529907,-1.3351870234434848e-09,0.04215026344493067,0.049999993839863074,0.039999997968823586,0.02000000063567146,118.06378615529569,3.552265680919352,51132501.0,0.0002627290364038122,0.00042433274494539023,0.0024999999648602222,0.0031870617462094247,0.35242882091981975,25,252,500,CLARABEL,optimal,223,23,0.00035568
2011-04-29,development,v4_hysteresis,10000000.0,50.0,0.0010021408246602952,0.00035811523267834317,0.3952996159058902,-0.009882006795246093,500,77,71,1.9999999827595278,-1.635376542519218e-09,0.049999997827103376,0.05000000390947262,0.040000002095527135,0.020000000627138134,118.63954424424732,3.423052548704803,51074964.0,0.00017506996273875295,5.228896582759399e-05,0.00041666666341560516,0.0006440255919819521,0.010000000270963478,0,252,500,CLARABEL,optimal,217,17,0.000404574
2011-04-29,development,v4_hysteresis,10000000.0,150.0,0.0010021408246602952,-0.00047521809415286727,0.3952996159058902,-0.009882006795246093,500,77,71,1.9999999827595278,-1.635376542519218e-09,0.049999997827103376,0.05000000390947262,0.040000002095527135,0.020000000627138134,118.63954424424732,3.423052548704803,51074964.0,0.00017506996273875295,5.228896582759399e-05,0.0012499999902468154,0.0014773589188131625,0.010000000270963478,0,252,500,CLARABEL,optimal,217,17,0.000404574
2011-04-29,development,v4_hysteresis,10000000.0,300.0,0.0010021408246602952,-0.0017252180843996827,0.3952996159058902,-0.009882006795246093,500,77,71,1.9999999827595278,-1.635376542519218e-09,0.049999997827103376,0.05000000390947262,0.040000002095527135,0.020000000627138134,118.63954424424732,3.423052548704803,51074964.0,0.00017506996273875295,5.228896582759399e-05,0.002499999980493631,0.002727358909059978,0.010000000270963478,0,252,500,CLARABEL,optimal,217,17,0.000404574
2011-04-29,development,v4_hysteresis,100000000.0,50.0,0.0010021408246602952,0.00024505196999602885,0.3952996159058902,-0.009882006795246093,500,77,71,1.9999999827595278,-1.635376542519218e-09,0.049999997827103376,0.05000000390947262,0.040000002095527135,0.020000000627138134,118.63954424424732,3.423052548704803,51074964.0,0.00017506996273875295,0.00016535222850990825,0.00041666666341560516,0.0007570888546642664,0.10000000270963476,1,252,500,CLARABEL,optimal,217,17,0.000404574
2011-04-29,development,v4_hysteresis,100000000.0,150.0,0.0010021408246602952,-0.0005882813568351814,0.3952996159058902,-0.009882006795246093,500,77,71,1.9999999827595278,-1.635376542519218e-09,0.049999997827103376,0.05000000390947262,0.040000002095527135,0.020000000627138134,118.63954424424732,3.423052548704803,51074964.0,0.00017506996273875295,0.00016535222850990825,0.0012499999902468154,0.0015904221814954766,0.10000000270963476,1,252,500,CLARABEL,optimal,217,17,0.000404574
2011-04-29,development,v4_hysteresis,100000000.0,300.0,0.0010021408246602952,-0.0018382813470819966,0.3952996159058902,-0.009882006795246093,500,77,71,1.9999999827595278,-1.635376542519218e-09,0.049999997827103376,0.05000000390947262,0.040000002095527135,0.020000000627138134,118.63954424424732,3.423052548704803,51074964.0,0.00017506996273875295,0.00016535222850990825,0.002499999980493631,0.002840422171742292,0.10000000270963476,1,252,500,CLARABEL,optimal,217,17,0.000404574
2011-04-29,development,v4_hysteresis,500000000.0,50.0,0.0010021408246602952,4.0665375326703586e-05,0.3952996159058902,-0.009882006795246093,500,77,71,1.9999999827595278,-1.635376542519218e-09,0.049999997827103376,0.05000000390947262,0.040000002095527135,0.020000000627138134,118.63954424424732,3.423052548704803,51074964.0,0.00017506996273875295,0.00036973882317923353,0.00041666666341560516,0.0009614754493335916,0.5000000135481738,20,252,500,CLARABEL,optimal,217,17,0.000404574
2011-04-29,development,v4_hysteresis,500000000.0,150.0,0.0010021408246602952,-0.0007926679515045066,0.3952996159058902,-0.009882006795246093,500,77,71,1.9999999827595278,-1.635376542519218e-09,0.049999997827103376,0.05000000390947262,0.040000002095527135,0.020000000627138134,118.63954424424732,3.423052548704803,51074964.0,0.00017506996273875295,0.00036973882317923353,0.0012499999902468154,0.0017948087761648019,0.5000000135481738,20,252,500,CLARABEL,optimal,217,17,0.000404574
2011-04-29,development,v4_hysteresis,500000000.0,300.0,0.0010021408246602952,-0.002042667941751322,0.3952996159058902,-0.009882006795246093,500,77,71,1.9999999827595278,-1.635376542519218e-09,0.049999997827103376,0.05000000390947262,0.040000002095527135,0.020000000627138134,118.63954424424732,3.423052548704803,51074964.0,0.00017506996273875295,0.00036973882317923353,0.002499999980493631,0.0030448087664116173,0.5000000135481738,20,252,500,CLARABEL,optimal,217,17,0.000404574
2011-05-31,development,v4_hysteresis,10000000.0,50.0,0.05057086828242155,0.049856567685931705,0.5935471472767002,-0.015528893912496577,500,75,72,1.999999981946771,-6.175626399151923e-10,0.0323340566803795,0.050000011899384904,0.04000000219921625,0.020000000606681462,116.43491396831119,3.135779318227526,51216564.5,0.00022705648250185228,7.05774509537568e-05,0.0004166666630342362,0.0007143005964898453,0.009179839842392073,0,252,500,CLARABEL,optimal,220,20,0.000686312
2011-05-31,development,v4_hysteresis,10000000.0,150.0,0.05057086828242155,0.049023234359863235,0.5935471472767002,-0.015528893912496577,500,75,72,1.999999981946771,-6.175626399151923e-10,0.0323340566803795,0.050000011899384904,0.04000000219921625,0.020000000606681462,116.43491396831119,3.135779318227526,51216564.5,0.00022705648250185228,7.05774509537568e-05,0.0012499999891027083,0.0015476339225583174,0.009179839842392073,0,252,500,CLARABEL,optimal,220,20,0.000686312
2011-05-31,development,v4_hysteresis,10000000.0,300.0,0.05057086828242155,0.047773234370760524,0.5935471472767002,-0.015528893912496577,500,75,72,1.999999981946771,-6.175626399151923e-10,0.0323340566803795,0.050000011899384904,0.04000000219921625,0.020000000606681462,116.43491396831119,3.135779318227526,51216564.5,0.00022705648250185228,7.05774509537568e-05,0.0024999999782054166,0.0027976339116610256,0.009179839842392073,0,252,500,CLARABEL,optimal,220,20,0.000686312
2011-05-31,development,v4_hysteresis,100000000.0,50.0,0.05057086828242155,0.04970395964042277,0.5935471472767002,-0.015528893912496577,500,75,72,1.999999981946771,-6.175626399151923e-10,0.0323340566803795,0.050000011899384904,0.04000000219921625,0.020000000606681462,116.43491396831119,3.135779318227526,51216564.5,0.00022705648250185228,0.00022318549646269462,0.0004166666630342362,0.0008669086419987831,0.09179839842392074,0,252,500,CLARABEL,optimal,220,20,0.000686312
2011-05-31,development,v4_hysteresis,100000000.0,150.0,0.05057086828242155,0.04887062631435429,0.5935471472767002,-0.015528893912496577,500,75,72,1.999999981946771,-6.175626399151923e-10,0.0323340566803795,0.050000011899384904,0.04000000219921625,0.020000000606681462,116.43491396831119,3.135779318227526,51216564.5,0.00022705648250185228,0.00022318549646269462,0.0012499999891027083,0.0017002419680672552,0.09179839842392074,0,252,500,CLARABEL,optimal,220,20,0.000686312
2011-05-31,development,v4_hysteresis,100000000.0,300.0,0.05057086828242155,0.04762062632525159,0.5935471472767002,-0.015528893912496577,500,75,72,1.999999981946771,-6.175626399151923e-10,0.0323340566803795,0.050000011899384904,0.04000000219921625,0.020000000606681462,116.43491396831119,3.135779318227526,51216564.5,0.00022705648250185228,0.00022318549646269462,0.0024999999782054166,0.0029502419571699632,0.09179839842392074,0,252,500,CLARABEL,optimal,220,20,0.000686312
2011-05-31,development,v4_hysteresis,500000000.0,50.0,0.05057086828242155,0.049428087195202836,0.5935471472767002,-0.015528893912496577,500,75,72,1.999999981946771,-6.175626399151923e-10,0.0323340566803795,0.050000011899384904,0.04000000219921625,0.020000000606681462,116.43491396831119,3.135779318227526,51216564.5,0.00022705648250185228,0.000499057941682624,0.0004166666630342362,0.0011427810872187126,0.4589919921196036,25,252,500,CLARABEL,optimal,220,20,0.000686312
2011-05-31,development,v4_hysteresis,500000000.0,150.0,0.05057086828242155,0.048594753869134366,0.5935471472767002,-0.015528893912496577,500,75,72,1.999999981946771,-6.175626399151923e-10,0.0323340566803795,0.050000011899384904,0.04000000219921625,0.020000000606681462,116.43491396831119,3.135779318227526,51216564.5,0.00022705648250185228,0.000499057941682624,0.0012499999891027083,0.0019761144132871846,0.4589919921196036,25,252,500,CLARABEL,optimal,220,20,0.000686312
2011-05-31,development,v4_hysteresis,500000000.0,300.0,0.05057086828242155,0.047344753880031655,0.5935471472767002,-0.015528893912496577,500,75,72,1.999999981946771,-6.175626399151923e-10,0.0323340566803795,0.050000011899384904,0.04000000219921625,0.020000000606681462,116.43491396831119,3.135779318227526,51216564.5,0.00022705648250185228,0.000499057941682624,0.0024999999782054166,0.0032261144023898927,0.4589919921196036,25,252,500,CLARABEL,optimal,220,20,0.000686312
2011-06-30,development,v4_hysteresis,10000000.0,50.0,-0.014181639890325353,-0.014886295815049397,0.6410754135595766,-0.021824944156261787,500,74,73,1.9999999582828762,-7.962388401394627e-09,0.04999999687179049,0.050000015139300205,0.039999997779597445,0.020000000639162206,116.13213557080144,3.0478696202645077,50164997.32,0.00022933139451678013,5.865787057283384e-05,0.00041666665963443014,0.0007046559247240441,0.00911569115199668,0,252,500,CLARABEL,optimal,226,26,0.0009231660000000001
2011-06-30,development,v4_hysteresis,10000000.0,150.0,-0.014181639890325353,-0.015719629134318257,0.6410754135595766,-0.021824944156261787,500,74,73,1.9999999582828762,-7.962388401394627e-09,0.04999999687179049,0.050000015139300205,0.039999997779597445,0.020000000639162206,116.13213557080144,3.0478696202645077,50164997.32,0.00022933139451678013,5.865787057283384e-05,0.0012499999789032904,0.0015379892439929045,0.00911569115199668,0,252,500,CLARABEL,optimal,226,26,0.0009231660000000001
2011-06-30,development,v4_hysteresis,10000000.0,300.0,-0.014181639890325353,-0.016969629113221547,0.6410754135595766,-0.021824944156261787,500,74,73,1.9999999582828762,-7.962388401394627e-09,0.04999999687179049,0.050000015139300205,0.039999997779597445,0.020000000639162206,116.13213557080144,3.0478696202645077,50164997.32,0.00022933139451678013,5.865787057283384e-05,0.0024999999578065807,0.002787989222896195,0.00911569115199668,0,252,500,CLARABEL,optimal,226,26,0.0009231660000000001
2011-06-30,development,v4_hysteresis,100000000.0,50.0,-0.014181639890325353,-0.015013130418182084,0.6410754135595766,-0.021824944156261787,500,74,73,1.9999999582828762,-7.962388401394627e-09,0.04999999687179049,0.050000015139300205,0.039999997779597445,0.020000000639162206,116.13213557080144,3.0478696202645077,50164997.32,0.00022933139451678013,0.0001854924737055206,0.00041666665963443014,0.0008314905278567308,0.0911569115199668,0,252,500,CLARABEL,optimal,226,26,0.0009231660000000001
2011-06-30,development,v4_hysteresis,100000000.0,150.0,-0.014181639890325353,-0.015846463737450946,0.6410754135595766,-0.021824944156261787,500,74,73,1.9999999582828762,-7.962388401394627e-09,0.04999999687179049,0.050000015139300205,0.039999997779597445,0.020000000639162206,116.13213557080144,3.0478696202645077,50164997.32,0.00022933139451678013,0.0001854924737055206,0.0012499999789032904,0.0016648238471255912,0.0911569115199668,0,252,500,CLARABEL,optimal,226,26,0.0009231660000000001
2011-06-30,development,v4_hysteresis,100000000.0,300.0,-0.014181639890325353,-0.017096463716354236,0.6410754135595766,-0.021824944156261787,500,74,73,1.9999999582828762,-7.962388401394627e-09,0.04999999687179049,0.050000015139300205,0.039999997779597445,0.020000000639162206,116.13213557080144,3.0478696202645077,50164997.32,0.00022933139451678013,0.0001854924737055206,0.0024999999578065807,0.0029148238260288816,0.0911569115199668,0,252,500,CLARABEL,optimal,226,26,0.0009231660000000001
2011-06-30,development,v4_hysteresis,500000000.0,50.0,-0.014181639890325353,-0.015242411724996699,0.6410754135595766,-0.021824944156261787,500,74,73,1.9999999582828762,-7.962388401394627e-09,0.04999999687179049,0.050000015139300205,0.039999997779597445,0.020000000639162206,116.13213557080144,3.0478696202645077,50164997.32,0.00022933139451678013,0.00041477378052013643,0.00041666665963443014,0.0010607718346713466,0.455784557599834,18,252,500,CLARABEL,optimal,226,26,0.0009231660000000001
2011-06-30,development,v4_hysteresis,500000000.0,150.0,-0.014181639890325353,-0.01607574504426556,0.6410754135595766,-0.021824944156261787,500,74,73,1.9999999582828762,-7.962388401394627e-09,0.04999999687179049,0.050000015139300205,0.039999997779597445,0.020000000639162206,116.13213557080144,3.0478696202645077,50164997.32,0.00022933139451678013,0.00041477378052013643,0.0012499999789032904,0.001894105153940207,0.455784557599834,18,252,500,CLARABEL,optimal,226,26,0.0009231660000000001
2011-06-30,development,v4_hysteresis,500000000.0,300.0,-0.014181639890325353,-0.01732574502316885,0.6410754135595766,-0.021824944156261787,500,74,73,1.9999999582828762,-7.962388401394627e-09,0.04999999687179049,0.050000015139300205,0.039999997779597445,0.020000000639162206,116.13213557080144,3.0478696202645077,50164997.32,0.00022933139451678013,0.00041477378052013643,0.0024999999578065807,0.0031441051328434974,0.455784557599834,18,252,500,CLARABEL,optimal,226,26,0.0009231660000000001
2011-07-29,development,v4_hysteresis,10000000.0,50.0,0.021097165253561742,0.020335787904949446,0.6946924443443185,-0.06637438567349667,500,70,69,1.9999999825328445,-5.313781664684214e-09,0.04339118388932464,0.050000001382211536,0.03898811164083739,0.020000000741394585,113.0079184213889,3.096704097062034,51988664.870000005,0.00026121241214064684,8.349827233693429e-05,0.00041666666413471386,0.000761377348612295,0.010000000179690856,0,252,500,CLARABEL,optimal,229,29,0.0015601170000000002
2011-07-29,development,v4_hysteresis,10000000.0,150.0,0.021097165253561742,0.01950245457668002,0.6946924443443185,-0.06637438567349667,500,70,69,1.9999999825328445,-5.313781664684214e-09,0.04339118388932464,0.050000001382211536,0.03898811164083739,0.020000000741394585,113.0079184213889,3.096704097062034,51988664.870000005,0.00026121241214064684,8.349827233693429e-05,0.0012499999924041414,0.0015947106768817226,0.010000000179690856,0,252,500,CLARABEL,optimal,229,29,0.0015601170000000002
2011-07-29,development,v4_hysteresis,10000000.0,300.0,0.021097165253561742,0.01825245458427588,0.6946924443443185,-0.06637438567349667,500,70,69,1.9999999825328445,-5.313781664684214e-09,0.04339118388932464,0.050000001382211536,0.03898811164083739,0.020000000741394585,113.0079184213889,3.096704097062034,51988664.870000005,0.00026121241214064684,8.349827233693429e-05,0.002499999984808283,0.002844710669285864,0.010000000179690856,0,252,500,CLARABEL,optimal,229,29,0.0015601170000000002
2011-07-29,development,v4_hysteresis,100000000.0,50.0,0.021097165253561742,0.020155241456012638,0.6946924443443185,-0.06637438567349667,500,70,69,1.9999999825328445,-5.313781664684214e-09,0.04339118388932464,0.050000001382211536,0.03898811164083739,0.020000000741394585,113.0079184213889,3.096704097062034,51988664.870000005,0.00026121241214064684,0.0002640447212737426,0.00041666666413471386,0.0009419237975491033,0.10000000179690857,1,252,500,CLARABEL,optimal,229,29,0.0015601170000000002
2011-07-29,development,v4_hysteresis,100000000.0,150.0,0.021097165253561742,0.01932190812774321,0.6946924443443185,-0.06637438567349667,500,70,69,1.9999999825328445,-5.313781664684214e-09,0.04339118388932464,0.050000001382211536,0.03898811164083739,0.020000000741394585,113.0079184213889,3.096704097062034,51988664.870000005,0.00026121241214064684,0.0002640447212737426,0.0012499999924041414,0.0017752571258185309,0.10000000179690857,1,252,500,CLARABEL,optimal,229,29,0.0015601170000000002
2011-07-29,development,v4_hysteresis,100000000.0,300.0,0.021097165253561742,0.01807190813533907,0.6946924443443185,-0.06637438567349667,500,70,69,1.9999999825328445,-5.313781664684214e-09,0.04339118388932464,0.050000001382211536,0.03898811164083739,0.020000000741394585,113.0079184213889,3.096704097062034,51988664.870000005,0.00026121241214064684,0.0002640447212737426,0.002499999984808283,0.003025257118222672,0.10000000179690857,1,252,500,CLARABEL,optimal,229,29,0.0015601170000000002
2011-07-29,development,v4_hysteresis,500000000.0,50.0,0.021097165253561742,0.01982886423141831,0.6946924443443185,-0.06637438567349667,500,70,69,1.9999999825328445,-5.313781664684214e-09,0.04339118388932464,0.050000001382211536,0.03898811164083739,0.020000000741394585,113.0079184213889,3.096704097062034,51988664.870000005,0.00026121241214064684,0.0005904219458680734,0.00041666666413471386,0.0012683010221434341,0.5000000089845428,27,252,500,CLARABEL,optimal,229,29,0.0015601170000000002
2011-07-29,development,v4_hysteresis,500000000.0,150.0,0.021097165253561742,0.01899553090314888,0.6946924443443185,-0.06637438567349667,500,70,69,1.9999999825328445,-5.313781664684214e-09,0.04339118388932464,0.050000001382211536,0.03898811164083739,0.020000000741394585,113.0079184213889,3.096704097062034,51988664.870000005,0.00026121241214064684,0.0005904219458680734,0.0012499999924041414,0.0021016343504128617,0.5000000089845428,27,252,500,CLARABEL,optimal,229,29,0.0015601170000000002
2011-07-29,development,v4_hysteresis,500000000.0,300.0,0.021097165253561742,0.01774553091074474,0.6946924443443185,-0.06637438567349667,500,70,69,1.9999999825328445,-5.313781664684214e-09,0.04339118388932464,0.050000001382211536,0.03898811164083739,0.020000000741394585,113.0079184213889,3.096704097062034,51988664.870000005,0.00026121241214064684,0.0005904219458680734,0.002499999984808283,0.003351634342817003,0.5000000089845428,27,252,500,CLARABEL,optimal,229,29,0.0015601170000000002
2011-08-31,development,v4_hysteresis,10000000.0,50.0,0.022651689737844503,0.021901611985194476,0.5774949189097422,-0.07223035170924781,500,68,63,1.9999999660143364,-8.729444667121555e-09,-0.0010729113512145116,0.05000000504247707,0.03898811107895113,0.020000000783318955,111.5193817496864,3.16631909342106,54562686.5,0.00023564870869001938,9.776238255505246e-05,0.00041666666140495446,0.0007500777526500263,0.01000000129328148,0,252,500,CLARABEL,optimal,219,19,0.0022030055000000002
2011-08-31,development,v4_hysteresis,10000000.0,150.0,0.022651689737844503,0.021068278662384567,0.5774949189097422,-0.07223035170924781,500,68,63,1.9999999660143364,-8.729444667121555e-09,-0.0010729113512145116,0.05000000504247707,0.03898811107895113,0.020000000783318955,111.5193817496864,3.16631909342106,54562686.5,0.00023564870869001938,9.776238255505246e-05,0.0012499999842148634,0.0015834110754599352,0.01000000129328148,0,252,500,CLARABEL,optimal,219,19,0.0022030055000000002
2011-08-31,development,v4_hysteresis,10000000.0,300.0,0.022651689737844503,0.019818278678169706,0.5774949189097422,-0.07223035170924781,500,68,63,1.9999999660143364,-8.729444667121555e-09,-0.0010729113512145116,0.05000000504247707,0.03898811107895113,0.020000000783318955,111.5193817496864,3.16631909342106,54562686.5,0.00023564870869001938,9.776238255505246e-05,0.0024999999684297267,0.0028334110596747986,0.01000000129328148,0,252,500,CLARABEL,optimal,219,19,0.0022030055000000002
2011-08-31,development,v4_hysteresis,100000000.0,50.0,0.022651689737844503,0.021690222569390852,0.5774949189097422,-0.07223035170924781,500,68,63,1.9999999660143364,-8.729444667121555e-09,-0.0010729113512145116,0.05000000504247707,0.03898811107895113,0.020000000783318955,111.5193817496864,3.16631909342106,54562686.5,0.00023564870869001938,0.00030915179835867726,0.00041666666140495446,0.0009614671684536511,0.10000001293281481,2,252,500,CLARABEL,optimal,219,19,0.0022030055000000002
2011-08-31,development,v4_hysteresis,100000000.0,150.0,0.022651689737844503,0.020856889246580943,0.5774949189097422,-0.07223035170924781,500,68,63,1.9999999660143364,-8.729444667121555e-09,-0.0010729113512145116,0.05000000504247707,0.03898811107895113,0.020000000783318955,111.5193817496864,3.16631909342106,54562686.5,0.00023564870869001938,0.00030915179835867726,0.0012499999842148634,0.00179480049126356,0.10000001293281481,2,252,500,CLARABEL,optimal,219,19,0.0022030055000000002
2011-08-31,development,v4_hysteresis,100000000.0,300.0,0.022651689737844503,0.01960688926236608,0.5774949189097422,-0.07223035170924781,500,68,63,1.9999999660143364,-8.729444667121555e-09,-0.0010729113512145116,0.05000000504247707,0.03898811107895113,0.020000000783318955,111.5193817496864,3.16631909342106,54562686.5,0.00023564870869001938,0.00030915179835867726,0.0024999999684297267,0.0030448004754784234,0.10000001293281481,2,252,500,CLARABEL,optimal,219,19,0.0022030055000000002
2011-08-31,development,v4_hysteresis,500000000.0,50.0,0.022651689737844503,0.02130808993125322,0.5774949189097422,-0.07223035170924781,500,68,63,1.9999999660143364,-8.729444667121555e-09,-0.0010729113512145116,0.05000000504247707,0.03898811107895113,0.020000000783318955,111.5193817496864,3.16631909342106,54562686.5,0.00023564870869001938,0.0006912844364963104,0.00041666666140495446,0.0013435998065912842,0.500000064664074,25,252,500,CLARABEL,optimal,219,19,0.0022030055000000002
2011-08-31,development,v4_hysteresis,500000000.0,150.0,0.022651689737844503,0.02047475660844331,0.5774949189097422,-0.07223035170924781,500,68,63,1.9999999660143364,-8.729444667121555e-09,-0.0010729113512145116,0.05000000504247707,0.03898811107895113,0.020000000783318955,111.5193817496864,3.16631909342106,54562686.5,0.00023564870869001938,0.0006912844364963104,0.0012499999842148634,0.002176933129401193,0.500000064664074,25,252,500,CLARABEL,optimal,219,19,0.0022030055000000002
2011-08-31,development,v4_hysteresis,500000000.0,300.0,0.022651689737844503,0.019224756624228446,0.5774949189097422,-0.07223035170924781,500,68,63,1.9999999660143364,-8.729444667121555e-09,-0.0010729113512145116,0.05000000504247707,0.03898811107895113,0.020000000783318955,111.5193817496864,3.16631909342106,54562686.5,0.00023564870869001938,0.0006912844364963104,0.0024999999684297267,0.0034269331136160567,0.500000064664074,25,252,500,CLARABEL,optimal,219,19,0.0022030055000000002
2011-09-30,development,v4_hysteresis,10000000.0,50.0,0.01906387925242269,0.01822081187389964,0.704523491795306,0.1219475562601564,500,70,72,1.9999999390938439,7.558604547819314e-09,0.01506403984451557,0.05000000586009112,0.040000004458284166,0.02000000067309893,112.6167980867398,3.446810769124872,56053238.74,0.0003000978660606368,0.0001263028600592391,0.0004166666524031749,0.0008430673785230508,0.01000000092548074,0,252,500,CLARABEL,optimal,223,23,0.0021268095
2011-09-30,development,v4_hysteresis,10000000.0,150.0,0.01906387925242269,0.017387478569093288,0.704523491795306,0.1219475562601564,500,70,72,1.9999999390938439,7.558604547819314e-09,0.01506403984451557,0.05000000586009112,0.040000004458284166,0.02000000067309893,112.6167980867398,3.446810769124872,56053238.74,0.0003000978660606368,0.0001263028600592391,0.0012499999572095247,0.0016764006833294006,0.01000000092548074,0,252,500,CLARABEL,optimal,223,23,0.0021268095
2011-09-30,development,v4_hysteresis,10000000.0,300.0,0.01906387925242269,0.016137478611883763,0.704523491795306,0.1219475562601564,500,70,72,1.9999999390938439,7.558604547819314e-09,0.01506403984451557,0.05000000586009112,0.040000004458284166,0.02000000067309893,112.6167980867398,3.446810769124872,56053238.74,0.0003000978660606368,0.0001263028600592391,0.0024999999144190493,0.0029264006405389253,0.01000000092548074,0,252,500,CLARABEL,optimal,223,23,0.0021268095
2011-09-30,development,v4_hysteresis,100000000.0,50.0,0.01906387925242269,0.017947710021178172,0.704523491795306,0.1219475562601564,500,70,72,1.9999999390938439,7.558604547819314e-09,0.01506403984451557,0.05000000586009112,0.040000004458284166,0.02000000067309893,112.6167980867398,3.446810769124872,56053238.74,0.0003000978660606368,0.00039940471278070486,0.0004166666524031749,0.0011161692312445166,0.1000000092548074,1,252,500,CLARABEL,optimal,223,23,0.0021268095
2011-09-30,development,v4_hysteresis,100000000.0,150.0,0.01906387925242269,0.017114376716371824,0.704523491795306,0.1219475562601564,500,70,72,1.9999999390938439,7.558604547819314e-09,0.01506403984451557,0.05000000586009112,0.040000004458284166,0.02000000067309893,112.6167980867398,3.446810769124872,56053238.74,0.0003000978660606368,0.00039940471278070486,0.0012499999572095247,0.0019495025360508663,0.1000000092548074,1,252,500,CLARABEL,optimal,223,23,0.0021268095
2011-09-30,development,v4_hysteresis,100000000.0,300.0,0.01906387925242269,0.0158643767591623,0.704523491795306,0.1219475562601564,500,70,72,1.9999999390938439,7.558604547819314e-09,0.01506403984451557,0.05000000586009112,0.040000004458284166,0.02000000067309893,112.6167980867398,3.446810769124872,56053238.74,0.0003000978660606368,0.00039940471278070486,0.0024999999144190493,0.0031995024932603908,0.1000000092548074,1,252,500,CLARABEL,optimal,223,23,0.0021268095
2011-09-30,development,v4_hysteresis,500000000.0,50.0,0.01906387925242269,0.017454018645647443,0.704523491795306,0.1219475562601564,500,70,72,1.9999999390938439,7.558604547819314e-09,0.01506403984451557,0.05000000586009112,0.040000004458284166,0.02000000067309893,112.6167980867398,3.446810769124872,56053238.74,0.0003000978660606368,0.0008930960883114351,0.0004166666524031749,0.0016098606067752469,0.500000046274037,30,252,500,CLARABEL,optimal,223,23,0.0021268095
2011-09-30,development,v4_hysteresis,500000000.0,150.0,0.01906387925242269,0.016620685340841095,0.704523491795306,0.1219475562601564,500,70,72,1.9999999390938439,7.558604547819314e-09,0.01506403984451557,0.05000000586009112,0.040000004458284166,0.02000000067309893,112.6167980867398,3.446810769124872,56053238.74,0.0003000978660606368,0.0008930960883114351,0.0012499999572095247,0.0024431939115815964,0.500000046274037,30,252,500,CLARABEL,optimal,223,23,0.0021268095
2011-09-30,development,v4_hysteresis,500000000.0,300.0,0.01906387925242269,0.015370685383631568,0.704523491795306,0.1219475562601564,500,70,72,1.9999999390938439,7.558604547819314e-09,0.01506403984451557,0.05000000586009112,0.040000004458284166,0.02000000067309893,112.6167980867398,3.446810769124872,56053238.74,0.0003000978660606368,0.0008930960883114351,0.0024999999144190493,0.0036931938687911215,0.500000046274037,30,252,500,CLARABEL,optimal,223,23,0.0021268095
2011-10-31,development,v4_hysteresis,10000000.0,50.0,0.015089124424998625,0.014372531627463343,0.4887864436637067,-0.010989584723309485,500,72,66,1.9999999664374484,-7.3449836768268995e-09,-0.00961889628866991,0.043900476386992425,0.04000000243268467,0.020000000709146516,111.95544124190644,3.533601000588208,53228079.56,0.00019689442301722067,0.00010303171331338828,0.0004166666612046734,0.0007165927975352824,0.010000004364101216,0,252,500,CLARABEL,optimal,223,23,0.0015229163149999999
2011-10-31,development,v4_hysteresis,10000000.0,150.0,0.015089124424998625,0.013539198305053997,0.4887864436637067,-0.010989584723309485,500,72,66,1.9999999664374484,-7.3449836768268995e-09,-0.00961889628866991,0.043900476386992425,0.04000000243268467,0.020000000709146516,111.95544124190644,3.533601000588208,53228079.56,0.00019689442301722067,0.00010303171331338828,0.0012499999836140202,0.0015499261199446292,0.010000004364101216,0,252,500,CLARABEL,optimal,223,23,0.0015229163149999999
2011-10-31,development,v4_hysteresis,10000000.0,300.0,0.015089124424998625,0.012289198321439977,0.4887864436637067,-0.010989584723309485,500,72,66,1.9999999664374484,-7.3449836768268995e-09,-0.00961889628866991,0.043900476386992425,0.04000000243268467,0.020000000709146516,111.95544124190644,3.533601000588208,53228079.56,0.00019689442301722067,0.00010303171331338828,0.0024999999672280404,0.0027999261035586494,0.010000004364101216,0,252,500,CLARABEL,optimal,223,23,0.0015229163149999999
2011-10-31,development,v4_hysteresis,100000000.0,50.0,0.015089124424998625,0.01414974845547693,0.4887864436637067,-0.010989584723309485,500,72,66,1.9999999664374484,-7.3449836768268995e-09,-0.00961889628866991,0.043900476386992425,0.04000000243268467,0.020000000709146516,111.95544124190644,3.533601000588208,53228079.56,0.00019689442301722067,0.0003258148852998007,0.0004166666612046734,0.0009393759695216948,0.10000004364101217,2,252,500,CLARABEL,optimal,223,23,0.0015229163149999999
2011-10-31,development,v4_hysteresis,100000000.0,150.0,0.015089124424998625,0.013316415133067585,0.4887864436637067,-0.010989584723309485,500,72,66,1.9999999664374484,-7.3449836768268995e-09,-0.00961889628866991,0.043900476386992425,0.04000000243268467,0.020000000709146516,111.95544124190644,3.533601000588208,53228079.56,0.00019689442301722067,0.0003258148852998007,0.0012499999836140202,0.0017727092919310415,0.10000004364101217,2,252,500,CLARABEL,optimal,223,23,0.0015229163149999999
2011-10-31,development,v4_hysteresis,100000000.0,300.0,0.015089124424998625,0.012066415149453565,0.4887864436637067,-0.010989584723309485,500,72,66,1.9999999664374484,-7.3449836768268995e-09,-0.00961889628866991,0.043900476386992425,0.04000000243268467,0.020000000709146516,111.95544124190644,3.533601000588208,53228079.56,0.00019689442301722067,0.0003258148852998007,0.0024999999672280404,0.0030227092755450618,0.10000004364101217,2,252,500,CLARABEL,optimal,223,23,0.0015229163149999999
2011-10-31,development,v4_hysteresis,500000000.0,50.0,0.015089124424998625,0.013747019109165079,0.4887864436637067,-0.010989584723309485,500,72,66,1.9999999664374484,-7.3449836768268995e-09,-0.00961889628866991,0.043900476386992425,0.04000000243268467,0.020000000709146516,111.95544124190644,3.533601000588208,53228079.56,0.00019689442301722067,0.0007285442316116514,0.0004166666612046734,0.0013421053158335456,0.5000002182050608,22,252,500,CLARABEL,optimal,223,23,0.0015229163149999999
2011-10-31,development,v4_hysteresis,500000000.0,150.0,0.015089124424998625,0.012913685786755733,0.4887864436637067,-0.010989584723309485,500,72,66,1.9999999664374484,-7.3449836768268995e-09,-0.00961889628866991,0.043900476386992425,0.04000000243268467,0.020000000709146516,111.95544124190644,3.533601000588208,53228079.56,0.00019689442301722067,0.0007285442316116514,0.0012499999836140202,0.0021754386382428926,0.5000002182050608,22,252,500,CLARABEL,optimal,223,23,0.0015229163149999999
2011-10-31,development,v4_hysteresis,500000000.0,300.0,0.015089124424998625,0.011663685803141713,0.4887864436637067,-0.010989584723309485,500,72,66,1.9999999664374484,-7.3449836768268995e-09,-0.00961889628866991,0.043900476386992425,0.04000000243268467,0.020000000709146516,111.95544124190644,3.533601000588208,53228079.56,0.00019689442301722067,0.0007285442316116514,0.0024999999672280404,0.0034254386218569126,0.5000002182050608,22,252,500,CLARABEL,optimal,223,23,0.0015229163149999999
2011-11-30,development,v4_hysteresis,10000000.0,50.0,-0.02843870387765632,-0.029327558797267794,0.7499989873850662,-0.012652660567148487,500,65,67,1.9999999674004285,-6.808750466213986e-09,0.018578357507817736,-0.05000000828466469,0.040000003480092666,0.02000000067834332,111.74539973675337,3.653836442851929,46243944.25,0.0003423316171667288,0.0001298566411511676,0.000416666661293579,0.0008888549196114754,0.009374932465989971,0,252,500,CLARABEL,optimal,230,30,0.0014748620000000002
2011-11-30,development,v4_hysteresis,10000000.0,150.0,-0.02843870387765632,-0.03016089211985495,0.7499989873850662,-0.012652660567148487,500,65,67,1.9999999674004285,-6.808750466213986e-09,0.018578357507817736,-0.05000000828466469,0.040000003480092666,0.02000000067834332,111.74539973675337,3.653836442851929,46243944.25,0.0003423316171667288,0.0001298566411511676,0.001249999983880737,0.0017221882421986335,0.009374932465989971,0,252,500,CLARABEL,optimal,230,30,0.0014748620000000002
2011-11-30,development,v4_hysteresis,10000000.0,300.0,-0.02843870387765632,-0.03141089210373569,0.7499989873850662,-0.012652660567148487,500,65,67,1.9999999674004285,-6.808750466213986e-09,0.018578357507817736,-0.05000000828466469,0.040000003480092666,0.02000000067834332,111.74539973675337,3.653836442851929,46243944.25,0.0003423316171667288,0.0001298566411511676,0.002499999967761474,0.0029721882260793702,0.009374932465989971,0,252,500,CLARABEL,optimal,230,30,0.0014748620000000002
2011-11-30,development,v4_hysteresis,100000000.0,50.0,-0.02843870387765632,-0.029608344911453467,0.7499989873850662,-0.012652660567148487,500,65,67,1.9999999674004285,-6.808750466213986e-09,0.018578357507817736,-0.05000000828466469,0.040000003480092666,0.02000000067834332,111.74539973675337,3.653836442851929,46243944.25,0.0003423316171667288,0.0004106427553368393,0.000416666661293579,0.001169641033797147,0.0937493246598997,0,252,500,CLARABEL,optimal,230,30,0.0014748620000000002
2011-11-30,development,v4_hysteresis,100000000.0,150.0,-0.02843870387765632,-0.030441678234040623,0.7499989873850662,-0.012652660567148487,500,65,67,1.9999999674004285,-6.808750466213986e-09,0.018578357507817736,-0.05000000828466469,0.040000003480092666,0.02000000067834332,111.74539973675337,3.653836442851929,46243944.25,0.0003423316171667288,0.0004106427553368393,0.001249999983880737,0.002002974356384305,0.0937493246598997,0,252,500,CLARABEL,optimal,230,30,0.0014748620000000002
2011-11-30,development,v4_hysteresis,100000000.0,300.0,-0.02843870387765632,-0.03169167821792136,0.7499989873850662,-0.012652660567148487,500,65,67,1.9999999674004285,-6.808750466213986e-09,0.018578357507817736,-0.05000000828466469,0.040000003480092666,0.02000000067834332,111.74539973675337,3.653836442851929,46243944.25,0.0003423316171667288,0.0004106427553368393,0.002499999967761474,0.0032529743402650423,0.0937493246598997,0,252,500,CLARABEL,optimal,230,30,0.0014748620000000002
2011-11-30,development,v4_hysteresis,500000000.0,50.0,-0.02843870387765632,-0.030115927271517615,0.7499989873850662,-0.012652660567148487,500,65,67,1.9999999674004285,-6.808750466213986e-09,0.018578357507817736,-0.05000000828466469,0.040000003480092666,0.02000000067834332,111.74539973675337,3.653836442851929,46243944.25,0.0003423316171667288,0.0009182251154009871,0.000416666661293579,0.0016772233938612947,0.46874662329949845,34,252,500,CLARABEL,optimal,230,30,0.0014748620000000002
2011-11-30,development,v4_hysteresis,500000000.0,150.0,-0.02843870387765632,-0.03094926059410477,0.7499989873850662,-0.012652660567148487,500,65,67,1.9999999674004285,-6.808750466213986e-09,0.018578357507817736,-0.05000000828466469,0.040000003480092666,0.02000000067834332,111.74539973675337,3.653836442851929,46243944.25,0.0003423316171667288,0.0009182251154009871,0.001249999983880737,0.002510556716448453,0.46874662329949845,34,252,500,CLARABEL,optimal,230,30,0.0014748620000000002
2011-11-30,development,v4_hysteresis,500000000.0,300.0,-0.02843870387765632,-0.03219926057798551,0.7499989873850662,-0.012652660567148487,500,65,67,1.9999999674004285,-6.808750466213986e-09,0.018578357507817736,-0.05000000828466469,0.040000003480092666,0.02000000067834332,111.74539973675337,3.653836442851929,46243944.25,0.0003423316171667288,0.0009182251154009871,0.002499999967761474,0.0037605567003291896,0.46874662329949845,34,252,500,CLARABEL,optimal,230,30,0.0014748620000000002
2011-12-30,development,v4_hysteresis,10000000.0,50.0,0.030552400695122595,0.029861478462462385,0.4759555586728418,0.05551322303690116,500,70,65,1.999999961695058,-2.093450811313513e-08,0.01474587122213511,-0.0023216942916442565,0.04000000696387045,0.020000000702689133,111.89656197422018,3.456667554088054,44317186.92,0.00019917944314882033,7.50761264635653e-05,0.0004166666630478263,0.0006909222326602119,0.010000000049020729,0,252,500,CLARABEL,optimal,214,14,0.0012874120000000001
2011-12-30,development,v4_hysteresis,10000000.0,150.0,0.030552400695122595,0.029028145136366732,0.4759555586728418,0.05551322303690116,500,70,65,1.999999961695058,-2.093450811313513e-08,0.01474587122213511,-0.0023216942916442565,0.04000000696387045,0.020000000702689133,111.89656197422018,3.456667554088054,44317186.92,0.00019917944314882033,7.50761264635653e-05,0.0012499999891434788,0.0015242555587558645,0.010000000049020729,0,252,500,CLARABEL,optimal,214,14,0.0012874120000000001
2011-12-30,development,v4_hysteresis,10000000.0,300.0,0.030552400695122595,0.02777814514722325,0.4759555586728418,0.05551322303690116,500,70,65,1.999999961695058,-2.093450811313513e-08,0.01474587122213511,-0.0023216942916442565,0.04000000696387045,0.020000000702689133,111.89656197422018,3.456667554088054,44317186.92,0.00019917944314882033,7.50761264635653e-05,0.0024999999782869577,0.0027742555478993433,0.010000000049020729,0,252,500,CLARABEL,optimal,214,14,0.0012874120000000001
2011-12-30,development,v4_hysteresis,100000000.0,50.0,0.030552400695122595,0.02969914303139824,0.4759555586728418,0.05551322303690116,500,70,65,1.999999961695058,-2.093450811313513e-08,0.01474587122213511,-0.0023216942916442565,0.04000000696387045,0.020000000702689133,111.89656197422018,3.456667554088054,44317186.92,0.00019917944314882033,0.0002374115575277086,0.0004166666630478263,0.0008532576637243553,0.10000000049020728,1,252,500,CLARABEL,optimal,214,14,0.0012874120000000001
2011-12-30,development,v4_hysteresis,100000000.0,150.0,0.030552400695122595,0.028865809705302586,0.4759555586728418,0.05551322303690116,500,70,65,1.999999961695058,-2.093450811313513e-08,0.01474587122213511,-0.0023216942916442565,0.04000000696387045,0.020000000702689133,111.89656197422018,3.456667554088054,44317186.92,0.00019917944314882033,0.0002374115575277086,0.0012499999891434788,0.0016865909898200078,0.10000000049020728,1,252,500,CLARABEL,optimal,214,14,0.0012874120000000001
2011-12-30,development,v4_hysteresis,100000000.0,300.0,0.030552400695122595,0.02761580971615911,0.4759555586728418,0.05551322303690116,500,70,65,1.999999961695058,-2.093450811313513e-08,0.01474587122213511,-0.0023216942916442565,0.04000000696387045,0.020000000702689133,111.89656197422018,3.456667554088054,44317186.92,0.00019917944314882033,0.0002374115575277086,0.0024999999782869577,0.0029365909789634864,0.10000000049020728,1,252,500,CLARABEL,optimal,214,14,0.0012874120000000001
2011-12-30,development,v4_hysteresis,500000000.0,50.0,0.030552400695122595,0.02940568620764989,0.4759555586728418,0.05551322303690116,500,70,65,1.999999961695058,-2.093450811313513e-08,0.01474587122213511,-0.0023216942916442565,0.04000000696387045,0.020000000702689133,111.89656197422018,3.456667554088054,44317186.92,0.00019917944314882033,0.0005308683812760583,0.0004166666630478263,0.001146714487472705,0.5000000024510365,25,252,500,CLARABEL,optimal,214,14,0.0012874120000000001
2011-12-30,development,v4_hysteresis,500000000.0,150.0,0.030552400695122595,0.028572352881554238,0.4759555586728418,0.05551322303690116,500,70,65,1.999999961695058,-2.093450811313513e-08,0.01474587122213511,-0.0023216942916442565,0.04000000696387045,0.020000000702689133,111.89656197422018,3.456667554088054,44317186.92,0.00019917944314882033,0.0005308683812760583,0.0012499999891434788,0.0019800478135683576,0.5000000024510365,25,252,500,CLARABEL,optimal,214,14,0.0012874120000000001
2011-12-30,development,v4_hysteresis,500000000.0,300.0,0.030552400695122595,0.027322352892410758,0.4759555586728418,0.05551322303690116,500,70,65,1.999999961695058,-2.093450811313513e-08,0.01474587122213511,-0.0023216942916442565,0.04000000696387045,0.020000000702689133,111.89656197422018,3.456667554088054,44317186.92,0.00019917944314882033,0.0005308683812760583,0.0024999999782869577,0.0032300478027118365,0.5000000024510365,25,252,500,CLARABEL,optimal,214,14,0.0012874120000000001
2012-01-31,development,v4_hysteresis,10000000.0,50.0,0.03036833276860154,0.029615468916866654,0.5839862347178995,0.044496731657735725,500,75,71,1.99999995861062,-2.6771155542393288e-08,0.02395502264861446,0.049999996123696,0.0400000132690156,0.020000000573998537,114.61191125745248,3.408917577322235,44899800.78,0.0002443625625443629,9.183462556931906e-05,0.00041666666362120334,0.0007528638517348853,0.010000001362590329,0,252,500,CLARABEL,optimal,220,20,0.0010856775
2012-01-31,development,v4_hysteresis,10000000.0,150.0,0.03036833276860154,0.02878213558962425,0.5839862347178995,0.044496731657735725,500,75,71,1.99999995861062,-2.6771155542393288e-08,0.02395502264861446,0.049999996123696,0.0400000132690156,0.020000000573998537,114.61191125745248,3.408917577322235,44899800.78,0.0002443625625443629,9.183462556931906e-05,0.00124999999086361,0.0015861971789772919,0.010000001362590329,0,252,500,CLARABEL,optimal,220,20,0.0010856775
2012-01-31,development,v4_hysteresis,10000000.0,300.0,0.03036833276860154,0.027532135598760638,0.5839862347178995,0.044496731657735725,500,75,71,1.99999995861062,-2.6771155542393288e-08,0.02395502264861446,0.049999996123696,0.0400000132690156,0.020000000573998537,114.61191125745248,3.408917577322235,44899800.78,0.0002443625625443629,9.183462556931906e-05,0.00249999998172722,0.002836197169840902,0.010000001362590329,0,252,500,CLARABEL,optimal,220,20,0.0010856775
2012-01-31,development,v4_hysteresis,100000000.0,50.0,0.03036833276860154,0.02941689695756819,0.5839862347178995,0.044496731657735725,500,75,71,1.99999995861062,-2.6771155542393288e-08,0.02395502264861446,0.049999996123696,0.0400000132690156,0.020000000573998537,114.61191125745248,3.408917577322235,44899800.78,0.0002443625625443629,0.0002904065848677855,0.00041666666362120334,0.0009514358110333517,0.10000001362590329,3,252,500,CLARABEL,optimal,220,20,0.0010856775
2012-01-31,development,v4_hysteresis,100000000.0,150.0,0.03036833276860154,0.028583563630325784,0.5839862347178995,0.044496731657735725,500,75,71,1.99999995861062,-2.6771155542393288e-08,0.02395502264861446,0.049999996123696,0.0400000132690156,0.020000000573998537,114.61191125745248,3.408917577322235,44899800.78,0.0002443625625443629,0.0002904065848677855,0.00124999999086361,0.0017847691382757583,0.10000001362590329,3,252,500,CLARABEL,optimal,220,20,0.0010856775
2012-01-31,development,v4_hysteresis,100000000.0,300.0,0.03036833276860154,0.027333563639462172,0.5839862347178995,0.044496731657735725,500,75,71,1.99999995861062,-2.6771155542393288e-08,0.02395502264861446,0.049999996123696,0.0400000132690156,0.020000000573998537,114.61191125745248,3.408917577322235,44899800.78,0.0002443625625443629,0.0002904065848677855,0.00249999998172722,0.0030347691291393686,0.10000001362590329,3,252,500,CLARABEL,optimal,220,20,0.0010856775
2012-01-31,development,v4_hysteresis,500000000.0,50.0,0.03036833276860154,0.029057934677558045,0.5839862347178995,0.044496731657735725,500,75,71,1.99999995861062,-2.6771155542393288e-08,0.02395502264861446,0.049999996123696,0.0400000132690156,0.020000000573998537,114.61191125745248,3.408917577322235,44899800.78,0.0002443625625443629,0.0006493688648779301,0.00041666666362120334,0.0013103980910434965,0.5000000681295164,27,252,500,CLARABEL,optimal,220,20,0.0010856775
2012-01-31,development,v4_hysteresis,500000000.0,150.0,0.03036833276860154,0.02822460135031564,0.5839862347178995,0.044496731657735725,500,75,71,1.99999995861062,-2.6771155542393288e-08,0.02395502264861446,0.049999996123696,0.0400000132690156,0.020000000573998537,114.61191125745248,3.408917577322235,44899800.78,0.0002443625625443629,0.0006493688648779301,0.00124999999086361,0.002143731418285903,0.5000000681295164,27,252,500,CLARABEL,optimal,220,20,0.0010856775
2012-01-31,development,v4_hysteresis,500000000.0,300.0,0.03036833276860154,0.026974601359452028,0.5839862347178995,0.044496731657735725,500,75,71,1.99999995861062,-2.6771155542393288e-08,0.02395502264861446,0.049999996123696,0.0400000132690156,0.020000000573998537,114.61191125745248,3.408917577322235,44899800.78,0.0002443625625443629,0.0006493688648779301,0.00249999998172722,0.003393731409149513,0.5000000681295164,27,252,500,CLARABEL,optimal,220,20,0.0010856775
2012-02-29,development,v4_hysteresis,10000000.0,50.0,0.0008608065556120968,0.00012488293263474796,0.6907147100454523,0.032369806034578674,500,75,69,1.9999999680709268,6.687621303957947e-09,0.037649319713851825,0.02090139808485114,0.04000000063546633,0.020000000523301885,115.96463840036854,3.369279982427597,45307785.074999996,0.00023750895430057014,8.174801005525665e-05,0.00041666665862152206,0.0007359236229773488,0.010000000037252647,0,252,500,CLARABEL,optimal,223,23,0.001237138
2012-02-29,development,v4_hysteresis,10000000.0,150.0,0.0008608065556120968,-0.0007084503846082958,0.6907147100454523,0.032369806034578674,500,75,69,1.9999999680709268,6.687621303957947e-09,0.037649319713851825,0.02090139808485114,0.04000000063546633,0.020000000523301885,115.96463840036854,3.369279982427597,45307785.074999996,0.00023750895430057014,8.174801005525665e-05,0.001249999975864566,0.0015692569402203926,0.010000000037252647,0,252,500,CLARABEL,optimal,223,23,0.001237138
2012-02-29,development,v4_hysteresis,10000000.0,300.0,0.0008608065556120968,-0.001958450360472862,0.6907147100454523,0.032369806034578674,500,75,69,1.9999999680709268,6.687621303957947e-09,0.037649319713851825,0.02090139808485114,0.04000000063546633,0.020000000523301885,115.96463840036854,3.369279982427597,45307785.074999996,0.00023750895430057014,8.174801005525665e-05,0.002499999951729132,0.0028192569160849588,0.010000000037252647,0,252,500,CLARABEL,optimal,223,23,0.001237138
2012-02-29,development,v4_hysteresis,100000000.0,50.0,0.0008608065556120968,-5.1878963270953556e-05,0.6907147100454523,0.032369806034578674,500,75,69,1.9999999680709268,6.687621303957947e-09,0.037649319713851825,0.02090139808485114,0.04000000063546633,0.020000000523301885,115.96463840036854,3.369279982427597,45307785.074999996,0.00023750895430057014,0.00025850990596095814,0.00041666665862152206,0.0009126855188830503,0.10000000037252646,2,252,500,CLARABEL,optimal,223,23,0.001237138
2012-02-29,development,v4_hysteresis,100000000.0,150.0,0.0008608065556120968,-0.0008852122805139974,0.6907147100454523,0.032369806034578674,500,75,69,1.9999999680709268,6.687621303957947e-09,0.037649319713851825,0.02090139808485114,0.04000000063546633,0.020000000523301885,115.96463840036854,3.369279982427597,45307785.074999996,0.00023750895430057014,0.00025850990596095814,0.001249999975864566,0.0017460188361260941,0.10000000037252646,2,252,500,CLARABEL,optimal,223,23,0.001237138
2012-02-29,development,v4_hysteresis,100000000.0,300.0,0.0008608065556120968,-0.0021352122563785634,0.6907147100454523,0.032369806034578674,500,75,69,1.9999999680709268,6.687621303957947e-09,0.037649319713851825,0.02090139808485114,0.04000000063546633,0.020000000523301885,115.96463840036854,3.369279982427597,45307785.074999996,0.00023750895430057014,0.00025850990596095814,0.002499999951729132,0.00299601881199066,0.10000000037252646,2,252,500,CLARABEL,optimal,223,23,0.001237138
2012-02-29,development,v4_hysteresis,500000000.0,50.0,0.0008608065556120968,-0.0003714147798957759,0.6907147100454523,0.032369806034578674,500,75,69,1.9999999680709268,6.687621303957947e-09,0.037649319713851825,0.02090139808485114,0.04000000063546633,0.020000000523301885,115.96463840036854,3.369279982427597,45307785.074999996,0.00023750895430057014,0.0005780457225857805,0.00041666665862152206,0.0012322213355078727,0.5000000018626324,30,252,500,CLARABEL,optimal,223,23,0.001237138
2012-02-29,development,v4_hysteresis,500000000.0,150.0,0.0008608065556120968,-0.0012047480971388198,0.6907147100454523,0.032369806034578674,500,75,69,1.9999999680709268,6.687621303957947e-09,0.037649319713851825,0.02090139808485114,0.04000000063546633,0.020000000523301885,115.96463840036854,3.369279982427597,45307785.074999996,0.00023750895430057014,0.0005780457225857805,0.001249999975864566,0.0020655546527509165,0.5000000018626324,30,252,500,CLARABEL,optimal,223,23,0.001237138
2012-02-29,development,v4_hysteresis,500000000.0,300.0,0.0008608065556120968,-0.002454748073003386,0.6907147100454523,0.032369806034578674,500,75,69,1.9999999680709268,6.687621303957947e-09,0.037649319713851825,0.02090139808485114,0.04000000063546633,0.020000000523301885,115.96463840036854,3.369279982427597,45307785.074999996,0.00023750895430057014,0.0005780457225857805,0.002499999951729132,0.0033155546286154827,0.5000000018626324,30,252,500,CLARABEL,optimal,223,23,0.001237138
2012-03-30,development,v4_hysteresis,10000000.0,50.0,0.04258186656872303,0.041852764001793344,0.6390313576266204,-0.010767497552369477,500,76,68,1.9999999754053395,-3.259464642635379e-09,0.01633831657101906,0.04999999721398091,0.04000000067482047,0.02000000044171644,113.87347141583255,3.263990100655311,44282823.72,0.00023591058983264573,7.65253148752079e-05,0.0004166666622218342,0.0007291025669296878,0.010000000198767848,0,252,500,CLARABEL,optimal,220,20,0.0006788235
2012-03-30,development,v4_hysteresis,10000000.0,150.0,0.04258186656872303,0.04101943067734967,0.6390313576266204,-0.010767497552369477,500,76,68,1.9999999754053395,-3.259464642635379e-09,0.01633831657101906,0.04999999721398091,0.04000000067482047,0.02000000044171644,113.87347141583255,3.263990100655311,44282823.72,0.00023591058983264573,7.65253148752079e-05,0.0012499999866655027,0.0015624358913733562,0.010000000198767848,0,252,500,CLARABEL,optimal,220,20,0.0006788235
2012-03-30,development,v4_hysteresis,10000000.0,300.0,0.04258186656872303,0.03976943069068417,0.6390313576266204,-0.010767497552369477,500,76,68,1.9999999754053395,-3.259464642635379e-09,0.01633831657101906,0.04999999721398091,0.04000000067482047,0.02000000044171644,113.87347141583255,3.263990100655311,44282823.72,0.00023591058983264573,7.65253148752079e-05,0.0024999999733310053,0.002812435878038859,0.010000000198767848,0,252,500,CLARABEL,optimal,220,20,0.0006788235
2012-03-30,development,v4_hysteresis,100000000.0,50.0,0.04258186656872303,0.04168729502300133,0.6390313576266204,-0.010767497552369477,500,76,68,1.9999999754053395,-3.259464642635379e-09,0.01633831657101906,0.04999999721398091,0.04000000067482047,0.02000000044171644,113.87347141583255,3.263990100655311,44282823.72,0.00023591058983264573,0.0002419942936672209,0.0004166666622218342,0.0008945715457217008,0.10000000198767849,1,252,500,CLARABEL,optimal,220,20,0.0006788235
2012-03-30,development,v4_hysteresis,100000000.0,150.0,0.04258186656872303,0.040853961698557664,0.6390313576266204,-0.010767497552369477,500,76,68,1.9999999754053395,-3.259464642635379e-09,0.01633831657101906,0.04999999721398091,0.04000000067482047,0.02000000044171644,113.87347141583255,3.263990100655311,44282823.72,0.00023591058983264573,0.0002419942936672209,0.0012499999866655027,0.0017279048701653692,0.10000000198767849,1,252,500,CLARABEL,optimal,220,20,0.0006788235
2012-03-30,development,v4_hysteresis,100000000.0,300.0,0.04258186656872303,0.039603961711892156,0.6390313576266204,-0.010767497552369477,500,76,68,1.9999999754053395,-3.259464642635379e-09,0.01633831657101906,0.04999999721398091,0.04000000067482047,0.02000000044171644,113.87347141583255,3.263990100655311,44282823.72,0.00023591058983264573,0.0002419942936672209,0.0024999999733310053,0.002977904856830872,0.10000000198767849,1,252,500,CLARABEL,optimal,220,20,0.0006788235
2012-03-30,development,v4_hysteresis,500000000.0,50.0,0.04258186656872303,0.0413881736258616,0.6390313576266204,-0.010767497552369477,500,76,68,1.9999999754053395,-3.259464642635379e-09,0.01633831657101906,0.04999999721398091,0.04000000067482047,0.02000000044171644,113.87347141583255,3.263990100655311,44282823.72,0.00023591058983264573,0.0005411156908069528,0.0004166666622218342,0.0011936929428614327,0.5000000099383923,28,252,500,CLARABEL,optimal,220,20,0.0006788235
2012-03-30,development,v4_hysteresis,500000000.0,150.0,0.04258186656872303,0.04055484030141793,0.6390313576266204,-0.010767497552369477,500,76,68,1.9999999754053395,-3.259464642635379e-09,0.01633831657101906,0.04999999721398091,0.04000000067482047,0.02000000044171644,113.87347141583255,3.263990100655311,44282823.72,0.00023591058983264573,0.0005411156908069528,0.0012499999866655027,0.002027026267305101,0.5000000099383923,28,252,500,CLARABEL,optimal,220,20,0.0006788235
2012-03-30,development,v4_hysteresis,500000000.0,300.0,0.04258186656872303,0.039304840314752426,0.6390313576266204,-0.010767497552369477,500,76,68,1.9999999754053395,-3.259464642635379e-09,0.01633831657101906,0.04999999721398091,0.04000000067482047,0.02000000044171644,113.87347141583255,3.263990100655311,44282823.72,0.00023591058983264573,0.0005411156908069528,0.0024999999733310053,0.003277026253970604,0.5000000099383923,28,252,500,CLARABEL,optimal,220,20,0.0006788235
2012-04-30,development,v4_hysteresis,10000000.0,50.0,0.03365176715019017,0.03300121600612199,0.424926533743911,-0.07403907772194372,500,75,65,1.9999999837354945,-7.0129819451647535e-09,0.02523513163196199,0.050000001738286476,0.03822727823709401,0.020000000413364426,113.70661547104112,3.0698804930633354,47633229.5,0.00018026473493566514,5.361974439325024e-05,0.00041666666473926596,0.0006505511440681813,0.010000000148455365,0,252,500,CLARABEL,optimal,215,15,0.000649165
2012-04-30,development,v4_hysteresis,10000000.0,150.0,0.03365176715019017,0.03216788267664346,0.424926533743911,-0.07403907772194372,500,75,65,1.9999999837354945,-7.0129819451647535e-09,0.02523513163196199,0.050000001738286476,0.03822727823709401,0.020000000413364426,113.70661547104112,3.0698804930633354,47633229.5,0.00018026473493566514,5.361974439325024e-05,0.0012499999942177976,0.0014838844735467131,0.010000000148455365,0,252,500,CLARABEL,optimal,215,15,0.000649165
2012-04-30,development,v4_hysteresis,10000000.0,300.0,0.03365176715019017,0.030917882682425662,0.424926533743911,-0.07403907772194372,500,75,65,1.9999999837354945,-7.0129819451647535e-09,0.02523513163196199,0.050000001738286476,0.03822727823709401,0.020000000413364426,113.70661547104112,3.0698804930633354,47633229.5,0.00018026473493566514,5.361974439325024e-05,0.0024999999884355952,0.0027338844677645105,0.010000000148455365,0,252,500,CLARABEL,optimal,215,15,0.000649165
2012-04-30,development,v4_hysteresis,100000000.0,50.0,0.03365176715019017,0.032885275230676525,0.424926533743911,-0.07403907772194372,500,75,65,1.9999999837354945,-7.0129819451647535e-09,0.02523513163196199,0.050000001738286476,0.03822727823709401,0.020000000413364426,113.70661547104112,3.0698804930633354,47633229.5,0.00018026473493566514,0.00016956051983871395,0.00041666666473926596,0.0007664919195136451,0.10000000148455364,1,252,500,CLARABEL,optimal,215,15,0.000649165
2012-04-30,development,v4_hysteresis,100000000.0,150.0,0.03365176715019017,0.03205194190119799,0.424926533743911,-0.07403907772194372,500,75,65,1.9999999837354945,-7.0129819451647535e-09,0.02523513163196199,0.050000001738286476,0.03822727823709401,0.020000000413364426,113.70661547104112,3.0698804930633354,47633229.5,0.00018026473493566514,0.00016956051983871395,0.0012499999942177976,0.0015998252489921767,0.10000000148455364,1,252,500,CLARABEL,optimal,215,15,0.000649165
2012-04-30,development,v4_hysteresis,100000000.0,300.0,0.03365176715019017,0.0308019419069802,0.424926533743911,-0.07403907772194372,500,75,65,1.9999999837354945,-7.0129819451647535e-09,0.02523513163196199,0.050000001738286476,0.03822727823709401,0.020000000413364426,113.70661547104112,3.0698804930633354,47633229.5,0.00018026473493566514,0.00016956051983871395,0.0024999999884355952,0.002849825243209974,0.10000000148455364,1,252,500,CLARABEL,optimal,215,15,0.000649165
2012-04-30,development,v4_hysteresis,500000000.0,50.0,0.03365176715019017,0.032675686901855676,0.424926533743911,-0.07403907772194372,500,75,65,1.9999999837354945,-7.0129819451647535e-09,0.02523513163196199,0.050000001738286476,0.03822727823709401,0.020000000413364426,113.70661547104112,3.0698804930633354,47633229.5,0.00018026473493566514,0.00037914884865956607,0.00041666666473926596,0.0009760802483344971,0.5000000074227682,25,252,500,CLARABEL,optimal,215,15,0.000649165
2012-04-30,development,v4_hysteresis,500000000.0,150.0,0.03365176715019017,0.03184235357237714,0.424926533743911,-0.07403907772194372,500,75,65,1.9999999837354945,-7.0129819451647535e-09,0.02523513163196199,0.050000001738286476,0.03822727823709401,0.020000000413364426,113.70661547104112,3.0698804930633354,47633229.5,0.00018026473493566514,0.00037914884865956607,0.0012499999942177976,0.001809413577813029,0.5000000074227682,25,252,500,CLARABEL,optimal,215,15,0.000649165
2012-04-30,development,v4_hysteresis,500000000.0,300.0,0.03365176715019017,0.030592353578159346,0.424926533743911,-0.07403907772194372,500,75,65,1.9999999837354945,-7.0129819451647535e-09,0.02523513163196199,0.050000001738286476,0.03822727823709401,0.020000000413364426,113.70661547104112,3.0698804930633354,47633229.5,0.00018026473493566514,0.00037914884865956607,0.0024999999884355952,0.0030594135720308263,0.5000000074227682,25,252,500,CLARABEL,optimal,215,15,0.000649165
2012-05-31,development,v4_hysteresis,10000000.0,50.0,-0.022362003688641736,-0.022926391247619016,0.30175243359780557,0.03321520605224462,500,76,63,1.9999999929451049,-1.9062028344674076e-09,0.03910190860834363,0.05000000063308507,0.02886552620328259,0.02000000039790027,114.02178507649718,3.025734879411289,47022520.855000004,0.00011798115000410505,2.9739743379153435e-05,0.00041666666559402244,0.0005643875589772809,0.008359313602875094,0,252,500,CLARABEL,optimal,216,16,0.000556032
2012-05-31,development,v4_hysteresis,10000000.0,150.0,-0.022362003688641736,-0.02375972457880706,0.30175243359780557,0.03321520605224462,500,76,63,1.9999999929451049,-1.9062028344674076e-09,0.03910190860834363,0.05000000063308507,0.02886552620328259,0.02000000039790027,114.02178507649718,3.025734879411289,47022520.855000004,0.00011798115000410505,2.9739743379153435e-05,0.0012499999967820676,0.001397720890165326,0.008359313602875094,0,252,500,CLARABEL,optimal,216,16,0.000556032
2012-05-31,development,v4_hysteresis,10000000.0,300.0,-0.022362003688641736,-0.02500972457558913,0.30175243359780557,0.03321520605224462,500,76,63,1.9999999929451049,-1.9062028344674076e-09,0.03910190860834363,0.05000000063308507,0.02886552620328259,0.02000000039790027,114.02178507649718,3.025734879411289,47022520.855000004,0.00011798115000410505,2.9739743379153435e-05,0.002499999993564135,0.0026477208869473937,0.008359313602875094,0,252,500,CLARABEL,optimal,216,16,0.000556032
2012-05-31,development,v4_hysteresis,100000000.0,50.0,-0.022362003688641736,-0.0229906968303469,0.30175243359780557,0.03321520605224462,500,76,63,1.9999999929451049,-1.9062028344674076e-09,0.03910190860834363,0.05000000063308507,0.02886552620328259,0.02000000039790027,114.02178507649718,3.025734879411289,47022520.855000004,0.00011798115000410505,9.404532610703738e-05,0.00041666666559402244,0.0006286931417051649,0.08359313602875094,0,252,500,CLARABEL,optimal,216,16,0.000556032
2012-05-31,development,v4_hysteresis,100000000.0,150.0,-0.022362003688641736,-0.023824030161534945,0.30175243359780557,0.03321520605224462,500,76,63,1.9999999929451049,-1.9062028344674076e-09,0.03910190860834363,0.05000000063308507,0.02886552620328259,0.02000000039790027,114.02178507649718,3.025734879411289,47022520.855000004,0.00011798115000410505,9.404532610703738e-05,0.0012499999967820676,0.00146202647289321,0.08359313602875094,0,252,500,CLARABEL,optimal,216,16,0.000556032
2012-05-31,development,v4_hysteresis,100000000.0,300.0,-0.022362003688641736,-0.025074030158317013,0.30175243359780557,0.03321520605224462,500,76,63,1.9999999929451049,-1.9062028344674076e-09,0.03910190860834363,0.05000000063308507,0.02886552620328259,0.02000000039790027,114.02178507649718,3.025734879411289,47022520.855000004,0.00011798115000410505,9.404532610703738e-05,0.002499999993564135,0.0027120264696752776,0.08359313602875094,0,252,500,CLARABEL,optimal,216,16,0.000556032
2012-05-31,development,v4_hysteresis,500000000.0,50.0,-0.022362003688641736,-0.023106943246381333,0.30175243359780557,0.03321520605224462,500,76,63,1.9999999929451049,-1.9062028344674076e-09,0.03910190860834363,0.05000000063308507,0.02886552620328259,0.02000000039790027,114.02178507649718,3.025734879411289,47022520.855000004,0.00011798115000410505,0.00021029174214147125,0.00041666666559402244,0.0007449395577395987,0.41796568014375474,12,252,500,CLARABEL,optimal,216,16,0.000556032
2012-05-31,development,v4_hysteresis,500000000.0,150.0,-0.022362003688641736,-0.02394027657756938,0.30175243359780557,0.03321520605224462,500,76,63,1.9999999929451049,-1.9062028344674076e-09,0.03910190860834363,0.05000000063308507,0.02886552620328259,0.02000000039790027,114.02178507649718,3.025734879411289,47022520.855000004,0.00011798115000410505,0.00021029174214147125,0.0012499999967820676,0.0015782728889276439,0.41796568014375474,12,252,500,CLARABEL,optimal,216,16,0.000556032
2012-05-31,development,v4_hysteresis,500000000.0,300.0,-0.022362003688641736,-0.025190276574351446,0.30175243359780557,0.03321520605224462,500,76,63,1.9999999929451049,-1.9062028344674076e-09,0.03910190860834363,0.05000000063308507,0.02886552620328259,0.02000000039790027,114.02178507649718,3.025734879411289,47022520.855000004,0.00011798115000410505,0.00021029174214147125,0.002499999993564135,0.0028282728857097115,0.41796568014375474,12,252,500,CLARABEL,optimal,216,16,0.000556032
2012-06-29,development,v4_hysteresis,10000000.0,50.0,0.015031115043662713,0.01445917466114881,0.29095252281880396,0.008457430546552088,500,76,66,1.99999997586119,-2.7044000233678034e-09,0.030599252387538037,0.05000000359500237,0.040000000387603735,0.020000000350646356,113.97203288127479,3.096937231456419,45654129.25,0.00012041441797659548,3.485930233614486e-05,0.00041666666220116456,0.0005719403825139048,0.006723661557667842,0,252,500,CLARABEL,optimal,216,16,0.00182923
2012-06-29,development,v4_hysteresis,10000000.0,150.0,0.015031115043662713,0.01362584133674648,0.29095252281880396,0.008457430546552088,500,76,66,1.99999997586119,-2.7044000233678034e-09,0.030599252387538037,0.05000000359500237,0.040000000387603735,0.020000000350646356,113.97203288127479,3.096937231456419,45654129.25,0.00012041441797659548,3.485930233614486e-05,0.001249999986603494,0.0014052737069162342,0.006723661557667842,0,252,500,CLARABEL,optimal,216,16,0.00182923
2012-06-29,development,v4_hysteresis,10000000.0,300.0,0.015031115043662713,0.012375841350142986,0.29095252281880396,0.008457430546552088,500,76,66,1.99999997586119,-2.7044000233678034e-09,0.030599252387538037,0.05000000359500237,0.040000000387603735,0.020000000350646356,113.97203288127479,3.096937231456419,45654129.25,0.00012041441797659548,3.485930233614486e-05,0.002499999973206988,0.0026552736935197283,0.006723661557667842,0,252,500,CLARABEL,optimal,216,16,0.00182923
2012-06-29,development,v4_hysteresis,100000000.0,50.0,0.015031115043662713,0.014383799170458306,0.29095252281880396,0.008457430546552088,500,76,66,1.99999997586119,-2.7044000233678034e-09,0.030599252387538037,0.05000000359500237,0.040000000387603735,0.020000000350646356,113.97203288127479,3.096937231456419,45654129.25,0.00012041441797659548,0.0001102347930266463,0.00041666666220116456,0.0006473158732044063,0.06723661557667843,0,252,500,CLARABEL,optimal,216,16,0.00182923
2012-06-29,development,v4_hysteresis,100000000.0,150.0,0.015031115043662713,0.013550465846055978,0.29095252281880396,0.008457430546552088,500,76,66,1.99999997586119,-2.7044000233678034e-09,0.030599252387538037,0.05000000359500237,0.040000000387603735,0.020000000350646356,113.97203288127479,3.096937231456419,45654129.25,0.00012041441797659548,0.0001102347930266463,0.001249999986603494,0.0014806491976067358,0.06723661557667843,0,252,500,CLARABEL,optimal,216,16,0.00182923
2012-06-29,development,v4_hysteresis,100000000.0,300.0,0.015031115043662713,0.012300465859452485,0.29095252281880396,0.008457430546552088,500,76,66,1.99999997586119,-2.7044000233678034e-09,0.030599252387538037,0.05000000359500237,0.040000000387603735,0.020000000350646356,113.97203288127479,3.096937231456419,45654129.25,0.00012041441797659548,0.0001102347930266463,0.002499999973206988,0.0027306491842102295,0.06723661557667843,0,252,500,CLARABEL,optimal,216,16,0.00182923
2012-06-29,development,v4_hysteresis,500000000.0,50.0,0.015031115043662713,0.014247541472791753,0.29095252281880396,0.008457430546552088,500,76,66,1.99999997586119,-2.7044000233678034e-09,0.030599252387538037,0.05000000359500237,0.040000000387603735,0.020000000350646356,113.97203288127479,3.096937231456419,45654129.25,0.00012041441797659548,0.0002464924906932009,0.00041666666220116456,0.0007835735708709609,0.3361830778833921,10,252,500,CLARABEL,optimal,216,16,0.00182923
2012-06-29,development,v4_hysteresis,500000000.0,150.0,0.015031115043662713,0.013414208148389423,0.29095252281880396,0.008457430546552088,500,76,66,1.99999997586119,-2.7044000233678034e-09,0.030599252387538037,0.05000000359500237,0.040000000387603735,0.020000000350646356,113.97203288127479,3.096937231456419,45654129.25,0.00012041441797659548,0.0002464924906932009,0.001249999986603494,0.0016169068952732904,0.3361830778833921,10,252,500,CLARABEL,optimal,216,16,0.00182923
2012-06-29,development,v4_hysteresis,500000000.0,300.0,0.015031115043662713,0.01216420816178593,0.29095252281880396,0.008457430546552088,500,76,66,1.99999997586119,-2.7044000233678034e-09,0.030599252387538037,0.05000000359500237,0.040000000387603735,0.020000000350646356,113.97203288127479,3.096937231456419,45654129.25,0.00012041441797659548,0.0002464924906932009,0.002499999973206988,0.002866906881876784,0.3361830778833921,10,252,500,CLARABEL,optimal,216,16,0.00182923
2012-07-31,development,v4_hysteresis,10000000.0,50.0,-0.01988177435207512,-0.02058510191049233,0.584568417256948,0.036023766256504317,500,72,65,1.9999999710851997,7.210914799299362e-09,0.03546666730450014,0.04999998849929718,0.036148639384987226,0.020000000297204248,112.93908303888875,3.3378589213508985,43165076.75,0.00021134692628228992,7.531397299444087e-05,0.000416666659140476,0.0007033275584172067,0.010000000758775308,0,252,500,CLARABEL,optimal,223,23,0.0015460830000000002
2012-07-31,development,v4_hysteresis,10000000.0,150.0,-0.01988177435207512,-0.021418435228773278,0.584568417256948,0.036023766256504317,500,72,65,1.9999999710851997,7.210914799299362e-09,0.03546666730450014,0.04999998849929718,0.036148639384987226,0.020000000297204248,112.93908303888875,3.3378589213508985,43165076.75,0.00021134692628228992,7.531397299444087e-05,0.001249999977421428,0.0015366608766981588,0.010000000758775308,0,252,500,CLARABEL,optimal,223,23,0.0015460830000000002
2012-07-31,development,v4_hysteresis,10000000.0,300.0,-0.01988177435207512,-0.022668435206194708,0.584568417256948,0.036023766256504317,500,72,65,1.9999999710851997,7.210914799299362e-09,0.03546666730450014,0.04999998849929718,0.036148639384987226,0.020000000297204248,112.93908303888875,3.3378589213508985,43165076.75,0.00021134692628228992,7.531397299444087e-05,0.002499999954842856,0.0027866608541195865,0.010000000758775308,0,252,500,CLARABEL,optimal,223,23,0.0015460830000000002
2012-07-31,development,v4_hysteresis,100000000.0,50.0,-0.01988177435207512,-0.02074795163179673,0.584568417256948,0.036023766256504317,500,72,65,1.9999999710851997,7.210914799299362e-09,0.03546666730450014,0.04999998849929718,0.036148639384987226,0.020000000297204248,112.93908303888875,3.3378589213508985,43165076.75,0.00021134692628228992,0.00023816369429884493,0.000416666659140476,0.0008661772797216108,0.10000000758775308,2,252,500,CLARABEL,optimal,223,23,0.0015460830000000002
2012-07-31,development,v4_hysteresis,100000000.0,150.0,-0.01988177435207512,-0.021581284950077682,0.584568417256948,0.036023766256504317,500,72,65,1.9999999710851997,7.210914799299362e-09,0.03546666730450014,0.04999998849929718,0.036148639384987226,0.020000000297204248,112.93908303888875,3.3378589213508985,43165076.75,0.00021134692628228992,0.00023816369429884493,0.001249999977421428,0.0016995105980025628,0.10000000758775308,2,252,500,CLARABEL,optimal,223,23,0.0015460830000000002
2012-07-31,development,v4_hysteresis,100000000.0,300.0,-0.01988177435207512,-0.022831284927499113,0.584568417256948,0.036023766256504317,500,72,65,1.9999999710851997,7.210914799299362e-09,0.03546666730450014,0.04999998849929718,0.036148639384987226,0.020000000297204248,112.93908303888875,3.3378589213508985,43165076.75,0.00021134692628228992,0.00023816369429884493,0.002499999954842856,0.002949510575423991,0.10000000758775308,2,252,500,CLARABEL,optimal,223,23,0.0015460830000000002
2012-07-31,development,v4_hysteresis,500000000.0,50.0,-0.01988177435207512,-0.02104233814772258,0.584568417256948,0.036023766256504317,500,72,65,1.9999999710851997,7.210914799299362e-09,0.03546666730450014,0.04999998849929718,0.036148639384987226,0.020000000297204248,112.93908303888875,3.3378589213508985,43165076.75,0.00021134692628228992,0.0005325502102246964,0.000416666659140476,0.0011605637956474623,0.5000000379387655,31,252,500,CLARABEL,optimal,223,23,0.0015460830000000002
2012-07-31,development,v4_hysteresis,500000000.0,150.0,-0.01988177435207512,-0.021875671466003534,0.584568417256948,0.036023766256504317,500,72,65,1.9999999710851997,7.210914799299362e-09,0.03546666730450014,0.04999998849929718,0.036148639384987226,0.020000000297204248,112.93908303888875,3.3378589213508985,43165076.75,0.00021134692628228992,0.0005325502102246964,0.001249999977421428,0.001993897113928414,0.5000000379387655,31,252,500,CLARABEL,optimal,223,23,0.0015460830000000002
2012-07-31,development,v4_hysteresis,500000000.0,300.0,-0.01988177435207512,-0.023125671443424964,0.584568417256948,0.036023766256504317,500,72,65,1.9999999710851997,7.210914799299362e-09,0.03546666730450014,0.04999998849929718,0.036148639384987226,0.020000000297204248,112.93908303888875,3.3378589213508985,43165076.75,0.00021134692628228992,0.0005325502102246964,0.002499999954842856,0.0032438970913498425,0.5000000379387655,31,252,500,CLARABEL,optimal,223,23,0.0015460830000000002
2012-08-31,development,v4_hysteresis,10000000.0,50.0,0.01045800322520215,0.009754180230709624,0.5550954163091377,0.028772430565972125,500,77,69,1.9999999767553192,7.166409909942217e-09,0.04999941577001425,0.050000001497958635,0.03931452360539424,0.020000000258771806,115.08314290408707,3.3953361180032156,36569844.3625,0.00022108452888742135,6.607180527408213e-05,0.00041666666033102277,0.0007038229944925263,0.008731775418107667,0,252,500,CLARABEL,optimal,232,32,0.00044130350000000005
2012-08-31,development,v4_hysteresis,10000000.0,150.0,0.01045800322520215,0.008920846910047579,0.5550954163091377,0.028772430565972125,500,77,69,1.9999999767553192,7.166409909942217e-09,0.04999941577001425,0.050000001497958635,0.03931452360539424,0.020000000258771806,115.08314290408707,3.3953361180032156,36569844.3625,0.00022108452888742135,6.607180527408213e-05,0.0012499999809930684,0.0015371563151545717,0.008731775418107667,0,252,500,CLARABEL,optimal,232,32,0.00044130350000000005
2012-08-31,development,v4_hysteresis,10000000.0,300.0,0.01045800322520215,0.007670846929054511,0.5550954163091377,0.028772430565972125,500,77,69,1.9999999767553192,7.166409909942217e-09,0.04999941577001425,0.050000001497958635,0.03931452360539424,0.020000000258771806,115.08314290408707,3.3953361180032156,36569844.3625,0.00022108452888742135,6.607180527408213e-05,0.0024999999619861367,0.00278715629614764,0.008731775418107667,0,252,500,CLARABEL,optimal,232,32,0.00044130350000000005
2012-08-31,development,v4_hysteresis,100000000.0,50.0,0.01045800322520215,0.009611314642198481,0.5550954163091377,0.028772430565972125,500,77,69,1.9999999767553192,7.166409909942217e-09,0.04999941577001425,0.050000001497958635,0.03931452360539424,0.020000000258771806,115.08314290408707,3.3953361180032156,36569844.3625,0.00022108452888742135,0.00020893739378522523,0.00041666666033102277,0.0008466885830036694,0.08731775418107666,0,252,500,CLARABEL,optimal,232,32,0.00044130350000000005
2012-08-31,development,v4_hysteresis,100000000.0,150.0,0.01045800322520215,0.008777981321536435,0.5550954163091377,0.028772430565972125,500,77,69,1.9999999767553192,7.166409909942217e-09,0.04999941577001425,0.050000001497958635,0.03931452360539424,0.020000000258771806,115.08314290408707,3.3953361180032156,36569844.3625,0.00022108452888742135,0.00020893739378522523,0.0012499999809930684,0.001680021903665715,0.08731775418107666,0,252,500,CLARABEL,optimal,232,32,0.00044130350000000005
2012-08-31,development,v4_hysteresis,100000000.0,300.0,0.01045800322520215,0.007527981340543367,0.5550954163091377,0.028772430565972125,500,77,69,1.9999999767553192,7.166409909942217e-09,0.04999941577001425,0.050000001497958635,0.03931452360539424,0.020000000258771806,115.08314290408707,3.3953361180032156,36569844.3625,0.00022108452888742135,0.00020893739378522523,0.0024999999619861367,0.0029300218846587834,0.08731775418107666,0,252,500,CLARABEL,optimal,232,32,0.00044130350000000005
2012-08-31,development,v4_hysteresis,500000000.0,50.0,0.01045800322520215,0.0093530538204383,0.5550954163091377,0.028772430565972125,500,77,69,1.9999999767553192,7.166409909942217e-09,0.04999941577001425,0.050000001497958635,0.03931452360539424,0.020000000258771806,115.08314290408707,3.3953361180032156,36569844.3625,0.00022108452888742135,0.0004671982155454058,0.00041666666033102277,0.0011049494047638499,0.43658877090538334,32,252,500,CLARABEL,optimal,232,32,0.00044130350000000005
2012-08-31,development,v4_hysteresis,500000000.0,150.0,0.01045800322520215,0.008519720499776255,0.5550954163091377,0.028772430565972125,500,77,69,1.9999999767553192,7.166409909942217e-09,0.04999941577001425,0.050000001497958635,0.03931452360539424,0.020000000258771806,115.08314290408707,3.3953361180032156,36569844.3625,0.00022108452888742135,0.0004671982155454058,0.0012499999809930684,0.0019382827254258955,0.43658877090538334,32,252,500,CLARABEL,optimal,232,32,0.00044130350000000005
2012-08-31,development,v4_hysteresis,500000000.0,300.0,0.01045800322520215,0.007269720518783187,0.5550954163091377,0.028772430565972125,500,77,69,1.9999999767553192,7.166409909942217e-09,0.04999941577001425,0.050000001497958635,0.03931452360539424,0.020000000258771806,115.08314290408707,3.3953361180032156,36569844.3625,0.00022108452888742135,0.0004671982155454058,0.0024999999619861367,0.003188282706418964,0.43658877090538334,32,252,500,CLARABEL,optimal,232,32,0.00044130350000000005
2012-09-28,development,v4_hysteresis,10000000.0,50.0,-0.006372723052848292,-0.007072840686686098,0.606915834849127,-0.016987501225200232,500,78,68,1.999999985764501,-7.884342206887496e-10,0.04999999939799103,0.04999999870146074,0.03787875674179367,0.02000000023073407,116.16640029926094,3.3368594742526505,40190746.75,0.00021564651422953607,6.78044557430749e-05,0.00041666666386519486,0.0007001176338378059,0.01000000010606778,0,252,500,CLARABEL,optimal,227,27,0.0003629235
2012-09-28,development,v4_hysteresis,10000000.0,150.0,-0.006372723052848292,-0.007906174014416487,0.606915834849127,-0.016987501225200232,500,78,68,1.999999985764501,-7.884342206887496e-10,0.04999999939799103,0.04999999870146074,0.03787875674179367,0.02000000023073407,116.16640029926094,3.3368594742526505,40190746.75,0.00021564651422953607,6.78044557430749e-05,0.0012499999915955844,0.0015334509615681953,0.01000000010606778,0,252,500,CLARABEL,optimal,227,27,0.0003629235
2012-09-28,development,v4_hysteresis,10000000.0,300.0,-0.006372723052848292,-0.009156174006012072,0.606915834849127,-0.016987501225200232,500,78,68,1.999999985764501,-7.884342206887496e-10,0.04999999939799103,0.04999999870146074,0.03787875674179367,0.02000000023073407,116.16640029926094,3.3368594742526505,40190746.75,0.00021564651422953607,6.78044557430749e-05,0.002499999983191169,0.00278345095316378,0.01000000010606778,0,252,500,CLARABEL,optimal,227,27,0.0003629235
2012-09-28,development,v4_hysteresis,100000000.0,50.0,-0.006372723052848292,-0.007219452746599225,0.606915834849127,-0.016987501225200232,500,78,68,1.999999985764501,-7.884342206887496e-10,0.04999999939799103,0.04999999870146074,0.03787875674179367,0.02000000023073407,116.16640029926094,3.3368594742526505,40190746.75,0.00021564651422953607,0.00021441651565620132,0.00041666666386519486,0.0008467296937509322,0.1000000010606778,2,252,500,CLARABEL,optimal,227,27,0.0003629235
2012-09-28,development,v4_hysteresis,100000000.0,150.0,-0.006372723052848292,-0.008052786074329615,0.606915834849127,-0.016987501225200232,500,78,68,1.999999985764501,-7.884342206887496e-10,0.04999999939799103,0.04999999870146074,0.03787875674179367,0.02000000023073407,116.16640029926094,3.3368594742526505,40190746.75,0.00021564651422953607,0.00021441651565620132,0.0012499999915955844,0.0016800630214813218,0.1000000010606778,2,252,500,CLARABEL,optimal,227,27,0.0003629235
2012-09-28,development,v4_hysteresis,100000000.0,300.0,-0.006372723052848292,-0.009302786065925198,0.606915834849127,-0.016987501225200232,500,78,68,1.999999985764501,-7.884342206887496e-10,0.04999999939799103,0.04999999870146074,0.03787875674179367,0.02000000023073407,116.16640029926094,3.3368594742526505,40190746.75,0.00021564651422953607,0.00021441651565620132,0.002499999983191169,0.002930063013076906,0.1000000010606778,2,252,500,CLARABEL,optimal,227,27,0.0003629235
2012-09-28,development,v4_hysteresis,500000000.0,50.0,-0.006372723052848292,-0.007484486135448937,0.606915834849127,-0.016987501225200232,500,78,68,1.999999985764501,-7.884342206887496e-10,0.04999999939799103,0.04999999870146074,0.03787875674179367,0.02000000023073407,116.16640029926094,3.3368594742526505,40190746.75,0.00021564651422953607,0.00047944990450591413,0.00041666666386519486,0.001111763082600645,0.500000005303389,34,252,500,CLARABEL,optimal,227,27,0.0003629235
2012-09-28,development,v4_hysteresis,500000000.0,150.0,-0.006372723052848292,-0.008317819463179327,0.606915834849127,-0.016987501225200232,500,78,68,1.999999985764501,-7.884342206887496e-10,0.04999999939799103,0.04999999870146074,0.03787875674179367,0.02000000023073407,116.16640029926094,3.3368594742526505,40190746.75,0.00021564651422953607,0.00047944990450591413,0.0012499999915955844,0.0019450964103310347,0.500000005303389,34,252,500,CLARABEL,optimal,227,27,0.0003629235
2012-09-28,development,v4_hysteresis,500000000.0,300.0,-0.006372723052848292,-0.00956781945477491,0.606915834849127,-0.016987501225200232,500,78,68,1.999999985764501,-7.884342206887496e-10,0.04999999939799103,0.04999999870146074,0.03787875674179367,0.02000000023073407,116.16640029926094,3.3368594742526505,40190746.75,0.00021564651422953607,0.00047944990450591413,0.002499999983191169,0.0031950964019266193,0.500000005303389,34,252,500,CLARABEL,optimal,227,27,0.0003629235
2012-10-31,development,v4_hysteresis,10000000.0,50.0,0.005852736368084995,0.0051365466888299,0.562160676677296,0.011441212723773894,500,77,73,1.9999999657335008,1.0247795195761356e-08,0.0500000121336872,0.05000000056992253,0.03999999836725997,0.0200000006518673,116.94732768883306,3.3755462723437004,39722652.425,0.0002347918813730824,6.473114048915651e-05,0.0004166666573928554,0.0007161896792550943,0.010000000777938596,0,252,500,CLARABEL,optimal,233,33,0.00030493584
2012-10-31,development,v4_hysteresis,10000000.0,150.0,0.005852736368084995,0.00430321337404419,0.562160676677296,0.011441212723773894,500,77,73,1.9999999657335008,1.0247795195761356e-08,0.0500000121336872,0.05000000056992253,0.03999999836725997,0.0200000006518673,116.94732768883306,3.3755462723437004,39722652.425,0.0002347918813730824,6.473114048915651e-05,0.001249999972178566,0.001549522994040805,0.010000000777938596,0,252,500,CLARABEL,optimal,233,33,0.00030493584
2012-10-31,development,v4_hysteresis,10000000.0,300.0,0.005852736368084995,0.0030532134018656236,0.562160676677296,0.011441212723773894,500,77,73,1.9999999657335008,1.0247795195761356e-08,0.0500000121336872,0.05000000056992253,0.03999999836725997,0.0200000006518673,116.94732768883306,3.3755462723437004,39722652.425,0.0002347918813730824,6.473114048915651e-05,0.002499999944357132,0.002799522966219371,0.010000000777938596,0,252,500,CLARABEL,optimal,233,33,0.00030493584
2012-10-31,development,v4_hysteresis,100000000.0,50.0,0.005852736368084995,0.004996579989832976,0.562160676677296,0.011441212723773894,500,77,73,1.9999999657335008,1.0247795195761356e-08,0.0500000121336872,0.05000000056992253,0.03999999836725997,0.0200000006518673,116.94732768883306,3.3755462723437004,39722652.425,0.0002347918813730824,0.00020469783948608047,0.0004166666573928554,0.0008561563782520183,0.10000000777938595,1,252,500,CLARABEL,optimal,233,33,0.00030493584
2012-10-31,development,v4_hysteresis,100000000.0,150.0,0.005852736368084995,0.004163246675047265,0.562160676677296,0.011441212723773894,500,77,73,1.9999999657335008,1.0247795195761356e-08,0.0500000121336872,0.05000000056992253,0.03999999836725997,0.0200000006518673,116.94732768883306,3.3755462723437004,39722652.425,0.0002347918813730824,0.00020469783948608047,0.001249999972178566,0.001689489693037729,0.10000000777938595,1,252,500,CLARABEL,optimal,233,33,0.00030493584
2012-10-31,development,v4_hysteresis,100000000.0,300.0,0.005852736368084995,0.0029132467028686994,0.562160676677296,0.011441212723773894,500,77,73,1.9999999657335008,1.0247795195761356e-08,0.0500000121336872,0.05000000056992253,0.03999999836725997,0.0200000006518673,116.94732768883306,3.3755462723437004,39722652.425,0.0002347918813730824,0.00020469783948608047,0.002499999944357132,0.0029394896652162952,0.10000000777938595,1,252,500,CLARABEL,optimal,233,33,0.00030493584
2012-10-31,development,v4_hysteresis,500000000.0,50.0,0.005852736368084995,0.004743559545380841,0.562160676677296,0.011441212723773894,500,77,73,1.9999999657335008,1.0247795195761356e-08,0.0500000121336872,0.05000000056992253,0.03999999836725997,0.0200000006518673,116.94732768883306,3.3755462723437004,39722652.425,0.0002347918813730824,0.00045771828393821655,0.0004166666573928554,0.0011091768227041543,0.5000000388969298,30,252,500,CLARABEL,optimal,233,33,0.00030493584
2012-10-31,development,v4_hysteresis,500000000.0,150.0,0.005852736368084995,0.003910226230595129,0.562160676677296,0.011441212723773894,500,77,73,1.9999999657335008,1.0247795195761356e-08,0.0500000121336872,0.05000000056992253,0.03999999836725997,0.0200000006518673,116.94732768883306,3.3755462723437004,39722652.425,0.0002347918813730824,0.00045771828393821655,0.001249999972178566,0.0019425101374898651,0.5000000388969298,30,252,500,CLARABEL,optimal,233,33,0.00030493584
2012-10-31,development,v4_hysteresis,500000000.0,300.0,0.005852736368084995,0.0026602262584165637,0.562160676677296,0.011441212723773894,500,77,73,1.9999999657335008,1.0247795195761356e-08,0.0500000121336872,0.05000000056992253,0.03999999836725997,0.0200000006518673,116.94732768883306,3.3755462723437004,39722652.425,0.0002347918813730824,0.00045771828393821655,0.002499999944357132,0.003192510109668431,0.5000000388969298,30,252,500,CLARABEL,optimal,233,33,0.00030493584
2012-11-30,development,v4_hysteresis,10000000.0,50.0,-0.012932828154078799,-0.013663291979043242,0.5428390457842425,0.024708299198703224,500,79,77,1.9999999669624038,8.864758767324066e-09,0.05000001242927339,0.0499999914571204,0.040000001994496895,0.02000000061292213,117.64794880874413,3.470014318828973,40528312.71,0.0002436785989546132,7.011856807282078e-05,0.0004166666579370095,0.0007304638249644435,0.01000000066277189,0,252,500,CLARABEL,optimal,227,27,0.00025775
2012-11-30,development,v4_hysteresis,10000000.0,150.0,-0.012932828154078799,-0.014496625294917262,0.5428390457842425,0.024708299198703224,500,79,77,1.9999999669624038,8.864758767324066e-09,0.05000001242927339,0.0499999914571204,0.040000001994496895,0.02000000061292213,117.64794880874413,3.470014318828973,40528312.71,0.0002436785989546132,7.011856807282078e-05,0.0012499999738110285,0.0015637971408384624,0.01000000066277189,0,252,500,CLARABEL,optimal,227,27,0.00025775
2012-11-30,development,v4_hysteresis,10000000.0,300.0,-0.012932828154078799,-0.01574662526872829,0.5428390457842425,0.024708299198703224,500,79,77,1.9999999669624038,8.864758767324066e-09,0.05000001242927339,0.0499999914571204,0.040000001994496895,0.02000000061292213,117.64794880874413,3.470014318828973,40528312.71,0.0002436785989546132,7.011856807282078e-05,0.002499999947622057,0.002813797114649491,0.01000000066277189,0,252,500,CLARABEL,optimal,227,27,0.00025775
2012-11-30,development,v4_hysteresis,100000000.0,50.0,-0.012932828154078799,-0.013814907792350098,0.5428390457842425,0.024708299198703224,500,79,77,1.9999999669624038,8.864758767324066e-09,0.05000001242927339,0.0499999914571204,0.040000001994496895,0.02000000061292213,117.64794880874413,3.470014318828973,40528312.71,0.0002436785989546132,0.00022173438137967693,0.0004166666579370095,0.0008820796382712996,0.10000000662771891,2,252,500,CLARABEL,optimal,227,27,0.00025775
2012-11-30,development,v4_hysteresis,100000000.0,150.0,-0.012932828154078799,-0.014648241108224117,0.5428390457842425,0.024708299198703224,500,79,77,1.9999999669624038,8.864758767324066e-09,0.05000001242927339,0.0499999914571204,0.040000001994496895,0.02000000061292213,117.64794880874413,3.470014318828973,40528312.71,0.0002436785989546132,0.00022173438137967693,0.0012499999738110285,0.0017154129541453187,0.10000000662771891,2,252,500,CLARABEL,optimal,227,27,0.00025775
2012-11-30,development,v4_hysteresis,100000000.0,300.0,-0.012932828154078799,-0.015898241082035146,0.5428390457842425,0.024708299198703224,500,79,77,1.9999999669624038,8.864758767324066e-09,0.05000001242927339,0.0499999914571204,0.040000001994496895,0.02000000061292213,117.64794880874413,3.470014318828973,40528312.71,0.0002436785989546132,0.00022173438137967693,0.002499999947622057,0.002965412927956347,0.10000000662771891,2,252,500,CLARABEL,optimal,227,27,0.00025775
2012-11-30,development,v4_hysteresis,500000000.0,50.0,-0.012932828154078799,-0.014088986560684243,0.5428390457842425,0.024708299198703224,500,79,77,1.9999999669624038,8.864758767324066e-09,0.05000001242927339,0.0499999914571204,0.040000001994496895,0.02000000061292213,117.64794880874413,3.470014318828973,40528312.71,0.0002436785989546132,0.0004958131497138213,0.0004166666579370095,0.001156158406605444,0.5000000331385945,29,252,500,CLARABEL,optimal,227,27,0.00025775
2012-11-30,development,v4_hysteresis,500000000.0,150.0,-0.012932828154078799,-0.014922319876558262,0.5428390457842425,0.024708299198703224,500,79,77,1.9999999669624038,8.864758767324066e-09,0.05000001242927339,0.0499999914571204,0.040000001994496895,0.02000000061292213,117.64794880874413,3.470014318828973,40528312.71,0.0002436785989546132,0.0004958131497138213,0.0012499999738110285,0.001989491722479463,0.5000000331385945,29,252,500,CLARABEL,optimal,227,27,0.00025775
2012-11-30,development,v4_hysteresis,500000000.0,300.0,-0.012932828154078799,-0.01617231985036929,0.5428390457842425,0.024708299198703224,500,79,77,1.9999999669624038,8.864758767324066e-09,0.05000001242927339,0.0499999914571204,0.040000001994496895,0.02000000061292213,117.64794880874413,3.470014318828973,40528312.71,0.0002436785989546132,0.0004958131497138213,0.002499999947622057,0.0032394916962904916,0.5000000331385945,29,252,500,CLARABEL,optimal,227,27,0.00025775
2012-12-31,development,v4_hysteresis,10000000.0,50.0,-0.0040130237558365645,-0.004743405601698821,0.6128093206475757,0.06687602935298298,500,78,75,1.99999996303842,-7.215021233242247e-09,0.04999999546952626,-0.02471319386855378,0.04000000626344156,0.02000000051147133,119.94095794502111,3.406594060160725,40330192.0,0.00023770284760148944,7.60123377913003e-05,0.0004166666604694669,0.0007303818458622566,0.009999999939613443,0,252,500,CLARABEL,optimal,234,34,0.0002623
2012-12-31,development,v4_hysteresis,10000000.0,150.0,-0.0040130237558365645,-0.005576738922637755,0.6128093206475757,0.06687602935298298,500,78,75,1.99999996303842,-7.215021233242247e-09,0.04999999546952626,-0.02471319386855378,0.04000000626344156,0.02000000051147133,119.94095794502111,3.406594060160725,40330192.0,0.00023770284760148944,7.60123377913003e-05,0.0012499999814084006,0.0015637151668011903,0.009999999939613443,0,252,500,CLARABEL,optimal,234,34,0.0002623
2012-12-31,development,v4_hysteresis,10000000.0,300.0,-0.0040130237558365645,-0.006826738904046155,0.6128093206475757,0.06687602935298298,500,78,75,1.99999996303842,-7.215021233242247e-09,0.04999999546952626,-0.02471319386855378,0.04000000626344156,0.02000000051147133,119.94095794502111,3.406594060160725,40330192.0,0.00023770284760148944,7.60123377913003e-05,0.0024999999628168013,0.002813715148209591,0.009999999939613443,0,252,500,CLARABEL,optimal,234,34,0.0002623
2012-12-31,development,v4_hysteresis,100000000.0,50.0,-0.0040130237558365645,-0.004907765381602122,0.6128093206475757,0.06687602935298298,500,78,75,1.99999996303842,-7.215021233242247e-09,0.04999999546952626,-0.02471319386855378,0.04000000626344156,0.02000000051147133,119.94095794502111,3.406594060160725,40330192.0,0.00023770284760148944,0.00024037211769460155,0.0004166666604694669,0.0008947416257655579,0.09999999939613444,0,252,500,CLARABEL,optimal,234,34,0.0002623
2012-12-31,development,v4_hysteresis,100000000.0,150.0,-0.0040130237558365645,-0.005741098702541057,0.6128093206475757,0.06687602935298298,500,78,75,1.99999996303842,-7.215021233242247e-09,0.04999999546952626,-0.02471319386855378,0.04000000626344156,0.02000000051147133,119.94095794502111,3.406594060160725,40330192.0,0.00023770284760148944,0.00024037211769460155,0.0012499999814084006,0.0017280749467044917,0.09999999939613444,0,252,500,CLARABEL,optimal,234,34,0.0002623
2012-12-31,development,v4_hysteresis,100000000.0,300.0,-0.0040130237558365645,-0.006991098683949457,0.6128093206475757,0.06687602935298298,500,78,75,1.99999996303842,-7.215021233242247e-09,0.04999999546952626,-0.02471319386855378,0.04000000626344156,0.02000000051147133,119.94095794502111,3.406594060160725,40330192.0,0.00023770284760148944,0.00024037211769460155,0.0024999999628168013,0.0029780749281128924,0.09999999939613444,0,252,500,CLARABEL,optimal,234,34,0.0002623
2012-12-31,development,v4_hysteresis,500000000.0,50.0,-0.0040130237558365645,-0.00520488165896823,0.6128093206475757,0.06687602935298298,500,78,75,1.99999996303842,-7.215021233242247e-09,0.04999999546952626,-0.02471319386855378,0.04000000626344156,0.02000000051147133,119.94095794502111,3.406594060160725,40330192.0,0.00023770284760148944,0.0005374883950607091,0.0004166666604694669,0.0011918579031316655,0.49999999698067216,30,252,500,CLARABEL,optimal,234,34,0.0002623
2012-12-31,development,v4_hysteresis,500000000.0,150.0,-0.0040130237558365645,-0.006038214979907164,0.6128093206475757,0.06687602935298298,500,78,75,1.99999996303842,-7.215021233242247e-09,0.04999999546952626,-0.02471319386855378,0.04000000626344156,0.02000000051147133,119.94095794502111,3.406594060160725,40330192.0,0.00023770284760148944,0.0005374883950607091,0.0012499999814084006,0.0020251912240705993,0.49999999698067216,30,252,500,CLARABEL,optimal,234,34,0.0002623
2012-12-31,development,v4_hysteresis,500000000.0,300.0,-0.0040130237558365645,-0.007288214961315565,0.6128093206475757,0.06687602935298298,500,78,75,1.99999996303842,-7.215021233242247e-09,0.04999999546952626,-0.02471319386855378,0.04000000626344156,0.02000000051147133,119.94095794502111,3.406594060160725,40330192.0,0.00023770284760148944,0.0005374883950607091,0.0024999999628168013,0.003275191205479,0.49999999698067216,30,252,500,CLARABEL,optimal,234,34,0.0002623
2013-01-31,development,v4_hysteresis,10000000.0,50.0,0.013251083827331494,0.012549267360466913,0.5182841789645598,0.015363893009537732,500,80,69,1.9999999706480884,6.775456556917803e-09,0.050000005066079434,-0.0007909908776762287,0.040000002994562966,0.020000000540000257,118.47382971073205,3.207965484960863,39775637.435,0.00023344259799444876,5.1707209730000895e-05,0.00041666665914013163,0.0007018164668645814,0.010000000770082234,0,252,500,CLARABEL,optimal,228,28,0.00028749600000000004
2013-01-31,development,v4_hysteresis,10000000.0,150.0,0.013251083827331494,0.011715934042186649,0.5182841789645598,0.015363893009537732,500,80,69,1.9999999706480884,6.775456556917803e-09,0.050000005066079434,-0.0007909908776762287,0.040000002994562966,0.020000000540000257,118.47382971073205,3.207965484960863,39775637.435,0.00023344259799444876,5.1707209730000895e-05,0.0012499999774203952,0.001535149785144845,0.010000000770082234,0,252,500,CLARABEL,optimal,228,28,0.00028749600000000004
2013-01-31,development,v4_hysteresis,10000000.0,300.0,0.013251083827331494,0.010465934064766255,0.5182841789645598,0.015363893009537732,500,80,69,1.9999999706480884,6.775456556917803e-09,0.050000005066079434,-0.0007909908776762287,0.040000002994562966,0.020000000540000257,118.47382971073205,3.207965484960863,39775637.435,0.00023344259799444876,5.1707209730000895e-05,0.0024999999548407903,0.00278514976256524,0.010000000770082234,0,252,500,CLARABEL,optimal,228,28,0.00028749600000000004
2013-01-31,development,v4_hysteresis,100000000.0,50.0,0.013251083827331494,0.01243746201599809,0.5182841789645598,0.015363893009537732,500,80,69,1.9999999706480884,6.775456556917803e-09,0.050000005066079434,-0.0007909908776762287,0.040000002994562966,0.020000000540000257,118.47382971073205,3.207965484960863,39775637.435,0.00023344259799444876,0.0001635125541988229,0.00041666665914013163,0.0008136218113334033,0.10000000770082233,1,252,500,CLARABEL,optimal,228,28,0.00028749600000000004
2013-01-31,development,v4_hysteresis,100000000.0,150.0,0.013251083827331494,0.011604128697717826,0.5182841789645598,0.015363893009537732,500,80,69,1.9999999706480884,6.775456556917803e-09,0.050000005066079434,-0.0007909908776762287,0.040000002994562966,0.020000000540000257,118.47382971073205,3.207965484960863,39775637.435,0.00023344259799444876,0.0001635125541988229,0.0012499999774203952,0.0016469551296136669,0.10000000770082233,1,252,500,CLARABEL,optimal,228,28,0.00028749600000000004
2013-01-31,development,v4_hysteresis,100000000.0,300.0,0.013251083827331494,0.010354128720297432,0.5182841789645598,0.015363893009537732,500,80,69,1.9999999706480884,6.775456556917803e-09,0.050000005066079434,-0.0007909908776762287,0.040000002994562966,0.020000000540000257,118.47382971073205,3.207965484960863,39775637.435,0.00023344259799444876,0.0001635125541988229,0.0024999999548407903,0.002896955107034062,0.10000000770082233,1,252,500,CLARABEL,optimal,228,28,0.00028749600000000004
2013-01-31,development,v4_hysteresis,500000000.0,50.0,0.013251083827331494,0.012235349383833726,0.5182841789645598,0.015363893009537732,500,80,69,1.9999999706480884,6.775456556917803e-09,0.050000005066079434,-0.0007909908776762287,0.040000002994562966,0.020000000540000257,118.47382971073205,3.207965484960863,39775637.435,0.00023344259799444876,0.00036562518636318667,0.00041666665914013163,0.001015734443497767,0.5000000385041117,17,252,500,CLARABEL,optimal,228,28,0.00028749600000000004
2013-01-31,development,v4_hysteresis,500000000.0,150.0,0.013251083827331494,0.011402016065553463,0.5182841789645598,0.015363893009537732,500,80,69,1.9999999706480884,6.775456556917803e-09,0.050000005066079434,-0.0007909908776762287,0.040000002994562966,0.020000000540000257,118.47382971073205,3.207965484960863,39775637.435,0.00023344259799444876,0.00036562518636318667,0.0012499999774203952,0.0018490677617780307,0.5000000385041117,17,252,500,CLARABEL,optimal,228,28,0.00028749600000000004
2013-01-31,development,v4_hysteresis,500000000.0,300.0,0.013251083827331494,0.010152016088133067,0.5182841789645598,0.015363893009537732,500,80,69,1.9999999706480884,6.775456556917803e-09,0.050000005066079434,-0.0007909908776762287,0.040000002994562966,0.020000000540000257,118.47382971073205,3.207965484960863,39775637.435,0.00023344259799444876,0.00036562518636318667,0.0024999999548407903,0.003099067739198426,0.5000000385041117,17,252,500,CLARABEL,optimal,228,28,0.00028749600000000004
2013-02-28,development,v4_hysteresis,10000000.0,50.0,-0.02565832511093012,-0.026416552383455884,0.6278919062209383,0.03725191782800602,500,80,75,1.9999999756322775,3.188670612275235e-09,0.050000002305174235,0.05000000406335689,0.04000000196889857,0.020000000525486734,118.27462899992811,3.1220767844226525,43720858.5,0.0002714126322491677,7.014797935084557e-05,0.00041666666092575146,0.0007582272725257647,0.010000007076198258,0,252,500,CLARABEL,optimal,230,30,0.00030457
2013-02-28,development,v4_hysteresis,10000000.0,150.0,-0.02565832511093012,-0.027249885705307387,0.6278919062209383,0.03725191782800602,500,80,75,1.9999999756322775,3.188670612275235e-09,0.050000002305174235,0.05000000406335689,0.04000000196889857,0.020000000525486734,118.27462899992811,3.1220767844226525,43720858.5,0.0002714126322491677,7.014797935084557e-05,0.0012499999827772544,0.0015915605943772676,0.010000007076198258,0,252,500,CLARABEL,optimal,230,30,0.00030457
2013-02-28,development,v4_hysteresis,10000000.0,300.0,-0.02565832511093012,-0.02849988568808464,0.6278919062209383,0.03725191782800602,500,80,75,1.9999999756322775,3.188670612275235e-09,0.050000002305174235,0.05000000406335689,0.04000000196889857,0.020000000525486734,118.27462899992811,3.1220767844226525,43720858.5,0.0002714126322491677,7.014797935084557e-05,0.002499999965554509,0.002841560577154522,0.010000007076198258,0,252,500,CLARABEL,optimal,230,30,0.00030457
2013-02-28,development,v4_hysteresis,100000000.0,50.0,-0.02565832511093012,-0.02656823179211217,0.6278919062209383,0.03725191782800602,500,80,75,1.9999999756322775,3.188670612275235e-09,0.050000002305174235,0.05000000406335689,0.04000000196889857,0.020000000525486734,118.27462899992811,3.1220767844226525,43720858.5,0.0002714126322491677,0.00022182738800713176,0.00041666666092575146,0.0009099066811820509,0.10000007076198257,2,252,500,CLARABEL,optimal,230,30,0.00030457
2013-02-28,development,v4_hysteresis,100000000.0,150.0,-0.02565832511093012,-0.02740156511396367,0.6278919062209383,0.03725191782800602,500,80,75,1.9999999756322775,3.188670612275235e-09,0.050000002305174235,0.05000000406335689,0.04000000196889857,0.020000000525486734,118.27462899992811,3.1220767844226525,43720858.5,0.0002714126322491677,0.00022182738800713176,0.0012499999827772544,0.001743240003033554,0.10000007076198257,2,252,500,CLARABEL,optimal,230,30,0.00030457
2013-02-28,development,v4_hysteresis,100000000.0,300.0,-0.02565832511093012,-0.028651565096740928,0.6278919062209383,0.03725191782800602,500,80,75,1.9999999756322775,3.188670612275235e-09,0.050000002305174235,0.05000000406335689,0.04000000196889857,0.020000000525486734,118.27462899992811,3.1220767844226525,43720858.5,0.0002714126322491677,0.00022182738800713176,0.002499999965554509,0.0029932399858108084,0.10000007076198257,2,252,500,CLARABEL,optimal,230,30,0.00030457
2013-02-28,development,v4_hysteresis,500000000.0,50.0,-0.02565832511093012,-0.026842425522960206,0.6278919062209383,0.03725191782800602,500,80,75,1.9999999756322775,3.188670612275235e-09,0.050000002305174235,0.05000000406335689,0.04000000196889857,0.020000000525486734,118.27462899992811,3.1220767844226525,43720858.5,0.0002714126322491677,0.0004960211188551681,0.00041666666092575146,0.0011841004120300873,0.5000003538099129,38,252,500,CLARABEL,optimal,230,30,0.00030457
2013-02-28,development,v4_hysteresis,500000000.0,150.0,-0.02565832511093012,-0.02767575884481171,0.6278919062209383,0.03725191782800602,500,80,75,1.9999999756322775,3.188670612275235e-09,0.050000002305174235,0.05000000406335689,0.04000000196889857,0.020000000525486734,118.27462899992811,3.1220767844226525,43720858.5,0.0002714126322491677,0.0004960211188551681,0.0012499999827772544,0.0020174337338815904,0.5000003538099129,38,252,500,CLARABEL,optimal,230,30,0.00030457
2013-02-28,development,v4_hysteresis,500000000.0,300.0,-0.02565832511093012,-0.028925758827588962,0.6278919062209383,0.03725191782800602,500,80,75,1.9999999756322775,3.188670612275235e-09,0.050000002305174235,0.05000000406335689,0.04000000196889857,0.020000000525486734,118.27462899992811,3.1220767844226525,43720858.5,0.0002714126322491677,0.0004960211188551681,0.002499999965554509,0.003267433716658845,0.5000003538099129,38,252,500,CLARABEL,optimal,230,30,0.00030457
2013-03-28,development,v4_hysteresis,10000000.0,50.0,-0.03713573996763916,-0.03779423549341193,0.4334600637806516,0.01132699454747304,500,77,76,1.9999999819326129,5.040364792208152e-09,0.050000005730369154,0.05000000301311943,0.04000000235333221,0.020000000491314597,117.53658561980053,2.950535927935696,44437758.81,0.0001932779457411227,4.855091817910335e-05,0.00041666666185255177,0.0006584955257727778,0.010000000042678826,0,252,500,CLARABEL,optimal,229,29,0.0002999295
2013-03-28,development,v4_hysteresis,10000000.0,150.0,-0.03713573996763916,-0.03862756881711704,0.4334600637806516,0.01132699454747304,500,77,76,1.9999999819326129,5.040364792208152e-09,0.050000005730369154,0.05000000301311943,0.04000000235333221,0.020000000491314597,117.53658561980053,2.950535927935696,44437758.81,0.0001932779457411227,4.855091817910335e-05,0.0012499999855576551,0.0014918288494778812,0.010000000042678826,0,252,500,CLARABEL,optimal,229,29,0.0002999295
2013-03-28,development,v4_hysteresis,10000000.0,300.0,-0.03713573996763916,-0.03987756880267469,0.4334600637806516,0.01132699454747304,500,77,76,1.9999999819326129,5.040364792208152e-09,0.050000005730369154,0.05000000301311943,0.04000000235333221,0.020000000491314597,117.53658561980053,2.950535927935696,44437758.81,0.0001932779457411227,4.855091817910335e-05,0.0024999999711153103,0.0027418288350355364,0.010000000042678826,0,252,500,CLARABEL,optimal,229,29,0.0002999295
2013-03-28,development,v4_hysteresis,100000000.0,50.0,-0.03713573996763916,-0.03789921605917127,0.4334600637806516,0.01132699454747304,500,77,76,1.9999999819326129,5.040364792208152e-09,0.050000005730369154,0.05000000301311943,0.04000000235333221,0.020000000491314597,117.53658561980053,2.950535927935696,44437758.81,0.0001932779457411227,0.0001535314839384414,0.00041666666185255177,0.0007634760915321158,0.10000000042678825,1,252,500,CLARABEL,optimal,229,29,0.0002999295
2013-03-28,development,v4_hysteresis,100000000.0,150.0,-0.03713573996763916,-0.038732549382876374,0.4334600637806516,0.01132699454747304,500,77,76,1.9999999819326129,5.040364792208152e-09,0.050000005730369154,0.05000000301311943,0.04000000235333221,0.020000000491314597,117.53658561980053,2.950535927935696,44437758.81,0.0001932779457411227,0.0001535314839384414,0.0012499999855576551,0.0015968094152372192,0.10000000042678825,1,252,500,CLARABEL,optimal,229,29,0.0002999295
2013-03-28,development,v4_hysteresis,100000000.0,300.0,-0.03713573996763916,-0.03998254936843403,0.4334600637806516,0.01132699454747304,500,77,76,1.9999999819326129,5.040364792208152e-09,0.050000005730369154,0.05000000301311943,0.04000000235333221,0.020000000491314597,117.53658561980053,2.950535927935696,44437758.81,0.0001932779457411227,0.0001535314839384414,0.0024999999711153103,0.0028468094007948743,0.10000000042678825,1,252,500,CLARABEL,optimal,229,29,0.0002999295
2013-03-28,development,v4_hysteresis,500000000.0,50.0,-0.03713573996763916,-0.0380889914100056,0.4334600637806516,0.01132699454747304,500,77,76,1.9999999819326129,5.040364792208152e-09,0.050000005730369154,0.05000000301311943,0.04000000235333221,0.020000000491314597,117.53658561980053,2.950535927935696,44437758.81,0.0001932779457411227,0.0003433068347727721,0.00041666666185255177,0.0009532514423664467,0.5000000021339412,28,252,500,CLARABEL,optimal,229,29,0.0002999295
2013-03-28,development,v4_hysteresis,500000000.0,150.0,-0.03713573996763916,-0.038922324733710705,0.4334600637806516,0.01132699454747304,500,77,76,1.9999999819326129,5.040364792208152e-09,0.050000005730369154,0.05000000301311943,0.04000000235333221,0.020000000491314597,117.53658561980053,2.950535927935696,44437758.81,0.0001932779457411227,0.0003433068347727721,0.0012499999855576551,0.0017865847660715499,0.5000000021339412,28,252,500,CLARABEL,optimal,229,29,0.0002999295
2013-03-28,development,v4_hysteresis,500000000.0,300.0,-0.03713573996763916,-0.04017232471926836,0.4334600637806516,0.01132699454747304,500,77,76,1.9999999819326129,5.040364792208152e-09,0.050000005730369154,0.05000000301311943,0.04000000235333221,0.020000000491314597,117.53658561980053,2.950535927935696,44437758.81,0.0001932779457411227,0.0003433068347727721,0.0024999999711153103,0.003036584751629205,0.5000000021339412,28,252,500,CLARABEL,optimal,229,29,0.0002999295
2013-04-30,development,v4_hysteresis,10000000.0,50.0,0.0009242213497125179,0.00035268511155677764,0.3278477572600063,0.026753353065766775,500,79,79,1.999999978975644,-2.9863942430097268e-09,0.049999997069294005,0.01315316728843335,0.04000000013113092,0.020000000433555796,118.09264311761713,2.8860077536163455,44928823.5,0.00011939442037957489,3.547515486740733e-05,0.000416666662908758,0.0005715362381557402,0.009791870575264832,0,252,500,CLARABEL,optimal,225,25,0.00020904
2013-04-30,development,v4_hysteresis,10000000.0,150.0,0.0009242213497125179,-0.00048064821426073824,0.3278477572600063,0.026753353065766775,500,79,79,1.999999978975644,-2.9863942430097268e-09,0.049999997069294005,0.01315316728843335,0.04000000013113092,0.020000000433555796,118.09264311761713,2.8860077536163455,44928823.5,0.00011939442037957489,3.547515486740733e-05,0.001249999988726274,0.0014048695639732561,0.009791870575264832,0,252,500,CLARABEL,optimal,225,25,0.00020904
2013-04-30,development,v4_hysteresis,10000000.0,300.0,0.0009242213497125179,-0.0017306482029870122,0.3278477572600063,0.026753353065766775,500,79,79,1.999999978975644,-2.9863942430097268e-09,0.049999997069294005,0.01315316728843335,0.04000000013113092,0.020000000433555796,118.09264311761713,2.8860077536163455,44928823.5,0.00011939442037957489,3.547515486740733e-05,0.002499999977452548,0.00265486955269953,0.009791870575264832,0,252,500,CLARABEL,optimal,225,25,0.00020904
2013-04-30,development,v4_hysteresis,100000000.0,50.0,0.0009242213497125179,0.0002759779766959693,0.3278477572600063,0.026753353065766775,500,79,79,1.999999978975644,-2.9863942430097268e-09,0.049999997069294005,0.01315316728843335,0.04000000013113092,0.020000000433555796,118.09264311761713,2.8860077536163455,44928823.5,0.00011939442037957489,0.00011218228972821573,0.000416666662908758,0.0006482433730165486,0.09791870575264831,0,252,500,CLARABEL,optimal,225,25,0.00020904
2013-04-30,development,v4_hysteresis,100000000.0,150.0,0.0009242213497125179,-0.0005573553491215466,0.3278477572600063,0.026753353065766775,500,79,79,1.999999978975644,-2.9863942430097268e-09,0.049999997069294005,0.01315316728843335,0.04000000013113092,0.020000000433555796,118.09264311761713,2.8860077536163455,44928823.5,0.00011939442037957489,0.00011218228972821573,0.001249999988726274,0.0014815766988340645,0.09791870575264831,0,252,500,CLARABEL,optimal,225,25,0.00020904
2013-04-30,development,v4_hysteresis,100000000.0,300.0,0.0009242213497125179,-0.0018073553378478205,0.3278477572600063,0.026753353065766775,500,79,79,1.999999978975644,-2.9863942430097268e-09,0.049999997069294005,0.01315316728843335,0.04000000013113092,0.020000000433555796,118.09264311761713,2.8860077536163455,44928823.5,0.00011939442037957489,0.00011218228972821573,0.002499999977452548,0.0027315766875603384,0.09791870575264831,0,252,500,CLARABEL,optimal,225,25,0.00020904
2013-04-30,development,v4_hysteresis,500000000.0,50.0,0.0009242213497125179,0.0001373130407203182,0.3278477572600063,0.026753353065766775,500,79,79,1.999999978975644,-2.9863942430097268e-09,0.049999997069294005,0.01315316728843335,0.04000000013113092,0.020000000433555796,118.09264311761713,2.8860077536163455,44928823.5,0.00011939442037957489,0.00025084722570386684,0.000416666662908758,0.0007869083089921997,0.4895935287632416,20,252,500,CLARABEL,optimal,225,25,0.00020904
2013-04-30,development,v4_hysteresis,500000000.0,150.0,0.0009242213497125179,-0.0006960202850971979,0.3278477572600063,0.026753353065766775,500,79,79,1.999999978975644,-2.9863942430097268e-09,0.049999997069294005,0.01315316728843335,0.04000000013113092,0.020000000433555796,118.09264311761713,2.8860077536163455,44928823.5,0.00011939442037957489,0.00025084722570386684,0.001249999988726274,0.0016202416348097158,0.4895935287632416,20,252,500,CLARABEL,optimal,225,25,0.00020904
2013-04-30,development,v4_hysteresis,500000000.0,300.0,0.0009242213497125179,-0.0019460202738234718,0.3278477572600063,0.026753353065766775,500,79,79,1.999999978975644,-2.9863942430097268e-09,0.049999997069294005,0.01315316728843335,0.04000000013113092,0.020000000433555796,118.09264311761713,2.8860077536163455,44928823.5,0.00011939442037957489,0.00025084722570386684,0.002499999977452548,0.0028702416235359897,0.4895935287632416,20,252,500,CLARABEL,optimal,225,25,0.00020904
2013-05-31,development,v4_hysteresis,10000000.0,50.0,0.004474937368763297,0.003827115453389961,0.554280505393254,-0.021661231482577568,500,81,75,1.9999999583076233,4.657716823341929e-09,0.05000000046930109,0.05000001059017376,0.04000000630857577,0.02000000058873312,118.33749211661676,2.781273330062404,44272962.99,0.00017826061436593642,5.2894643997002405e-05,0.0004166666570103972,0.000647821915373336,0.007083806206061749,0,252,500,CLARABEL,optimal,234,34,0.00020873400000000002
2013-05-31,development,v4_hysteresis,10000000.0,150.0,0.004474937368763297,0.0029937821393691663,0.554280505393254,-0.021661231482577568,500,81,75,1.9999999583076233,4.657716823341929e-09,0.05000000046930109,0.05000001059017376,0.04000000630857577,0.02000000058873312,118.33749211661676,2.781273330062404,44272962.99,0.00017826061436593642,5.2894643997002405e-05,0.0012499999710311918,0.0014811552293941305,0.007083806206061749,0,252,500,CLARABEL,optimal,234,34,0.00020873400000000002
2013-05-31,development,v4_hysteresis,10000000.0,300.0,0.004474937368763297,0.0017437821683379743,0.554280505393254,-0.021661231482577568,500,81,75,1.9999999583076233,4.657716823341929e-09,0.05000000046930109,0.05000001059017376,0.04000000630857577,0.02000000058873312,118.33749211661676,2.781273330062404,44272962.99,0.00017826061436593642,5.2894643997002405e-05,0.0024999999420623835,0.0027311552004253225,0.007083806206061749,0,252,500,CLARABEL,optimal,234,34,0.00020873400000000002
2013-05-31,development,v4_hysteresis,100000000.0,50.0,0.004474937368763297,0.003712742546332683,0.554280505393254,-0.021661231482577568,500,81,75,1.9999999583076233,4.657716823341929e-09,0.05000000046930109,0.05000001059017376,0.04000000630857577,0.02000000058873312,118.33749211661676,2.781273330062404,44272962.99,0.00017826061436593642,0.00016726755105428017,0.0004166666570103972,0.0007621948224306137,0.07083806206061749,0,252,500,CLARABEL,optimal,234,34,0.00020873400000000002
2013-05-31,development,v4_hysteresis,100000000.0,150.0,0.004474937368763297,0.0028794092323118884,0.554280505393254,-0.021661231482577568,500,81,75,1.9999999583076233,4.657716823341929e-09,0.05000000046930109,0.05000001059017376,0.04000000630857577,0.02000000058873312,118.33749211661676,2.781273330062404,44272962.99,0.00017826061436593642,0.00016726755105428017,0.0012499999710311918,0.0015955281364514085,0.07083806206061749,0,252,500,CLARABEL,optimal,234,34,0.00020873400000000002
2013-05-31,development,v4_hysteresis,100000000.0,300.0,0.004474937368763297,0.0016294092612806968,0.554280505393254,-0.021661231482577568,500,81,75,1.9999999583076233,4.657716823341929e-09,0.05000000046930109,0.05000001059017376,0.04000000630857577,0.02000000058873312,118.33749211661676,2.781273330062404,44272962.99,0.00017826061436593642,0.00016726755105428017,0.0024999999420623835,0.0028455281074826,0.07083806206061749,0,252,500,CLARABEL,optimal,234,34,0.00020873400000000002
2013-05-31,development,v4_hysteresis,500000000.0,50.0,0.004474937368763297,0.003505988482799676,0.554280505393254,-0.021661231482577568,500,81,75,1.9999999583076233,4.657716823341929e-09,0.05000000046930109,0.05000001059017376,0.04000000630857577,0.02000000058873312,118.33749211661676,2.781273330062404,44272962.99,0.00017826061436593642,0.0003740216145872871,0.0004166666570103972,0.0009689488859636207,0.3541903103030875,23,252,500,CLARABEL,optimal,234,34,0.00020873400000000002
2013-05-31,development,v4_hysteresis,500000000.0,150.0,0.004474937368763297,0.0026726551687788814,0.554280505393254,-0.021661231482577568,500,81,75,1.9999999583076233,4.657716823341929e-09,0.05000000046930109,0.05000001059017376,0.04000000630857577,0.02000000058873312,118.33749211661676,2.781273330062404,44272962.99,0.00017826061436593642,0.0003740216145872871,0.0012499999710311918,0.0018022821999844154,0.3541903103030875,23,252,500,CLARABEL,optimal,234,34,0.00020873400000000002
2013-05-31,development,v4_hysteresis,500000000.0,300.0,0.004474937368763297,0.0014226551977476899,0.554280505393254,-0.021661231482577568,500,81,75,1.9999999583076233,4.657716823341929e-09,0.05000000046930109,0.05000001059017376,0.04000000630857577,0.02000000058873312,118.33749211661676,2.781273330062404,44272962.99,0.00017826061436593642,0.0003740216145872871,0.0024999999420623835,0.003052282171015607,0.3541903103030875,23,252,500,CLARABEL,optimal,234,34,0.00020873400000000002
2013-06-28,development,v4_hysteresis,10000000.0,50.0,-0.018452755085109407,-0.019229609431769813,0.6884811488398337,0.0719575837155508,500,83,79,1.999999964258473,-5.057835622546136e-09,0.04999999679804479,0.04862264706613045,0.04000000395140848,0.020000000536111468,119.04296303185676,2.879356636081661,45441952.75,0.00028504673091852943,7.514095546764583e-05,0.00041666666027423096,0.0007768543466604062,0.011006013846462583,0,252,500,CLARABEL,optimal,241,41,0.0002481095
2013-06-28,development,v4_hysteresis,10000000.0,150.0,-0.018452755085109407,-0.020062942752318274,0.6884811488398337,0.0719575837155508,500,83,79,1.999999964258473,-5.057835622546136e-09,0.04999999679804479,0.04862264706613045,0.04000000395140848,0.020000000536111468,119.04296303185676,2.879356636081661,45441952.75,0.00028504673091852943,7.514095546764583e-05,0.0012499999808226927,0.001610187667208868,0.011006013846462583,0,252,500,CLARABEL,optimal,241,41,0.0002481095
2013-06-28,development,v4_hysteresis,10000000.0,300.0,-0.018452755085109407,-0.021312942733140966,0.6884811488398337,0.0719575837155508,500,83,79,1.999999964258473,-5.057835622546136e-09,0.04999999679804479,0.04862264706613045,0.04000000395140848,0.020000000536111468,119.04296303185676,2.879356636081661,45441952.75,0.00028504673091852943,7.514095546764583e-05,0.0024999999616453854,0.002860187648031561,0.011006013846462583,0,252,500,CLARABEL,optimal,241,41,0.0002481095
2013-06-28,development,v4_hysteresis,100000000.0,50.0,-0.018452755085109407,-0.019392085041141212,0.6884811488398337,0.0719575837155508,500,83,79,1.999999964258473,-5.057835622546136e-09,0.04999999679804479,0.04862264706613045,0.04000000395140848,0.020000000536111468,119.04296303185676,2.879356636081661,45441952.75,0.00028504673091852943,0.00023761656483904339,0.00041666666027423096,0.0009393299560318037,0.11006013846462583,2,252,500,CLARABEL,optimal,241,41,0.0002481095
2013-06-28,development,v4_hysteresis,100000000.0,150.0,-0.018452755085109407,-0.020225418361689673,0.6884811488398337,0.0719575837155508,500,83,79,1.999999964258473,-5.057835622546136e-09,0.04999999679804479,0.04862264706613045,0.04000000395140848,0.020000000536111468,119.04296303185676,2.879356636081661,45441952.75,0.00028504673091852943,0.00023761656483904339,0.0012499999808226927,0.0017726632765802655,0.11006013846462583,2,252,500,CLARABEL,optimal,241,41,0.0002481095
2013-06-28,development,v4_hysteresis,100000000.0,300.0,-0.018452755085109407,-0.021475418342512365,0.6884811488398337,0.0719575837155508,500,83,79,1.999999964258473,-5.057835622546136e-09,0.04999999679804479,0.04862264706613045,0.04000000395140848,0.020000000536111468,119.04296303185676,2.879356636081661,45441952.75,0.00028504673091852943,0.00023761656483904339,0.0024999999616453854,0.0030226632574029584,0.11006013846462583,2,252,500,CLARABEL,optimal,241,41,0.0002481095
2013-06-28,development,v4_hysteresis,500000000.0,50.0,-0.018452755085109407,-0.019685795267862256,0.6884811488398337,0.0719575837155508,500,83,79,1.999999964258473,-5.057835622546136e-09,0.04999999679804479,0.04862264706613045,0.04000000395140848,0.020000000536111468,119.04296303185676,2.879356636081661,45441952.75,0.00028504673091852943,0.0005313267915600874,0.00041666666027423096,0.0012330401827528477,0.5503006923231292,29,252,500,CLARABEL,optimal,241,41,0.0002481095
2013-06-28,development,v4_hysteresis,500000000.0,150.0,-0.018452755085109407,-0.020519128588410717,0.6884811488398337,0.0719575837155508,500,83,79,1.999999964258473,-5.057835622546136e-09,0.04999999679804479,0.04862264706613045,0.04000000395140848,0.020000000536111468,119.04296303185676,2.879356636081661,45441952.75,0.00028504673091852943,0.0005313267915600874,0.0012499999808226927,0.0020663735033013093,0.5503006923231292,29,252,500,CLARABEL,optimal,241,41,0.0002481095
2013-06-28,development,v4_hysteresis,500000000.0,300.0,-0.018452755085109407,-0.02176912856923341,0.6884811488398337,0.0719575837155508,500,83,79,1.999999964258473,-5.057835622546136e-09,0.04999999679804479,0.04862264706613045,0.04000000395140848,0.020000000536111468,119.04296303185676,2.879356636081661,45441952.75,0.00028504673091852943,0.0005313267915600874,0.0024999999616453854,0.0033163734841240022,0.5503006923231292,29,252,500,CLARABEL,optimal,241,41,0.0002481095
2013-07-31,development,v4_hysteresis,10000000.0,50.0,-0.021147706127497307,-0.021806357677733448,0.5204473122784379,-0.016940122452352276,500,84,81,1.9999999593880085,1.2408405414277013e-08,0.05000000149548689,0.029809231121210172,0.04000000168319911,0.020000000473422246,118.8251017227159,2.9267629375593858,42313261.75,0.00018232213917814002,5.9662755437251165e-05,0.00041666665562075056,0.0006586515502361417,0.01000000094652213,0,252,500,CLARABEL,optimal,241,41,0.00035543900000000004
2013-07-31,development,v4_hysteresis,10000000.0,150.0,-0.021147706127497307,-0.02263969098897495,0.5204473122784379,-0.016940122452352276,500,84,81,1.9999999593880085,1.2408405414277013e-08,0.05000000149548689,0.029809231121210172,0.04000000168319911,0.020000000473422246,118.8251017227159,2.9267629375593858,42313261.75,0.00018232213917814002,5.9662755437251165e-05,0.0012499999668622518,0.0014919848614776431,0.01000000094652213,0,252,500,CLARABEL,optimal,241,41,0.00035543900000000004
2013-07-31,development,v4_hysteresis,10000000.0,300.0,-0.021147706127497307,-0.023889690955837203,0.5204473122784379,-0.016940122452352276,500,84,81,1.9999999593880085,1.2408405414277013e-08,0.05000000149548689,0.029809231121210172,0.04000000168319911,0.020000000473422246,118.8251017227159,2.9267629375593858,42313261.75,0.00018232213917814002,5.9662755437251165e-05,0.0024999999337245037,0.0027419848283398948,0.01000000094652213,0,252,500,CLARABEL,optimal,241,41,0.00035543900000000004
2013-07-31,development,v4_hysteresis,100000000.0,50.0,-0.021147706127497307,-0.021935365120959505,0.5204473122784379,-0.016940122452352276,500,84,81,1.9999999593880085,1.2408405414277013e-08,0.05000000149548689,0.029809231121210172,0.04000000168319911,0.020000000473422246,118.8251017227159,2.9267629375593858,42313261.75,0.00018232213917814002,0.0001886701986633089,0.00041666665562075056,0.0007876589934621995,0.1000000094652213,1,252,500,CLARABEL,optimal,241,41,0.00035543900000000004
2013-07-31,development,v4_hysteresis,100000000.0,150.0,-0.021147706127497307,-0.022768698432201008,0.5204473122784379,-0.016940122452352276,500,84,81,1.9999999593880085,1.2408405414277013e-08,0.05000000149548689,0.029809231121210172,0.04000000168319911,0.020000000473422246,118.8251017227159,2.9267629375593858,42313261.75,0.00018232213917814002,0.0001886701986633089,0.0012499999668622518,0.0016209923047037008,0.1000000094652213,1,252,500,CLARABEL,optimal,241,41,0.00035543900000000004
2013-07-31,development,v4_hysteresis,100000000.0,300.0,-0.021147706127497307,-0.02401869839906326,0.5204473122784379,-0.016940122452352276,500,84,81,1.9999999593880085,1.2408405414277013e-08,0.05000000149548689,0.029809231121210172,0.04000000168319911,0.020000000473422246,118.8251017227159,2.9267629375593858,42313261.75,0.00018232213917814002,0.0001886701986633089,0.0024999999337245037,0.0028709922715659526,0.1000000094652213,1,252,500,CLARABEL,optimal,241,41,0.00035543900000000004
2013-07-31,development,v4_hysteresis,500000000.0,50.0,-0.021147706127497307,-0.022168574311835745,0.5204473122784379,-0.016940122452352276,500,84,81,1.9999999593880085,1.2408405414277013e-08,0.05000000149548689,0.029809231121210172,0.04000000168319911,0.020000000473422246,118.8251017227159,2.9267629375593858,42313261.75,0.00018232213917814002,0.00042187938953954857,0.00041666665562075056,0.0010208681843384391,0.5000000473261066,21,252,500,CLARABEL,optimal,241,41,0.00035543900000000004
2013-07-31,development,v4_hysteresis,500000000.0,150.0,-0.021147706127497307,-0.023001907623077248,0.5204473122784379,-0.016940122452352276,500,84,81,1.9999999593880085,1.2408405414277013e-08,0.05000000149548689,0.029809231121210172,0.04000000168319911,0.020000000473422246,118.8251017227159,2.9267629375593858,42313261.75,0.00018232213917814002,0.00042187938953954857,0.0012499999668622518,0.0018542014955799406,0.5000000473261066,21,252,500,CLARABEL,optimal,241,41,0.00035543900000000004
2013-07-31,development,v4_hysteresis,500000000.0,300.0,-0.021147706127497307,-0.0242519075899395,0.5204473122784379,-0.016940122452352276,500,84,81,1.9999999593880085,1.2408405414277013e-08,0.05000000149548689,0.029809231121210172,0.04000000168319911,0.020000000473422246,118.8251017227159,2.9267629375593858,42313261.75,0.00018232213917814002,0.00042187938953954857,0.0024999999337245037,0.003104201462442192,0.5000000473261066,21,252,500,CLARABEL,optimal,241,41,0.00035543900000000004
2013-08-30,development,v4_hysteresis,10000000.0,50.0,0.010729616066167444,0.009940330536872531,0.7499950496487768,0.036834981917138424,500,84,75,1.9999999532560244,5.792640256352399e-10,0.049999997637992455,0.048739908434040566,0.04000000049753437,0.02000000032473898,121.17214041302161,2.8757755265821143,39745393.25,0.0002811721685202152,9.144670396703892e-05,0.00041666665680765844,0.0007892855292949126,0.009999999997274939,0,252,500,CLARABEL,optimal,248,48,0.000654967
2013-08-30,development,v4_hysteresis,10000000.0,150.0,0.010729616066167444,0.009106997223257213,0.7499950496487768,0.036834981917138424,500,84,75,1.9999999532560244,5.792640256352399e-10,0.049999997637992455,0.048739908434040566,0.04000000049753437,0.02000000032473898,121.17214041302161,2.8757755265821143,39745393.25,0.0002811721685202152,9.144670396703892e-05,0.0012499999704229754,0.0016226188429102296,0.009999999997274939,0,252,500,CLARABEL,optimal,248,48,0.000654967
2013-08-30,development,v4_hysteresis,10000000.0,300.0,0.010729616066167444,0.007856997252834239,0.7499950496487768,0.036834981917138424,500,84,75,1.9999999532560244,5.792640256352399e-10,0.049999997637992455,0.048739908434040566,0.04000000049753437,0.02000000032473898,121.17214041302161,2.8757755265821143,39745393.25,0.0002811721685202152,9.144670396703892e-05,0.0024999999408459508,0.002872618813333205,0.009999999997274939,0,252,500,CLARABEL,optimal,248,48,0.000654967
2013-08-30,development,v4_hysteresis,100000000.0,50.0,0.010729616066167444,0.009742597371788573,0.7499950496487768,0.036834981917138424,500,84,75,1.9999999532560244,5.792640256352399e-10,0.049999997637992455,0.048739908434040566,0.04000000049753437,0.02000000032473898,121.17214041302161,2.8757755265821143,39745393.25,0.0002811721685202152,0.00028917986905099835,0.00041666665680765844,0.000987018694378872,0.09999999997274939,0,252,500,CLARABEL,optimal,248,48,0.000654967
2013-08-30,development,v4_hysteresis,100000000.0,150.0,0.010729616066167444,0.008909264058173254,0.7499950496487768,0.036834981917138424,500,84,75,1.9999999532560244,5.792640256352399e-10,0.049999997637992455,0.048739908434040566,0.04000000049753437,0.02000000032473898,121.17214041302161,2.8757755265821143,39745393.25,0.0002811721685202152,0.00028917986905099835,0.0012499999704229754,0.001820352007994189,0.09999999997274939,0,252,500,CLARABEL,optimal,248,48,0.000654967
2013-08-30,development,v4_hysteresis,100000000.0,300.0,0.010729616066167444,0.00765926408775028,0.7499950496487768,0.036834981917138424,500,84,75,1.9999999532560244,5.792640256352399e-10,0.049999997637992455,0.048739908434040566,0.04000000049753437,0.02000000032473898,121.17214041302161,2.8757755265821143,39745393.25,0.0002811721685202152,0.00028917986905099835,0.0024999999408459508,0.0030703519784171644,0.09999999997274939,0,252,500,CLARABEL,optimal,248,48,0.000654967
2013-08-30,development,v4_hysteresis,500000000.0,50.0,0.010729616066167444,0.00938515139591705,0.7499950496487768,0.036834981917138424,500,84,75,1.9999999532560244,5.792640256352399e-10,0.049999997637992455,0.048739908434040566,0.04000000049753437,0.02000000032473898,121.17214041302161,2.8757755265821143,39745393.25,0.0002811721685202152,0.0006466258449225199,0.00041666665680765844,0.0013444646702503935,0.49999999986374694,38,252,500,CLARABEL,optimal,248,48,0.000654967
2013-08-30,development,v4_hysteresis,500000000.0,150.0,0.010729616066167444,0.008551818082301734,0.7499950496487768,0.036834981917138424,500,84,75,1.9999999532560244,5.792640256352399e-10,0.049999997637992455,0.048739908434040566,0.04000000049753437,0.02000000032473898,121.17214041302161,2.8757755265821143,39745393.25,0.0002811721685202152,0.0006466258449225199,0.0012499999704229754,0.0021777979838657107,0.49999999986374694,38,252,500,CLARABEL,optimal,248,48,0.000654967
2013-08-30,development,v4_hysteresis,500000000.0,300.0,0.010729616066167444,0.007301818111878758,0.7499950496487768,0.036834981917138424,500,84,75,1.9999999532560244,5.792640256352399e-10,0.049999997637992455,0.048739908434040566,0.04000000049753437,0.02000000032473898,121.17214041302161,2.8757755265821143,39745393.25,0.0002811721685202152,0.0006466258449225199,0.0024999999408459508,0.003427797954288686,0.49999999986374694,38,252,500,CLARABEL,optimal,248,48,0.000654967
2013-09-30,development,v4_hysteresis,10000000.0,50.0,0.015219824797035857,0.014625849219102123,0.42548218647884434,0.03970423828833415,500,89,80,1.9999999442548955,-1.6880754016845856e-09,0.04999999687617496,0.04999995915090852,0.04000000153815221,0.020000000633786166,122.65202732233229,2.8546960330374658,42169735.5,0.0001448854433372879,3.242347919166043e-05,0.0004166666554047856,0.0005939755779337339,0.007497702765704337,0,252,500,CLARABEL,optimal,228,28,0.00084363
2013-09-30,development,v4_hysteresis,10000000.0,150.0,0.015219824797035857,0.013792515908292552,0.42548218647884434,0.03970423828833415,500,89,80,1.9999999442548955,-1.6880754016845856e-09,0.04999999687617496,0.04999995915090852,0.04000000153815221,0.020000000633786166,122.65202732233229,2.8546960330374658,42169735.5,0.0001448854433372879,3.242347919166043e-05,0.001249999966214357,0.0014273088887433053,0.007497702765704337,0,252,500,CLARABEL,optimal,228,28,0.00084363
2013-09-30,development,v4_hysteresis,10000000.0,300.0,0.015219824797035857,0.012542515942078196,0.42548218647884434,0.03970423828833415,500,89,80,1.9999999442548955,-1.6880754016845856e-09,0.04999999687617496,0.04999995915090852,0.04000000153815221,0.020000000633786166,122.65202732233229,2.8546960330374658,42169735.5,0.0001448854433372879,3.242347919166043e-05,0.002499999932428714,0.002677308854957662,0.007497702765704337,0,252,500,CLARABEL,optimal,228,28,0.00084363
2013-09-30,development,v4_hysteresis,100000000.0,50.0,0.015219824797035857,0.01455574065438106,0.42548218647884434,0.03970423828833415,500,89,80,1.9999999442548955,-1.6880754016845856e-09,0.04999999687617496,0.04999995915090852,0.04000000153815221,0.020000000633786166,122.65202732233229,2.8546960330374658,42169735.5,0.0001448854433372879,0.00010253204391272209,0.0004166666554047856,0.0006640841426547956,0.07497702765704337,0,252,500,CLARABEL,optimal,228,28,0.00084363
2013-09-30,development,v4_hysteresis,100000000.0,150.0,0.015219824797035857,0.01372240734357149,0.42548218647884434,0.03970423828833415,500,89,80,1.9999999442548955,-1.6880754016845856e-09,0.04999999687617496,0.04999995915090852,0.04000000153815221,0.020000000633786166,122.65202732233229,2.8546960330374658,42169735.5,0.0001448854433372879,0.00010253204391272209,0.001249999966214357,0.0014974174534643668,0.07497702765704337,0,252,500,CLARABEL,optimal,228,28,0.00084363
2013-09-30,development,v4_hysteresis,100000000.0,300.0,0.015219824797035857,0.012472407377357133,0.42548218647884434,0.03970423828833415,500,89,80,1.9999999442548955,-1.6880754016845856e-09,0.04999999687617496,0.04999995915090852,0.04000000153815221,0.020000000633786166,122.65202732233229,2.8546960330374658,42169735.5,0.0001448854433372879,0.00010253204391272209,0.002499999932428714,0.002747417419678724,0.07497702765704337,0,252,500,CLARABEL,optimal,228,28,0.00084363
2013-09-30,development,v4_hysteresis,500000000.0,50.0,0.015219824797035857,0.014429004078232943,0.42548218647884434,0.03970423828833415,500,89,80,1.9999999442548955,-1.6880754016845856e-09,0.04999999687617496,0.04999995915090852,0.04000000153815221,0.020000000633786166,122.65202732233229,2.8546960330374658,42169735.5,0.0001448854433372879,0.0002292686200608401,0.0004166666554047856,0.0007908207188029137,0.3748851382852168,22,252,500,CLARABEL,optimal,228,28,0.00084363
2013-09-30,development,v4_hysteresis,500000000.0,150.0,0.015219824797035857,0.013595670767423372,0.42548218647884434,0.03970423828833415,500,89,80,1.9999999442548955,-1.6880754016845856e-09,0.04999999687617496,0.04999995915090852,0.04000000153815221,0.020000000633786166,122.65202732233229,2.8546960330374658,42169735.5,0.0001448854433372879,0.0002292686200608401,0.001249999966214357,0.0016241540296124848,0.3748851382852168,22,252,500,CLARABEL,optimal,228,28,0.00084363
2013-09-30,development,v4_hysteresis,500000000.0,300.0,0.015219824797035857,0.012345670801209015,0.42548218647884434,0.03970423828833415,500,89,80,1.9999999442548955,-1.6880754016845856e-09,0.04999999687617496,0.04999995915090852,0.04000000153815221,0.020000000633786166,122.65202732233229,2.8546960330374658,42169735.5,0.0001448854433372879,0.0002292686200608401,0.002499999932428714,0.002874153995826842,0.3748851382852168,22,252,500,CLARABEL,optimal,228,28,0.00084363
2013-10-31,development,v4_hysteresis,10000000.0,50.0,0.010544003043401263,0.009852830145127545,0.48766643169295076,0.025187347864108037,500,84,76,1.9999999502097379,-1.94087143579047e-08,0.04999997891419028,0.050000006376385686,0.04000000066182425,0.020000000572793507,121.77786913556602,2.717799910872315,47880832.64,0.00022789188770624673,4.661435023029328e-05,0.00041666666033717757,0.0006911728982737177,0.006027356186026192,0,252,500,CLARABEL,optimal,239,39,0.000731612
2013-10-31,development,v4_hysteresis,10000000.0,150.0,0.010544003043401263,0.00901949682445319,0.48766643169295076,0.025187347864108037,500,84,76,1.9999999502097379,-1.94087143579047e-08,0.04999997891419028,0.050000006376385686,0.04000000066182425,0.020000000572793507,121.77786913556602,2.717799910872315,47880832.64,0.00022789188770624673,4.661435023029328e-05,0.0012499999810115328,0.001524506218948073,0.006027356186026192,0,252,500,CLARABEL,optimal,239,39,0.000731612
2013-10-31,development,v4_hysteresis,10000000.0,300.0,0.010544003043401263,0.0077694968434416575,0.48766643169295076,0.025187347864108037,500,84,76,1.9999999502097379,-1.94087143579047e-08,0.04999997891419028,0.050000006376385686,0.04000000066182425,0.020000000572793507,121.77786913556602,2.717799910872315,47880832.64,0.00022789188770624673,4.661435023029328e-05,0.0024999999620230655,0.0027745061999596057,0.006027356186026192,0,252,500,CLARABEL,optimal,239,39,0.000731612
2013-10-31,development,v4_hysteresis,100000000.0,50.0,0.010544003043401263,0.009752036976981317,0.48766643169295076,0.025187347864108037,500,84,76,1.9999999502097379,-1.94087143579047e-08,0.04999997891419028,0.050000006376385686,0.04000000066182425,0.020000000572793507,121.77786913556602,2.717799910872315,47880832.64,0.00022789188770624673,0.00014740751837652119,0.00041666666033717757,0.0007919660664199456,0.06027356186026192,0,252,500,CLARABEL,optimal,239,39,0.000731612
2013-10-31,development,v4_hysteresis,100000000.0,150.0,0.010544003043401263,0.008918703656306962,0.48766643169295076,0.025187347864108037,500,84,76,1.9999999502097379,-1.94087143579047e-08,0.04999997891419028,0.050000006376385686,0.04000000066182425,0.020000000572793507,121.77786913556602,2.717799910872315,47880832.64,0.00022789188770624673,0.00014740751837652119,0.0012499999810115328,0.0016252993870943008,0.06027356186026192,0,252,500,CLARABEL,optimal,239,39,0.000731612
2013-10-31,development,v4_hysteresis,100000000.0,300.0,0.010544003043401263,0.00766870367529543,0.48766643169295076,0.025187347864108037,500,84,76,1.9999999502097379,-1.94087143579047e-08,0.04999997891419028,0.050000006376385686,0.04000000066182425,0.020000000572793507,121.77786913556602,2.717799910872315,47880832.64,0.00022789188770624673,0.00014740751837652119,0.0024999999620230655,0.0028752993681058336,0.06027356186026192,0,252,500,CLARABEL,optimal,239,39,0.000731612
2013-10-31,development,v4_hysteresis,500000000.0,50.0,0.010544003043401263,0.009569831263873388,0.48766643169295076,0.025187347864108037,500,84,76,1.9999999502097379,-1.94087143579047e-08,0.04999997891419028,0.050000006376385686,0.04000000066182425,0.020000000572793507,121.77786913556602,2.717799910872315,47880832.64,0.00022789188770624673,0.0003296132314844508,0.00041666666033717757,0.000974171779527875,0.3013678093013096,23,252,500,CLARABEL,optimal,239,39,0.000731612
2013-10-31,development,v4_hysteresis,500000000.0,150.0,0.010544003043401263,0.008736497943199032,0.48766643169295076,0.025187347864108037,500,84,76,1.9999999502097379,-1.94087143579047e-08,0.04999997891419028,0.050000006376385686,0.04000000066182425,0.020000000572793507,121.77786913556602,2.717799910872315,47880832.64,0.00022789188770624673,0.0003296132314844508,0.0012499999810115328,0.0018075051002022302,0.3013678093013096,23,252,500,CLARABEL,optimal,239,39,0.000731612
2013-10-31,development,v4_hysteresis,500000000.0,300.0,0.010544003043401263,0.0074864979621875,0.48766643169295076,0.025187347864108037,500,84,76,1.9999999502097379,-1.94087143579047e-08,0.04999997891419028,0.050000006376385686,0.04000000066182425,0.020000000572793507,121.77786913556602,2.717799910872315,47880832.64,0.00022789188770624673,0.0003296132314844508,0.0024999999620230655,0.003057505081213763,0.3013678093013096,23,252,500,CLARABEL,optimal,239,39,0.000731612
2013-11-29,development,v4_hysteresis,10000000.0,50.0,0.00748957605262395,0.006750083459839026,0.6752476806943734,0.028575782985723427,500,80,73,1.9999999503295047,-5.321292628757135e-09,0.04999999401509039,0.04935501892060437,0.04000000689119206,0.020000000614109958,116.38198796385032,2.7271006224476904,48051488.04,0.00025569798998217863,6.712794537549558e-05,0.0004166666574272495,0.0007394925927849238,0.010000000258093722,0,252,500,CLARABEL,optimal,243,43,0.00043767
2013-11-29,development,v4_hysteresis,10000000.0,150.0,0.00748957605262395,0.005916750144984527,0.6752476806943734,0.028575782985723427,500,80,73,1.9999999503295047,-5.321292628757135e-09,0.04999999401509039,0.04935501892060437,0.04000000689119206,0.020000000614109958,116.38198796385032,2.7271006224476904,48051488.04,0.00025569798998217863,6.712794537549558e-05,0.0012499999722817485,0.0015728259076394227,0.010000000258093722,0,252,500,CLARABEL,optimal,243,43,0.00043767
2013-11-29,development,v4_hysteresis,10000000.0,300.0,0.00748957605262395,0.004666750172702778,0.6752476806943734,0.028575782985723427,500,80,73,1.9999999503295047,-5.321292628757135e-09,0.04999999401509039,0.04935501892060437,0.04000000689119206,0.020000000614109958,116.38198796385032,2.7271006224476904,48051488.04,0.00025569798998217863,6.712794537549558e-05,0.002499999944563497,0.0028228258799211712,0.010000000258093722,0,252,500,CLARABEL,optimal,243,43,0.00043767
2013-11-29,development,v4_hysteresis,100000000.0,50.0,0.00748957605262395,0.0066049342031805885,0.6752476806943734,0.028575782985723427,500,80,73,1.9999999503295047,-5.321292628757135e-09,0.04999999401509039,0.04935501892060437,0.04000000689119206,0.020000000614109958,116.38198796385032,2.7271006224476904,48051488.04,0.00025569798998217863,0.00021227720203393296,0.0004166666574272495,0.0008846418494433612,0.10000000258093722,1,252,500,CLARABEL,optimal,243,43,0.00043767
2013-11-29,development,v4_hysteresis,100000000.0,150.0,0.00748957605262395,0.00577160088832609,0.6752476806943734,0.028575782985723427,500,80,73,1.9999999503295047,-5.321292628757135e-09,0.04999999401509039,0.04935501892060437,0.04000000689119206,0.020000000614109958,116.38198796385032,2.7271006224476904,48051488.04,0.00025569798998217863,0.00021227720203393296,0.0012499999722817485,0.00171797516429786,0.10000000258093722,1,252,500,CLARABEL,optimal,243,43,0.00043767
2013-11-29,development,v4_hysteresis,100000000.0,300.0,0.00748957605262395,0.004521600916044342,0.6752476806943734,0.028575782985723427,500,80,73,1.9999999503295047,-5.321292628757135e-09,0.04999999401509039,0.04935501892060437,0.04000000689119206,0.020000000614109958,116.38198796385032,2.7271006224476904,48051488.04,0.00025569798998217863,0.00021227720203393296,0.002499999944563497,0.0029679751365796086,0.10000000258093722,1,252,500,CLARABEL,optimal,243,43,0.00043767
2013-11-29,development,v4_hysteresis,500000000.0,50.0,0.00748957605262395,0.006342545151393191,0.6752476806943734,0.028575782985723427,500,80,73,1.9999999503295047,-5.321292628757135e-09,0.04999999401509039,0.04935501892060437,0.04000000689119206,0.020000000614109958,116.38198796385032,2.7271006224476904,48051488.04,0.00025569798998217863,0.0004746662538213307,0.0004166666574272495,0.001147030901230759,0.5000000129046861,33,252,500,CLARABEL,optimal,243,43,0.00043767
2013-11-29,development,v4_hysteresis,500000000.0,150.0,0.00748957605262395,0.0055092118365386925,0.6752476806943734,0.028575782985723427,500,80,73,1.9999999503295047,-5.321292628757135e-09,0.04999999401509039,0.04935501892060437,0.04000000689119206,0.020000000614109958,116.38198796385032,2.7271006224476904,48051488.04,0.00025569798998217863,0.0004746662538213307,0.0012499999722817485,0.001980364216085258,0.5000000129046861,33,252,500,CLARABEL,optimal,243,43,0.00043767
2013-11-29,development,v4_hysteresis,500000000.0,300.0,0.00748957605262395,0.0042592118642569435,0.6752476806943734,0.028575782985723427,500,80,73,1.9999999503295047,-5.321292628757135e-09,0.04999999401509039,0.04935501892060437,0.04000000689119206,0.020000000614109958,116.38198796385032,2.7271006224476904,48051488.04,0.00025569798998217863,0.0004746662538213307,0.002499999944563497,0.0032303641883670063,0.5000000129046861,33,252,500,CLARABEL,optimal,243,43,0.00043767
2013-12-31,development,v4_hysteresis,10000000.0,50.0,-0.04253210728186723,-0.04316095936036199,0.4068060112080618,-0.03374735275790757,500,78,75,1.9999999421867907,-1.3560714162696996e-08,0.049999991241899994,0.049999994707191284,0.04000000057027997,0.02000000047609303,115.45555263394253,2.6943427169780167,49488620.2275,0.00016524645594374017,4.6938965103620004e-05,0.00041666665744739687,0.000628852078494757,0.010000000157246964,0,252,500,CLARABEL,optimal,227,27,0.0004004925
2013-12-31,development,v4_hysteresis,10000000.0,150.0,-0.04253210728186723,-0.04399429267525678,0.4068060112080618,-0.03374735275790757,500,78,75,1.9999999421867907,-1.3560714162696996e-08,0.049999991241899994,0.049999994707191284,0.04000000057027997,0.02000000047609303,115.45555263394253,2.6943427169780167,49488620.2275,0.00016524645594374017,4.6938965103620004e-05,0.0012499999723421906,0.0014621853933895507,0.010000000157246964,0,252,500,CLARABEL,optimal,227,27,0.0004004925
2013-12-31,development,v4_hysteresis,10000000.0,300.0,-0.04253210728186723,-0.04524429264759897,0.4068060112080618,-0.03374735275790757,500,78,75,1.9999999421867907,-1.3560714162696996e-08,0.049999991241899994,0.049999994707191284,0.04000000057027997,0.02000000047609303,115.45555263394253,2.6943427169780167,49488620.2275,0.00016524645594374017,4.6938965103620004e-05,0.002499999944684381,0.0027121853657317415,0.010000000157246964,0,252,500,CLARABEL,optimal,227,27,0.0004004925
2013-12-31,development,v4_hysteresis,100000000.0,50.0,-0.04253210728186723,-0.043262454435996966,0.4068060112080618,-0.03374735275790757,500,78,75,1.9999999421867907,-1.3560714162696996e-08,0.049999991241899994,0.049999994707191284,0.04000000057027997,0.02000000047609303,115.45555263394253,2.6943427169780167,49488620.2275,0.00016524645594374017,0.0001484340407386007,0.00041666665744739687,0.0007303471541297377,0.10000000157246962,1,252,500,CLARABEL,optimal,227,27,0.0004004925
2013-12-31,development,v4_hysteresis,100000000.0,150.0,-0.04253210728186723,-0.04409578775089176,0.4068060112080618,-0.03374735275790757,500,78,75,1.9999999421867907,-1.3560714162696996e-08,0.049999991241899994,0.049999994707191284,0.04000000057027997,0.02000000047609303,115.45555263394253,2.6943427169780167,49488620.2275,0.00016524645594374017,0.0001484340407386007,0.0012499999723421906,0.0015636804690245315,0.10000000157246962,1,252,500,CLARABEL,optimal,227,27,0.0004004925
2013-12-31,development,v4_hysteresis,100000000.0,300.0,-0.04253210728186723,-0.04534578772323395,0.4068060112080618,-0.03374735275790757,500,78,75,1.9999999421867907,-1.3560714162696996e-08,0.049999991241899994,0.049999994707191284,0.04000000057027997,0.02000000047609303,115.45555263394253,2.6943427169780167,49488620.2275,0.00016524645594374017,0.0001484340407386007,0.002499999944684381,0.002813680441366722,0.10000000157246962,1,252,500,CLARABEL,optimal,227,27,0.0004004925
2013-12-31,development,v4_hysteresis,500000000.0,50.0,-0.04253210728186723,-0.04344592900052485,0.4068060112080618,-0.03374735275790757,500,78,75,1.9999999421867907,-1.3560714162696996e-08,0.049999991241899994,0.049999994707191284,0.04000000057027997,0.02000000047609303,115.45555263394253,2.6943427169780167,49488620.2275,0.00016524645594374017,0.00033190860526648424,0.00041666665744739687,0.0009138217186576213,0.5000000078623481,20,252,500,CLARABEL,optimal,227,27,0.0004004925
2013-12-31,development,v4_hysteresis,500000000.0,150.0,-0.04253210728186723,-0.04427926231541965,0.4068060112080618,-0.03374735275790757,500,78,75,1.9999999421867907,-1.3560714162696996e-08,0.049999991241899994,0.049999994707191284,0.04000000057027997,0.02000000047609303,115.45555263394253,2.6943427169780167,49488620.2275,0.00016524645594374017,0.00033190860526648424,0.0012499999723421906,0.001747155033552415,0.5000000078623481,20,252,500,CLARABEL,optimal,227,27,0.0004004925
2013-12-31,development,v4_hysteresis,500000000.0,300.0,-0.04253210728186723,-0.045529262287761836,0.4068060112080618,-0.03374735275790757,500,78,75,1.9999999421867907,-1.3560714162696996e-08,0.049999991241899994,0.049999994707191284,0.04000000057027997,0.02000000047609303,115.45555263394253,2.6943427169780167,49488620.2275,0.00016524645594374017,0.00033190860526648424,0.002499999944684381,0.0029971550058946056,0.5000000078623481,20,252,500,CLARABEL,optimal,227,27,0.0004004925
2014-01-31,development,v4_hysteresis,10000000.0,50.0,-0.0061498295944172575,-0.006858069656484797,0.5617452275407926,0.0556715177273097,500,80,73,1.9999999669681654,3.763293343617136e-09,0.05000000235009899,-0.013638752487737202,0.04000000080054336,0.020000000635400642,116.9108553193688,2.6241609028685895,55571362.41125,0.00020934233753135337,8.223106553517099e-05,0.000416666659001015,0.0007082400620675394,0.010000000605242405,0,252,500,CLARABEL,optimal,223,23,0.000394683
2014-01-31,development,v4_hysteresis,10000000.0,150.0,-0.0061498295944172575,-0.007691402974486827,0.5617452275407926,0.0556715177273097,500,80,73,1.9999999669681654,3.763293343617136e-09,0.05000000235009899,-0.013638752487737202,0.04000000080054336,0.020000000635400642,116.9108553193688,2.6241609028685895,55571362.41125,0.00020934233753135337,8.223106553517099e-05,0.001249999977003045,0.0015415733800695694,0.010000000605242405,0,252,500,CLARABEL,optimal,223,23,0.000394683
2014-01-31,development,v4_hysteresis,10000000.0,300.0,-0.0061498295944172575,-0.008941402951489872,0.5617452275407926,0.0556715177273097,500,80,73,1.9999999669681654,3.763293343617136e-09,0.05000000235009899,-0.013638752487737202,0.04000000080054336,0.020000000635400642,116.9108553193688,2.6241609028685895,55571362.41125,0.00020934233753135337,8.223106553517099e-05,0.00249999995400609,0.0027915733570726144,0.010000000605242405,0,252,500,CLARABEL,optimal,223,23,0.000394683
2014-01-31,development,v4_hysteresis,100000000.0,50.0,-0.0061498295944172575,-0.007035876052463339,0.5617452275407926,0.0556715177273097,500,80,73,1.9999999669681654,3.763293343617136e-09,0.05000000235009899,-0.013638752487737202,0.04000000080054336,0.020000000635400642,116.9108553193688,2.6241609028685895,55571362.41125,0.00020934233753135337,0.00026003746151371317,0.000416666659001015,0.0008860464580460816,0.10000000605242405,3,252,500,CLARABEL,optimal,223,23,0.000394683
2014-01-31,development,v4_hysteresis,100000000.0,150.0,-0.0061498295944172575,-0.007869209370465369,0.5617452275407926,0.0556715177273097,500,80,73,1.9999999669681654,3.763293343617136e-09,0.05000000235009899,-0.013638752487737202,0.04000000080054336,0.020000000635400642,116.9108553193688,2.6241609028685895,55571362.41125,0.00020934233753135337,0.00026003746151371317,0.001249999977003045,0.0017193797760481117,0.10000000605242405,3,252,500,CLARABEL,optimal,223,23,0.000394683
2014-01-31,development,v4_hysteresis,100000000.0,300.0,-0.0061498295944172575,-0.009119209347468415,0.5617452275407926,0.0556715177273097,500,80,73,1.9999999669681654,3.763293343617136e-09,0.05000000235009899,-0.013638752487737202,0.04000000080054336,0.020000000635400642,116.9108553193688,2.6241609028685895,55571362.41125,0.00020934233753135337,0.00026003746151371317,0.00249999995400609,0.0029693797530511564,0.10000000605242405,3,252,500,CLARABEL,optimal,223,23,0.000394683
2014-01-31,development,v4_hysteresis,500000000.0,50.0,-0.0061498295944172575,-0.007357300031590774,0.5617452275407926,0.0556715177273097,500,80,73,1.9999999669681654,3.763293343617136e-09,0.05000000235009899,-0.013638752487737202,0.04000000080054336,0.020000000635400642,116.9108553193688,2.6241609028685895,55571362.41125,0.00020934233753135337,0.000581461440641148,0.000416666659001015,0.0012074704371735166,0.5000000302621203,26,252,500,CLARABEL,optimal,223,23,0.000394683
2014-01-31,development,v4_hysteresis,500000000.0,150.0,-0.0061498295944172575,-0.008190633349592804,0.5617452275407926,0.0556715177273097,500,80,73,1.9999999669681654,3.763293343617136e-09,0.05000000235009899,-0.013638752487737202,0.04000000080054336,0.020000000635400642,116.9108553193688,2.6241609028685895,55571362.41125,0.00020934233753135337,0.000581461440641148,0.001249999977003045,0.0020408037551755466,0.5000000302621203,26,252,500,CLARABEL,optimal,223,23,0.000394683
2014-01-31,development,v4_hysteresis,500000000.0,300.0,-0.0061498295944172575,-0.009440633326595848,0.5617452275407926,0.0556715177273097,500,80,73,1.9999999669681654,3.763293343617136e-09,0.05000000235009899,-0.013638752487737202,0.04000000080054336,0.020000000635400642,116.9108553193688,2.6241609028685895,55571362.41125,0.00020934233753135337,0.000581461440641148,0.00249999995400609,0.0032908037321785913,0.5000000302621203,26,252,500,CLARABEL,optimal,223,23,0.000394683
2014-02-28,development,v4_hysteresis,10000000.0,50.0,-0.0016525422734384732,-0.002422499781568269,0.7285929593319622,0.00039977328273651386,500,71,76,1.9999999615454493,-7.131676249549912e-09,0.0454473503132834,0.04999999722236842,0.04000000078565634,0.020000000593771054,115.43647215308094,2.674594439695656,57995466.0,0.0002656123682116154,8.76784797771124e-05,0.0004166666601410679,0.0007699575081297958,0.008646775105400309,0,252,500,CLARABEL,optimal,239,39,0.00038669400000000004
2014-02-28,development,v4_hysteresis,10000000.0,150.0,-0.0016525422734384732,-0.0032558331018504045,0.7285929593319622,0.00039977328273651386,500,71,76,1.9999999615454493,-7.131676249549912e-09,0.0454473503132834,0.04999999722236842,0.04000000078565634,0.020000000593771054,115.43647215308094,2.674594439695656,57995466.0,0.0002656123682116154,8.76784797771124e-05,0.0012499999804232037,0.0016032908284119316,0.008646775105400309,0,252,500,CLARABEL,optimal,239,39,0.00038669400000000004
2014-02-28,development,v4_hysteresis,10000000.0,300.0,-0.0016525422734384732,-0.004505833082273609,0.7285929593319622,0.00039977328273651386,500,71,76,1.9999999615454493,-7.131676249549912e-09,0.0454473503132834,0.04999999722236842,0.04000000078565634,0.020000000593771054,115.43647215308094,2.674594439695656,57995466.0,0.0002656123682116154,8.76784797771124e-05,0.0024999999608464074,0.0028532908088351352,0.008646775105400309,0,252,500,CLARABEL,optimal,239,39,0.00038669400000000004
2014-02-28,development,v4_hysteresis,100000000.0,50.0,-0.0016525422734384732,-0.002612084999667844,0.7285929593319622,0.00039977328273651386,500,71,76,1.9999999615454493,-7.131676249549912e-09,0.0454473503132834,0.04999999722236842,0.04000000078565634,0.020000000593771054,115.43647215308094,2.674594439695656,57995466.0,0.0002656123682116154,0.00027726369787668757,0.0004166666601410679,0.0009595427262293709,0.08646775105400309,0,252,500,CLARABEL,optimal,239,39,0.00038669400000000004
2014-02-28,development,v4_hysteresis,100000000.0,150.0,-0.0016525422734384732,-0.0034454183199499797,0.7285929593319622,0.00039977328273651386,500,71,76,1.9999999615454493,-7.131676249549912e-09,0.0454473503132834,0.04999999722236842,0.04000000078565634,0.020000000593771054,115.43647215308094,2.674594439695656,57995466.0,0.0002656123682116154,0.00027726369787668757,0.0012499999804232037,0.0017928760465115066,0.08646775105400309,0,252,500,CLARABEL,optimal,239,39,0.00038669400000000004
2014-02-28,development,v4_hysteresis,100000000.0,300.0,-0.0016525422734384732,-0.004695418300373184,0.7285929593319622,0.00039977328273651386,500,71,76,1.9999999615454493,-7.131676249549912e-09,0.0454473503132834,0.04999999722236842,0.04000000078565634,0.020000000593771054,115.43647215308094,2.674594439695656,57995466.0,0.0002656123682116154,0.00027726369787668757,0.0024999999608464074,0.0030428760269347105,0.08646775105400309,0,252,500,CLARABEL,optimal,239,39,0.00038669400000000004
2014-02-28,development,v4_hysteresis,500000000.0,50.0,-0.0016525422734384732,-0.002954801777936394,0.7285929593319622,0.00039977328273651386,500,71,76,1.9999999615454493,-7.131676249549912e-09,0.0454473503132834,0.04999999722236842,0.04000000078565634,0.020000000593771054,115.43647215308094,2.674594439695656,57995466.0,0.0002656123682116154,0.0006199804761452376,0.0004166666601410679,0.001302259504497921,0.4323387552700155,29,252,500,CLARABEL,optimal,239,39,0.00038669400000000004
2014-02-28,development,v4_hysteresis,500000000.0,150.0,-0.0016525422734384732,-0.00378813509821853,0.7285929593319622,0.00039977328273651386,500,71,76,1.9999999615454493,-7.131676249549912e-09,0.0454473503132834,0.04999999722236842,0.04000000078565634,0.020000000593771054,115.43647215308094,2.674594439695656,57995466.0,0.0002656123682116154,0.0006199804761452376,0.0012499999804232037,0.0021355928247800567,0.4323387552700155,29,252,500,CLARABEL,optimal,239,39,0.00038669400000000004
2014-02-28,development,v4_hysteresis,500000000.0,300.0,-0.0016525422734384732,-0.005038135078641734,0.7285929593319622,0.00039977328273651386,500,71,76,1.9999999615454493,-7.131676249549912e-09,0.0454473503132834,0.04999999722236842,0.04000000078565634,0.020000000593771054,115.43647215308094,2.674594439695656,57995466.0,0.0002656123682116154,0.0006199804761452376,0.0024999999608464074,0.0033855928052032606,0.4323387552700155,29,252,500,CLARABEL,optimal,239,39,0.00038669400000000004
2014-03-31,development,v4_hysteresis,10000000.0,50.0,-0.005416223306881231,-0.006229993838564246,0.7499993730828552,0.0025146580824386244,500,71,73,1.9999999499756562,1.2461355412829445e-08,0.050000008709053856,0.050000008634465354,0.03858126878508955,0.02000000052601397,113.80335507570165,2.761687056735499,55707571.16,0.00031935843667184853,7.774544136235405e-05,0.00041666665364881265,0.0008137705316830152,0.008273358646293007,0,252,500,CLARABEL,optimal,229,29,0.00037560197999999997
2014-03-31,development,v4_hysteresis,10000000.0,150.0,-0.005416223306881231,-0.0070633271458618715,0.7499993730828552,0.0025146580824386244,500,71,73,1.9999999499756562,1.2461355412829445e-08,0.050000008709053856,0.050000008634465354,0.03858126878508955,0.02000000052601397,113.80335507570165,2.761687056735499,55707571.16,0.00031935843667184853,7.774544136235405e-05,0.001249999960946438,0.0016471038389806406,0.008273358646293007,0,252,500,CLARABEL,optimal,229,29,0.00037560197999999997
2014-03-31,development,v4_hysteresis,10000000.0,300.0,-0.005416223306881231,-0.00831332710680831,0.7499993730828552,0.0025146580824386244,500,71,73,1.9999999499756562,1.2461355412829445e-08,0.050000008709053856,0.050000008634465354,0.03858126878508955,0.02000000052601397,113.80335507570165,2.761687056735499,55707571.16,0.00031935843667184853,7.774544136235405e-05,0.002499999921892876,0.0028971037999270784,0.008273358646293007,0,252,500,CLARABEL,optimal,229,29,0.00037560197999999997
2014-03-31,development,v4_hysteresis,100000000.0,50.0,-0.005416223306881231,-0.006398101069601995,0.7499993730828552,0.0025146580824386244,500,71,73,1.9999999499756562,1.2461355412829445e-08,0.050000008709053856,0.050000008634465354,0.03858126878508955,0.02000000052601397,113.80335507570165,2.761687056735499,55707571.16,0.00031935843667184853,0.0002458526724001029,0.00041666665364881265,0.000981877762720764,0.08273358646293005,0,252,500,CLARABEL,optimal,229,29,0.00037560197999999997
2014-03-31,development,v4_hysteresis,100000000.0,150.0,-0.005416223306881231,-0.00723143437689962,0.7499993730828552,0.0025146580824386244,500,71,73,1.9999999499756562,1.2461355412829445e-08,0.050000008709053856,0.050000008634465354,0.03858126878508955,0.02000000052601397,113.80335507570165,2.761687056735499,55707571.16,0.00031935843667184853,0.0002458526724001029,0.001249999960946438,0.0018152110700183895,0.08273358646293005,0,252,500,CLARABEL,optimal,229,29,0.00037560197999999997
2014-03-31,development,v4_hysteresis,100000000.0,300.0,-0.005416223306881231,-0.008481434337846058,0.7499993730828552,0.0025146580824386244,500,71,73,1.9999999499756562,1.2461355412829445e-08,0.050000008709053856,0.050000008634465354,0.03858126878508955,0.02000000052601397,113.80335507570165,2.761687056735499,55707571.16,0.00031935843667184853,0.0002458526724001029,0.002499999921892876,0.0030652110309648275,0.08273358646293005,0,252,500,CLARABEL,optimal,229,29,0.00037560197999999997
2014-03-31,development,v4_hysteresis,500000000.0,50.0,-0.005416223306881231,-0.0067019916851385085,0.7499993730828552,0.0025146580824386244,500,71,73,1.9999999499756562,1.2461355412829445e-08,0.050000008709053856,0.050000008634465354,0.03858126878508955,0.02000000052601397,113.80335507570165,2.761687056735499,55707571.16,0.00031935843667184853,0.0005497432879366165,0.00041666665364881265,0.0012857683782572776,0.4136679323146503,31,252,500,CLARABEL,optimal,229,29,0.00037560197999999997
2014-03-31,development,v4_hysteresis,500000000.0,150.0,-0.005416223306881231,-0.007535324992436134,0.7499993730828552,0.0025146580824386244,500,71,73,1.9999999499756562,1.2461355412829445e-08,0.050000008709053856,0.050000008634465354,0.03858126878508955,0.02000000052601397,113.80335507570165,2.761687056735499,55707571.16,0.00031935843667184853,0.0005497432879366165,0.001249999960946438,0.0021191016855549027,0.4136679323146503,31,252,500,CLARABEL,optimal,229,29,0.00037560197999999997
2014-03-31,development,v4_hysteresis,500000000.0,300.0,-0.005416223306881231,-0.008785324953382571,0.7499993730828552,0.0025146580824386244,500,71,73,1.9999999499756562,1.2461355412829445e-08,0.050000008709053856,0.050000008634465354,0.03858126878508955,0.02000000052601397,113.80335507570165,2.761687056735499,55707571.16,0.00031935843667184853,0.0005497432879366165,0.002499999921892876,0.003369101646501341,0.4136679323146503,31,252,500,CLARABEL,optimal,229,29,0.00037560197999999997
2014-04-30,development,v4_hysteresis,10000000.0,50.0,0.006736985217609686,0.006043347743547346,0.5381751144828659,0.028293584157008736,500,73,75,1.9999999529437016,1.4121600722116767e-08,0.050000014624432154,0.050000004670577636,0.040000004232439504,0.020000000480791053,113.23862591518707,2.669372475422414,59942796.1975,0.00021185409405974898,6.511672608131996e-05,0.000416666653921271,0.0006936374740623399,0.011481531355662973,0,252,500,CLARABEL,optimal,220,20,0.00034432394999999995
2014-04-30,development,v4_hysteresis,10000000.0,150.0,0.006736985217609686,0.0052100144357048045,0.5381751144828659,0.028293584157008736,500,73,75,1.9999999529437016,1.4121600722116767e-08,0.050000014624432154,0.050000004670577636,0.040000004232439504,0.020000000480791053,113.23862591518707,2.669372475422414,59942796.1975,0.00021185409405974898,6.511672608131996e-05,0.001249999961763813,0.0015269707819048819,0.011481531355662973,0,252,500,CLARABEL,optimal,220,20,0.00034432394999999995
2014-04-30,development,v4_hysteresis,10000000.0,300.0,0.006736985217609686,0.003960014473940992,0.5381751144828659,0.028293584157008736,500,73,75,1.9999999529437016,1.4121600722116767e-08,0.050000014624432154,0.050000004670577636,0.040000004232439504,0.020000000480791053,113.23862591518707,2.669372475422414,59942796.1975,0.00021185409405974898,6.511672608131996e-05,0.002499999923527626,0.002776970743668695,0.011481531355662973,0,252,500,CLARABEL,optimal,220,20,0.00034432394999999995
2014-04-30,development,v4_hysteresis,100000000.0,50.0,0.006736985217609686,0.005902547301438405,0.5381751144828659,0.028293584157008736,500,73,75,1.9999999529437016,1.4121600722116767e-08,0.050000014624432154,0.050000004670577636,0.040000004232439504,0.020000000480791053,113.23862591518707,2.669372475422414,59942796.1975,0.00021185409405974898,0.00020591716819026175,0.000416666653921271,0.0008344379161712818,0.11481531355662973,1,252,500,CLARABEL,optimal,220,20,0.00034432394999999995
2014-04-30,development,v4_hysteresis,100000000.0,150.0,0.006736985217609686,0.005069213993595863,0.5381751144828659,0.028293584157008736,500,73,75,1.9999999529437016,1.4121600722116767e-08,0.050000014624432154,0.050000004670577636,0.040000004232439504,0.020000000480791053,113.23862591518707,2.669372475422414,59942796.1975,0.00021185409405974898,0.00020591716819026175,0.001249999961763813,0.0016677712240138237,0.11481531355662973,1,252,500,CLARABEL,optimal,220,20,0.00034432394999999995
2014-04-30,development,v4_hysteresis,100000000.0,300.0,0.006736985217609686,0.0038192140318320496,0.5381751144828659,0.028293584157008736,500,73,75,1.9999999529437016,1.4121600722116767e-08,0.050000014624432154,0.050000004670577636,0.040000004232439504,0.020000000480791053,113.23862591518707,2.669372475422414,59942796.1975,0.00021185409405974898,0.00020591716819026175,0.002499999923527626,0.0029177711857776368,0.11481531355662973,1,252,500,CLARABEL,optimal,220,20,0.00034432394999999995
2014-04-30,development,v4_hysteresis,500000000.0,50.0,0.006736985217609686,0.005648019683820984,0.5381751144828659,0.028293584157008736,500,73,75,1.9999999529437016,1.4121600722116767e-08,0.050000014624432154,0.050000004670577636,0.040000004232439504,0.020000000480791053,113.23862591518707,2.669372475422414,59942796.1975,0.00021185409405974898,0.00046044478580768266,0.000416666653921271,0.0010889655337887026,0.5740765677831486,17,252,500,CLARABEL,optimal,220,20,0.00034432394999999995
2014-04-30,development,v4_hysteresis,500000000.0,150.0,0.006736985217609686,0.004814686375978441,0.5381751144828659,0.028293584157008736,500,73,75,1.9999999529437016,1.4121600722116767e-08,0.050000014624432154,0.050000004670577636,0.040000004232439504,0.020000000480791053,113.23862591518707,2.669372475422414,59942796.1975,0.00021185409405974898,0.00046044478580768266,0.001249999961763813,0.0019222988416312445,0.5740765677831486,17,252,500,CLARABEL,optimal,220,20,0.00034432394999999995
2014-04-30,development,v4_hysteresis,500000000.0,300.0,0.006736985217609686,0.003564686414214629,0.5381751144828659,0.028293584157008736,500,73,75,1.9999999529437016,1.4121600722116767e-08,0.050000014624432154,0.050000004670577636,0.040000004232439504,0.020000000480791053,113.23862591518707,2.669372475422414,59942796.1975,0.00021185409405974898,0.00046044478580768266,0.002499999923527626,0.0031722988033950576,0.5740765677831486,17,252,500,CLARABEL,optimal,220,20,0.00034432394999999995
2014-05-30,development,v4_hysteresis,10000000.0,50.0,-0.022513479908674864,-0.02318809022016388,0.5251292081152585,0.025982497913154455,500,73,70,1.999999980749802,1.0864360903972692e-09,0.05000000092439018,0.05000000762022162,0.04000000049913746,0.020000000433861985,113.57936434117738,2.615792794842002,54631970.9225,0.0002050811290187516,5.286252004039991e-05,0.00041666666242986796,0.0006746103114890194,0.008727888402791546,0,252,500,CLARABEL,optimal,225,25,0.0037572770149999998
2014-05-30,development,v4_hysteresis,10000000.0,150.0,-0.022513479908674864,-0.02402142354502362,0.5251292081152585,0.025982497913154455,500,73,70,1.999999980749802,1.0864360903972692e-09,0.05000000092439018,0.05000000762022162,0.04000000049913746,0.020000000433861985,113.57936434117738,2.615792794842002,54631970.9225,0.0002050811290187516,5.286252004039991e-05,0.001249999987289604,0.0015079436363487555,0.008727888402791546,0,252,500,CLARABEL,optimal,225,25,0.0037572770149999998
2014-05-30,development,v4_hysteresis,10000000.0,300.0,-0.022513479908674864,-0.025271423532313222,0.5251292081152585,0.025982497913154455,500,73,70,1.999999980749802,1.0864360903972692e-09,0.05000000092439018,0.05000000762022162,0.04000000049913746,0.020000000433861985,113.57936434117738,2.615792794842002,54631970.9225,0.0002050811290187516,5.286252004039991e-05,0.002499999974579208,0.0027579436236383594,0.008727888402791546,0,252,500,CLARABEL,optimal,225,25,0.0037572770149999998
2014-05-30,development,v4_hysteresis,100000000.0,50.0,-0.022513479908674864,-0.023302393666307444,0.5251292081152585,0.025982497913154455,500,73,70,1.999999980749802,1.0864360903972692e-09,0.05000000092439018,0.05000000762022162,0.04000000049913746,0.020000000433861985,113.57936434117738,2.615792794842002,54631970.9225,0.0002050811290187516,0.00016716596618395987,0.00041666666242986796,0.0007889137576325794,0.08727888402791546,0,252,500,CLARABEL,optimal,225,25,0.0037572770149999998
2014-05-30,development,v4_hysteresis,100000000.0,150.0,-0.022513479908674864,-0.02413572699116718,0.5251292081152585,0.025982497913154455,500,73,70,1.999999980749802,1.0864360903972692e-09,0.05000000092439018,0.05000000762022162,0.04000000049913746,0.020000000433861985,113.57936434117738,2.615792794842002,54631970.9225,0.0002050811290187516,0.00016716596618395987,0.001249999987289604,0.0016222470824923153,0.08727888402791546,0,252,500,CLARABEL,optimal,225,25,0.0037572770149999998
2014-05-30,development,v4_hysteresis,100000000.0,300.0,-0.022513479908674864,-0.025385726978456785,0.5251292081152585,0.025982497913154455,500,73,70,1.999999980749802,1.0864360903972692e-09,0.05000000092439018,0.05000000762022162,0.04000000049913746,0.020000000433861985,113.57936434117738,2.615792794842002,54631970.9225,0.0002050811290187516,0.00016716596618395987,0.002499999974579208,0.0028722470697819195,0.08727888402791546,0,252,500,CLARABEL,optimal,225,25,0.0037572770149999998
2014-05-30,development,v4_hysteresis,500000000.0,50.0,-0.022513479908674864,-0.023509022164035248,0.5251292081152585,0.025982497913154455,500,73,70,1.999999980749802,1.0864360903972692e-09,0.05000000092439018,0.05000000762022162,0.04000000049913746,0.020000000433861985,113.57936434117738,2.615792794842002,54631970.9225,0.0002050811290187516,0.0003737944639117654,0.00041666666242986796,0.0009955422553603848,0.43639442013957724,19,252,500,CLARABEL,optimal,225,25,0.0037572770149999998
2014-05-30,development,v4_hysteresis,500000000.0,150.0,-0.022513479908674864,-0.024342355488894983,0.5251292081152585,0.025982497913154455,500,73,70,1.999999980749802,1.0864360903972692e-09,0.05000000092439018,0.05000000762022162,0.04000000049913746,0.020000000433861985,113.57936434117738,2.615792794842002,54631970.9225,0.0002050811290187516,0.0003737944639117654,0.001249999987289604,0.0018288755802201209,0.43639442013957724,19,252,500,CLARABEL,optimal,225,25,0.0037572770149999998
2014-05-30,development,v4_hysteresis,500000000.0,300.0,-0.022513479908674864,-0.02559235547618459,0.5251292081152585,0.025982497913154455,500,73,70,1.999999980749802,1.0864360903972692e-09,0.05000000092439018,0.05000000762022162,0.04000000049913746,0.020000000433861985,113.57936434117738,2.615792794842002,54631970.9225,0.0002050811290187516,0.0003737944639117654,0.002499999974579208,0.003078875567509725,0.43639442013957724,19,252,500,CLARABEL,optimal,225,25,0.0037572770149999998
2014-06-30,development,v4_hysteresis,10000000.0,50.0,0.0004876541505176371,-5.3778048998991156e-05,0.3248886942353608,-0.020311721270063622,500,69,69,1.9999999736958298,1.9662178135648745e-09,0.05000001089599221,0.04999999835122207,0.04000000042447957,0.02000000040494537,112.9373188838896,2.531393625439148,53129525.035,9.722967286940523e-05,2.7535865870220443e-05,0.00041666666077700256,0.0005414321995166283,0.00999999952468247,0,252,500,CLARABEL,optimal,217,17,0.00342412646
2014-06-30,development,v4_hysteresis,10000000.0,150.0,0.0004876541505176371,-0.0008871113705529959,0.3248886942353608,-0.020311721270063622,500,69,69,1.9999999736958298,1.9662178135648745e-09,0.05000001089599221,0.04999999835122207,0.04000000042447957,0.02000000040494537,112.9373188838896,2.531393625439148,53129525.035,9.722967286940523e-05,2.7535865870220443e-05,0.0012499999823310075,0.001374765521070633,0.00999999952468247,0,252,500,CLARABEL,optimal,217,17,0.00342412646
2014-06-30,development,v4_hysteresis,10000000.0,300.0,0.0004876541505176371,-0.0021371113528840034,0.3248886942353608,-0.020311721270063622,500,69,69,1.9999999736958298,1.9662178135648745e-09,0.05000001089599221,0.04999999835122207,0.04000000042447957,0.02000000040494537,112.9373188838896,2.531393625439148,53129525.035,9.722967286940523e-05,2.7535865870220443e-05,0.002499999964662015,0.0026247655034016405,0.00999999952468247,0,252,500,CLARABEL,optimal,217,17,0.00342412646
2014-06-30,development,v4_hysteresis,100000000.0,50.0,0.0004876541505176371,-0.00011331823662356173,0.3248886942353608,-0.020311721270063622,500,69,69,1.9999999736958298,1.9662178135648745e-09,0.05000001089599221,0.04999999835122207,0.04000000042447957,0.02000000040494537,112.9373188838896,2.531393625439148,53129525.035,9.722967286940523e-05,8.707605349479103e-05,0.00041666666077700256,0.0006009723871411988,0.09999999524682471,0,252,500,CLARABEL,optimal,217,17,0.00342412646
2014-06-30,development,v4_hysteresis,100000000.0,150.0,0.0004876541505176371,-0.0009466515581775666,0.3248886942353608,-0.020311721270063622,500,69,69,1.9999999736958298,1.9662178135648745e-09,0.05000001089599221,0.04999999835122207,0.04000000042447957,0.02000000040494537,112.9373188838896,2.531393625439148,53129525.035,9.722967286940523e-05,8.707605349479103e-05,0.0012499999823310075,0.0014343057086952037,0.09999999524682471,0,252,500,CLARABEL,optimal,217,17,0.00342412646
2014-06-30,development,v4_hysteresis,100000000.0,300.0,0.0004876541505176371,-0.002196651540508574,0.3248886942353608,-0.020311721270063622,500,69,69,1.9999999736958298,1.9662178135648745e-09,0.05000001089599221,0.04999999835122207,0.04000000042447957,0.02000000040494537,112.9373188838896,2.531393625439148,53129525.035,9.722967286940523e-05,8.707605349479103e-05,0.002499999964662015,0.002684305691026211,0.09999999524682471,0,252,500,CLARABEL,optimal,217,17,0.00342412646
2014-06-30,development,v4_hysteresis,500000000.0,50.0,0.0004876541505176371,-0.0002209501579555316,0.3248886942353608,-0.020311721270063622,500,69,69,1.9999999736958298,1.9662178135648745e-09,0.05000001089599221,0.04999999835122207,0.04000000042447957,0.02000000040494537,112.9373188838896,2.531393625439148,53129525.035,9.722967286940523e-05,0.00019470797482676086,0.00041666666077700256,0.0007086043084731687,0.4999999762341235,11,252,500,CLARABEL,optimal,217,17,0.00342412646
2014-06-30,development,v4_hysteresis,500000000.0,150.0,0.0004876541505176371,-0.0010542834795095365,0.3248886942353608,-0.020311721270063622,500,69,69,1.9999999736958298,1.9662178135648745e-09,0.05000001089599221,0.04999999835122207,0.04000000042447957,0.02000000040494537,112.9373188838896,2.531393625439148,53129525.035,9.722967286940523e-05,0.00019470797482676086,0.0012499999823310075,0.0015419376300271736,0.4999999762341235,11,252,500,CLARABEL,optimal,217,17,0.00342412646
2014-06-30,development,v4_hysteresis,500000000.0,300.0,0.0004876541505176371,-0.002304283461840544,0.3248886942353608,-0.020311721270063622,500,69,69,1.9999999736958298,1.9662178135648745e-09,0.05000001089599221,0.04999999835122207,0.04000000042447957,0.02000000040494537,112.9373188838896,2.531393625439148,53129525.035,9.722967286940523e-05,0.00019470797482676086,0.002499999964662015,0.002791937612358181,0.4999999762341235,11,252,500,CLARABEL,optimal,217,17,0.00342412646
2014-07-31,development,v4_hysteresis,10000000.0,50.0,0.012881681778685539,0.012259384308854206,0.5489663472240986,0.05018763748727588,500,69,69,1.999999974173498,9.179358606559163e-09,0.050000005647009405,0.05000001053795233,0.04000000103854429,0.020000000442216812,113.71348702185182,2.4780949089428796,50460171.87,0.0001603335308068122,4.529727965074128e-05,0.00041666665937377905,0.0006222974698313325,0.0069005788675840915,0,252,500,CLARABEL,optimal,220,20,0.0037004006949999998
2014-07-31,development,v4_hysteresis,10000000.0,150.0,0.012881681778685539,0.011426050990106648,0.5489663472240986,0.05018763748727588,500,69,69,1.999999974173498,9.179358606559163e-09,0.050000005647009405,0.05000001053795233,0.04000000103854429,0.020000000442216812,113.71348702185182,2.4780949089428796,50460171.87,0.0001603335308068122,4.529727965074128e-05,0.0012499999781213369,0.0014556307885788904,0.0069005788675840915,0,252,500,CLARABEL,optimal,220,20,0.0037004006949999998
2014-07-31,development,v4_hysteresis,10000000.0,300.0,0.012881681778685539,0.01017605101198531,0.5489663472240986,0.05018763748727588,500,69,69,1.999999974173498,9.179358606559163e-09,0.050000005647009405,0.05000001053795233,0.04000000103854429,0.020000000442216812,113.71348702185182,2.4780949089428796,50460171.87,0.0001603335308068122,4.529727965074128e-05,0.0024999999562426737,0.0027056307667002273,0.0069005788675840915,0,252,500,CLARABEL,optimal,220,20,0.0037004006949999998
2014-07-31,development,v4_hysteresis,100000000.0,50.0,0.012881681778685539,0.012161439012999008,0.5489663472240986,0.05018763748727588,500,69,69,1.999999974173498,9.179358606559163e-09,0.050000005647009405,0.05000001053795233,0.04000000103854429,0.020000000442216812,113.71348702185182,2.4780949089428796,50460171.87,0.0001603335308068122,0.00014324257550593888,0.00041666665937377905,0.0007202427656865301,0.06900578867584092,0,252,500,CLARABEL,optimal,220,20,0.0037004006949999998
2014-07-31,development,v4_hysteresis,100000000.0,150.0,0.012881681778685539,0.011328105694251451,0.5489663472240986,0.05018763748727588,500,69,69,1.999999974173498,9.179358606559163e-09,0.050000005647009405,0.05000001053795233,0.04000000103854429,0.020000000442216812,113.71348702185182,2.4780949089428796,50460171.87,0.0001603335308068122,0.00014324257550593888,0.0012499999781213369,0.0015535760844340878,0.06900578867584092,0,252,500,CLARABEL,optimal,220,20,0.0037004006949999998
2014-07-31,development,v4_hysteresis,100000000.0,300.0,0.012881681778685539,0.010078105716130114,0.5489663472240986,0.05018763748727588,500,69,69,1.999999974173498,9.179358606559163e-09,0.050000005647009405,0.05000001053795233,0.04000000103854429,0.020000000442216812,113.71348702185182,2.4780949089428796,50460171.87,0.0001603335308068122,0.00014324257550593888,0.0024999999562426737,0.0028035760625554247,0.06900578867584092,0,252,500,CLARABEL,optimal,220,20,0.0037004006949999998
2014-07-31,development,v4_hysteresis,500000000.0,50.0,0.012881681778685539,0.011984381452401521,0.5489663472240986,0.05018763748727588,500,69,69,1.999999974173498,9.179358606559163e-09,0.050000005647009405,0.05000001053795233,0.04000000103854429,0.020000000442216812,113.71348702185182,2.4780949089428796,50460171.87,0.0001603335308068122,0.00032030013610342566,0.00041666665937377905,0.0008973003262840169,0.3450289433792046,22,252,500,CLARABEL,optimal,220,20,0.0037004006949999998
2014-07-31,development,v4_hysteresis,500000000.0,150.0,0.012881681778685539,0.011151048133653963,0.5489663472240986,0.05018763748727588,500,69,69,1.999999974173498,9.179358606559163e-09,0.050000005647009405,0.05000001053795233,0.04000000103854429,0.020000000442216812,113.71348702185182,2.4780949089428796,50460171.87,0.0001603335308068122,0.00032030013610342566,0.0012499999781213369,0.0017306336450315747,0.3450289433792046,22,252,500,CLARABEL,optimal,220,20,0.0037004006949999998
2014-07-31,development,v4_hysteresis,500000000.0,300.0,0.012881681778685539,0.009901048155532628,0.5489663472240986,0.05018763748727588,500,69,69,1.999999974173498,9.179358606559163e-09,0.050000005647009405,0.05000001053795233,0.04000000103854429,0.020000000442216812,113.71348702185182,2.4780949089428796,50460171.87,0.0001603335308068122,0.00032030013610342566,0.0024999999562426737,0.0029806336231529115,0.3450289433792046,22,252,500,CLARABEL,optimal,220,20,0.0037004006949999998
2014-08-29,development,v4_hysteresis,10000000.0,50.0,0.007955998832786203,0.007350306151399067,0.5022069831020675,-0.01855124819808044,500,68,79,1.9999999892924436,2.3317040034886993e-09,0.04999999952605201,0.050000004904909835,0.04000000034071444,0.020000000403670094,116.30792903725637,2.370798941607035,49297487.723749995,0.00014811316511966993,4.0912852317312496e-05,0.000416666663950154,0.0006056926813871365,0.010000002335587068,0,252,500,CLARABEL,optimal,219,19,0.0008033319750000001
2014-08-29,development,v4_hysteresis,10000000.0,150.0,0.007955998832786203,0.006516972823498759,0.5022069831020675,-0.01855124819808044,500,68,79,1.9999999892924436,2.3317040034886993e-09,0.04999999952605201,0.050000004904909835,0.04000000034071444,0.020000000403670094,116.30792903725637,2.370798941607035,49297487.723749995,0.00014811316511966993,4.0912852317312496e-05,0.0012499999918504621,0.0014390260092874444,0.010000002335587068,0,252,500,CLARABEL,optimal,219,19,0.0008033319750000001
2014-08-29,development,v4_hysteresis,10000000.0,300.0,0.007955998832786203,0.005266972831648297,0.5022069831020675,-0.01855124819808044,500,68,79,1.9999999892924436,2.3317040034886993e-09,0.04999999952605201,0.050000004904909835,0.04000000034071444,0.020000000403670094,116.30792903725637,2.370798941607035,49297487.723749995,0.00014811316511966993,4.0912852317312496e-05,0.0024999999837009242,0.002689026001137907,0.010000002335587068,0,252,500,CLARABEL,optimal,219,19,0.0008033319750000001
2014-08-29,development,v4_hysteresis,100000000.0,50.0,0.007955998832786203,0.007261841204819574,0.5022069831020675,-0.01855124819808044,500,68,79,1.9999999892924436,2.3317040034886993e-09,0.04999999952605201,0.050000004904909835,0.04000000034071444,0.020000000403670094,116.30792903725637,2.370798941607035,49297487.723749995,0.00014811316511966993,0.00012937779889680542,0.000416666663950154,0.0006941576279666294,0.10000002335587067,1,252,500,CLARABEL,optimal,219,19,0.0008033319750000001
2014-08-29,development,v4_hysteresis,100000000.0,150.0,0.007955998832786203,0.006428507876919266,0.5022069831020675,-0.01855124819808044,500,68,79,1.9999999892924436,2.3317040034886993e-09,0.04999999952605201,0.050000004904909835,0.04000000034071444,0.020000000403670094,116.30792903725637,2.370798941607035,49297487.723749995,0.00014811316511966993,0.00012937779889680542,0.0012499999918504621,0.0015274909558669375,0.10000002335587067,1,252,500,CLARABEL,optimal,219,19,0.0008033319750000001
2014-08-29,development,v4_hysteresis,100000000.0,300.0,0.007955998832786203,0.0051785078850688036,0.5022069831020675,-0.01855124819808044,500,68,79,1.9999999892924436,2.3317040034886993e-09,0.04999999952605201,0.050000004904909835,0.04000000034071444,0.020000000403670094,116.30792903725637,2.370798941607035,49297487.723749995,0.00014811316511966993,0.00012937779889680542,0.0024999999837009242,0.0027774909477173994,0.10000002335587067,1,252,500,CLARABEL,optimal,219,19,0.0008033319750000001
2014-08-29,development,v4_hysteresis,500000000.0,50.0,0.007955998832786203,0.007101921450603826,0.5022069831020675,-0.01855124819808044,500,68,79,1.9999999892924436,2.3317040034886993e-09,0.04999999952605201,0.050000004904909835,0.04000000034071444,0.020000000403670094,116.30792903725637,2.370798941607035,49297487.723749995,0.00014811316511966993,0.0002892975531125542,0.000416666663950154,0.0008540773821823782,0.5000001167793534,16,252,500,CLARABEL,optimal,219,19,0.0008033319750000001
2014-08-29,development,v4_hysteresis,500000000.0,150.0,0.007955998832786203,0.006268588122703518,0.5022069831020675,-0.01855124819808044,500,68,79,1.9999999892924436,2.3317040034886993e-09,0.04999999952605201,0.050000004904909835,0.04000000034071444,0.020000000403670094,116.30792903725637,2.370798941607035,49297487.723749995,0.00014811316511966993,0.0002892975531125542,0.0012499999918504621,0.001687410710082686,0.5000001167793534,16,252,500,CLARABEL,optimal,219,19,0.0008033319750000001
2014-08-29,development,v4_hysteresis,500000000.0,300.0,0.007955998832786203,0.005018588130853055,0.5022069831020675,-0.01855124819808044,500,68,79,1.9999999892924436,2.3317040034886993e-09,0.04999999952605201,0.050000004904909835,0.04000000034071444,0.020000000403670094,116.30792903725637,2.370798941607035,49297487.723749995,0.00014811316511966993,0.0002892975531125542,0.0024999999837009242,0.0029374107019331484,0.5000001167793534,16,252,500,CLARABEL,optimal,219,19,0.0008033319750000001
2014-09-30,development,v4_hysteresis,10000000.0,50.0,-0.0012707320394790157,-0.0019303409373815914,0.5211450405940612,0.025015372959443977,500,64,70,1.9999999665089874,-1.4021574221145805e-08,0.04999997482922887,0.050000005626110684,0.03999999908646325,0.02000000040092778,113.03223451328631,2.436389089134818,46195401.160000004,0.00019556291299336663,4.73793222986754e-05,0.00041666666261053366,0.0006596088979025758,0.010000000235674326,0,252,500,CLARABEL,optimal,226,26,0.003942056015000001
2014-09-30,development,v4_hysteresis,10000000.0,150.0,-0.0012707320394790157,-0.0027636742626026586,0.5211450405940612,0.025015372959443977,500,64,70,1.9999999665089874,-1.4021574221145805e-08,0.04999997482922887,0.050000005626110684,0.03999999908646325,0.02000000040092778,113.03223451328631,2.436389089134818,46195401.160000004,0.00019556291299336663,4.73793222986754e-05,0.001249999987831601,0.001492942223123643,0.010000000235674326,0,252,500,CLARABEL,optimal,226,26,0.003942056015000001
2014-09-30,development,v4_hysteresis,10000000.0,300.0,-0.0012707320394790157,-0.004013674250434259,0.5211450405940612,0.025015372959443977,500,64,70,1.9999999665089874,-1.4021574221145805e-08,0.04999997482922887,0.050000005626110684,0.03999999908646325,0.02000000040092778,113.03223451328631,2.436389089134818,46195401.160000004,0.00019556291299336663,4.73793222986754e-05,0.002499999975663202,0.0027429422109552437,0.010000000235674326,0,252,500,CLARABEL,optimal,226,26,0.003942056015000001
2014-09-30,development,v4_hysteresis,100000000.0,50.0,-0.0012707320394790157,-0.002032788187541935,0.5211450405940612,0.025015372959443977,500,64,70,1.9999999665089874,-1.4021574221145805e-08,0.04999997482922887,0.050000005626110684,0.03999999908646325,0.02000000040092778,113.03223451328631,2.436389089134818,46195401.160000004,0.00019556291299336663,0.00014982657245901879,0.00041666666261053366,0.000762056148062919,0.10000000235674325,1,252,500,CLARABEL,optimal,226,26,0.003942056015000001
2014-09-30,development,v4_hysteresis,100000000.0,150.0,-0.0012707320394790157,-0.002866121512763002,0.5211450405940612,0.025015372959443977,500,64,70,1.9999999665089874,-1.4021574221145805e-08,0.04999997482922887,0.050000005626110684,0.03999999908646325,0.02000000040092778,113.03223451328631,2.436389089134818,46195401.160000004,0.00019556291299336663,0.00014982657245901879,0.001249999987831601,0.0015953894732839862,0.10000000235674325,1,252,500,CLARABEL,optimal,226,26,0.003942056015000001
2014-09-30,development,v4_hysteresis,100000000.0,300.0,-0.0012707320394790157,-0.004116121500594603,0.5211450405940612,0.025015372959443977,500,64,70,1.9999999665089874,-1.4021574221145805e-08,0.04999997482922887,0.050000005626110684,0.03999999908646325,0.02000000040092778,113.03223451328631,2.436389089134818,46195401.160000004,0.00019556291299336663,0.00014982657245901879,0.002499999975663202,0.0028453894611155874,0.10000000235674325,1,252,500,CLARABEL,optimal,226,26,0.003942056015000001
2014-09-30,development,v4_hysteresis,500000000.0,50.0,-0.0012707320394790157,-0.00221798401593708,0.5211450405940612,0.025015372959443977,500,64,70,1.9999999665089874,-1.4021574221145805e-08,0.04999997482922887,0.050000005626110684,0.03999999908646325,0.02000000040092778,113.03223451328631,2.436389089134818,46195401.160000004,0.00019556291299336663,0.0003350224008541638,0.00041666666261053366,0.000947251976458064,0.5000000117837162,23,252,500,CLARABEL,optimal,226,26,0.003942056015000001
2014-09-30,development,v4_hysteresis,500000000.0,150.0,-0.0012707320394790157,-0.003051317341158147,0.5211450405940612,0.025015372959443977,500,64,70,1.9999999665089874,-1.4021574221145805e-08,0.04999997482922887,0.050000005626110684,0.03999999908646325,0.02000000040092778,113.03223451328631,2.436389089134818,46195401.160000004,0.00019556291299336663,0.0003350224008541638,0.001249999987831601,0.0017805853016791312,0.5000000117837162,23,252,500,CLARABEL,optimal,226,26,0.003942056015000001
2014-09-30,development,v4_hysteresis,500000000.0,300.0,-0.0012707320394790157,-0.004301317328989748,0.5211450405940612,0.025015372959443977,500,64,70,1.9999999665089874,-1.4021574221145805e-08,0.04999997482922887,0.050000005626110684,0.03999999908646325,0.02000000040092778,113.03223451328631,2.436389089134818,46195401.160000004,0.00019556291299336663,0.0003350224008541638,0.002499999975663202,0.0030305852895107324,0.5000000117837162,23,252,500,CLARABEL,optimal,226,26,0.003942056015000001
2014-10-31,development,v4_hysteresis,10000000.0,50.0,0.018426666335167333,0.01776396608876359,0.5890553629154209,0.02575746328516746,500,66,72,1.9999999808884368,-2.406017371447966e-09,0.050000000611226156,0.04999999307925066,0.036418729522400745,0.020000000367903663,112.31705325521352,2.540328358009554,52457772.14,0.00018692037700411936,5.911320621327969e-05,0.00041666666318634454,0.0006627002464037436,0.010000000159639737,0,252,500,CLARABEL,optimal,214,14,0.0036663123
2014-10-31,development,v4_hysteresis,10000000.0,150.0,0.018426666335167333,0.0169306327623909,0.5890553629154209,0.02575746328516746,500,66,72,1.9999999808884368,-2.406017371447966e-09,0.050000000611226156,0.04999999307925066,0.036418729522400745,0.020000000367903663,112.31705325521352,2.540328358009554,52457772.14,0.00018692037700411936,5.911320621327969e-05,0.0012499999895590336,0.0014960335727764325,0.010000000159639737,0,252,500,CLARABEL,optimal,214,14,0.0036663123
2014-10-31,development,v4_hysteresis,10000000.0,300.0,0.018426666335167333,0.015680632772831868,0.5890553629154209,0.02575746328516746,500,66,72,1.9999999808884368,-2.406017371447966e-09,0.050000000611226156,0.04999999307925066,0.036418729522400745,0.020000000367903663,112.31705325521352,2.540328358009554,52457772.14,0.00018692037700411936,5.911320621327969e-05,0.002499999979118067,0.002746033562335466,0.010000000159639737,0,252,500,CLARABEL,optimal,214,14,0.0036663123
2014-10-31,development,v4_hysteresis,100000000.0,50.0,0.018426666335167333,0.017636146923547688,0.5890553629154209,0.02575746328516746,500,66,72,1.9999999808884368,-2.406017371447966e-09,0.050000000611226156,0.04999999307925066,0.036418729522400745,0.020000000367903663,112.31705325521352,2.540328358009554,52457772.14,0.00018692037700411936,0.00018693237142918098,0.00041666666318634454,0.0007905194116196449,0.10000000159639738,1,252,500,CLARABEL,optimal,214,14,0.0036663123
2014-10-31,development,v4_hysteresis,100000000.0,150.0,0.018426666335167333,0.016802813597175,0.5890553629154209,0.02575746328516746,500,66,72,1.9999999808884368,-2.406017371447966e-09,0.050000000611226156,0.04999999307925066,0.036418729522400745,0.020000000367903663,112.31705325521352,2.540328358009554,52457772.14,0.00018692037700411936,0.00018693237142918098,0.0012499999895590336,0.001623852737992334,0.10000000159639738,1,252,500,CLARABEL,optimal,214,14,0.0036663123
2014-10-31,development,v4_hysteresis,100000000.0,300.0,0.018426666335167333,0.015552813607615965,0.5890553629154209,0.02575746328516746,500,66,72,1.9999999808884368,-2.406017371447966e-09,0.050000000611226156,0.04999999307925066,0.036418729522400745,0.020000000367903663,112.31705325521352,2.540328358009554,52457772.14,0.00018692037700411936,0.00018693237142918098,0.002499999979118067,0.0028738527275513673,0.10000000159639738,1,252,500,CLARABEL,optimal,214,14,0.0036663123
2014-10-31,development,v4_hysteresis,500000000.0,50.0,0.018426666335167333,0.01740508580526598,0.5890553629154209,0.02575746328516746,500,66,72,1.9999999808884368,-2.406017371447966e-09,0.050000000611226156,0.04999999307925066,0.036418729522400745,0.020000000367903663,112.31705325521352,2.540328358009554,52457772.14,0.00018692037700411936,0.0004179934897108882,0.00041666666318634454,0.0010215805299013522,0.5000000079819868,28,252,500,CLARABEL,optimal,214,14,0.0036663123
2014-10-31,development,v4_hysteresis,500000000.0,150.0,0.018426666335167333,0.01657175247889329,0.5890553629154209,0.02575746328516746,500,66,72,1.9999999808884368,-2.406017371447966e-09,0.050000000611226156,0.04999999307925066,0.036418729522400745,0.020000000367903663,112.31705325521352,2.540328358009554,52457772.14,0.00018692037700411936,0.0004179934897108882,0.0012499999895590336,0.0018549138562740412,0.5000000079819868,28,252,500,CLARABEL,optimal,214,14,0.0036663123
2014-10-31,development,v4_hysteresis,500000000.0,300.0,0.018426666335167333,0.015321752489334258,0.5890553629154209,0.02575746328516746,500,66,72,1.9999999808884368,-2.406017371447966e-09,0.050000000611226156,0.04999999307925066,0.036418729522400745,0.020000000367903663,112.31705325521352,2.540328358009554,52457772.14,0.00018692037700411936,0.0004179934897108882,0.002499999979118067,0.0031049138458330745,0.5000000079819868,28,252,500,CLARABEL,optimal,214,14,0.0036663123
2014-11-28,development,v4_hysteresis,10000000.0,50.0,0.014084524379754933,0.013397594919897896,0.5187843848016503,-0.01066533891491706,500,63,71,1.999999961759142,1.788038075933862e-08,0.0500000137648558,0.01939899966168608,0.03948010500146339,0.020000000354767924,111.2678304470149,2.500101522153242,54565480.265,0.00019949763425316524,7.07651706291309e-05,0.0004166666549747419,0.000686929459857038,0.010000000308471554,0,252,500,CLARABEL,optimal,219,19,0.0039755088
2014-11-28,development,v4_hysteresis,10000000.0,150.0,0.014084524379754933,0.012564261609948411,0.5187843848016503,-0.01066533891491706,500,63,71,1.999999961759142,1.788038075933862e-08,0.0500000137648558,0.01939899966168608,0.03948010500146339,0.020000000354767924,111.2678304470149,2.500101522153242,54565480.265,0.00019949763425316524,7.07651706291309e-05,0.0012499999649242257,0.0015202627698065218,0.010000000308471554,0,252,500,CLARABEL,optimal,219,19,0.0039755088
2014-11-28,development,v4_hysteresis,10000000.0,300.0,0.014084524379754933,0.011314261645024186,0.5187843848016503,-0.01066533891491706,500,63,71,1.999999961759142,1.788038075933862e-08,0.0500000137648558,0.01939899966168608,0.03948010500146339,0.020000000354767924,111.2678304470149,2.500101522153242,54565480.265,0.00019949763425316524,7.07651706291309e-05,0.0024999999298484514,0.0027702627347307475,0.010000000308471554,0,252,500,CLARABEL,optimal,219,19,0.0039755088
2014-11-28,development,v4_hysteresis,100000000.0,50.0,0.014084524379754933,0.013244580972328522,0.5187843848016503,-0.01066533891491706,500,63,71,1.999999961759142,1.788038075933862e-08,0.0500000137648558,0.01939899966168608,0.03948010500146339,0.020000000354767924,111.2678304470149,2.500101522153242,54565480.265,0.00019949763425316524,0.00022377911819850422,0.0004166666549747419,0.0008399434074264113,0.10000000308471556,2,252,500,CLARABEL,optimal,219,19,0.0039755088
2014-11-28,development,v4_hysteresis,100000000.0,150.0,0.014084524379754933,0.012411247662379037,0.5187843848016503,-0.01066533891491706,500,63,71,1.999999961759142,1.788038075933862e-08,0.0500000137648558,0.01939899966168608,0.03948010500146339,0.020000000354767924,111.2678304470149,2.500101522153242,54565480.265,0.00019949763425316524,0.00022377911819850422,0.0012499999649242257,0.0016732767173758952,0.10000000308471556,2,252,500,CLARABEL,optimal,219,19,0.0039755088
2014-11-28,development,v4_hysteresis,100000000.0,300.0,0.014084524379754933,0.011161247697454812,0.5187843848016503,-0.01066533891491706,500,63,71,1.999999961759142,1.788038075933862e-08,0.0500000137648558,0.01939899966168608,0.03948010500146339,0.020000000354767924,111.2678304470149,2.500101522153242,54565480.265,0.00019949763425316524,0.00022377911819850422,0.0024999999298484514,0.0029232766823001207,0.10000000308471556,2,252,500,CLARABEL,optimal,219,19,0.0039755088
2014-11-28,development,v4_hysteresis,500000000.0,50.0,0.014084524379754933,0.01296797477029021,0.5187843848016503,-0.01066533891491706,500,63,71,1.999999961759142,1.788038075933862e-08,0.0500000137648558,0.01939899966168608,0.03948010500146339,0.020000000354767924,111.2678304470149,2.500101522153242,54565480.265,0.00019949763425316524,0.0005003853202368157,0.0004166666549747419,0.001116549609464723,0.5000000154235777,23,252,500,CLARABEL,optimal,219,19,0.0039755088
2014-11-28,development,v4_hysteresis,500000000.0,150.0,0.014084524379754933,0.012134641460340727,0.5187843848016503,-0.01066533891491706,500,63,71,1.999999961759142,1.788038075933862e-08,0.0500000137648558,0.01939899966168608,0.03948010500146339,0.020000000354767924,111.2678304470149,2.500101522153242,54565480.265,0.00019949763425316524,0.0005003853202368157,0.0012499999649242257,0.0019498829194142067,0.5000000154235777,23,252,500,CLARABEL,optimal,219,19,0.0039755088
2014-11-28,development,v4_hysteresis,500000000.0,300.0,0.014084524379754933,0.0108846414954165,0.5187843848016503,-0.01066533891491706,500,63,71,1.999999961759142,1.788038075933862e-08,0.0500000137648558,0.01939899966168608,0.03948010500146339,0.020000000354767924,111.2678304470149,2.500101522153242,54565480.265,0.00019949763425316524,0.0005003853202368157,0.0024999999298484514,0.0031998828843384326,0.5000000154235777,23,252,500,CLARABEL,optimal,219,19,0.0039755088
2014-12-31,development,v4_hysteresis,10000000.0,50.0,0.006546594015590103,0.005823374364973651,0.6635634999331279,-0.0261977162558925,500,61,73,1.9999999615081272,2.317813135865876e-09,0.04999999842131275,0.04999997836931985,0.039999999213133824,0.0200000003269383,112.83425345074194,2.462259332506713,54519839.9,0.00022607817925679753,8.047481319500565e-05,0.0004166666581646487,0.0007232196506164519,0.009128083906258671,0,252,500,CLARABEL,optimal,217,17,0.0044701568300000005
2014-12-31,development,v4_hysteresis,10000000.0,150.0,0.006546594015590103,0.004990041048644354,0.6635634999331279,-0.0261977162558925,500,61,73,1.9999999615081272,2.317813135865876e-09,0.04999999842131275,0.04999997836931985,0.039999999213133824,0.0200000003269383,112.83425345074194,2.462259332506713,54519839.9,0.00022607817925679753,8.047481319500565e-05,0.0012499999744939464,0.0015565529669457495,0.009128083906258671,0,252,500,CLARABEL,optimal,217,17,0.0044701568300000005
2014-12-31,development,v4_hysteresis,10000000.0,300.0,0.006546594015590103,0.003740041074150407,0.6635634999331279,-0.0261977162558925,500,61,73,1.9999999615081272,2.317813135865876e-09,0.04999999842131275,0.04999997836931985,0.039999999213133824,0.0200000003269383,112.83425345074194,2.462259332506713,54519839.9,0.00022607817925679753,8.047481319500565e-05,0.0024999999489878928,0.002806552941439696,0.009128083906258671,0,252,500,CLARABEL,optimal,217,17,0.0044701568300000005
2014-12-31,development,v4_hysteresis,100000000.0,50.0,0.006546594015590103,0.0056493654741958665,0.6635634999331279,-0.0261977162558925,500,61,73,1.9999999615081272,2.317813135865876e-09,0.04999999842131275,0.04999997836931985,0.039999999213133824,0.0200000003269383,112.83425345074194,2.462259332506713,54519839.9,0.00022607817925679753,0.0002544837039727899,0.0004166666581646487,0.0008972285413942362,0.0912808390625867,0,252,500,CLARABEL,optimal,217,17,0.0044701568300000005
2014-12-31,development,v4_hysteresis,100000000.0,150.0,0.006546594015590103,0.004816032157866569,0.6635634999331279,-0.0261977162558925,500,61,73,1.9999999615081272,2.317813135865876e-09,0.04999999842131275,0.04999997836931985,0.039999999213133824,0.0200000003269383,112.83425345074194,2.462259332506713,54519839.9,0.00022607817925679753,0.0002544837039727899,0.0012499999744939464,0.001730561857723534,0.0912808390625867,0,252,500,CLARABEL,optimal,217,17,0.0044701568300000005
2014-12-31,development,v4_hysteresis,100000000.0,300.0,0.006546594015590103,0.003566032183372623,0.6635634999331279,-0.0261977162558925,500,61,73,1.9999999615081272,2.317813135865876e-09,0.04999999842131275,0.04999997836931985,0.039999999213133824,0.0200000003269383,112.83425345074194,2.462259332506713,54519839.9,0.00022607817925679753,0.0002544837039727899,0.0024999999489878928,0.0029805618322174803,0.0912808390625867,0,252,500,CLARABEL,optimal,217,17,0.0044701568300000005
2014-12-31,development,v4_hysteresis,500000000.0,50.0,0.006546594015590103,0.005334806316919565,0.6635634999331279,-0.0261977162558925,500,61,73,1.9999999615081272,2.317813135865876e-09,0.04999999842131275,0.04999997836931985,0.039999999213133824,0.0200000003269383,112.83425345074194,2.462259332506713,54519839.9,0.00022607817925679753,0.0005690428612490914,0.0004166666581646487,0.0012117876986705376,0.45640419531293347,27,252,500,CLARABEL,optimal,217,17,0.0044701568300000005
2014-12-31,development,v4_hysteresis,500000000.0,150.0,0.006546594015590103,0.004501473000590268,0.6635634999331279,-0.0261977162558925,500,61,73,1.9999999615081272,2.317813135865876e-09,0.04999999842131275,0.04999997836931985,0.039999999213133824,0.0200000003269383,112.83425345074194,2.462259332506713,54519839.9,0.00022607817925679753,0.0005690428612490914,0.0012499999744939464,0.002045121014999835,0.45640419531293347,27,252,500,CLARABEL,optimal,217,17,0.0044701568300000005
2014-12-31,development,v4_hysteresis,500000000.0,300.0,0.006546594015590103,0.0032514730260963217,0.6635634999331279,-0.0261977162558925,500,61,73,1.9999999615081272,2.317813135865876e-09,0.04999999842131275,0.04999997836931985,0.039999999213133824,0.0200000003269383,112.83425345074194,2.462259332506713,54519839.9,0.00022607817925679753,0.0005690428612490914,0.0024999999489878928,0.0032951209894937815,0.45640419531293347,27,252,500,CLARABEL,optimal,217,17,0.0044701568300000005
2015-01-30,development,v4_hysteresis,10000000.0,50.0,-0.025025151259811793,-0.025699804411545304,0.49774347051817713,0.0596242258502941,500,62,66,1.9999999817966172,2.0028287361917307e-09,0.05000000014161032,0.04057573062913725,0.040000000489283365,0.020000000448380278,111.29849345306081,2.489111300040714,56980295.225,0.00020090738065320623,5.707910862326599e-05,0.00041666666245703926,0.0006746531517335115,0.009608756707303668,0,252,500,CLARABEL,optimal,217,17,0.00255553459
2015-01-30,development,v4_hysteresis,10000000.0,150.0,-0.025025151259811793,-0.02653313773645938,0.49774347051817713,0.0596242258502941,500,62,66,1.9999999817966172,2.0028287361917307e-09,0.05000000014161032,0.04057573062913725,0.040000000489283365,0.020000000448380278,111.29849345306081,2.489111300040714,56980295.225,0.00020090738065320623,5.707910862326599e-05,0.0012499999873711177,0.00150798647664759,0.009608756707303668,0,252,500,CLARABEL,optimal,217,17,0.00255553459
2015-01-30,development,v4_hysteresis,10000000.0,300.0,-0.025025151259811793,-0.027783137723830502,0.49774347051817713,0.0596242258502941,500,62,66,1.9999999817966172,2.0028287361917307e-09,0.05000000014161032,0.04057573062913725,0.040000000489283365,0.020000000448380278,111.29849345306081,2.489111300040714,56980295.225,0.00020090738065320623,5.707910862326599e-05,0.0024999999747422354,0.0027579864640187076,0.009608756707303668,0,252,500,CLARABEL,optimal,217,17,0.00255553459
2015-01-30,development,v4_hysteresis,100000000.0,50.0,-0.025025151259811793,-0.025823225292983715,0.49774347051817713,0.0596242258502941,500,62,66,1.9999999817966172,2.0028287361917307e-09,0.05000000014161032,0.04057573062913725,0.040000000489283365,0.020000000448380278,111.29849345306081,2.489111300040714,56980295.225,0.00020090738065320623,0.00018049999006167835,0.00041666666245703926,0.0007980740331719238,0.09608756707303667,0,252,500,CLARABEL,optimal,217,17,0.00255553459
2015-01-30,development,v4_hysteresis,100000000.0,150.0,-0.025025151259811793,-0.026656558617897796,0.49774347051817713,0.0596242258502941,500,62,66,1.9999999817966172,2.0028287361917307e-09,0.05000000014161032,0.04057573062913725,0.040000000489283365,0.020000000448380278,111.29849345306081,2.489111300040714,56980295.225,0.00020090738065320623,0.00018049999006167835,0.0012499999873711177,0.0016314073580860023,0.09608756707303667,0,252,500,CLARABEL,optimal,217,17,0.00255553459
2015-01-30,development,v4_hysteresis,100000000.0,300.0,-0.025025151259811793,-0.027906558605268913,0.49774347051817713,0.0596242258502941,500,62,66,1.9999999817966172,2.0028287361917307e-09,0.05000000014161032,0.04057573062913725,0.040000000489283365,0.020000000448380278,111.29849345306081,2.489111300040714,56980295.225,0.00020090738065320623,0.00018049999006167835,0.0024999999747422354,0.00288140734545712,0.09608756707303667,0,252,500,CLARABEL,optimal,217,17,0.00255553459
2015-01-30,development,v4_hysteresis,500000000.0,50.0,-0.025025151259811793,-0.026046335550637987,0.49774347051817713,0.0596242258502941,500,62,66,1.9999999817966172,2.0028287361917307e-09,0.05000000014161032,0.04057573062913725,0.040000000489283365,0.020000000448380278,111.29849345306081,2.489111300040714,56980295.225,0.00020090738065320623,0.0004036102477159492,0.00041666666245703926,0.0010211842908261948,0.48043783536518336,17,252,500,CLARABEL,optimal,217,17,0.00255553459
2015-01-30,development,v4_hysteresis,500000000.0,150.0,-0.025025151259811793,-0.026879668875552067,0.49774347051817713,0.0596242258502941,500,62,66,1.9999999817966172,2.0028287361917307e-09,0.05000000014161032,0.04057573062913725,0.040000000489283365,0.020000000448380278,111.29849345306081,2.489111300040714,56980295.225,0.00020090738065320623,0.0004036102477159492,0.0012499999873711177,0.0018545176157402732,0.48043783536518336,17,252,500,CLARABEL,optimal,217,17,0.00255553459
2015-01-30,development,v4_hysteresis,500000000.0,300.0,-0.025025151259811793,-0.028129668862923184,0.49774347051817713,0.0596242258502941,500,62,66,1.9999999817966172,2.0028287361917307e-09,0.05000000014161032,0.04057573062913725,0.040000000489283365,0.020000000448380278,111.29849345306081,2.489111300040714,56980295.225,0.00020090738065320623,0.0004036102477159492,0.0024999999747422354,0.003104517603111391,0.48043783536518336,17,252,500,CLARABEL,optimal,217,17,0.00255553459
2015-02-27,development,v4_hysteresis,10000000.0,50.0,0.016325380967622354,0.01557571802254458,0.7499997557658475,-0.009640181432606941,500,64,62,1.999999965208781,5.355797291772824e-09,0.05000000644475669,0.04999999879042424,0.0237792455760109,0.020000000402107122,110.90882235997104,2.6711519901728114,54590795.53,0.0002608823550337022,7.211393174136685e-05,0.00041666665830270493,0.000749662945077774,0.009194122079278177,0,252,500,CLARABEL,optimal,225,25,0.0022539602399999996
2015-02-27,development,v4_hysteresis,10000000.0,150.0,0.016325380967622354,0.01474238470593917,0.7499997557658475,-0.009640181432606941,500,64,62,1.999999965208781,5.355797291772824e-09,0.05000000644475669,0.04999999879042424,0.0237792455760109,0.020000000402107122,110.90882235997104,2.6711519901728114,54590795.53,0.0002608823550337022,7.211393174136685e-05,0.0012499999749081149,0.001582996261683184,0.009194122079278177,0,252,500,CLARABEL,optimal,225,25,0.0022539602399999996
2015-02-27,development,v4_hysteresis,10000000.0,300.0,0.016325380967622354,0.013492384731031055,0.7499997557658475,-0.009640181432606941,500,64,62,1.999999965208781,5.355797291772824e-09,0.05000000644475669,0.04999999879042424,0.0237792455760109,0.020000000402107122,110.90882235997104,2.6711519901728114,54590795.53,0.0002608823550337022,7.211393174136685e-05,0.0024999999498162297,0.0028329962365912986,0.009194122079278177,0,252,500,CLARABEL,optimal,225,25,0.0022539602399999996
2015-02-27,development,v4_hysteresis,100000000.0,50.0,0.016325380967622354,0.015419787678953314,0.7499997557658475,-0.009640181432606941,500,64,62,1.999999965208781,5.355797291772824e-09,0.05000000644475669,0.04999999879042424,0.0237792455760109,0.020000000402107122,110.90882235997104,2.6711519901728114,54590795.53,0.0002608823550337022,0.00022804427533263175,0.00041666665830270493,0.0009055932886690389,0.09194122079278176,0,252,500,CLARABEL,optimal,225,25,0.0022539602399999996
2015-02-27,development,v4_hysteresis,100000000.0,150.0,0.016325380967622354,0.014586454362347906,0.7499997557658475,-0.009640181432606941,500,64,62,1.999999965208781,5.355797291772824e-09,0.05000000644475669,0.04999999879042424,0.0237792455760109,0.020000000402107122,110.90882235997104,2.6711519901728114,54590795.53,0.0002608823550337022,0.00022804427533263175,0.0012499999749081149,0.0017389266052744488,0.09194122079278176,0,252,500,CLARABEL,optimal,225,25,0.0022539602399999996
2015-02-27,development,v4_hysteresis,100000000.0,300.0,0.016325380967622354,0.01333645438743979,0.7499997557658475,-0.009640181432606941,500,64,62,1.999999965208781,5.355797291772824e-09,0.05000000644475669,0.04999999879042424,0.0237792455760109,0.020000000402107122,110.90882235997104,2.6711519901728114,54590795.53,0.0002608823550337022,0.00022804427533263175,0.0024999999498162297,0.0029889265801825637,0.09194122079278176,0,252,500,CLARABEL,optimal,225,25,0.0022539602399999996
2015-02-27,development,v4_hysteresis,500000000.0,50.0,0.016325380967622354,0.015137909452762504,0.7499997557658475,-0.009640181432606941,500,64,62,1.999999965208781,5.355797291772824e-09,0.05000000644475669,0.04999999879042424,0.0237792455760109,0.020000000402107122,110.90882235997104,2.6711519901728114,54590795.53,0.0002608823550337022,0.0005099225015234431,0.00041666665830270493,0.0011874715148598501,0.45970610396390876,20,252,500,CLARABEL,optimal,225,25,0.0022539602399999996
2015-02-27,development,v4_hysteresis,500000000.0,150.0,0.016325380967622354,0.014304576136157094,0.7499997557658475,-0.009640181432606941,500,64,62,1.999999965208781,5.355797291772824e-09,0.05000000644475669,0.04999999879042424,0.0237792455760109,0.020000000402107122,110.90882235997104,2.6711519901728114,54590795.53,0.0002608823550337022,0.0005099225015234431,0.0012499999749081149,0.00202080483146526,0.45970610396390876,20,252,500,CLARABEL,optimal,225,25,0.0022539602399999996
2015-02-27,development,v4_hysteresis,500000000.0,300.0,0.016325380967622354,0.01305457616124898,0.7499997557658475,-0.009640181432606941,500,64,62,1.999999965208781,5.355797291772824e-09,0.05000000644475669,0.04999999879042424,0.0237792455760109,0.020000000402107122,110.90882235997104,2.6711519901728114,54590795.53,0.0002608823550337022,0.0005099225015234431,0.0024999999498162297,0.0032708048063733747,0.45970610396390876,20,252,500,CLARABEL,optimal,225,25,0.0022539602399999996
2015-03-31,development,v4_hysteresis,10000000.0,50.0,-0.014752916558925199,-0.015473436855920461,0.7215283769302459,0.006742467049047751,500,68,64,1.9999999403618751,1.1440169520038346e-08,0.05000001915656946,0.049999983232291,0.04000000597138516,0.02000000072866871,108.64368095091751,2.5916980220193877,54201335.26,0.000230989276471507,7.286436866506583e-05,0.0004166666518586887,0.0007205202969952616,0.009999998747604197,0,252,500,CLARABEL,optimal,221,21,0.0017479681050000001
2015-03-31,development,v4_hysteresis,10000000.0,150.0,-0.014752916558925199,-0.01630677015963784,0.7215283769302459,0.006742467049047751,500,68,64,1.9999999403618751,1.1440169520038346e-08,0.05000001915656946,0.049999983232291,0.04000000597138516,0.02000000072866871,108.64368095091751,2.5916980220193877,54201335.26,0.000230989276471507,7.286436866506583e-05,0.0012499999555760659,0.0015538536007126387,0.009999998747604197,0,252,500,CLARABEL,optimal,221,21,0.0017479681050000001
2015-03-31,development,v4_hysteresis,10000000.0,300.0,-0.014752916558925199,-0.017556770115213904,0.7215283769302459,0.006742467049047751,500,68,64,1.9999999403618751,1.1440169520038346e-08,0.05000001915656946,0.049999983232291,0.04000000597138516,0.02000000072866871,108.64368095091751,2.5916980220193877,54201335.26,0.000230989276471507,7.286436866506583e-05,0.0024999999111521318,0.0028038535562887046,0.009999998747604197,0,252,500,CLARABEL,optimal,221,21,0.0017479681050000001
2015-03-31,development,v4_hysteresis,100000000.0,50.0,-0.014752916558925199,-0.015630989852507205,0.7215283769302459,0.006742467049047751,500,68,64,1.9999999403618751,1.1440169520038346e-08,0.05000001915656946,0.049999983232291,0.04000000597138516,0.02000000072866871,108.64368095091751,2.5916980220193877,54201335.26,0.000230989276471507,0.00023041736525181058,0.0004166666518586887,0.0008780732935820063,0.09999998747604197,0,252,500,CLARABEL,optimal,221,21,0.0017479681050000001
2015-03-31,development,v4_hysteresis,100000000.0,150.0,-0.014752916558925199,-0.01646432315622458,0.7215283769302459,0.006742467049047751,500,68,64,1.9999999403618751,1.1440169520038346e-08,0.05000001915656946,0.049999983232291,0.04000000597138516,0.02000000072866871,108.64368095091751,2.5916980220193877,54201335.26,0.000230989276471507,0.00023041736525181058,0.0012499999555760659,0.0017114065972993835,0.09999998747604197,0,252,500,CLARABEL,optimal,221,21,0.0017479681050000001
2015-03-31,development,v4_hysteresis,100000000.0,300.0,-0.014752916558925199,-0.01771432311180065,0.7215283769302459,0.006742467049047751,500,68,64,1.9999999403618751,1.1440169520038346e-08,0.05000001915656946,0.049999983232291,0.04000000597138516,0.02000000072866871,108.64368095091751,2.5916980220193877,54201335.26,0.000230989276471507,0.00023041736525181058,0.0024999999111521318,0.002961406552875449,0.09999998747604197,0,252,500,CLARABEL,optimal,221,21,0.0017479681050000001
2015-03-31,development,v4_hysteresis,500000000.0,50.0,-0.014752916558925199,-0.01591580137915484,0.7215283769302459,0.006742467049047751,500,68,64,1.9999999403618751,1.1440169520038346e-08,0.05000001915656946,0.049999983232291,0.04000000597138516,0.02000000072866871,108.64368095091751,2.5916980220193877,54201335.26,0.000230989276471507,0.0005152288918994464,0.0004166666518586887,0.0011628848202296421,0.49999993738020987,29,252,500,CLARABEL,optimal,221,21,0.0017479681050000001
2015-03-31,development,v4_hysteresis,500000000.0,150.0,-0.014752916558925199,-0.01674913468287222,0.7215283769302459,0.006742467049047751,500,68,64,1.9999999403618751,1.1440169520038346e-08,0.05000001915656946,0.049999983232291,0.04000000597138516,0.02000000072866871,108.64368095091751,2.5916980220193877,54201335.26,0.000230989276471507,0.0005152288918994464,0.0012499999555760659,0.0019962181239470194,0.49999993738020987,29,252,500,CLARABEL,optimal,221,21,0.0017479681050000001
2015-03-31,development,v4_hysteresis,500000000.0,300.0,-0.014752916558925199,-0.017999134638448284,0.7215283769302459,0.006742467049047751,500,68,64,1.9999999403618751,1.1440169520038346e-08,0.05000001915656946,0.049999983232291,0.04000000597138516,0.02000000072866871,108.64368095091751,2.5916980220193877,54201335.26,0.000230989276471507,0.0005152288918994464,0.0024999999111521318,0.003246218079523085,0.49999993738020987,29,252,500,CLARABEL,optimal,221,21,0.0017479681050000001
2015-04-30,development,v4_hysteresis,10000000.0,50.0,-0.00025177869483282195,-0.0009191479628091839,0.539425030082917,0.012466052614111628,500,68,71,1.999999968962885,7.865351314695346e-09,0.05000000995888133,0.0415854963245105,0.03999999999447177,0.020000000707918977,109.4847897044655,2.5234232537481325,56970243.5903,0.00020268205020267146,4.802055921170426e-05,0.00041666665856198614,0.0006673692679763619,0.007518924836428552,0,252,500,CLARABEL,optimal,213,13,0.001553057995
2015-04-30,development,v4_hysteresis,10000000.0,150.0,-0.00025177869483282195,-0.0017524812799331563,0.539425030082917,0.012466052614111628,500,68,71,1.999999968962885,7.865351314695346e-09,0.05000000995888133,0.0415854963245105,0.03999999999447177,0.020000000707918977,109.4847897044655,2.5234232537481325,56970243.5903,0.00020268205020267146,4.802055921170426e-05,0.0012499999756859586,0.0015007025851003343,0.007518924836428552,0,252,500,CLARABEL,optimal,213,13,0.001553057995
2015-04-30,development,v4_hysteresis,10000000.0,300.0,-0.00025177869483282195,-0.003002481255619115,0.539425030082917,0.012466052614111628,500,68,71,1.999999968962885,7.865351314695346e-09,0.05000000995888133,0.0415854963245105,0.03999999999447177,0.020000000707918977,109.4847897044655,2.5234232537481325,56970243.5903,0.00020268205020267146,4.802055921170426e-05,0.002499999951371917,0.002750702560786293,0.007518924836428552,0,252,500,CLARABEL,optimal,213,13,0.001553057995
2015-04-30,development,v4_hysteresis,100000000.0,50.0,-0.00025177869483282195,-0.0010229817452214447,0.539425030082917,0.012466052614111628,500,68,71,1.999999968962885,7.865351314695346e-09,0.05000000995888133,0.0415854963245105,0.03999999999447177,0.020000000707918977,109.4847897044655,2.5234232537481325,56970243.5903,0.00020268205020267146,0.00015185434162396527,0.00041666665856198614,0.0007712030503886228,0.07518924836428552,0,252,500,CLARABEL,optimal,213,13,0.001553057995
2015-04-30,development,v4_hysteresis,100000000.0,150.0,-0.00025177869483282195,-0.0018563150623454171,0.539425030082917,0.012466052614111628,500,68,71,1.999999968962885,7.865351314695346e-09,0.05000000995888133,0.0415854963245105,0.03999999999447177,0.020000000707918977,109.4847897044655,2.5234232537481325,56970243.5903,0.00020268205020267146,0.00015185434162396527,0.0012499999756859586,0.0016045363675125952,0.07518924836428552,0,252,500,CLARABEL,optimal,213,13,0.001553057995
2015-04-30,development,v4_hysteresis,100000000.0,300.0,-0.00025177869483282195,-0.003106315038031376,0.539425030082917,0.012466052614111628,500,68,71,1.999999968962885,7.865351314695346e-09,0.05000000995888133,0.0415854963245105,0.03999999999447177,0.020000000707918977,109.4847897044655,2.5234232537481325,56970243.5903,0.00020268205020267146,0.00015185434162396527,0.002499999951371917,0.0028545363431985537,0.07518924836428552,0,252,500,CLARABEL,optimal,213,13,0.001553057995
2015-04-30,development,v4_hysteresis,500000000.0,50.0,-0.00025177869483282195,-0.0012106840341471418,0.539425030082917,0.012466052614111628,500,68,71,1.999999968962885,7.865351314695346e-09,0.05000000995888133,0.0415854963245105,0.03999999999447177,0.020000000707918977,109.4847897044655,2.5234232537481325,56970243.5903,0.00020268205020267146,0.00033955663054966215,0.00041666665856198614,0.0009589053393143198,0.3759462418214276,20,252,500,CLARABEL,optimal,213,13,0.001553057995
2015-04-30,development,v4_hysteresis,500000000.0,150.0,-0.00025177869483282195,-0.002044017351271114,0.539425030082917,0.012466052614111628,500,68,71,1.999999968962885,7.865351314695346e-09,0.05000000995888133,0.0415854963245105,0.03999999999447177,0.020000000707918977,109.4847897044655,2.5234232537481325,56970243.5903,0.00020268205020267146,0.00033955663054966215,0.0012499999756859586,0.0017922386564382922,0.3759462418214276,20,252,500,CLARABEL,optimal,213,13,0.001553057995
2015-04-30,development,v4_hysteresis,500000000.0,300.0,-0.00025177869483282195,-0.0032940173269570723,0.539425030082917,0.012466052614111628,500,68,71,1.999999968962885,7.865351314695346e-09,0.05000000995888133,0.0415854963245105,0.03999999999447177,0.020000000707918977,109.4847897044655,2.5234232537481325,56970243.5903,0.00020268205020267146,0.00033955663054966215,0.002499999951371917,0.0030422386321242506,0.3759462418214276,20,252,500,CLARABEL,optimal,213,13,0.001553057995
2015-05-29,development,v4_hysteresis,10000000.0,50.0,0.039889407938024604,0.03926469973353492,0.543609190027653,-0.013291597515107566,500,66,73,1.999999972929967,-1.954567063755519e-11,0.049999999218045044,-0.005023056812751978,0.03780100637314884,0.020000000627486227,110.83698427961062,2.4864434984048733,56217681.80500001,0.00016077873482954103,4.7262808628995634e-05,0.0004166666610311485,0.0006247082044896851,0.009999999852601667,0,252,500,CLARABEL,optimal,223,23,0.0015709855199999999
2015-05-29,development,v4_hysteresis,10000000.0,150.0,0.039889407938024604,0.03843136641147262,0.543609190027653,-0.013291597515107566,500,66,73,1.999999972929967,-1.954567063755519e-11,0.049999999218045044,-0.005023056812751978,0.03780100637314884,0.020000000627486227,110.83698427961062,2.4864434984048733,56217681.80500001,0.00016077873482954103,4.7262808628995634e-05,0.0012499999830934453,0.001458041526551982,0.009999999852601667,0,252,500,CLARABEL,optimal,223,23,0.0015709855199999999
2015-05-29,development,v4_hysteresis,10000000.0,300.0,0.039889407938024604,0.03718136642837918,0.543609190027653,-0.013291597515107566,500,66,73,1.999999972929967,-1.954567063755519e-11,0.049999999218045044,-0.005023056812751978,0.03780100637314884,0.020000000627486227,110.83698427961062,2.4864434984048733,56217681.80500001,0.00016077873482954103,4.7262808628995634e-05,0.0024999999661868906,0.0027080415096454274,0.009999999852601667,0,252,500,CLARABEL,optimal,223,23,0.0015709855199999999
2015-05-29,development,v4_hysteresis,100000000.0,50.0,0.039889407938024604,0.03916250441827963,0.543609190027653,-0.013291597515107566,500,66,73,1.999999972929967,-1.954567063755519e-11,0.049999999218045044,-0.005023056812751978,0.03780100637314884,0.020000000627486227,110.83698427961062,2.4864434984048733,56217681.80500001,0.00016077873482954103,0.00014945812388428618,0.0004166666610311485,0.0007269035197449757,0.09999999852601668,0,252,500,CLARABEL,optimal,223,23,0.0015709855199999999
2015-05-29,development,v4_hysteresis,100000000.0,150.0,0.039889407938024604,0.038329171096217335,0.543609190027653,-0.013291597515107566,500,66,73,1.999999972929967,-1.954567063755519e-11,0.049999999218045044,-0.005023056812751978,0.03780100637314884,0.020000000627486227,110.83698427961062,2.4864434984048733,56217681.80500001,0.00016077873482954103,0.00014945812388428618,0.0012499999830934453,0.0015602368418072725,0.09999999852601668,0,252,500,CLARABEL,optimal,223,23,0.0015709855199999999
2015-05-29,development,v4_hysteresis,100000000.0,300.0,0.039889407938024604,0.037079171113123886,0.543609190027653,-0.013291597515107566,500,66,73,1.999999972929967,-1.954567063755519e-11,0.049999999218045044,-0.005023056812751978,0.03780100637314884,0.020000000627486227,110.83698427961062,2.4864434984048733,56217681.80500001,0.00016077873482954103,0.00014945812388428618,0.0024999999661868906,0.002810236824900718,0.09999999852601668,0,252,500,CLARABEL,optimal,223,23,0.0015709855199999999
2015-05-29,development,v4_hysteresis,500000000.0,50.0,0.039889407938024604,0.03897776401736906,0.543609190027653,-0.013291597515107566,500,66,73,1.999999972929967,-1.954567063755519e-11,0.049999999218045044,-0.005023056812751978,0.03780100637314884,0.020000000627486227,110.83698427961062,2.4864434984048733,56217681.80500001,0.00016077873482954103,0.0003341985247948489,0.0004166666610311485,0.0009116439206555385,0.4999999926300834,20,252,500,CLARABEL,optimal,223,23,0.0015709855199999999
2015-05-29,development,v4_hysteresis,500000000.0,150.0,0.039889407938024604,0.03814443069530677,0.543609190027653,-0.013291597515107566,500,66,73,1.999999972929967,-1.954567063755519e-11,0.049999999218045044,-0.005023056812751978,0.03780100637314884,0.020000000627486227,110.83698427961062,2.4864434984048733,56217681.80500001,0.00016077873482954103,0.0003341985247948489,0.0012499999830934453,0.0017449772427178354,0.4999999926300834,20,252,500,CLARABEL,optimal,223,23,0.0015709855199999999
2015-05-29,development,v4_hysteresis,500000000.0,300.0,0.039889407938024604,0.03689443071221332,0.543609190027653,-0.013291597515107566,500,66,73,1.999999972929967,-1.954567063755519e-11,0.049999999218045044,-0.005023056812751978,0.03780100637314884,0.020000000627486227,110.83698427961062,2.4864434984048733,56217681.80500001,0.00016077873482954103,0.0003341985247948489,0.0024999999661868906,0.0029949772258112805,0.4999999926300834,20,252,500,CLARABEL,optimal,223,23,0.0015709855199999999
2015-06-30,development,v4_hysteresis,10000000.0,50.0,0.05607116230077872,0.055383798016823325,0.5238132125274426,0.017298014864734482,500,65,72,1.9999999653218272,-1.9666681998209423e-09,0.04999999582723427,0.05000000429088694,0.03999999837513889,0.02000000053498635,110.40244678473553,2.6756628990998284,53685751.37,0.000208183373535172,6.251425056845457e-05,0.00041666665985176996,0.0006873642839553965,0.009999999708979957,0,252,500,CLARABEL,optimal,218,18,0.0018989899800000002
2015-06-30,development,v4_hysteresis,10000000.0,150.0,0.05607116230077872,0.054550464697119785,0.5238132125274426,0.017298014864734482,500,65,72,1.9999999653218272,-1.9666681998209423e-09,0.04999999582723427,0.05000000429088694,0.03999999837513889,0.02000000053498635,110.40244678473553,2.6756628990998284,53685751.37,0.000208183373535172,6.251425056845457e-05,0.0012499999795553098,0.0015206976036589363,0.009999999708979957,0,252,500,CLARABEL,optimal,218,18,0.0018989899800000002
2015-06-30,development,v4_hysteresis,10000000.0,300.0,0.05607116230077872,0.05330046471756448,0.5238132125274426,0.017298014864734482,500,65,72,1.9999999653218272,-1.9666681998209423e-09,0.04999999582723427,0.05000000429088694,0.03999999837513889,0.02000000053498635,110.40244678473553,2.6756628990998284,53685751.37,0.000208183373535172,6.251425056845457e-05,0.0024999999591106196,0.0027706975832142463,0.009999999708979957,0,252,500,CLARABEL,optimal,218,18,0.0018989899800000002
2015-06-30,development,v4_hysteresis,100000000.0,50.0,0.05607116230077872,0.05524862484937699,0.5238132125274426,0.017298014864734482,500,65,72,1.9999999653218272,-1.9666681998209423e-09,0.04999999582723427,0.05000000429088694,0.03999999837513889,0.02000000053498635,110.40244678473553,2.6756628990998284,53685751.37,0.000208183373535172,0.00019768741801479232,0.00041666665985176996,0.0008225374514017343,0.09999999708979958,0,252,500,CLARABEL,optimal,218,18,0.0018989899800000002
2015-06-30,development,v4_hysteresis,100000000.0,150.0,0.05607116230077872,0.05441529152967345,0.5238132125274426,0.017298014864734482,500,65,72,1.9999999653218272,-1.9666681998209423e-09,0.04999999582723427,0.05000000429088694,0.03999999837513889,0.02000000053498635,110.40244678473553,2.6756628990998284,53685751.37,0.000208183373535172,0.00019768741801479232,0.0012499999795553098,0.001655870771105274,0.09999999708979958,0,252,500,CLARABEL,optimal,218,18,0.0018989899800000002
2015-06-30,development,v4_hysteresis,100000000.0,300.0,0.05607116230077872,0.053165291550118135,0.5238132125274426,0.017298014864734482,500,65,72,1.9999999653218272,-1.9666681998209423e-09,0.04999999582723427,0.05000000429088694,0.03999999837513889,0.02000000053498635,110.40244678473553,2.6756628990998284,53685751.37,0.000208183373535172,0.00019768741801479232,0.0024999999591106196,0.002905870750660584,0.09999999708979958,0,252,500,CLARABEL,optimal,218,18,0.0018989899800000002
2015-06-30,development,v4_hysteresis,500000000.0,50.0,0.05607116230077872,0.055004269762414286,0.5238132125274426,0.017298014864734482,500,65,72,1.9999999653218272,-1.9666681998209423e-09,0.04999999582723427,0.05000000429088694,0.03999999837513889,0.02000000053498635,110.40244678473553,2.6756628990998284,53685751.37,0.000208183373535172,0.000442042504977492,0.00041666665985176996,0.001066892538364434,0.4999999854489979,21,252,500,CLARABEL,optimal,218,18,0.0018989899800000002
2015-06-30,development,v4_hysteresis,500000000.0,150.0,0.05607116230077872,0.054170936442710746,0.5238132125274426,0.017298014864734482,500,65,72,1.9999999653218272,-1.9666681998209423e-09,0.04999999582723427,0.05000000429088694,0.03999999837513889,0.02000000053498635,110.40244678473553,2.6756628990998284,53685751.37,0.000208183373535172,0.000442042504977492,0.0012499999795553098,0.0019002258580679738,0.4999999854489979,21,252,500,CLARABEL,optimal,218,18,0.0018989899800000002
2015-06-30,development,v4_hysteresis,500000000.0,300.0,0.05607116230077872,0.05292093646315544,0.5238132125274426,0.017298014864734482,500,65,72,1.9999999653218272,-1.9666681998209423e-09,0.04999999582723427,0.05000000429088694,0.03999999837513889,0.02000000053498635,110.40244678473553,2.6756628990998284,53685751.37,0.000208183373535172,0.000442042504977492,0.0024999999591106196,0.0031502258376232837,0.4999999854489979,21,252,500,CLARABEL,optimal,218,18,0.0018989899800000002
2015-07-31,development,v4_hysteresis,10000000.0,50.0,0.011303938300422388,0.010625543454546152,0.5901767315962977,-0.060858298784307395,500,61,71,1.9999999644783335,-7.467168869346175e-09,0.049999990481358635,0.05000000905646665,0.03582622247388423,0.02000000053853339,109.89497162039042,2.774637125312903,54549655.487500004,0.00020075190473555578,6.097628031869969e-05,0.00041666666082197965,0.0006783948458762351,0.00999999930595571,0,252,500,CLARABEL,optimal,216,16,0.00150848649
2015-07-31,development,v4_hysteresis,10000000.0,150.0,0.011303938300422388,0.009792210132902194,0.5901767315962977,-0.060858298784307395,500,61,71,1.9999999644783335,-7.467168869346175e-09,0.049999990481358635,0.05000000905646665,0.03582622247388423,0.02000000053853339,109.89497162039042,2.774637125312903,54549655.487500004,0.00020075190473555578,6.097628031869969e-05,0.001249999982465939,0.0015117281675201945,0.00999999930595571,0,252,500,CLARABEL,optimal,216,16,0.00150848649
2015-07-31,development,v4_hysteresis,10000000.0,300.0,0.011303938300422388,0.008542210150436255,0.5901767315962977,-0.060858298784307395,500,61,71,1.9999999644783335,-7.467168869346175e-09,0.049999990481358635,0.05000000905646665,0.03582622247388423,0.02000000053853339,109.89497162039042,2.774637125312903,54549655.487500004,0.00020075190473555578,6.097628031869969e-05,0.002499999964931878,0.0027617281499861335,0.00999999930595571,0,252,500,CLARABEL,optimal,216,16,0.00150848649
2015-07-31,development,v4_hysteresis,100000000.0,50.0,0.011303938300422388,0.010493695805812863,0.5901767315962977,-0.060858298784307395,500,61,71,1.9999999644783335,-7.467168869346175e-09,0.049999990481358635,0.05000000905646665,0.03582622247388423,0.02000000053853339,109.89497162039042,2.774637125312903,54549655.487500004,0.00020075190473555578,0.00019282392905198883,0.00041666666082197965,0.0008102424946095242,0.0999999930595571,0,252,500,CLARABEL,optimal,216,16,0.00150848649
2015-07-31,development,v4_hysteresis,100000000.0,150.0,0.011303938300422388,0.009660362484168905,0.5901767315962977,-0.060858298784307395,500,61,71,1.9999999644783335,-7.467168869346175e-09,0.049999990481358635,0.05000000905646665,0.03582622247388423,0.02000000053853339,109.89497162039042,2.774637125312903,54549655.487500004,0.00020075190473555578,0.00019282392905198883,0.001249999982465939,0.0016435758162534836,0.0999999930595571,0,252,500,CLARABEL,optimal,216,16,0.00150848649
2015-07-31,development,v4_hysteresis,100000000.0,300.0,0.011303938300422388,0.008410362501702965,0.5901767315962977,-0.060858298784307395,500,61,71,1.9999999644783335,-7.467168869346175e-09,0.049999990481358635,0.05000000905646665,0.03582622247388423,0.02000000053853339,109.89497162039042,2.774637125312903,54549655.487500004,0.00020075190473555578,0.00019282392905198883,0.002499999964931878,0.002893575798719423,0.0999999930595571,0,252,500,CLARABEL,optimal,216,16,0.00150848649
2015-07-31,development,v4_hysteresis,500000000.0,50.0,0.011303938300422388,0.010255352321816008,0.5901767315962977,-0.060858298784307395,500,61,71,1.9999999644783335,-7.467168869346175e-09,0.049999990481358635,0.05000000905646665,0.03582622247388423,0.02000000053853339,109.89497162039042,2.774637125312903,54549655.487500004,0.00020075190473555578,0.0004311674130488436,0.00041666666082197965,0.001048585978606379,0.4999999652977855,24,252,500,CLARABEL,optimal,216,16,0.00150848649
2015-07-31,development,v4_hysteresis,500000000.0,150.0,0.011303938300422388,0.00942201900017205,0.5901767315962977,-0.060858298784307395,500,61,71,1.9999999644783335,-7.467168869346175e-09,0.049999990481358635,0.05000000905646665,0.03582622247388423,0.02000000053853339,109.89497162039042,2.774637125312903,54549655.487500004,0.00020075190473555578,0.0004311674130488436,0.001249999982465939,0.0018819193002503384,0.4999999652977855,24,252,500,CLARABEL,optimal,216,16,0.00150848649
2015-07-31,development,v4_hysteresis,500000000.0,300.0,0.011303938300422388,0.00817201901770611,0.5901767315962977,-0.060858298784307395,500,61,71,1.9999999644783335,-7.467168869346175e-09,0.049999990481358635,0.05000000905646665,0.03582622247388423,0.02000000053853339,109.89497162039042,2.774637125312903,54549655.487500004,0.00020075190473555578,0.0004311674130488436,0.002499999964931878,0.0031319192827162774,0.4999999652977855,24,252,500,CLARABEL,optimal,216,16,0.00150848649
2015-08-31,development,v4_hysteresis,10000000.0,50.0,0.04211413858452641,0.041369927413171935,0.689570130533534,-0.030764589649850682,500,60,70,1.9999999737856213,-2.9030999895707232e-09,0.04999999588241423,0.05000000480613266,0.03148550138706145,0.020000000481786587,110.75647800358287,2.851081531356939,59132360.42,0.0002494512940441326,7.809321550018916e-05,0.0004166666618101503,0.0007442111713544721,0.010000000241849376,0,252,500,CLARABEL,optimal,222,22,0.00167668776
2015-08-31,development,v4_hysteresis,10000000.0,150.0,0.04211413858452641,0.04053659408955164,0.689570130533534,-0.030764589649850682,500,60,70,1.9999999737856213,-2.9030999895707232e-09,0.04999999588241423,0.05000000480613266,0.03148550138706145,0.020000000481786587,110.75647800358287,2.851081531356939,59132360.42,0.0002494512940441326,7.809321550018916e-05,0.001249999985430451,0.0015775444949747727,0.010000000241849376,0,252,500,CLARABEL,optimal,222,22,0.00167668776
2015-08-31,development,v4_hysteresis,10000000.0,300.0,0.04211413858452641,0.039286594104121185,0.689570130533534,-0.030764589649850682,500,60,70,1.9999999737856213,-2.9030999895707232e-09,0.04999999588241423,0.05000000480613266,0.03148550138706145,0.020000000481786587,110.75647800358287,2.851081531356939,59132360.42,0.0002494512940441326,7.809321550018916e-05,0.002499999970860902,0.0028275444804052234,0.010000000241849376,0,252,500,CLARABEL,optimal,222,22,0.00167668776
2015-08-31,development,v4_hysteresis,100000000.0,50.0,0.04211413858452641,0.04120106819788516,0.689570130533534,-0.030764589649850682,500,60,70,1.9999999737856213,-2.9030999895707232e-09,0.04999999588241423,0.05000000480613266,0.03148550138706145,0.020000000481786587,110.75647800358287,2.851081531356939,59132360.42,0.0002494512940441326,0.0002469524307869632,0.0004166666618101503,0.0009130703866412461,0.10000000241849374,1,252,500,CLARABEL,optimal,222,22,0.00167668776
2015-08-31,development,v4_hysteresis,100000000.0,150.0,0.04211413858452641,0.040367734874264864,0.689570130533534,-0.030764589649850682,500,60,70,1.9999999737856213,-2.9030999895707232e-09,0.04999999588241423,0.05000000480613266,0.03148550138706145,0.020000000481786587,110.75647800358287,2.851081531356939,59132360.42,0.0002494512940441326,0.0002469524307869632,0.001249999985430451,0.0017464037102615467,0.10000000241849374,1,252,500,CLARABEL,optimal,222,22,0.00167668776
2015-08-31,development,v4_hysteresis,100000000.0,300.0,0.04211413858452641,0.03911773488883441,0.689570130533534,-0.030764589649850682,500,60,70,1.9999999737856213,-2.9030999895707232e-09,0.04999999588241423,0.05000000480613266,0.03148550138706145,0.020000000481786587,110.75647800358287,2.851081531356939,59132360.42,0.0002494512940441326,0.0002469524307869632,0.002499999970860902,0.002996403695691998,0.10000000241849374,1,252,500,CLARABEL,optimal,222,22,0.00167668776
2015-08-31,development,v4_hysteresis,500000000.0,50.0,0.04211413858452641,0.040895818206223664,0.689570130533534,-0.030764589649850682,500,60,70,1.9999999737856213,-2.9030999895707232e-09,0.04999999588241423,0.05000000480613266,0.03148550138706145,0.020000000481786587,110.75647800358287,2.851081531356939,59132360.42,0.0002494512940441326,0.0005522024224484616,0.0004166666618101503,0.0012183203783027445,0.5000000120924687,30,252,500,CLARABEL,optimal,222,22,0.00167668776
2015-08-31,development,v4_hysteresis,500000000.0,150.0,0.04211413858452641,0.04006248488260336,0.689570130533534,-0.030764589649850682,500,60,70,1.9999999737856213,-2.9030999895707232e-09,0.04999999588241423,0.05000000480613266,0.03148550138706145,0.020000000481786587,110.75647800358287,2.851081531356939,59132360.42,0.0002494512940441326,0.0005522024224484616,0.001249999985430451,0.0020516537019230454,0.5000000120924687,30,252,500,CLARABEL,optimal,222,22,0.00167668776
2015-08-31,development,v4_hysteresis,500000000.0,300.0,0.04211413858452641,0.038812484897172914,0.689570130533534,-0.030764589649850682,500,60,70,1.9999999737856213,-2.9030999895707232e-09,0.04999999588241423,0.05000000480613266,0.03148550138706145,0.020000000481786587,110.75647800358287,2.851081531356939,59132360.42,0.0002494512940441326,0.0005522024224484616,0.002499999970860902,0.003301653687353496,0.5000000120924687,30,252,500,CLARABEL,optimal,222,22,0.00167668776
2015-09-30,development,v4_hysteresis,10000000.0,50.0,-0.004121942315131244,-0.004799096039716316,0.5525704162073235,0.08773211595310035,500,59,68,1.9999999763363083,-7.300776816432375e-09,0.04999999204490968,-0.03786583713071709,0.03443732823914533,0.020000000492328154,109.12158384396693,2.977018964063267,56637833.345,0.0001988250281896341,6.166203313771252e-05,0.0004166666632577261,0.0006771537245850727,0.006433360290424449,0,252,500,CLARABEL,optimal,210,10,0.0013096338799999999
2015-09-30,development,v4_hysteresis,10000000.0,150.0,-0.004121942315131244,-0.005632429366231768,0.5525704162073235,0.08773211595310035,500,59,68,1.9999999763363083,-7.300776816432375e-09,0.04999999204490968,-0.03786583713071709,0.03443732823914533,0.020000000492328154,109.12158384396693,2.977018964063267,56637833.345,0.0001988250281896341,6.166203313771252e-05,0.001249999989773178,0.0015104870511005247,0.006433360290424449,0,252,500,CLARABEL,optimal,210,10,0.0013096338799999999
2015-09-30,development,v4_hysteresis,10000000.0,300.0,-0.004121942315131244,-0.006882429356004947,0.5525704162073235,0.08773211595310035,500,59,68,1.9999999763363083,-7.300776816432375e-09,0.04999999204490968,-0.03786583713071709,0.03443732823914533,0.020000000492328154,109.12158384396693,2.977018964063267,56637833.345,0.0001988250281896341,6.166203313771252e-05,0.002499999979546356,0.0027604870408737027,0.006433360290424449,0,252,500,CLARABEL,optimal,210,10,0.0013096338799999999
2015-09-30,development,v4_hysteresis,100000000.0,50.0,-0.004121942315131244,-0.0049324264764505545,0.5525704162073235,0.08773211595310035,500,59,68,1.9999999763363083,-7.300776816432375e-09,0.04999999204490968,-0.03786583713071709,0.03443732823914533,0.020000000492328154,109.12158384396693,2.977018964063267,56637833.345,0.0001988250281896341,0.0001949924698719506,0.0004166666632577261,0.0008104841613193108,0.06433360290424449,0,252,500,CLARABEL,optimal,210,10,0.0013096338799999999
2015-09-30,development,v4_hysteresis,100000000.0,150.0,-0.004121942315131244,-0.005765759802966007,0.5525704162073235,0.08773211595310035,500,59,68,1.9999999763363083,-7.300776816432375e-09,0.04999999204490968,-0.03786583713071709,0.03443732823914533,0.020000000492328154,109.12158384396693,2.977018964063267,56637833.345,0.0001988250281896341,0.0001949924698719506,0.001249999989773178,0.0016438174878347627,0.06433360290424449,0,252,500,CLARABEL,optimal,210,10,0.0013096338799999999
2015-09-30,development,v4_hysteresis,100000000.0,300.0,-0.004121942315131244,-0.007015759792739185,0.5525704162073235,0.08773211595310035,500,59,68,1.9999999763363083,-7.300776816432375e-09,0.04999999204490968,-0.03786583713071709,0.03443732823914533,0.020000000492328154,109.12158384396693,2.977018964063267,56637833.345,0.0001988250281896341,0.0001949924698719506,0.002499999979546356,0.002893817477607941,0.06433360290424449,0,252,500,CLARABEL,optimal,210,10,0.0013096338799999999
2015-09-30,development,v4_hysteresis,500000000.0,50.0,-0.004121942315131244,-0.005173450424312866,0.5525704162073235,0.08773211595310035,500,59,68,1.9999999763363083,-7.300776816432375e-09,0.04999999204490968,-0.03786583713071709,0.03443732823914533,0.020000000492328154,109.12158384396693,2.977018964063267,56637833.345,0.0001988250281896341,0.00043601641773426125,0.0004166666632577261,0.0010515081091816215,0.32166801452122246,20,252,500,CLARABEL,optimal,210,10,0.0013096338799999999
2015-09-30,development,v4_hysteresis,500000000.0,150.0,-0.004121942315131244,-0.006006783750828318,0.5525704162073235,0.08773211595310035,500,59,68,1.9999999763363083,-7.300776816432375e-09,0.04999999204490968,-0.03786583713071709,0.03443732823914533,0.020000000492328154,109.12158384396693,2.977018964063267,56637833.345,0.0001988250281896341,0.00043601641773426125,0.001249999989773178,0.0018848414356970734,0.32166801452122246,20,252,500,CLARABEL,optimal,210,10,0.0013096338799999999
2015-09-30,development,v4_hysteresis,500000000.0,300.0,-0.004121942315131244,-0.007256783740601495,0.5525704162073235,0.08773211595310035,500,59,68,1.9999999763363083,-7.300776816432375e-09,0.04999999204490968,-0.03786583713071709,0.03443732823914533,0.020000000492328154,109.12158384396693,2.977018964063267,56637833.345,0.0001988250281896341,0.00043601641773426125,0.002499999979546356,0.0031348414254702512,0.32166801452122246,20,252,500,CLARABEL,optimal,210,10,0.0013096338799999999
2015-10-30,development,v4_hysteresis,10000000.0,50.0,-0.013653670766914164,-0.014243647283410783,0.3436487403901958,0.005166422042855825,500,60,68,1.999999975569826,-5.803869523868244e-09,0.049999994556040234,-0.030901824396249885,0.04000000020201297,0.020000000458996747,109.58063211130121,3.038135523503998,58873191.56,0.00013298120076282765,4.032865294760394e-05,0.00041666666278618655,0.0005899765164966181,0.006168501477529285,0,252,500,CLARABEL,optimal,218,18,0.0015946254000000005
2015-10-30,development,v4_hysteresis,10000000.0,150.0,-0.013653670766914164,-0.015076980608983156,0.3436487403901958,0.005166422042855825,500,60,68,1.999999975569826,-5.803869523868244e-09,0.049999994556040234,-0.030901824396249885,0.04000000020201297,0.020000000458996747,109.58063211130121,3.038135523503998,58873191.56,0.00013298120076282765,4.032865294760394e-05,0.0012499999883585598,0.0014233098420689913,0.006168501477529285,0,252,500,CLARABEL,optimal,218,18,0.0015946254000000005
2015-10-30,development,v4_hysteresis,10000000.0,300.0,-0.013653670766914164,-0.016326980597341716,0.3436487403901958,0.005166422042855825,500,60,68,1.999999975569826,-5.803869523868244e-09,0.049999994556040234,-0.030901824396249885,0.04000000020201297,0.020000000458996747,109.58063211130121,3.038135523503998,58873191.56,0.00013298120076282765,4.032865294760394e-05,0.0024999999767171197,0.0026733098304275514,0.006168501477529285,0,252,500,CLARABEL,optimal,218,18,0.0015946254000000005
2015-10-30,development,v4_hysteresis,100000000.0,50.0,-0.013653670766914164,-0.01433084902874407,0.3436487403901958,0.005166422042855825,500,60,68,1.999999975569826,-5.803869523868244e-09,0.049999994556040234,-0.030901824396249885,0.04000000020201297,0.020000000458996747,109.58063211130121,3.038135523503998,58873191.56,0.00013298120076282765,0.0001275303982808916,0.00041666666278618655,0.0006771782618299058,0.06168501477529285,0,252,500,CLARABEL,optimal,218,18,0.0015946254000000005
2015-10-30,development,v4_hysteresis,100000000.0,150.0,-0.013653670766914164,-0.015164182354316443,0.3436487403901958,0.005166422042855825,500,60,68,1.999999975569826,-5.803869523868244e-09,0.049999994556040234,-0.030901824396249885,0.04000000020201297,0.020000000458996747,109.58063211130121,3.038135523503998,58873191.56,0.00013298120076282765,0.0001275303982808916,0.0012499999883585598,0.0015105115874022791,0.06168501477529285,0,252,500,CLARABEL,optimal,218,18,0.0015946254000000005
2015-10-30,development,v4_hysteresis,100000000.0,300.0,-0.013653670766914164,-0.016414182342675002,0.3436487403901958,0.005166422042855825,500,60,68,1.999999975569826,-5.803869523868244e-09,0.049999994556040234,-0.030901824396249885,0.04000000020201297,0.020000000458996747,109.58063211130121,3.038135523503998,58873191.56,0.00013298120076282765,0.0001275303982808916,0.0024999999767171197,0.002760511575760839,0.06168501477529285,0,252,500,CLARABEL,optimal,218,18,0.0015946254000000005
2015-10-30,development,v4_hysteresis,500000000.0,50.0,-0.013653670766914164,-0.014488485270216874,0.3436487403901958,0.005166422042855825,500,60,68,1.999999975569826,-5.803869523868244e-09,0.049999994556040234,-0.030901824396249885,0.04000000020201297,0.020000000458996747,109.58063211130121,3.038135523503998,58873191.56,0.00013298120076282765,0.0002851666397536959,0.00041666666278618655,0.0008348145033027101,0.3084250738764643,10,252,500,CLARABEL,optimal,218,18,0.0015946254000000005
2015-10-30,development,v4_hysteresis,500000000.0,150.0,-0.013653670766914164,-0.015321818595789247,0.3436487403901958,0.005166422042855825,500,60,68,1.999999975569826,-5.803869523868244e-09,0.049999994556040234,-0.030901824396249885,0.04000000020201297,0.020000000458996747,109.58063211130121,3.038135523503998,58873191.56,0.00013298120076282765,0.0002851666397536959,0.0012499999883585598,0.0016681478288750834,0.3084250738764643,10,252,500,CLARABEL,optimal,218,18,0.0015946254000000005
2015-10-30,development,v4_hysteresis,500000000.0,300.0,-0.013653670766914164,-0.01657181858414781,0.3436487403901958,0.005166422042855825,500,60,68,1.999999975569826,-5.803869523868244e-09,0.049999994556040234,-0.030901824396249885,0.04000000020201297,0.020000000458996747,109.58063211130121,3.038135523503998,58873191.56,0.00013298120076282765,0.0002851666397536959,0.0024999999767171197,0.002918147817233643,0.3084250738764643,10,252,500,CLARABEL,optimal,218,18,0.0015946254000000005
2015-11-30,development,v4_hysteresis,10000000.0,50.0,-0.011486416720940293,-0.012213403027385921,0.6222658576042088,-0.022288338151209654,500,66,66,1.9999999710284442,-6.5560902262618015e-09,0.049999991305650804,0.014434273045555352,0.03922707545282862,0.020000000402349647,110.9882282097737,3.0349756478566383,58700964.82,0.00023100023907872305,7.93194053701276e-05,0.0004166666619967781,0.0007269863064456287,0.010471431856610276,0,252,500,CLARABEL,optimal,221,21,0.0016323028000000002
2015-11-30,development,v4_hysteresis,10000000.0,150.0,-0.011486416720940293,-0.013046736351379477,0.6222658576042088,-0.022288338151209654,500,66,66,1.9999999710284442,-6.5560902262618015e-09,0.049999991305650804,0.014434273045555352,0.03922707545282862,0.020000000402349647,110.9882282097737,3.0349756478566383,58700964.82,0.00023100023907872305,7.93194053701276e-05,0.0012499999859903342,0.001560319630439185,0.010471431856610276,0,252,500,CLARABEL,optimal,221,21,0.0016323028000000002
2015-11-30,development,v4_hysteresis,10000000.0,300.0,-0.011486416720940293,-0.014296736337369812,0.6222658576042088,-0.022288338151209654,500,66,66,1.9999999710284442,-6.5560902262618015e-09,0.049999991305650804,0.014434273045555352,0.03922707545282862,0.020000000402349647,110.9882282097737,3.0349756478566383,58700964.82,0.00023100023907872305,7.93194053701276e-05,0.0024999999719806684,0.002810319616429519,0.010471431856610276,0,252,500,CLARABEL,optimal,221,21,0.0016323028000000002
2015-11-30,development,v4_hysteresis,100000000.0,50.0,-0.011486416720940293,-0.012384913605635588,0.6222658576042088,-0.022288338151209654,500,66,66,1.9999999710284442,-6.5560902262618015e-09,0.049999991305650804,0.014434273045555352,0.03922707545282862,0.020000000402349647,110.9882282097737,3.0349756478566383,58700964.82,0.00023100023907872305,0.00025082998361979433,0.0004166666619967781,0.0008984968846952955,0.10471431856610276,2,252,500,CLARABEL,optimal,221,21,0.0016323028000000002
2015-11-30,development,v4_hysteresis,100000000.0,150.0,-0.011486416720940293,-0.013218246929629144,0.6222658576042088,-0.022288338151209654,500,66,66,1.9999999710284442,-6.5560902262618015e-09,0.049999991305650804,0.014434273045555352,0.03922707545282862,0.020000000402349647,110.9882282097737,3.0349756478566383,58700964.82,0.00023100023907872305,0.00025082998361979433,0.0012499999859903342,0.0017318302086888515,0.10471431856610276,2,252,500,CLARABEL,optimal,221,21,0.0016323028000000002
2015-11-30,development,v4_hysteresis,100000000.0,300.0,-0.011486416720940293,-0.014468246915619478,0.6222658576042088,-0.022288338151209654,500,66,66,1.9999999710284442,-6.5560902262618015e-09,0.049999991305650804,0.014434273045555352,0.03922707545282862,0.020000000402349647,110.9882282097737,3.0349756478566383,58700964.82,0.00023100023907872305,0.00025082998361979433,0.0024999999719806684,0.002981830194679186,0.10471431856610276,2,252,500,CLARABEL,optimal,221,21,0.0016323028000000002
2015-11-30,development,v4_hysteresis,500000000.0,50.0,-0.011486416720940293,-0.012694956516184812,0.6222658576042088,-0.022288338151209654,500,66,66,1.9999999710284442,-6.5560902262618015e-09,0.049999991305650804,0.014434273045555352,0.03922707545282862,0.020000000402349647,110.9882282097737,3.0349756478566383,58700964.82,0.00023100023907872305,0.0005608728941690188,0.0004166666619967781,0.00120853979524452,0.5235715928305138,20,252,500,CLARABEL,optimal,221,21,0.0016323028000000002
2015-11-30,development,v4_hysteresis,500000000.0,150.0,-0.011486416720940293,-0.013528289840178368,0.6222658576042088,-0.022288338151209654,500,66,66,1.9999999710284442,-6.5560902262618015e-09,0.049999991305650804,0.014434273045555352,0.03922707545282862,0.020000000402349647,110.9882282097737,3.0349756478566383,58700964.82,0.00023100023907872305,0.0005608728941690188,0.0012499999859903342,0.002041873119238076,0.5235715928305138,20,252,500,CLARABEL,optimal,221,21,0.0016323028000000002
2015-11-30,development,v4_hysteresis,500000000.0,300.0,-0.011486416720940293,-0.014778289826168703,0.6222658576042088,-0.022288338151209654,500,66,66,1.9999999710284442,-6.5560902262618015e-09,0.049999991305650804,0.014434273045555352,0.03922707545282862,0.020000000402349647,110.9882282097737,3.0349756478566383,58700964.82,0.00023100023907872305,0.0005608728941690188,0.0024999999719806684,0.00329187310522841,0.5235715928305138,20,252,500,CLARABEL,optimal,221,21,0.0016323028000000002
2015-12-31,development,v4_hysteresis,10000000.0,50.0,0.05508597132545363,0.05439555359519409,0.5448485754051582,-0.06121554491504276,500,70,64,1.9999999841162206,-6.943144781335064e-09,0.049999991376459246,0.05000000857310525,0.027216568738983715,0.02000000039752363,111.87384623953666,3.071018486781763,55690318.93,0.00020491543342995522,6.883563202554829e-05,0.00041666666480403447,0.000690417730259538,0.008678967435233501,0,252,500,CLARABEL,optimal,218,18,0.0017991773450000003
2015-12-31,development,v4_hysteresis,10000000.0,150.0,0.05508597132545363,0.05356222026558602,0.5448485754051582,-0.06121554491504276,500,70,64,1.9999999841162206,-6.943144781335064e-09,0.049999991376459246,0.05000000857310525,0.027216568738983715,0.02000000039752363,111.87384623953666,3.071018486781763,55690318.93,0.00020491543342995522,6.883563202554829e-05,0.0012499999944121031,0.0015237510598676066,0.008678967435233501,0,252,500,CLARABEL,optimal,218,18,0.0017991773450000003
2015-12-31,development,v4_hysteresis,10000000.0,300.0,0.05508597132545363,0.052312220271173916,0.5448485754051582,-0.06121554491504276,500,70,64,1.9999999841162206,-6.943144781335064e-09,0.049999991376459246,0.05000000857310525,0.027216568738983715,0.02000000039752363,111.87384623953666,3.071018486781763,55690318.93,0.00020491543342995522,6.883563202554829e-05,0.0024999999888242063,0.0027737510542797097,0.008678967435233501,0,252,500,CLARABEL,optimal,218,18,0.0017991773450000003
2015-12-31,development,v4_hysteresis,100000000.0,50.0,0.05508597132545363,0.05424671184584168,0.5448485754051582,-0.06121554491504276,500,70,64,1.9999999841162206,-6.943144781335064e-09,0.049999991376459246,0.05000000857310525,0.027216568738983715,0.02000000039752363,111.87384623953666,3.071018486781763,55690318.93,0.00020491543342995522,0.00021767738137796238,0.00041666666480403447,0.0008392594796119521,0.08678967435233502,0,252,500,CLARABEL,optimal,218,18,0.0017991773450000003
2015-12-31,development,v4_hysteresis,100000000.0,150.0,0.05508597132545363,0.05341337851623361,0.5448485754051582,-0.06121554491504276,500,70,64,1.9999999841162206,-6.943144781335064e-09,0.049999991376459246,0.05000000857310525,0.027216568738983715,0.02000000039752363,111.87384623953666,3.071018486781763,55690318.93,0.00020491543342995522,0.00021767738137796238,0.0012499999944121031,0.0016725928092200207,0.08678967435233502,0,252,500,CLARABEL,optimal,218,18,0.0017991773450000003
2015-12-31,development,v4_hysteresis,100000000.0,300.0,0.05508597132545363,0.052163378521821506,0.5448485754051582,-0.06121554491504276,500,70,64,1.9999999841162206,-6.943144781335064e-09,0.049999991376459246,0.05000000857310525,0.027216568738983715,0.02000000039752363,111.87384623953666,3.071018486781763,55690318.93,0.00020491543342995522,0.00021767738137796238,0.0024999999888242063,0.002922592803632124,0.08678967435233502,0,252,500,CLARABEL,optimal,218,18,0.0017991773450000003
2015-12-31,development,v4_hysteresis,500000000.0,50.0,0.05508597132545363,0.05397764780529437,0.5448485754051582,-0.06121554491504276,500,70,64,1.9999999841162206,-6.943144781335064e-09,0.049999991376459246,0.05000000857310525,0.027216568738983715,0.02000000039752363,111.87384623953666,3.071018486781763,55690318.93,0.00020491543342995522,0.00048674142192527066,0.00041666666480403447,0.0011083235201592603,0.4339483717616751,20,252,500,CLARABEL,optimal,218,18,0.0017991773450000003
2015-12-31,development,v4_hysteresis,500000000.0,150.0,0.05508597132545363,0.0531443144756863,0.5448485754051582,-0.06121554491504276,500,70,64,1.9999999841162206,-6.943144781335064e-09,0.049999991376459246,0.05000000857310525,0.027216568738983715,0.02000000039752363,111.87384623953666,3.071018486781763,55690318.93,0.00020491543342995522,0.00048674142192527066,0.0012499999944121031,0.001941656849767329,0.4339483717616751,20,252,500,CLARABEL,optimal,218,18,0.0017991773450000003
2015-12-31,development,v4_hysteresis,500000000.0,300.0,0.05508597132545363,0.0518943144812742,0.5448485754051582,-0.06121554491504276,500,70,64,1.9999999841162206,-6.943144781335064e-09,0.049999991376459246,0.05000000857310525,0.027216568738983715,0.02000000039752363,111.87384623953666,3.071018486781763,55690318.93,0.00020491543342995522,0.00048674142192527066,0.0024999999888242063,0.0031916568441794323,0.4339483717616751,20,252,500,CLARABEL,optimal,218,18,0.0017991773450000003
2016-01-29,development,v4_hysteresis,10000000.0,50.0,-0.029500023759889533,-0.030234089980519307,0.6608752678451497,-0.004856588987453817,500,69,66,1.999999972556282,4.875655518210564e-09,0.05000000701653309,0.0498591540319209,0.03999999824611537,0.020000000382864657,110.50321998774726,3.0496878726227514,59226764.91,0.0002356804535670089,8.17191071293018e-05,0.00041666665993346394,0.0007340662206297747,0.009235211709692574,0,252,500,CLARABEL,optimal,224,24,0.0019238755700000003
2016-01-29,development,v4_hysteresis,10000000.0,150.0,-0.029500023759889533,-0.031067423300386237,0.6608752678451497,-0.004856588987453817,500,69,66,1.999999972556282,4.875655518210564e-09,0.05000000701653309,0.0498591540319209,0.03999999824611537,0.020000000382864657,110.50321998774726,3.0496878726227514,59226764.91,0.0002356804535670089,8.17191071293018e-05,0.0012499999798003918,0.0015673995404967024,0.009235211709692574,0,252,500,CLARABEL,optimal,224,24,0.0019238755700000003
2016-01-29,development,v4_hysteresis,10000000.0,300.0,-0.029500023759889533,-0.03231742328018663,0.6608752678451497,-0.004856588987453817,500,69,66,1.999999972556282,4.875655518210564e-09,0.05000000701653309,0.0498591540319209,0.03999999824611537,0.020000000382864657,110.50321998774726,3.0496878726227514,59226764.91,0.0002356804535670089,8.17191071293018e-05,0.0024999999596007835,0.0028173995202970944,0.009235211709692574,0,252,500,CLARABEL,optimal,224,24,0.0019238755700000003
2016-01-29,development,v4_hysteresis,100000000.0,50.0,-0.029500023759889533,-0.030410789380273903,0.6608752678451497,-0.004856588987453817,500,69,66,1.999999972556282,4.875655518210564e-09,0.05000000701653309,0.0498591540319209,0.03999999824611537,0.020000000382864657,110.50321998774726,3.0496878726227514,59226764.91,0.0002356804535670089,0.00025841850688389765,0.00041666665993346394,0.0009107656203843704,0.09235211709692574,0,252,500,CLARABEL,optimal,224,24,0.0019238755700000003
2016-01-29,development,v4_hysteresis,100000000.0,150.0,-0.029500023759889533,-0.031244122700140833,0.6608752678451497,-0.004856588987453817,500,69,66,1.999999972556282,4.875655518210564e-09,0.05000000701653309,0.0498591540319209,0.03999999824611537,0.020000000382864657,110.50321998774726,3.0496878726227514,59226764.91,0.0002356804535670089,0.00025841850688389765,0.0012499999798003918,0.0017440989402512982,0.09235211709692574,0,252,500,CLARABEL,optimal,224,24,0.0019238755700000003
2016-01-29,development,v4_hysteresis,100000000.0,300.0,-0.029500023759889533,-0.03249412267994122,0.6608752678451497,-0.004856588987453817,500,69,66,1.999999972556282,4.875655518210564e-09,0.05000000701653309,0.0498591540319209,0.03999999824611537,0.020000000382864657,110.50321998774726,3.0496878726227514,59226764.91,0.0002356804535670089,0.00025841850688389765,0.0024999999596007835,0.00299409892005169,0.09235211709692574,0,252,500,CLARABEL,optimal,224,24,0.0019238755700000003
2016-01-29,development,v4_hysteresis,500000000.0,50.0,-0.029500023759889533,-0.030730212221426398,0.6608752678451497,-0.004856588987453817,500,69,66,1.999999972556282,4.875655518210564e-09,0.05000000701653309,0.0498591540319209,0.03999999824611537,0.020000000382864657,110.50321998774726,3.0496878726227514,59226764.91,0.0002356804535670089,0.0005778413480363925,0.00041666665993346394,0.0012301884615368653,0.4617605854846287,22,252,500,CLARABEL,optimal,224,24,0.0019238755700000003
2016-01-29,development,v4_hysteresis,500000000.0,150.0,-0.029500023759889533,-0.03156354554129333,0.6608752678451497,-0.004856588987453817,500,69,66,1.999999972556282,4.875655518210564e-09,0.05000000701653309,0.0498591540319209,0.03999999824611537,0.020000000382864657,110.50321998774726,3.0496878726227514,59226764.91,0.0002356804535670089,0.0005778413480363925,0.0012499999798003918,0.0020635217814037933,0.4617605854846287,22,252,500,CLARABEL,optimal,224,24,0.0019238755700000003
2016-01-29,development,v4_hysteresis,500000000.0,300.0,-0.029500023759889533,-0.032813545521093716,0.6608752678451497,-0.004856588987453817,500,69,66,1.999999972556282,4.875655518210564e-09,0.05000000701653309,0.0498591540319209,0.03999999824611537,0.020000000382864657,110.50321998774726,3.0496878726227514,59226764.91,0.0002356804535670089,0.0005778413480363925,0.0024999999596007835,0.003313521761204185,0.4617605854846287,22,252,500,CLARABEL,optimal,224,24,0.0019238755700000003
2016-02-29,development,v4_hysteresis,10000000.0,50.0,0.024546155736666814,0.023743894628481935,0.7499999476962476,0.06687971632886522,500,68,67,1.9999999528158745,-1.525329243814988e-08,0.04999998609919103,-0.049993571035295045,0.036038389000601696,0.020000000328207045,110.94997951036692,3.195055366583852,55570636.379999995,0.0002897020052501364,9.589244292033285e-05,0.0004166666600144098,0.0008022611081848791,0.00919979069666213,0,252,500,CLARABEL,optimal,231,31,0.002576331255
2016-02-29,development,v4_hysteresis,10000000.0,150.0,0.024546155736666814,0.022910561308453117,0.7499999476962476,0.06687971632886522,500,68,67,1.9999999528158745,-1.525329243814988e-08,0.04999998609919103,-0.049993571035295045,0.036038389000601696,0.020000000328207045,110.94997951036692,3.195055366583852,55570636.379999995,0.0002897020052501364,9.589244292033285e-05,0.0012499999800432294,0.0016355944282136986,0.00919979069666213,0,252,500,CLARABEL,optimal,231,31,0.002576331255
2016-02-29,development,v4_hysteresis,10000000.0,300.0,0.024546155736666814,0.021660561328409884,0.7499999476962476,0.06687971632886522,500,68,67,1.9999999528158745,-1.525329243814988e-08,0.04999998609919103,-0.049993571035295045,0.036038389000601696,0.020000000328207045,110.94997951036692,3.195055366583852,55570636.379999995,0.0002897020052501364,9.589244292033285e-05,0.002499999960086459,0.0028855944082569283,0.00919979069666213,0,252,500,CLARABEL,optimal,231,31,0.002576331255
2016-02-29,development,v4_hysteresis,100000000.0,50.0,0.024546155736666814,0.023536548541376327,0.7499999476962476,0.06687971632886522,500,68,67,1.9999999528158745,-1.525329243814988e-08,0.04999998609919103,-0.049993571035295045,0.036038389000601696,0.020000000328207045,110.94997951036692,3.195055366583852,55570636.379999995,0.0002897020052501364,0.00030323853002594,0.0004166666600144098,0.0010096071952904863,0.0919979069666213,0,252,500,CLARABEL,optimal,231,31,0.002576331255
2016-02-29,development,v4_hysteresis,100000000.0,150.0,0.024546155736666814,0.02270321522134751,0.7499999476962476,0.06687971632886522,500,68,67,1.9999999528158745,-1.525329243814988e-08,0.04999998609919103,-0.049993571035295045,0.036038389000601696,0.020000000328207045,110.94997951036692,3.195055366583852,55570636.379999995,0.0002897020052501364,0.00030323853002594,0.0012499999800432294,0.0018429405153193058,0.0919979069666213,0,252,500,CLARABEL,optimal,231,31,0.002576331255
2016-02-29,development,v4_hysteresis,100000000.0,300.0,0.024546155736666814,0.02145321524130428,0.7499999476962476,0.06687971632886522,500,68,67,1.9999999528158745,-1.525329243814988e-08,0.04999998609919103,-0.049993571035295045,0.036038389000601696,0.020000000328207045,110.94997951036692,3.195055366583852,55570636.379999995,0.0002897020052501364,0.00030323853002594,0.002499999960086459,0.0030929404953625355,0.0919979069666213,0,252,500,CLARABEL,optimal,231,31,0.002576331255
2016-02-29,development,v4_hysteresis,500000000.0,50.0,0.024546155736666814,0.023161725104867154,0.7499999476962476,0.06687971632886522,500,68,67,1.9999999528158745,-1.525329243814988e-08,0.04999998609919103,-0.049993571035295045,0.036038389000601696,0.020000000328207045,110.94997951036692,3.195055366583852,55570636.379999995,0.0002897020052501364,0.000678061966535113,0.0004166666600144098,0.0013844306317996593,0.4599895348331065,29,252,500,CLARABEL,optimal,231,31,0.002576331255
2016-02-29,development,v4_hysteresis,500000000.0,150.0,0.024546155736666814,0.022328391784838336,0.7499999476962476,0.06687971632886522,500,68,67,1.9999999528158745,-1.525329243814988e-08,0.04999998609919103,-0.049993571035295045,0.036038389000601696,0.020000000328207045,110.94997951036692,3.195055366583852,55570636.379999995,0.0002897020052501364,0.000678061966535113,0.0012499999800432294,0.002217763951828479,0.4599895348331065,29,252,500,CLARABEL,optimal,231,31,0.002576331255
2016-02-29,development,v4_hysteresis,500000000.0,300.0,0.024546155736666814,0.021078391804795107,0.7499999476962476,0.06687971632886522,500,68,67,1.9999999528158745,-1.525329243814988e-08,0.04999998609919103,-0.049993571035295045,0.036038389000601696,0.020000000328207045,110.94997951036692,3.195055366583852,55570636.379999995,0.0002897020052501364,0.000678061966535113,0.002499999960086459,0.0034677639318717083,0.4599895348331065,29,252,500,CLARABEL,optimal,231,31,0.002576331255
2016-03-31,development,v4_hysteresis,10000000.0,50.0,-0.023330215532266628,-0.024096802529697064,0.6291581595453943,0.015462953084776913,500,64,67,1.999999971281869,1.3656056459254717e-09,0.05000000263122831,-0.04999998985612285,0.04000000068557747,0.020000000421986516,109.68582841449833,3.159225155782507,54922843.224999994,0.0002607589643134593,8.9161372717754e-05,0.0004166666603992216,0.0007665869974304349,0.009447704881883838,0,252,500,CLARABEL,optimal,226,26,0.0029521883299999997
2016-03-31,development,v4_hysteresis,10000000.0,150.0,-0.023330215532266628,-0.024930135850495506,0.6291581595453943,0.015462953084776913,500,64,67,1.999999971281869,1.3656056459254717e-09,0.05000000263122831,-0.04999998985612285,0.04000000068557747,0.020000000421986516,109.68582841449833,3.159225155782507,54922843.224999994,0.0002607589643134593,8.9161372717754e-05,0.001249999981197665,0.0015999203182288783,0.009447704881883838,0,252,500,CLARABEL,optimal,226,26,0.0029521883299999997
2016-03-31,development,v4_hysteresis,10000000.0,300.0,-0.023330215532266628,-0.026180135831693173,0.6291581595453943,0.015462953084776913,500,64,67,1.999999971281869,1.3656056459254717e-09,0.05000000263122831,-0.04999998985612285,0.04000000068557747,0.020000000421986516,109.68582841449833,3.159225155782507,54922843.224999994,0.0002607589643134593,8.9161372717754e-05,0.00249999996239533,0.002849920299426543,0.009447704881883838,0,252,500,CLARABEL,optimal,226,26,0.0029521883299999997
2016-03-31,development,v4_hysteresis,100000000.0,50.0,-0.023330215532266628,-0.02428959417407461,0.6291581595453943,0.015462953084776913,500,64,67,1.999999971281869,1.3656056459254717e-09,0.05000000263122831,-0.04999998985612285,0.04000000068557747,0.020000000421986516,109.68582841449833,3.159225155782507,54922843.224999994,0.0002607589643134593,0.0002819530170952999,0.0004166666603992216,0.0009593786418079808,0.09447704881883838,0,252,500,CLARABEL,optimal,226,26,0.0029521883299999997
2016-03-31,development,v4_hysteresis,100000000.0,150.0,-0.023330215532266628,-0.025122927494873052,0.6291581595453943,0.015462953084776913,500,64,67,1.999999971281869,1.3656056459254717e-09,0.05000000263122831,-0.04999998985612285,0.04000000068557747,0.020000000421986516,109.68582841449833,3.159225155782507,54922843.224999994,0.0002607589643134593,0.0002819530170952999,0.001249999981197665,0.001792711962606424,0.09447704881883838,0,252,500,CLARABEL,optimal,226,26,0.0029521883299999997
2016-03-31,development,v4_hysteresis,100000000.0,300.0,-0.023330215532266628,-0.026372927476070715,0.6291581595453943,0.015462953084776913,500,64,67,1.999999971281869,1.3656056459254717e-09,0.05000000263122831,-0.04999998985612285,0.04000000068557747,0.020000000421986516,109.68582841449833,3.159225155782507,54922843.224999994,0.0002607589643134593,0.0002819530170952999,0.00249999996239533,0.0030427119438040887,0.09447704881883838,0,252,500,CLARABEL,optimal,226,26,0.0029521883299999997
2016-03-31,development,v4_hysteresis,500000000.0,50.0,-0.023330215532266628,-0.02463810726966556,0.6291581595453943,0.015462953084776913,500,64,67,1.999999971281869,1.3656056459254717e-09,0.05000000263122831,-0.04999998985612285,0.04000000068557747,0.020000000421986516,109.68582841449833,3.159225155782507,54922843.224999994,0.0002607589643134593,0.0006304661126862508,0.0004166666603992216,0.0013078917373989317,0.47238524409419186,17,252,500,CLARABEL,optimal,226,26,0.0029521883299999997
2016-03-31,development,v4_hysteresis,500000000.0,150.0,-0.023330215532266628,-0.025471440590464002,0.6291581595453943,0.015462953084776913,500,64,67,1.999999971281869,1.3656056459254717e-09,0.05000000263122831,-0.04999998985612285,0.04000000068557747,0.020000000421986516,109.68582841449833,3.159225155782507,54922843.224999994,0.0002607589643134593,0.0006304661126862508,0.001249999981197665,0.002141225058197375,0.47238524409419186,17,252,500,CLARABEL,optimal,226,26,0.0029521883299999997
2016-03-31,development,v4_hysteresis,500000000.0,300.0,-0.023330215532266628,-0.02672144057166167,0.6291581595453943,0.015462953084776913,500,64,67,1.999999971281869,1.3656056459254717e-09,0.05000000263122831,-0.04999998985612285,0.04000000068557747,0.020000000421986516,109.68582841449833,3.159225155782507,54922843.224999994,0.0002607589643134593,0.0006304661126862508,0.00249999996239533,0.00339122503939504,0.47238524409419186,17,252,500,CLARABEL,optimal,226,26,0.0029521883299999997
2016-04-29,development,v4_hysteresis,10000000.0,50.0,0.005486838685531518,0.004719764937525099,0.5006874668259954,0.019817342810394337,500,67,70,1.9999999798361818,-6.421129138817205e-09,0.0499999929093895,-0.01364107946081955,0.034584641006314594,0.020000000399860572,110.93841710588217,3.080250427239295,53945863.2225,0.0002692032864303588,8.120379777245412e-05,0.0004166666638036065,0.0007670737480064195,0.009999997906591066,0,252,500,CLARABEL,optimal,212,12,0.0029945019150000004
2016-04-29,development,v4_hysteresis,10000000.0,150.0,0.005486838685531518,0.0038864316099178854,0.5006874668259954,0.019817342810394337,500,67,70,1.9999999798361818,-6.421129138817205e-09,0.0499999929093895,-0.01364107946081955,0.034584641006314594,0.020000000399860572,110.93841710588217,3.080250427239295,53945863.2225,0.0002692032864303588,8.120379777245412e-05,0.0012499999914108194,0.0016004070756136324,0.009999997906591066,0,252,500,CLARABEL,optimal,212,12,0.0029945019150000004
2016-04-29,development,v4_hysteresis,10000000.0,300.0,0.005486838685531518,0.002636431618507066,0.5006874668259954,0.019817342810394337,500,67,70,1.9999999798361818,-6.421129138817205e-09,0.0499999929093895,-0.01364107946081955,0.034584641006314594,0.020000000399860572,110.93841710588217,3.080250427239295,53945863.2225,0.0002692032864303588,8.120379777245412e-05,0.002499999982821639,0.0028504070670244516,0.009999997906591066,0,252,500,CLARABEL,optimal,212,12,0.0029945019150000004
2016-04-29,development,v4_hysteresis,100000000.0,50.0,0.005486838685531518,0.00454417977968089,0.5006874668259954,0.019817342810394337,500,67,70,1.9999999798361818,-6.421129138817205e-09,0.0499999929093895,-0.01364107946081955,0.034584641006314594,0.020000000399860572,110.93841710588217,3.080250427239295,53945863.2225,0.0002692032864303588,0.00025678895561666244,0.0004166666638036065,0.0009426589058506277,0.09999997906591065,0,252,500,CLARABEL,optimal,212,12,0.0029945019150000004
2016-04-29,development,v4_hysteresis,100000000.0,150.0,0.005486838685531518,0.0037108464520736774,0.5006874668259954,0.019817342810394337,500,67,70,1.9999999798361818,-6.421129138817205e-09,0.0499999929093895,-0.01364107946081955,0.034584641006314594,0.020000000399860572,110.93841710588217,3.080250427239295,53945863.2225,0.0002692032864303588,0.00025678895561666244,0.0012499999914108194,0.0017759922334578406,0.09999997906591065,0,252,500,CLARABEL,optimal,212,12,0.0029945019150000004
2016-04-29,development,v4_hysteresis,100000000.0,300.0,0.005486838685531518,0.0024608464606628577,0.5006874668259954,0.019817342810394337,500,67,70,1.9999999798361818,-6.421129138817205e-09,0.0499999929093895,-0.01364107946081955,0.034584641006314594,0.020000000399860572,110.93841710588217,3.080250427239295,53945863.2225,0.0002692032864303588,0.00025678895561666244,0.002499999982821639,0.00302599222486866,0.09999997906591065,0,252,500,CLARABEL,optimal,212,12,0.0029945019150000004
2016-04-29,development,v4_hysteresis,500000000.0,50.0,0.005486838685531518,0.004226771174667519,0.5006874668259954,0.019817342810394337,500,67,70,1.9999999798361818,-6.421129138817205e-09,0.0499999929093895,-0.01364107946081955,0.034584641006314594,0.020000000399860572,110.93841710588217,3.080250427239295,53945863.2225,0.0002692032864303588,0.0005741975606300337,0.0004166666638036065,0.001260067510863999,0.49999989532955325,24,252,500,CLARABEL,optimal,212,12,0.0029945019150000004
2016-04-29,development,v4_hysteresis,500000000.0,150.0,0.005486838685531518,0.0033934378470603056,0.5006874668259954,0.019817342810394337,500,67,70,1.9999999798361818,-6.421129138817205e-09,0.0499999929093895,-0.01364107946081955,0.034584641006314594,0.020000000399860572,110.93841710588217,3.080250427239295,53945863.2225,0.0002692032864303588,0.0005741975606300337,0.0012499999914108194,0.002093400838471212,0.49999989532955325,24,252,500,CLARABEL,optimal,212,12,0.0029945019150000004
2016-04-29,development,v4_hysteresis,500000000.0,300.0,0.005486838685531518,0.0021434378556494864,0.5006874668259954,0.019817342810394337,500,67,70,1.9999999798361818,-6.421129138817205e-09,0.0499999929093895,-0.01364107946081955,0.034584641006314594,0.020000000399860572,110.93841710588217,3.080250427239295,53945863.2225,0.0002692032864303588,0.0005741975606300337,0.002499999982821639,0.0033434008298820314,0.49999989532955325,24,252,500,CLARABEL,optimal,212,12,0.0029945019150000004
2016-05-31,development,v4_hysteresis,10000000.0,50.0,-0.006375006771605695,-0.007031392922919242,0.48121782156157955,0.00769194798392326,500,68,70,1.999999984817423,-4.246672902219473e-09,0.04999999514059161,-0.04999999895494883,0.03569421247768146,0.02000000037677259,111.73065720715917,2.952383713219338,52341129.228029996,0.00017280600517646598,6.691348174872735e-05,0.00041666666438835336,0.0006563861513135467,0.010000000155527274,0,252,500,CLARABEL,optimal,214,14,0.002639134965
2016-05-31,development,v4_hysteresis,10000000.0,150.0,-0.006375006771605695,-0.007864726251695948,0.48121782156157955,0.00769194798392326,500,68,70,1.999999984817423,-4.246672902219473e-09,0.04999999514059161,-0.04999999895494883,0.03569421247768146,0.02000000037677259,111.73065720715917,2.952383713219338,52341129.228029996,0.00017280600517646598,6.691348174872735e-05,0.0012499999931650599,0.0014897194800902532,0.010000000155527274,0,252,500,CLARABEL,optimal,214,14,0.002639134965
2016-05-31,development,v4_hysteresis,10000000.0,300.0,-0.006375006771605695,-0.009114726244861008,0.48121782156157955,0.00769194798392326,500,68,70,1.999999984817423,-4.246672902219473e-09,0.04999999514059161,-0.04999999895494883,0.03569421247768146,0.02000000037677259,111.73065720715917,2.952383713219338,52341129.228029996,0.00017280600517646598,6.691348174872735e-05,0.0024999999863301197,0.0027397194732553132,0.010000000155527274,0,252,500,CLARABEL,optimal,214,14,0.002639134965
2016-05-31,development,v4_hysteresis,100000000.0,50.0,-0.006375006771605695,-0.0071760784496686,0.48121782156157955,0.00769194798392326,500,68,70,1.999999984817423,-4.246672902219473e-09,0.04999999514059161,-0.04999999895494883,0.03569421247768146,0.02000000037677259,111.73065720715917,2.952383713219338,52341129.228029996,0.00017280600517646598,0.00021159900849808503,0.00041666666438835336,0.0008010716780629044,0.10000000155527274,2,252,500,CLARABEL,optimal,214,14,0.002639134965
2016-05-31,development,v4_hysteresis,100000000.0,150.0,-0.006375006771605695,-0.008009411778445306,0.48121782156157955,0.00769194798392326,500,68,70,1.999999984817423,-4.246672902219473e-09,0.04999999514059161,-0.04999999895494883,0.03569421247768146,0.02000000037677259,111.73065720715917,2.952383713219338,52341129.228029996,0.00017280600517646598,0.00021159900849808503,0.0012499999931650599,0.001634405006839611,0.10000000155527274,2,252,500,CLARABEL,optimal,214,14,0.002639134965
2016-05-31,development,v4_hysteresis,100000000.0,300.0,-0.006375006771605695,-0.009259411771610366,0.48121782156157955,0.00769194798392326,500,68,70,1.999999984817423,-4.246672902219473e-09,0.04999999514059161,-0.04999999895494883,0.03569421247768146,0.02000000037677259,111.73065720715917,2.952383713219338,52341129.228029996,0.00017280600517646598,0.00021159900849808503,0.0024999999863301197,0.002884405000004671,0.10000000155527274,2,252,500,CLARABEL,optimal,214,14,0.002639134965
2016-05-31,development,v4_hysteresis,500000000.0,50.0,-0.006375006771605695,-0.007437629208143788,0.48121782156157955,0.00769194798392326,500,68,70,1.999999984817423,-4.246672902219473e-09,0.04999999514059161,-0.04999999895494883,0.03569421247768146,0.02000000037677259,111.73065720715917,2.952383713219338,52341129.228029996,0.00017280600517646598,0.0004731497669732738,0.00041666666438835336,0.001062622436538093,0.5000000077763638,16,252,500,CLARABEL,optimal,214,14,0.002639134965
2016-05-31,development,v4_hysteresis,500000000.0,150.0,-0.006375006771605695,-0.008270962536920494,0.48121782156157955,0.00769194798392326,500,68,70,1.999999984817423,-4.246672902219473e-09,0.04999999514059161,-0.04999999895494883,0.03569421247768146,0.02000000037677259,111.73065720715917,2.952383713219338,52341129.228029996,0.00017280600517646598,0.0004731497669732738,0.0012499999931650599,0.0018959557653147998,0.5000000077763638,16,252,500,CLARABEL,optimal,214,14,0.002639134965
2016-05-31,development,v4_hysteresis,500000000.0,300.0,-0.006375006771605695,-0.009520962530085554,0.48121782156157955,0.00769194798392326,500,68,70,1.999999984817423,-4.246672902219473e-09,0.04999999514059161,-0.04999999895494883,0.03569421247768146,0.02000000037677259,111.73065720715917,2.952383713219338,52341129.228029996,0.00017280600517646598,0.0004731497669732738,0.0024999999863301197,0.0031459557584798594,0.5000000077763638,16,252,500,CLARABEL,optimal,214,14,0.002639134965
2016-06-30,development,v4_hysteresis,10000000.0,50.0,0.004814171058298566,0.004143497848674621,0.5778899097638517,0.045636525837104105,500,72,69,1.9999999837032192,1.3178027558069516e-09,0.05000000221883083,-0.04999999915091409,0.03496693926205946,0.020000000335998972,112.69915987384141,2.9744725991530907,49640076.2975,0.00019943738058974728,5.456916603723577e-05,0.0004166666629969618,0.0006706732096239448,0.008417782200643546,0,252,500,CLARABEL,optimal,220,20,0.0023564434900000004
2016-06-30,development,v4_hysteresis,10000000.0,150.0,0.004814171058298566,0.003310164522680698,0.5778899097638517,0.045636525837104105,500,72,69,1.9999999837032192,1.3178027558069516e-09,0.05000000221883083,-0.04999999915091409,0.03496693926205946,0.020000000335998972,112.69915987384141,2.9744725991530907,49640076.2975,0.00019943738058974728,5.456916603723577e-05,0.0012499999889908854,0.0015040065356178684,0.008417782200643546,0,252,500,CLARABEL,optimal,220,20,0.0023564434900000004
2016-06-30,development,v4_hysteresis,10000000.0,300.0,0.004814171058298566,0.0020601645336898126,0.5778899097638517,0.045636525837104105,500,72,69,1.9999999837032192,1.3178027558069516e-09,0.05000000221883083,-0.04999999915091409,0.03496693926205946,0.020000000335998972,112.69915987384141,2.9744725991530907,49640076.2975,0.00019943738058974728,5.456916603723577e-05,0.002499999977981771,0.002754006524608754,0.008417782200643546,0,252,500,CLARABEL,optimal,220,20,0.0023564434900000004
2016-06-30,development,v4_hysteresis,100000000.0,50.0,0.004814171058298566,0.004025504160018288,0.5778899097638517,0.045636525837104105,500,72,69,1.9999999837032192,1.3178027558069516e-09,0.05000000221883083,-0.04999999915091409,0.03496693926205946,0.020000000335998972,112.69915987384141,2.9744725991530907,49640076.2975,0.00019943738058974728,0.00017256285469356968,0.0004166666629969618,0.0007886668982802788,0.08417782200643545,0,252,500,CLARABEL,optimal,220,20,0.0023564434900000004
2016-06-30,development,v4_hysteresis,100000000.0,150.0,0.004814171058298566,0.003192170834024364,0.5778899097638517,0.045636525837104105,500,72,69,1.9999999837032192,1.3178027558069516e-09,0.05000000221883083,-0.04999999915091409,0.03496693926205946,0.020000000335998972,112.69915987384141,2.9744725991530907,49640076.2975,0.00019943738058974728,0.00017256285469356968,0.0012499999889908854,0.0016220002242742023,0.08417782200643545,0,252,500,CLARABEL,optimal,220,20,0.0023564434900000004
2016-06-30,development,v4_hysteresis,100000000.0,300.0,0.004814171058298566,0.0019421708450334785,0.5778899097638517,0.045636525837104105,500,72,69,1.9999999837032192,1.3178027558069516e-09,0.05000000221883083,-0.04999999915091409,0.03496693926205946,0.020000000335998972,112.69915987384141,2.9744725991530907,49640076.2975,0.00019943738058974728,0.00017256285469356968,0.002499999977981771,0.002872000213265088,0.08417782200643545,0,252,500,CLARABEL,optimal,220,20,0.0023564434900000004
2016-06-30,development,v4_hysteresis,500000000.0,50.0,0.004814171058298566,0.003812204741225617,0.5778899097638517,0.045636525837104105,500,72,69,1.9999999837032192,1.3178027558069516e-09,0.05000000221883083,-0.04999999915091409,0.03496693926205946,0.020000000335998972,112.69915987384141,2.9744725991530907,49640076.2975,0.00019943738058974728,0.00038586227348624044,0.0004166666629969618,0.0010019663170729495,0.42088911003217727,23,252,500,CLARABEL,optimal,220,20,0.0023564434900000004
2016-06-30,development,v4_hysteresis,500000000.0,150.0,0.004814171058298566,0.0029788714152316933,0.5778899097638517,0.045636525837104105,500,72,69,1.9999999837032192,1.3178027558069516e-09,0.05000000221883083,-0.04999999915091409,0.03496693926205946,0.020000000335998972,112.69915987384141,2.9744725991530907,49640076.2975,0.00019943738058974728,0.00038586227348624044,0.0012499999889908854,0.001835299643066873,0.42088911003217727,23,252,500,CLARABEL,optimal,220,20,0.0023564434900000004
2016-06-30,development,v4_hysteresis,500000000.0,300.0,0.004814171058298566,0.0017288714262408082,0.5778899097638517,0.045636525837104105,500,72,69,1.9999999837032192,1.3178027558069516e-09,0.05000000221883083,-0.04999999915091409,0.03496693926205946,0.020000000335998972,112.69915987384141,2.9744725991530907,49640076.2975,0.00019943738058974728,0.00038586227348624044,0.002499999977981771,0.0030852996320577582,0.42088911003217727,23,252,500,CLARABEL,optimal,220,20,0.0023564434900000004
2016-07-29,development,v4_hysteresis,10000000.0,50.0,0.025584008618129785,0.025001506751907817,0.36127591293957373,0.003977190509339298,500,79,63,1.9999999747068258,5.606725750340047e-09,0.0500000057759217,-0.05000000118109853,0.04000000008804862,0.02000000030932162,112.55185892273015,2.7554010377702873,53028065.0425,0.00011786002179143536,4.797518420134523e-05,0.00041666666022918756,0.0005825018662219681,0.010000000042521426,0,252,500,CLARABEL,optimal,221,21,0.001984416645
2016-07-29,development,v4_hysteresis,10000000.0,150.0,0.025584008618129785,0.024168173431449443,0.36127591293957373,0.003977190509339298,500,79,63,1.9999999747068258,5.606725750340047e-09,0.0500000057759217,-0.05000000118109853,0.04000000008804862,0.02000000030932162,112.55185892273015,2.7554010377702873,53028065.0425,0.00011786002179143536,4.797518420134523e-05,0.0012499999806875625,0.0014158351866803431,0.010000000042521426,0,252,500,CLARABEL,optimal,221,21,0.001984416645
2016-07-29,development,v4_hysteresis,10000000.0,300.0,0.025584008618129785,0.02291817345076188,0.36127591293957373,0.003977190509339298,500,79,63,1.9999999747068258,5.606725750340047e-09,0.0500000057759217,-0.05000000118109853,0.04000000008804862,0.02000000030932162,112.55185892273015,2.7554010377702873,53028065.0425,0.00011786002179143536,4.797518420134523e-05,0.002499999961375125,0.0026658351673679056,0.010000000042521426,0,252,500,CLARABEL,optimal,221,21,0.001984416645
2016-07-29,development,v4_hysteresis,100000000.0,50.0,0.025584008618129785,0.024897771082866785,0.36127591293957373,0.003977190509339298,500,79,63,1.9999999747068258,5.606725750340047e-09,0.0500000057759217,-0.05000000118109853,0.04000000008804862,0.02000000030932162,112.55185892273015,2.7554010377702873,53028065.0425,0.00011786002179143536,0.00015171085324237698,0.00041666666022918756,0.0006862375352629999,0.10000000042521426,1,252,500,CLARABEL,optimal,221,21,0.001984416645
2016-07-29,development,v4_hysteresis,100000000.0,150.0,0.025584008618129785,0.02406443776240841,0.36127591293957373,0.003977190509339298,500,79,63,1.9999999747068258,5.606725750340047e-09,0.0500000057759217,-0.05000000118109853,0.04000000008804862,0.02000000030932162,112.55185892273015,2.7554010377702873,53028065.0425,0.00011786002179143536,0.00015171085324237698,0.0012499999806875625,0.0015195708557213749,0.10000000042521426,1,252,500,CLARABEL,optimal,221,21,0.001984416645
2016-07-29,development,v4_hysteresis,100000000.0,300.0,0.025584008618129785,0.022814437781720848,0.36127591293957373,0.003977190509339298,500,79,63,1.9999999747068258,5.606725750340047e-09,0.0500000057759217,-0.05000000118109853,0.04000000008804862,0.02000000030932162,112.55185892273015,2.7554010377702873,53028065.0425,0.00011786002179143536,0.00015171085324237698,0.002499999961375125,0.0027695708364089376,0.10000000042521426,1,252,500,CLARABEL,optimal,221,21,0.001984416645
2016-07-29,development,v4_hysteresis,500000000.0,50.0,0.025584008618129785,0.024710246155334712,0.36127591293957373,0.003977190509339298,500,79,63,1.9999999747068258,5.606725750340047e-09,0.0500000057759217,-0.05000000118109853,0.04000000008804862,0.02000000030932162,112.55185892273015,2.7554010377702873,53028065.0425,0.00011786002179143536,0.0003392357807744493,0.00041666666022918756,0.0008737624627950722,0.5000000021260713,15,252,500,CLARABEL,optimal,221,21,0.001984416645
2016-07-29,development,v4_hysteresis,500000000.0,150.0,0.025584008618129785,0.02387691283487634,0.36127591293957373,0.003977190509339298,500,79,63,1.9999999747068258,5.606725750340047e-09,0.0500000057759217,-0.05000000118109853,0.04000000008804862,0.02000000030932162,112.55185892273015,2.7554010377702873,53028065.0425,0.00011786002179143536,0.0003392357807744493,0.0012499999806875625,0.0017070957832534472,0.5000000021260713,15,252,500,CLARABEL,optimal,221,21,0.001984416645
2016-07-29,development,v4_hysteresis,500000000.0,300.0,0.025584008618129785,0.022626912854188774,0.36127591293957373,0.003977190509339298,500,79,63,1.9999999747068258,5.606725750340047e-09,0.0500000057759217,-0.05000000118109853,0.04000000008804862,0.02000000030932162,112.55185892273015,2.7554010377702873,53028065.0425,0.00011786002179143536,0.0003392357807744493,0.002499999961375125,0.0029570957639410097,0.5000000021260713,15,252,500,CLARABEL,optimal,221,21,0.001984416645
2016-08-31,development,v4_hysteresis,10000000.0,50.0,-0.012908375241030046,-0.013622083551569983,0.6496851493309387,0.0042993925505272566,500,73,63,1.9999999690195474,2.3307598000926744e-08,0.050000024217389055,0.00791075680083481,0.040000000434304794,0.020000000276908673,112.27639603826552,2.5774265970520234,50626642.245000005,0.00021545487884513665,8.158677633814274e-05,0.00041666665535665615,0.0007137083105399355,0.010000000145533424,0,252,500,CLARABEL,optimal,227,27,0.00220702065
2016-08-31,development,v4_hysteresis,10000000.0,150.0,-0.012908375241030046,-0.014455416862283294,0.6496851493309387,0.0042993925505272566,500,73,63,1.9999999690195474,2.3307598000926744e-08,0.050000024217389055,0.00791075680083481,0.040000000434304794,0.020000000276908673,112.27639603826552,2.5774265970520234,50626642.245000005,0.00021545487884513665,8.158677633814274e-05,0.0012499999660699685,0.001547041621253248,0.010000000145533424,0,252,500,CLARABEL,optimal,227,27,0.00220702065
2016-08-31,development,v4_hysteresis,10000000.0,300.0,-0.012908375241030046,-0.01570541682835326,0.6496851493309387,0.0042993925505272566,500,73,63,1.9999999690195474,2.3307598000926744e-08,0.050000024217389055,0.00791075680083481,0.040000000434304794,0.020000000276908673,112.27639603826552,2.5774265970520234,50626642.245000005,0.00021545487884513665,8.158677633814274e-05,0.002499999932139937,0.002797041587323216,0.010000000145533424,0,252,500,CLARABEL,optimal,227,27,0.00220702065
2016-08-31,development,v4_hysteresis,100000000.0,50.0,-0.012908375241030046,-0.013798496815411102,0.6496851493309387,0.0042993925505272566,500,73,63,1.9999999690195474,2.3307598000926744e-08,0.050000024217389055,0.00791075680083481,0.040000000434304794,0.020000000276908673,112.27639603826552,2.5774265970520234,50626642.245000005,0.00021545487884513665,0.0002580000401792629,0.00041666665535665615,0.0008901215743810557,0.10000000145533425,2,252,500,CLARABEL,optimal,227,27,0.00220702065
2016-08-31,development,v4_hysteresis,100000000.0,150.0,-0.012908375241030046,-0.014631830126124415,0.6496851493309387,0.0042993925505272566,500,73,63,1.9999999690195474,2.3307598000926744e-08,0.050000024217389055,0.00791075680083481,0.040000000434304794,0.020000000276908673,112.27639603826552,2.5774265970520234,50626642.245000005,0.00021545487884513665,0.0002580000401792629,0.0012499999660699685,0.0017234548850943682,0.10000000145533425,2,252,500,CLARABEL,optimal,227,27,0.00220702065
2016-08-31,development,v4_hysteresis,100000000.0,300.0,-0.012908375241030046,-0.015881830092194384,0.6496851493309387,0.0042993925505272566,500,73,63,1.9999999690195474,2.3307598000926744e-08,0.050000024217389055,0.00791075680083481,0.040000000434304794,0.020000000276908673,112.27639603826552,2.5774265970520234,50626642.245000005,0.00021545487884513665,0.0002580000401792629,0.002499999932139937,0.0029734548511643364,0.10000000145533425,2,252,500,CLARABEL,optimal,227,27,0.00220702065
2016-08-31,development,v4_hysteresis,500000000.0,50.0,-0.012908375241030046,-0.014117402403270349,0.6496851493309387,0.0042993925505272566,500,73,63,1.9999999690195474,2.3307598000926744e-08,0.050000024217389055,0.00791075680083481,0.040000000434304794,0.020000000276908673,112.27639603826552,2.5774265970520234,50626642.245000005,0.00021545487884513665,0.0005769056280385088,0.00041666665535665615,0.0012090271622403016,0.5000000072766712,32,252,500,CLARABEL,optimal,227,27,0.00220702065
2016-08-31,development,v4_hysteresis,500000000.0,150.0,-0.012908375241030046,-0.01495073571398366,0.6496851493309387,0.0042993925505272566,500,73,63,1.9999999690195474,2.3307598000926744e-08,0.050000024217389055,0.00791075680083481,0.040000000434304794,0.020000000276908673,112.27639603826552,2.5774265970520234,50626642.245000005,0.00021545487884513665,0.0005769056280385088,0.0012499999660699685,0.0020423604729536138,0.5000000072766712,32,252,500,CLARABEL,optimal,227,27,0.00220702065
2016-08-31,development,v4_hysteresis,500000000.0,300.0,-0.012908375241030046,-0.01620073568005363,0.6496851493309387,0.0042993925505272566,500,73,63,1.9999999690195474,2.3307598000926744e-08,0.050000024217389055,0.00791075680083481,0.040000000434304794,0.020000000276908673,112.27639603826552,2.5774265970520234,50626642.245000005,0.00021545487884513665,0.0005769056280385088,0.002499999932139937,0.0032923604390235825,0.5000000072766712,32,252,500,CLARABEL,optimal,227,27,0.00220702065
2016-09-30,development,v4_hysteresis,10000000.0,50.0,0.029904184409145718,0.029244151709382923,0.5084492442260127,-0.02144038644485502,500,68,67,1.9999999817009408,-9.998214286002782e-09,0.04999999259365877,-0.0499999995407177,0.04000000009157777,0.020000000235806368,111.24153103697608,2.4851318040213846,51970821.0125,0.00018144531535372964,6.192071947174069e-05,0.00041666666493732395,0.0006600326997627942,0.007020126651220678,0,252,500,CLARABEL,optimal,222,22,0.002342414765
2016-09-30,development,v4_hysteresis,10000000.0,150.0,0.029904184409145718,0.028410818379508276,0.5084492442260127,-0.02144038644485502,500,68,67,1.9999999817009408,-9.998214286002782e-09,0.04999999259365877,-0.0499999995407177,0.04000000009157777,0.020000000235806368,111.24153103697608,2.4851318040213846,51970821.0125,0.00018144531535372964,6.192071947174069e-05,0.0012499999948119719,0.0014933660296374421,0.007020126651220678,0,252,500,CLARABEL,optimal,222,22,0.002342414765
2016-09-30,development,v4_hysteresis,10000000.0,300.0,0.029904184409145718,0.027160818384696302,0.5084492442260127,-0.02144038644485502,500,68,67,1.9999999817009408,-9.998214286002782e-09,0.04999999259365877,-0.0499999995407177,0.04000000009157777,0.020000000235806368,111.24153103697608,2.4851318040213846,51970821.0125,0.00018144531535372964,6.192071947174069e-05,0.0024999999896239437,0.002743366024449414,0.007020126651220678,0,252,500,CLARABEL,optimal,222,22,0.002342414765
2016-09-30,development,v4_hysteresis,100000000.0,50.0,0.029904184409145718,0.029110261920967627,0.5084492442260127,-0.02144038644485502,500,68,67,1.9999999817009408,-9.998214286002782e-09,0.04999999259365877,-0.0499999995407177,0.04000000009157777,0.020000000235806368,111.24153103697608,2.4851318040213846,51970821.0125,0.00018144531535372964,0.00019581050788703883,0.00041666666493732395,0.0007939224881780924,0.07020126651220678,0,252,500,CLARABEL,optimal,222,22,0.002342414765
2016-09-30,development,v4_hysteresis,100000000.0,150.0,0.029904184409145718,0.028276928591092976,0.5084492442260127,-0.02144038644485502,500,68,67,1.9999999817009408,-9.998214286002782e-09,0.04999999259365877,-0.0499999995407177,0.04000000009157777,0.020000000235806368,111.24153103697608,2.4851318040213846,51970821.0125,0.00018144531535372964,0.00019581050788703883,0.0012499999948119719,0.0016272558180527403,0.07020126651220678,0,252,500,CLARABEL,optimal,222,22,0.002342414765
2016-09-30,development,v4_hysteresis,100000000.0,300.0,0.029904184409145718,0.027026928596281006,0.5084492442260127,-0.02144038644485502,500,68,67,1.9999999817009408,-9.998214286002782e-09,0.04999999259365877,-0.0499999995407177,0.04000000009157777,0.020000000235806368,111.24153103697608,2.4851318040213846,51970821.0125,0.00018144531535372964,0.00019581050788703883,0.0024999999896239437,0.002877255812864712,0.07020126651220678,0,252,500,CLARABEL,optimal,222,22,0.002342414765
2016-09-30,development,v4_hysteresis,500000000.0,50.0,0.029904184409145718,0.028868226822510487,0.5084492442260127,-0.02144038644485502,500,68,67,1.9999999817009408,-9.998214286002782e-09,0.04999999259365877,-0.0499999995407177,0.04000000009157777,0.020000000235806368,111.24153103697608,2.4851318040213846,51970821.0125,0.00018144531535372964,0.00043784560634417747,0.00041666666493732395,0.001035957586635231,0.35100633256103386,27,252,500,CLARABEL,optimal,222,22,0.002342414765
2016-09-30,development,v4_hysteresis,500000000.0,150.0,0.029904184409145718,0.02803489349263584,0.5084492442260127,-0.02144038644485502,500,68,67,1.9999999817009408,-9.998214286002782e-09,0.04999999259365877,-0.0499999995407177,0.04000000009157777,0.020000000235806368,111.24153103697608,2.4851318040213846,51970821.0125,0.00018144531535372964,0.00043784560634417747,0.0012499999948119719,0.0018692909165098789,0.35100633256103386,27,252,500,CLARABEL,optimal,222,22,0.002342414765
2016-09-30,development,v4_hysteresis,500000000.0,300.0,0.029904184409145718,0.026784893497823866,0.5084492442260127,-0.02144038644485502,500,68,67,1.9999999817009408,-9.998214286002782e-09,0.04999999259365877,-0.0499999995407177,0.04000000009157777,0.020000000235806368,111.24153103697608,2.4851318040213846,51970821.0125,0.00018144531535372964,0.00043784560634417747,0.0024999999896239437,0.0031192909113218507,0.35100633256103386,27,252,500,CLARABEL,optimal,222,22,0.002342414765
2016-10-31,development,v4_hysteresis,10000000.0,50.0,0.004876558631471351,0.004205071885546992,0.533986373934953,0.03892434310764452,500,73,66,1.9999999891222138,-4.240356211993035e-09,0.04999999442393843,-0.05000000014769995,0.040000000384489365,0.020000000205876674,112.68770530863291,2.404269509603754,49956468.1875,0.00020364738676085058,5.11726938796399e-05,0.00041666666528386874,0.0006714867459243592,0.0094196787474256,0,252,500,CLARABEL,optimal,224,24,0.00279060783
2016-10-31,development,v4_hysteresis,10000000.0,150.0,0.004876558631471351,0.003371738554979255,0.533986373934953,0.03892434310764452,500,73,66,1.9999999891222138,-4.240356211993035e-09,0.04999999442393843,-0.05000000014769995,0.040000000384489365,0.020000000205876674,112.68770530863291,2.404269509603754,49956468.1875,0.00020364738676085058,5.11726938796399e-05,0.0012499999958516062,0.0015048200764920965,0.0094196787474256,0,252,500,CLARABEL,optimal,224,24,0.00279060783
2016-10-31,development,v4_hysteresis,10000000.0,300.0,0.004876558631471351,0.0021217385591276484,0.533986373934953,0.03892434310764452,500,73,66,1.9999999891222138,-4.240356211993035e-09,0.04999999442393843,-0.05000000014769995,0.040000000384489365,0.020000000205876674,112.68770530863291,2.404269509603754,49956468.1875,0.00020364738676085058,5.11726938796399e-05,0.0024999999917032123,0.002754820072343703,0.0094196787474256,0,252,500,CLARABEL,optimal,224,24,0.00279060783
2016-10-31,development,v4_hysteresis,100000000.0,50.0,0.004876558631471351,0.004094422312760412,0.533986373934953,0.03892434310764452,500,73,66,1.9999999891222138,-4.240356211993035e-09,0.04999999442393843,-0.05000000014769995,0.040000000384489365,0.020000000205876674,112.68770530863291,2.404269509603754,49956468.1875,0.00020364738676085058,0.0001618222666662204,0.00041666666528386874,0.0007821363187109397,0.09419678747425601,0,252,500,CLARABEL,optimal,224,24,0.00279060783
2016-10-31,development,v4_hysteresis,100000000.0,150.0,0.004876558631471351,0.003261088982192674,0.533986373934953,0.03892434310764452,500,73,66,1.9999999891222138,-4.240356211993035e-09,0.04999999442393843,-0.05000000014769995,0.040000000384489365,0.020000000205876674,112.68770530863291,2.404269509603754,49956468.1875,0.00020364738676085058,0.0001618222666662204,0.0012499999958516062,0.0016154696492786773,0.09419678747425601,0,252,500,CLARABEL,optimal,224,24,0.00279060783
2016-10-31,development,v4_hysteresis,100000000.0,300.0,0.004876558631471351,0.002011088986341068,0.533986373934953,0.03892434310764452,500,73,66,1.9999999891222138,-4.240356211993035e-09,0.04999999442393843,-0.05000000014769995,0.040000000384489365,0.020000000205876674,112.68770530863291,2.404269509603754,49956468.1875,0.00020364738676085058,0.0001618222666662204,0.0024999999917032123,0.0028654696451302832,0.09419678747425601,0,252,500,CLARABEL,optimal,224,24,0.00279060783
2016-10-31,development,v4_hysteresis,500000000.0,50.0,0.004876558631471351,0.003894398990887865,0.533986373934953,0.03892434310764452,500,73,66,1.9999999891222138,-4.240356211993035e-09,0.04999999442393843,-0.05000000014769995,0.040000000384489365,0.020000000205876674,112.68770530863291,2.404269509603754,49956468.1875,0.00020364738676085058,0.00036184558853876705,0.00041666666528386874,0.0009821596405834865,0.47098393737128,23,252,500,CLARABEL,optimal,224,24,0.00279060783
2016-10-31,development,v4_hysteresis,500000000.0,150.0,0.004876558631471351,0.0030610656603201275,0.533986373934953,0.03892434310764452,500,73,66,1.9999999891222138,-4.240356211993035e-09,0.04999999442393843,-0.05000000014769995,0.040000000384489365,0.020000000205876674,112.68770530863291,2.404269509603754,49956468.1875,0.00020364738676085058,0.00036184558853876705,0.0012499999958516062,0.0018154929711512238,0.47098393737128,23,252,500,CLARABEL,optimal,224,24,0.00279060783
2016-10-31,development,v4_hysteresis,500000000.0,300.0,0.004876558631471351,0.0018110656644685216,0.533986373934953,0.03892434310764452,500,73,66,1.9999999891222138,-4.240356211993035e-09,0.04999999442393843,-0.05000000014769995,0.040000000384489365,0.020000000205876674,112.68770530863291,2.404269509603754,49956468.1875,0.00020364738676085058,0.00036184558853876705,0.0024999999917032123,0.0030654929670028298,0.47098393737128,23,252,500,CLARABEL,optimal,224,24,0.00279060783
2016-11-30,development,v4_hysteresis,10000000.0,50.0,0.01899478865495493,0.018215799294604516,0.7458151846580074,0.01512191145675745,500,70,71,1.9999999279113567,1.5665210444798516e-08,0.04614183105717072,-0.049999999425330496,0.0399999993625472,0.020000000196522254,114.11693855991842,2.4964250529580685,54296580.5725,0.000284628211453642,7.769450051215816e-05,0.00041666664838461385,0.000778989360350414,0.00999999838201153,0,252,500,CLARABEL,optimal,223,23,0.00281919705
2016-11-30,development,v4_hysteresis,10000000.0,150.0,0.01899478865495493,0.017382465997835286,0.7458151846580074,0.01512191145675745,500,70,71,1.9999999279113567,1.5665210444798516e-08,0.04614183105717072,-0.049999999425330496,0.0399999993625472,0.020000000196522254,114.11693855991842,2.4964250529580685,54296580.5725,0.000284628211453642,7.769450051215816e-05,0.0012499999451538416,0.0016123226571196417,0.00999999838201153,0,252,500,CLARABEL,optimal,223,23,0.00281919705
2016-11-30,development,v4_hysteresis,10000000.0,300.0,0.01899478865495493,0.016132466052681448,0.7458151846580074,0.01512191145675745,500,70,71,1.9999999279113567,1.5665210444798516e-08,0.04614183105717072,-0.049999999425330496,0.0399999993625472,0.020000000196522254,114.11693855991842,2.4964250529580685,54296580.5725,0.000284628211453642,7.769450051215816e-05,0.002499999890307683,0.0028623226022734833,0.00999999838201153,0,252,500,CLARABEL,optimal,223,23,0.00281919705
2016-11-30,development,v4_hysteresis,100000000.0,50.0,0.01899478865495493,0.018047802211829136,0.7458151846580074,0.01512191145675745,500,70,71,1.9999999279113567,1.5665210444798516e-08,0.04614183105717072,-0.049999999425330496,0.0399999993625472,0.020000000196522254,114.11693855991842,2.4964250529580685,54296580.5725,0.000284628211453642,0.0002456915832875384,0.00041666664838461385,0.0009469864431257942,0.09999998382011531,0,252,500,CLARABEL,optimal,223,23,0.00281919705
2016-11-30,development,v4_hysteresis,100000000.0,150.0,0.01899478865495493,0.017214468915059906,0.7458151846580074,0.01512191145675745,500,70,71,1.9999999279113567,1.5665210444798516e-08,0.04614183105717072,-0.049999999425330496,0.0399999993625472,0.020000000196522254,114.11693855991842,2.4964250529580685,54296580.5725,0.000284628211453642,0.0002456915832875384,0.0012499999451538416,0.001780319739895022,0.09999998382011531,0,252,500,CLARABEL,optimal,223,23,0.00281919705
2016-11-30,development,v4_hysteresis,100000000.0,300.0,0.01899478865495493,0.015964468969906064,0.7458151846580074,0.01512191145675745,500,70,71,1.9999999279113567,1.5665210444798516e-08,0.04614183105717072,-0.049999999425330496,0.0399999993625472,0.020000000196522254,114.11693855991842,2.4964250529580685,54296580.5725,0.000284628211453642,0.0002456915832875384,0.002499999890307683,0.0030303196850488636,0.09999998382011531,0,252,500,CLARABEL,optimal,223,23,0.00281919705
2016-11-30,development,v4_hysteresis,500000000.0,50.0,0.01899478865495493,0.017744110713386187,0.7458151846580074,0.01512191145675745,500,70,71,1.9999999279113567,1.5665210444798516e-08,0.04614183105717072,-0.049999999425330496,0.0399999993625472,0.020000000196522254,114.11693855991842,2.4964250529580685,54296580.5725,0.000284628211453642,0.0005493830817304873,0.00041666664838461385,0.001250677941568743,0.49999991910057656,29,252,500,CLARABEL,optimal,223,23,0.00281919705
2016-11-30,development,v4_hysteresis,500000000.0,150.0,0.01899478865495493,0.016910777416616958,0.7458151846580074,0.01512191145675745,500,70,71,1.9999999279113567,1.5665210444798516e-08,0.04614183105717072,-0.049999999425330496,0.0399999993625472,0.020000000196522254,114.11693855991842,2.4964250529580685,54296580.5725,0.000284628211453642,0.0005493830817304873,0.0012499999451538416,0.002084011238337971,0.49999991910057656,29,252,500,CLARABEL,optimal,223,23,0.00281919705
2016-11-30,development,v4_hysteresis,500000000.0,300.0,0.01899478865495493,0.015660777471463116,0.7458151846580074,0.01512191145675745,500,70,71,1.9999999279113567,1.5665210444798516e-08,0.04614183105717072,-0.049999999425330496,0.0399999993625472,0.020000000196522254,114.11693855991842,2.4964250529580685,54296580.5725,0.000284628211453642,0.0005493830817304873,0.002499999890307683,0.0033340111834918125,0.49999991910057656,29,252,500,CLARABEL,optimal,223,23,0.00281919705
2016-12-30,development,v4_hysteresis,10000000.0,50.0,-0.0012446451935617438,-0.0019201308068019078,0.5639353455503033,0.02013516488891661,500,66,72,1.9999999846908805,-9.359170782125004e-10,0.04999999984904467,0.023541245559520405,0.040000000532244236,0.020000000191535246,111.55403045566474,2.471152549527262,59401067.302499995,0.00020479787921721607,5.402107035069822e-05,0.0004166666636722496,0.0006754856132401639,0.008383344840213738,0,252,500,CLARABEL,optimal,222,22,0.0034317127750000003
2016-12-30,development,v4_hysteresis,10000000.0,150.0,-0.0012446451935617438,-0.002753464134146407,0.5639353455503033,0.02013516488891661,500,66,72,1.9999999846908805,-9.359170782125004e-10,0.04999999984904467,0.023541245559520405,0.040000000532244236,0.020000000191535246,111.55403045566474,2.471152549527262,59401067.302499995,0.00020479787921721607,5.402107035069822e-05,0.0012499999910167488,0.001508818940584663,0.008383344840213738,0,252,500,CLARABEL,optimal,222,22,0.0034317127750000003
2016-12-30,development,v4_hysteresis,10000000.0,300.0,-0.0012446451935617438,-0.004003464125163156,0.5639353455503033,0.02013516488891661,500,66,72,1.9999999846908805,-9.359170782125004e-10,0.04999999984904467,0.023541245559520405,0.040000000532244236,0.020000000191535246,111.55403045566474,2.471152549527262,59401067.302499995,0.00020479787921721607,5.402107035069822e-05,0.0024999999820334976,0.002758818931601412,0.008383344840213738,0,252,500,CLARABEL,optimal,222,22,0.0034317127750000003
2016-12-30,development,v4_hysteresis,100000000.0,50.0,-0.0012446451935617438,-0.0020369393603996066,0.5639353455503033,0.02013516488891661,500,66,72,1.9999999846908805,-9.359170782125004e-10,0.04999999984904467,0.023541245559520405,0.040000000532244236,0.020000000191535246,111.55403045566474,2.471152549527262,59401067.302499995,0.00020479787921721607,0.0001708296239483974,0.0004166666636722496,0.000792294166837863,0.08383344840213737,0,252,500,CLARABEL,optimal,222,22,0.0034317127750000003
2016-12-30,development,v4_hysteresis,100000000.0,150.0,-0.0012446451935617438,-0.002870272687744106,0.5639353455503033,0.02013516488891661,500,66,72,1.9999999846908805,-9.359170782125004e-10,0.04999999984904467,0.023541245559520405,0.040000000532244236,0.020000000191535246,111.55403045566474,2.471152549527262,59401067.302499995,0.00020479787921721607,0.0001708296239483974,0.0012499999910167488,0.0016256274941823623,0.08383344840213737,0,252,500,CLARABEL,optimal,222,22,0.0034317127750000003
2016-12-30,development,v4_hysteresis,100000000.0,300.0,-0.0012446451935617438,-0.004120272678760855,0.5639353455503033,0.02013516488891661,500,66,72,1.9999999846908805,-9.359170782125004e-10,0.04999999984904467,0.023541245559520405,0.040000000532244236,0.020000000191535246,111.55403045566474,2.471152549527262,59401067.302499995,0.00020479787921721607,0.0001708296239483974,0.0024999999820334976,0.0028756274851991113,0.08383344840213737,0,252,500,CLARABEL,optimal,222,22,0.0034317127750000003
2016-12-30,development,v4_hysteresis,500000000.0,50.0,-0.0012446451935617438,-0.002248096388170552,0.5639353455503033,0.02013516488891661,500,66,72,1.9999999846908805,-9.359170782125004e-10,0.04999999984904467,0.023541245559520405,0.040000000532244236,0.020000000191535246,111.55403045566474,2.471152549527262,59401067.302499995,0.00020479787921721607,0.0003819866517193425,0.0004166666636722496,0.001003451194608808,0.41916724201068684,23,252,500,CLARABEL,optimal,222,22,0.0034317127750000003
2016-12-30,development,v4_hysteresis,500000000.0,150.0,-0.0012446451935617438,-0.003081429715515051,0.5639353455503033,0.02013516488891661,500,66,72,1.9999999846908805,-9.359170782125004e-10,0.04999999984904467,0.023541245559520405,0.040000000532244236,0.020000000191535246,111.55403045566474,2.471152549527262,59401067.302499995,0.00020479787921721607,0.0003819866517193425,0.0012499999910167488,0.0018367845219533073,0.41916724201068684,23,252,500,CLARABEL,optimal,222,22,0.0034317127750000003
2016-12-30,development,v4_hysteresis,500000000.0,300.0,-0.0012446451935617438,-0.0043314297065318,0.5639353455503033,0.02013516488891661,500,66,72,1.9999999846908805,-9.359170782125004e-10,0.04999999984904467,0.023541245559520405,0.040000000532244236,0.020000000191535246,111.55403045566474,2.471152549527262,59401067.302499995,0.00020479787921721607,0.0003819866517193425,0.0024999999820334976,0.003086784512970056,0.41916724201068684,23,252,500,CLARABEL,optimal,222,22,0.0034317127750000003
2017-01-31,development,v4_hysteresis,10000000.0,50.0,-0.003857846437027381,-0.004504545429667964,0.46406769464011205,0.03876982515623084,500,61,68,1.9999999923399998,9.398045536235244e-10,0.05000000176892082,0.00539324793070118,0.04000000009425167,0.020000000175614714,109.74580685616722,2.5358333579517036,55975601.595,0.0001831920983956502,4.6840229369892016e-05,0.0004166666648750407,0.0006466989926405829,0.008909181902816468,0,252,500,CLARABEL,optimal,221,21,0.002603531315
2017-01-31,development,v4_hysteresis,10000000.0,150.0,-0.003857846437027381,-0.005337878759418045,0.46406769464011205,0.03876982515623084,500,61,68,1.9999999923399998,9.398045536235244e-10,0.05000000176892082,0.00539324793070118,0.04000000009425167,0.020000000175614714,109.74580685616722,2.5358333579517036,55975601.595,0.0001831920983956502,4.6840229369892016e-05,0.001249999994625122,0.0014800323223906641,0.008909181902816468,0,252,500,CLARABEL,optimal,221,21,0.002603531315
2017-01-31,development,v4_hysteresis,10000000.0,300.0,-0.003857846437027381,-0.0065878787540431675,0.46406769464011205,0.03876982515623084,500,61,68,1.9999999923399998,9.398045536235244e-10,0.05000000176892082,0.00539324793070118,0.04000000009425167,0.020000000175614714,109.74580685616722,2.5358333579517036,55975601.595,0.0001831920983956502,4.6840229369892016e-05,0.002499999989250244,0.0027300323170157863,0.008909181902816468,0,252,500,CLARABEL,optimal,221,21,0.002603531315
2017-01-31,development,v4_hysteresis,100000000.0,50.0,-0.003857846437027381,-0.004605827011231644,0.46406769464011205,0.03876982515623084,500,61,68,1.9999999923399998,9.398045536235244e-10,0.05000000176892082,0.00539324793070118,0.04000000009425167,0.020000000175614714,109.74580685616722,2.5358333579517036,55975601.595,0.0001831920983956502,0.00014812181093357235,0.0004166666648750407,0.0007479805742042632,0.08909181902816468,0,252,500,CLARABEL,optimal,221,21,0.002603531315
2017-01-31,development,v4_hysteresis,100000000.0,150.0,-0.003857846437027381,-0.005439160340981726,0.46406769464011205,0.03876982515623084,500,61,68,1.9999999923399998,9.398045536235244e-10,0.05000000176892082,0.00539324793070118,0.04000000009425167,0.020000000175614714,109.74580685616722,2.5358333579517036,55975601.595,0.0001831920983956502,0.00014812181093357235,0.001249999994625122,0.0015813139039543445,0.08909181902816468,0,252,500,CLARABEL,optimal,221,21,0.002603531315
2017-01-31,development,v4_hysteresis,100000000.0,300.0,-0.003857846437027381,-0.006689160335606847,0.46406769464011205,0.03876982515623084,500,61,68,1.9999999923399998,9.398045536235244e-10,0.05000000176892082,0.00539324793070118,0.04000000009425167,0.020000000175614714,109.74580685616722,2.5358333579517036,55975601.595,0.0001831920983956502,0.00014812181093357235,0.002499999989250244,0.0028313138985794663,0.08909181902816468,0,252,500,CLARABEL,optimal,221,21,0.002603531315
2017-01-31,development,v4_hysteresis,500000000.0,50.0,-0.003857846437027381,-0.004788915638495912,0.46406769464011205,0.03876982515623084,500,61,68,1.9999999923399998,9.398045536235244e-10,0.05000000176892082,0.00539324793070118,0.04000000009425167,0.020000000175614714,109.74580685616722,2.5358333579517036,55975601.595,0.0001831920983956502,0.0003312104381978393,0.0004166666648750407,0.0009310692014685303,0.4454590951408234,19,252,500,CLARABEL,optimal,221,21,0.002603531315
2017-01-31,development,v4_hysteresis,500000000.0,150.0,-0.003857846437027381,-0.005622248968245993,0.46406769464011205,0.03876982515623084,500,61,68,1.9999999923399998,9.398045536235244e-10,0.05000000176892082,0.00539324793070118,0.04000000009425167,0.020000000175614714,109.74580685616722,2.5358333579517036,55975601.595,0.0001831920983956502,0.0003312104381978393,0.001249999994625122,0.0017644025312186116,0.4454590951408234,19,252,500,CLARABEL,optimal,221,21,0.002603531315
2017-01-31,development,v4_hysteresis,500000000.0,300.0,-0.003857846437027381,-0.0068722489628711145,0.46406769464011205,0.03876982515623084,500,61,68,1.9999999923399998,9.398045536235244e-10,0.05000000176892082,0.00539324793070118,0.04000000009425167,0.020000000175614714,109.74580685616722,2.5358333579517036,55975601.595,0.0001831920983956502,0.0003312104381978393,0.002499999989250244,0.0030144025258437334,0.4454590951408234,19,252,500,CLARABEL,optimal,221,21,0.002603531315
2017-02-28,development,v4_hysteresis,10000000.0,50.0,0.012441441625418924,0.011668320104975198,0.7499998765562174,0.005043348659319299,500,65,72,1.9999999511949633,-2.2254011064481993e-08,0.04999996911734156,-0.015682014958814675,0.0399999987455774,0.02000000059048913,111.98866642742148,2.376433404639511,57398196.260000005,0.0002780736065169107,7.838125279161168e-05,0.000416666661135203,0.0007731215204437253,0.010000002078575097,0,252,500,CLARABEL,optimal,229,29,0.0022460179
2017-02-28,development,v4_hysteresis,10000000.0,150.0,0.012441441625418924,0.010834986782704793,0.7499998765562174,0.005043348659319299,500,65,72,1.9999999511949633,-2.2254011064481993e-08,0.04999996911734156,-0.015682014958814675,0.0399999987455774,0.02000000059048913,111.98866642742148,2.376433404639511,57398196.260000005,0.0002780736065169107,7.838125279161168e-05,0.0012499999834056088,0.0016064548427141311,0.010000002078575097,0,252,500,CLARABEL,optimal,229,29,0.0022460179
2017-02-28,development,v4_hysteresis,10000000.0,300.0,0.012441441625418924,0.009584986799299184,0.7499998765562174,0.005043348659319299,500,65,72,1.9999999511949633,-2.2254011064481993e-08,0.04999996911734156,-0.015682014958814675,0.0399999987455774,0.02000000059048913,111.98866642742148,2.376433404639511,57398196.260000005,0.0002780736065169107,7.838125279161168e-05,0.0024999999668112176,0.00285645482611974,0.010000002078575097,0,252,500,CLARABEL,optimal,229,29,0.0022460179
2017-02-28,development,v4_hysteresis,100000000.0,50.0,0.012441441625418924,0.011498838073087887,0.7499998765562174,0.005043348659319299,500,65,72,1.9999999511949633,-2.2254011064481993e-08,0.04999996911734156,-0.015682014958814675,0.0399999987455774,0.02000000059048913,111.98866642742148,2.376433404639511,57398196.260000005,0.0002780736065169107,0.00024786328467892407,0.000416666661135203,0.0009426035523310378,0.10000002078575097,1,252,500,CLARABEL,optimal,229,29,0.0022460179
2017-02-28,development,v4_hysteresis,100000000.0,150.0,0.012441441625418924,0.01066550475081748,0.7499998765562174,0.005043348659319299,500,65,72,1.9999999511949633,-2.2254011064481993e-08,0.04999996911734156,-0.015682014958814675,0.0399999987455774,0.02000000059048913,111.98866642742148,2.376433404639511,57398196.260000005,0.0002780736065169107,0.00024786328467892407,0.0012499999834056088,0.0017759368746014434,0.10000002078575097,1,252,500,CLARABEL,optimal,229,29,0.0022460179
2017-02-28,development,v4_hysteresis,100000000.0,300.0,0.012441441625418924,0.009415504767411872,0.7499998765562174,0.005043348659319299,500,65,72,1.9999999511949633,-2.2254011064481993e-08,0.04999996911734156,-0.015682014958814675,0.0399999987455774,0.02000000059048913,111.98866642742148,2.376433404639511,57398196.260000005,0.0002780736065169107,0.00024786328467892407,0.0024999999668112176,0.0030259368580070525,0.10000002078575097,1,252,500,CLARABEL,optimal,229,29,0.0022460179
2017-02-28,development,v4_hysteresis,500000000.0,50.0,0.012441441625418924,0.011192462204098355,0.7499998765562174,0.005043348659319299,500,65,72,1.9999999511949633,-2.2254011064481993e-08,0.04999996911734156,-0.015682014958814675,0.0399999987455774,0.02000000059048913,111.98866642742148,2.376433404639511,57398196.260000005,0.0002780736065169107,0.0005542391536684562,0.000416666661135203,0.00124897942132057,0.5000001039287548,31,252,500,CLARABEL,optimal,229,29,0.0022460179
2017-02-28,development,v4_hysteresis,500000000.0,150.0,0.012441441625418924,0.01035912888182795,0.7499998765562174,0.005043348659319299,500,65,72,1.9999999511949633,-2.2254011064481993e-08,0.04999996911734156,-0.015682014958814675,0.0399999987455774,0.02000000059048913,111.98866642742148,2.376433404639511,57398196.260000005,0.0002780736065169107,0.0005542391536684562,0.0012499999834056088,0.0020823127435909755,0.5000001039287548,31,252,500,CLARABEL,optimal,229,29,0.0022460179
2017-02-28,development,v4_hysteresis,500000000.0,300.0,0.012441441625418924,0.00910912889842234,0.7499998765562174,0.005043348659319299,500,65,72,1.9999999511949633,-2.2254011064481993e-08,0.04999996911734156,-0.015682014958814675,0.0399999987455774,0.02000000059048913,111.98866642742148,2.376433404639511,57398196.260000005,0.0002780736065169107,0.0005542391536684562,0.0024999999668112176,0.0033323127269965845,0.5000001039287548,31,252,500,CLARABEL,optimal,229,29,0.0022460179
2017-03-31,development,v4_hysteresis,10000000.0,50.0,0.009597862289070194,0.008840052578052373,0.7499998817889398,0.008001689254993803,500,69,68,1.999999961169939,-8.721861705085487e-09,0.0499999925447242,0.046538207524500684,0.04000000487643749,0.02000000045964013,113.95975193048595,2.38585404271251,56838461.792500004,0.00026640379310796864,7.473925751572746e-05,0.0004166666603941252,0.0007578097110178214,0.009999999639583174,0,252,500,CLARABEL,optimal,230,30,0.0025843904
2017-03-31,development,v4_hysteresis,10000000.0,150.0,0.009597862289070194,0.008006719257264122,0.7499998817889398,0.008001689254993803,500,69,68,1.999999961169939,-8.721861705085487e-09,0.0499999925447242,0.046538207524500684,0.04000000487643749,0.02000000045964013,113.95975193048595,2.38585404271251,56838461.792500004,0.00026640379310796864,7.473925751572746e-05,0.0012499999811823755,0.0015911430318060716,0.009999999639583174,0,252,500,CLARABEL,optimal,230,30,0.0025843904
2017-03-31,development,v4_hysteresis,10000000.0,300.0,0.009597862289070194,0.0067567192760817464,0.7499998817889398,0.008001689254993803,500,69,68,1.999999961169939,-8.721861705085487e-09,0.0499999925447242,0.046538207524500684,0.04000000487643749,0.02000000045964013,113.95975193048595,2.38585404271251,56838461.792500004,0.00026640379310796864,7.473925751572746e-05,0.002499999962364751,0.002841143012988447,0.009999999639583174,0,252,500,CLARABEL,optimal,230,30,0.0025843904
2017-03-31,development,v4_hysteresis,100000000.0,50.0,0.009597862289070194,0.008678445551188543,0.7499998817889398,0.008001689254993803,500,69,68,1.999999961169939,-8.721861705085487e-09,0.0499999925447242,0.046538207524500684,0.04000000487643749,0.02000000045964013,113.95975193048595,2.38585404271251,56838461.792500004,0.00026640379310796864,0.00023634628437955654,0.0004166666603941252,0.0009194167378816505,0.09999999639583175,0,252,500,CLARABEL,optimal,230,30,0.0025843904
2017-03-31,development,v4_hysteresis,100000000.0,150.0,0.009597862289070194,0.007845112230400292,0.7499998817889398,0.008001689254993803,500,69,68,1.999999961169939,-8.721861705085487e-09,0.0499999925447242,0.046538207524500684,0.04000000487643749,0.02000000045964013,113.95975193048595,2.38585404271251,56838461.792500004,0.00026640379310796864,0.00023634628437955654,0.0012499999811823755,0.0017527500586699007,0.09999999639583175,0,252,500,CLARABEL,optimal,230,30,0.0025843904
2017-03-31,development,v4_hysteresis,100000000.0,300.0,0.009597862289070194,0.006595112249217917,0.7499998817889398,0.008001689254993803,500,69,68,1.999999961169939,-8.721861705085487e-09,0.0499999925447242,0.046538207524500684,0.04000000487643749,0.02000000045964013,113.95975193048595,2.38585404271251,56838461.792500004,0.00026640379310796864,0.00023634628437955654,0.002499999962364751,0.003002750039852276,0.09999999639583175,0,252,500,CLARABEL,optimal,230,30,0.0025843904
2017-03-31,development,v4_hysteresis,500000000.0,50.0,0.009597862289070194,0.008386305477465914,0.7499998817889398,0.008001689254993803,500,69,68,1.999999961169939,-8.721861705085487e-09,0.0499999925447242,0.046538207524500684,0.04000000487643749,0.02000000045964013,113.95975193048595,2.38585404271251,56838461.792500004,0.00026640379310796864,0.0005284863581021852,0.0004166666603941252,0.001211556811604279,0.49999998197915874,24,252,500,CLARABEL,optimal,230,30,0.0025843904
2017-03-31,development,v4_hysteresis,500000000.0,150.0,0.009597862289070194,0.007552972156677664,0.7499998817889398,0.008001689254993803,500,69,68,1.999999961169939,-8.721861705085487e-09,0.0499999925447242,0.046538207524500684,0.04000000487643749,0.02000000045964013,113.95975193048595,2.38585404271251,56838461.792500004,0.00026640379310796864,0.0005284863581021852,0.0012499999811823755,0.0020448901323925294,0.49999998197915874,24,252,500,CLARABEL,optimal,230,30,0.0025843904
2017-03-31,development,v4_hysteresis,500000000.0,300.0,0.009597862289070194,0.006302972175495289,0.7499998817889398,0.008001689254993803,500,69,68,1.999999961169939,-8.721861705085487e-09,0.0499999925447242,0.046538207524500684,0.04000000487643749,0.02000000045964013,113.95975193048595,2.38585404271251,56838461.792500004,0.00026640379310796864,0.0005284863581021852,0.002499999962364751,0.0032948901135749047,0.49999998197915874,24,252,500,CLARABEL,optimal,230,30,0.0025843904
2017-04-28,development,v4_hysteresis,10000000.0,50.0,-0.004733342171680933,-0.005427780510765847,0.6376395447226332,0.017315473371663555,500,66,74,1.9999999549258045,1.387942252795149e-08,0.05000000764812318,0.009291277546914972,0.04000000418875538,0.020000000409958286,115.27479921201068,2.341028151083077,57126958.6825,0.00022237927899230195,5.53924057079494e-05,0.00041666665438466294,0.0006944383390849144,0.010000000180395447,0,252,500,CLARABEL,optimal,225,25,0.0019934262300000003
2017-04-28,development,v4_hysteresis,10000000.0,150.0,-0.004733342171680933,-0.006261113819535174,0.6376395447226332,0.017315473371663555,500,66,74,1.9999999549258045,1.387942252795149e-08,0.05000000764812318,0.009291277546914972,0.04000000418875538,0.020000000409958286,115.27479921201068,2.341028151083077,57126958.6825,0.00022237927899230195,5.53924057079494e-05,0.001249999963153989,0.0015277716478542403,0.010000000180395447,0,252,500,CLARABEL,optimal,225,25,0.0019934262300000003
2017-04-28,development,v4_hysteresis,10000000.0,300.0,-0.004733342171680933,-0.007511113782689162,0.6376395447226332,0.017315473371663555,500,66,74,1.9999999549258045,1.387942252795149e-08,0.05000000764812318,0.009291277546914972,0.04000000418875538,0.020000000409958286,115.27479921201068,2.341028151083077,57126958.6825,0.00022237927899230195,5.53924057079494e-05,0.002499999926307978,0.0027777716110082293,0.010000000180395447,0,252,500,CLARABEL,optimal,225,25,0.0019934262300000003
2017-04-28,development,v4_hysteresis,100000000.0,50.0,-0.004733342171680933,-0.00554755427217113,0.6376395447226332,0.017315473371663555,500,66,74,1.9999999549258045,1.387942252795149e-08,0.05000000764812318,0.009291277546914972,0.04000000418875538,0.020000000409958286,115.27479921201068,2.341028151083077,57126958.6825,0.00022237927899230195,0.0001751661671132318,0.00041666665438466294,0.0008142121004901966,0.10000000180395446,1,252,500,CLARABEL,optimal,225,25,0.0019934262300000003
2017-04-28,development,v4_hysteresis,100000000.0,150.0,-0.004733342171680933,-0.0063808875809404555,0.6376395447226332,0.017315473371663555,500,66,74,1.9999999549258045,1.387942252795149e-08,0.05000000764812318,0.009291277546914972,0.04000000418875538,0.020000000409958286,115.27479921201068,2.341028151083077,57126958.6825,0.00022237927899230195,0.0001751661671132318,0.001249999963153989,0.0016475454092595228,0.10000000180395446,1,252,500,CLARABEL,optimal,225,25,0.0019934262300000003
2017-04-28,development,v4_hysteresis,100000000.0,300.0,-0.004733342171680933,-0.007630887544094444,0.6376395447226332,0.017315473371663555,500,66,74,1.9999999549258045,1.387942252795149e-08,0.05000000764812318,0.009291277546914972,0.04000000418875538,0.020000000409958286,115.27479921201068,2.341028151083077,57126958.6825,0.00022237927899230195,0.0001751661671132318,0.002499999926307978,0.0028975453724135116,0.10000000180395446,1,252,500,CLARABEL,optimal,225,25,0.0019934262300000003
2017-04-28,development,v4_hysteresis,500000000.0,50.0,-0.004733342171680933,-0.005764071562081172,0.6376395447226332,0.017315473371663555,500,66,74,1.9999999549258045,1.387942252795149e-08,0.05000000764812318,0.009291277546914972,0.04000000418875538,0.020000000409958286,115.27479921201068,2.341028151083077,57126958.6825,0.00022237927899230195,0.00039168345702327446,0.00041666665438466294,0.0010307293904002395,0.5000000090197724,25,252,500,CLARABEL,optimal,225,25,0.0019934262300000003
2017-04-28,development,v4_hysteresis,500000000.0,150.0,-0.004733342171680933,-0.006597404870850499,0.6376395447226332,0.017315473371663555,500,66,74,1.9999999549258045,1.387942252795149e-08,0.05000000764812318,0.009291277546914972,0.04000000418875538,0.020000000409958286,115.27479921201068,2.341028151083077,57126958.6825,0.00022237927899230195,0.00039168345702327446,0.001249999963153989,0.0018640626991695654,0.5000000090197724,25,252,500,CLARABEL,optimal,225,25,0.0019934262300000003
2017-04-28,development,v4_hysteresis,500000000.0,300.0,-0.004733342171680933,-0.007847404834004488,0.6376395447226332,0.017315473371663555,500,66,74,1.9999999549258045,1.387942252795149e-08,0.05000000764812318,0.009291277546914972,0.04000000418875538,0.020000000409958286,115.27479921201068,2.341028151083077,57126958.6825,0.00022237927899230195,0.00039168345702327446,0.002499999926307978,0.0031140626623235544,0.5000000090197724,25,252,500,CLARABEL,optimal,225,25,0.0019934262300000003
2017-05-31,development,v4_hysteresis,10000000.0,50.0,-0.03398340017933102,-0.03470972752732245,0.6074681625317349,-0.001000612734465518,500,68,72,1.999999974647579,-2.6070515746212664e-09,0.02483041275679948,0.02346067616477343,0.04000000078291456,0.02000000035473812,114.1452799898729,2.3408984470976923,60431879.1950275,0.00025496364210633347,5.4697043957054964e-05,0.000416666661928048,0.0007263273479914364,0.008353031481185913,0,252,500,CLARABEL,optimal,226,26,0.0019866660600000004
2017-05-31,development,v4_hysteresis,10000000.0,150.0,-0.03398340017933102,-0.03554306085117855,0.6074681625317349,-0.001000612734465518,500,68,72,1.999999974647579,-2.6070515746212664e-09,0.02483041275679948,0.02346067616477343,0.04000000078291456,0.02000000035473812,114.1452799898729,2.3408984470976923,60431879.1950275,0.00025496364210633347,5.4697043957054964e-05,0.001249999985784144,0.0015596606718475325,0.008353031481185913,0,252,500,CLARABEL,optimal,226,26,0.0019866660600000004
2017-05-31,development,v4_hysteresis,10000000.0,300.0,-0.03398340017933102,-0.036793060836962696,0.6074681625317349,-0.001000612734465518,500,68,72,1.999999974647579,-2.6070515746212664e-09,0.02483041275679948,0.02346067616477343,0.04000000078291456,0.02000000035473812,114.1452799898729,2.3408984470976923,60431879.1950275,0.00025496364210633347,5.4697043957054964e-05,0.002499999971568288,0.002809660657631677,0.008353031481185913,0,252,500,CLARABEL,optimal,226,26,0.0019866660600000004
2017-05-31,development,v4_hysteresis,100000000.0,50.0,-0.03398340017933102,-0.03482799772354804,0.6074681625317349,-0.001000612734465518,500,68,72,1.999999974647579,-2.6070515746212664e-09,0.02483041275679948,0.02346067616477343,0.04000000078291456,0.02000000035473812,114.1452799898729,2.3408984470976923,60431879.1950275,0.00025496364210633347,0.00017296724018264274,0.000416666661928048,0.0008445975442170242,0.08353031481185913,0,252,500,CLARABEL,optimal,226,26,0.0019866660600000004
2017-05-31,development,v4_hysteresis,100000000.0,150.0,-0.03398340017933102,-0.03566133104740414,0.6074681625317349,-0.001000612734465518,500,68,72,1.999999974647579,-2.6070515746212664e-09,0.02483041275679948,0.02346067616477343,0.04000000078291456,0.02000000035473812,114.1452799898729,2.3408984470976923,60431879.1950275,0.00025496364210633347,0.00017296724018264274,0.001249999985784144,0.0016779308680731203,0.08353031481185913,0,252,500,CLARABEL,optimal,226,26,0.0019866660600000004
2017-05-31,development,v4_hysteresis,100000000.0,300.0,-0.03398340017933102,-0.036911331033188284,0.6074681625317349,-0.001000612734465518,500,68,72,1.999999974647579,-2.6070515746212664e-09,0.02483041275679948,0.02346067616477343,0.04000000078291456,0.02000000035473812,114.1452799898729,2.3408984470976923,60431879.1950275,0.00025496364210633347,0.00017296724018264274,0.002499999971568288,0.0029279308538572644,0.08353031481185913,0,252,500,CLARABEL,optimal,226,26,0.0019866660600000004
2017-05-31,development,v4_hysteresis,500000000.0,50.0,-0.03398340017933102,-0.035041796990294326,0.6074681625317349,-0.001000612734465518,500,68,72,1.999999974647579,-2.6070515746212664e-09,0.02483041275679948,0.02346067616477343,0.04000000078291456,0.02000000035473812,114.1452799898729,2.3408984470976923,60431879.1950275,0.00025496364210633347,0.0003867665069289223,0.000416666661928048,0.0010583968109633037,0.41765157405929565,21,252,500,CLARABEL,optimal,226,26,0.0019866660600000004
2017-05-31,development,v4_hysteresis,500000000.0,150.0,-0.03398340017933102,-0.03587513031415042,0.6074681625317349,-0.001000612734465518,500,68,72,1.999999974647579,-2.6070515746212664e-09,0.02483041275679948,0.02346067616477343,0.04000000078291456,0.02000000035473812,114.1452799898729,2.3408984470976923,60431879.1950275,0.00025496364210633347,0.0003867665069289223,0.001249999985784144,0.0018917301348193999,0.41765157405929565,21,252,500,CLARABEL,optimal,226,26,0.0019866660600000004
2017-05-31,development,v4_hysteresis,500000000.0,300.0,-0.03398340017933102,-0.03712513029993456,0.6074681625317349,-0.001000612734465518,500,68,72,1.999999974647579,-2.6070515746212664e-09,0.02483041275679948,0.02346067616477343,0.04000000078291456,0.02000000035473812,114.1452799898729,2.3408984470976923,60431879.1950275,0.00025496364210633347,0.0003867665069289223,0.002499999971568288,0.003141730120603544,0.41765157405929565,21,252,500,CLARABEL,optimal,226,26,0.0019866660600000004
2017-06-30,development,v4_hysteresis,10000000.0,50.0,0.015674312366222264,0.014943642080546674,0.6009368048567629,0.022191429596298325,500,70,68,1.9999999494762692,4.160258831875652e-09,0.05000000657209103,-0.008126072788935512,0.04000000083648689,0.020000000550832696,112.27911804698212,2.2076920452784514,56071815.457499996,0.0002512236701301755,6.277996027124517e-05,0.00041666665527416885,0.0007306702856755895,0.009566188516825874,0,252,500,CLARABEL,optimal,232,32,0.0019155736499999998
2017-06-30,development,v4_hysteresis,10000000.0,150.0,0.015674312366222264,0.014110308769998336,0.6009368048567629,0.022191429596298325,500,70,68,1.9999999494762692,4.160258831875652e-09,0.05000000657209103,-0.008126072788935512,0.04000000083648689,0.020000000550832696,112.27911804698212,2.2076920452784514,56071815.457499996,0.0002512236701301755,6.277996027124517e-05,0.0012499999658225065,0.0015640035962239272,0.009566188516825874,0,252,500,CLARABEL,optimal,232,32,0.0019155736499999998
2017-06-30,development,v4_hysteresis,10000000.0,300.0,0.015674312366222264,0.012860308804175831,0.6009368048567629,0.022191429596298325,500,70,68,1.9999999494762692,4.160258831875652e-09,0.05000000657209103,-0.008126072788935512,0.04000000083648689,0.020000000550832696,112.27911804698212,2.2076920452784514,56071815.457499996,0.0002512236701301755,6.277996027124517e-05,0.002499999931645013,0.0028140035620464335,0.009566188516825874,0,252,500,CLARABEL,optimal,232,32,0.0019155736499999998
2017-06-30,development,v4_hysteresis,100000000.0,50.0,0.015674312366222264,0.014807894374945903,0.6009368048567629,0.022191429596298325,500,70,68,1.9999999494762692,4.160258831875652e-09,0.05000000657209103,-0.008126072788935512,0.04000000083648689,0.020000000550832696,112.27911804698212,2.2076920452784514,56071815.457499996,0.0002512236701301755,0.000198527665872017,0.00041666665527416885,0.0008664179912763613,0.09566188516825874,0,252,500,CLARABEL,optimal,232,32,0.0019155736499999998
2017-06-30,development,v4_hysteresis,100000000.0,150.0,0.015674312366222264,0.013974561064397564,0.6009368048567629,0.022191429596298325,500,70,68,1.9999999494762692,4.160258831875652e-09,0.05000000657209103,-0.008126072788935512,0.04000000083648689,0.020000000550832696,112.27911804698212,2.2076920452784514,56071815.457499996,0.0002512236701301755,0.000198527665872017,0.0012499999658225065,0.0016997513018246991,0.09566188516825874,0,252,500,CLARABEL,optimal,232,32,0.0019155736499999998
2017-06-30,development,v4_hysteresis,100000000.0,300.0,0.015674312366222264,0.012724561098575058,0.6009368048567629,0.022191429596298325,500,70,68,1.9999999494762692,4.160258831875652e-09,0.05000000657209103,-0.008126072788935512,0.04000000083648689,0.020000000550832696,112.27911804698212,2.2076920452784514,56071815.457499996,0.0002512236701301755,0.000198527665872017,0.002499999931645013,0.0029497512676472056,0.09566188516825874,0,252,500,CLARABEL,optimal,232,32,0.0019155736499999998
2017-06-30,development,v4_hysteresis,500000000.0,50.0,0.015674312366222264,0.014562500684513724,0.6009368048567629,0.022191429596298325,500,70,68,1.9999999494762692,4.160258831875652e-09,0.05000000657209103,-0.008126072788935512,0.04000000083648689,0.020000000550832696,112.27911804698212,2.2076920452784514,56071815.457499996,0.0002512236701301755,0.0004439213563041951,0.00041666665527416885,0.0011118116817085395,0.47830942584129377,23,252,500,CLARABEL,optimal,232,32,0.0019155736499999998
2017-06-30,development,v4_hysteresis,500000000.0,150.0,0.015674312366222264,0.013729167373965387,0.6009368048567629,0.022191429596298325,500,70,68,1.9999999494762692,4.160258831875652e-09,0.05000000657209103,-0.008126072788935512,0.04000000083648689,0.020000000550832696,112.27911804698212,2.2076920452784514,56071815.457499996,0.0002512236701301755,0.0004439213563041951,0.0012499999658225065,0.0019451449922568771,0.47830942584129377,23,252,500,CLARABEL,optimal,232,32,0.0019155736499999998
2017-06-30,development,v4_hysteresis,500000000.0,300.0,0.015674312366222264,0.01247916740814288,0.6009368048567629,0.022191429596298325,500,70,68,1.9999999494762692,4.160258831875652e-09,0.05000000657209103,-0.008126072788935512,0.04000000083648689,0.020000000550832696,112.27911804698212,2.2076920452784514,56071815.457499996,0.0002512236701301755,0.0004439213563041951,0.002499999931645013,0.0031951449580793836,0.47830942584129377,23,252,500,CLARABEL,optimal,232,32,0.0019155736499999998
2017-07-31,development,v4_hysteresis,10000000.0,50.0,0.002201500405338801,0.0015466803808217265,0.5801441690030109,-0.0015062219059625266,500,70,75,1.999999952900858,-1.891063038800267e-08,0.049999971330953547,-0.03910935654270414,0.0400000016643764,0.020000000699004185,113.16153055722921,2.1212662082115115,60956151.555,0.00017977576122843615,5.837760249457836e-05,0.0004166666607940601,0.0006548200245170745,0.0080509277466482,0,252,500,CLARABEL,optimal,223,23,0.0019709141399999997
2017-07-31,development,v4_hysteresis,10000000.0,150.0,0.002201500405338801,0.0007133470592336063,0.5801441690030109,-0.0015062219059625266,500,70,75,1.999999952900858,-1.891063038800267e-08,0.049999971330953547,-0.03910935654270414,0.0400000016643764,0.020000000699004185,113.16153055722921,2.1212662082115115,60956151.555,0.00017977576122843615,5.837760249457836e-05,0.0012499999823821803,0.0014881533461051947,0.0080509277466482,0,252,500,CLARABEL,optimal,223,23,0.0019709141399999997
2017-07-31,development,v4_hysteresis,10000000.0,300.0,0.002201500405338801,-0.000536652923148574,0.5801441690030109,-0.0015062219059625266,500,70,75,1.999999952900858,-1.891063038800267e-08,0.049999971330953547,-0.03910935654270414,0.0400000016643764,0.020000000699004185,113.16153055722921,2.1212662082115115,60956151.555,0.00017977576122843615,5.837760249457836e-05,0.0024999999647643606,0.002738153328487375,0.0080509277466482,0,252,500,CLARABEL,optimal,223,23,0.0019709141399999997
2017-07-31,development,v4_hysteresis,100000000.0,50.0,0.002201500405338801,0.0014204517950935098,0.5801441690030109,-0.0015062219059625266,500,70,75,1.999999952900858,-1.891063038800267e-08,0.049999971330953547,-0.03910935654270414,0.0400000016643764,0.020000000699004185,113.16153055722921,2.1212662082115115,60956151.555,0.00017977576122843615,0.000184606188222795,0.0004166666607940601,0.0007810486102452913,0.080509277466482,0,252,500,CLARABEL,optimal,223,23,0.0019709141399999997
2017-07-31,development,v4_hysteresis,100000000.0,150.0,0.002201500405338801,0.0005871184735053896,0.5801441690030109,-0.0015062219059625266,500,70,75,1.999999952900858,-1.891063038800267e-08,0.049999971330953547,-0.03910935654270414,0.0400000016643764,0.020000000699004185,113.16153055722921,2.1212662082115115,60956151.555,0.00017977576122843615,0.000184606188222795,0.0012499999823821803,0.0016143819318334115,0.080509277466482,0,252,500,CLARABEL,optimal,223,23,0.0019709141399999997
2017-07-31,development,v4_hysteresis,100000000.0,300.0,0.002201500405338801,-0.0006628815088767907,0.5801441690030109,-0.0015062219059625266,500,70,75,1.999999952900858,-1.891063038800267e-08,0.049999971330953547,-0.03910935654270414,0.0400000016643764,0.020000000699004185,113.16153055722921,2.1212662082115115,60956151.555,0.00017977576122843615,0.000184606188222795,0.0024999999647643606,0.0028643819142155917,0.080509277466482,0,252,500,CLARABEL,optimal,223,23,0.0019709141399999997
2017-07-31,development,v4_hysteresis,500000000.0,50.0,0.002201500405338801,0.0011922659973830141,0.5801441690030109,-0.0015062219059625266,500,70,75,1.999999952900858,-1.891063038800267e-08,0.049999971330953547,-0.03910935654270414,0.0400000016643764,0.020000000699004185,113.16153055722921,2.1212662082115115,60956151.555,0.00017977576122843615,0.00041279198593329066,0.0004166666607940601,0.001009234407955787,0.40254638733240994,23,252,500,CLARABEL,optimal,223,23,0.0019709141399999997
2017-07-31,development,v4_hysteresis,500000000.0,150.0,0.002201500405338801,0.00035893267579489396,0.5801441690030109,-0.0015062219059625266,500,70,75,1.999999952900858,-1.891063038800267e-08,0.049999971330953547,-0.03910935654270414,0.0400000016643764,0.020000000699004185,113.16153055722921,2.1212662082115115,60956151.555,0.00017977576122843615,0.00041279198593329066,0.0012499999823821803,0.001842567729543907,0.40254638733240994,23,252,500,CLARABEL,optimal,223,23,0.0019709141399999997
2017-07-31,development,v4_hysteresis,500000000.0,300.0,0.002201500405338801,-0.0008910673065872865,0.5801441690030109,-0.0015062219059625266,500,70,75,1.999999952900858,-1.891063038800267e-08,0.049999971330953547,-0.03910935654270414,0.0400000016643764,0.020000000699004185,113.16153055722921,2.1212662082115115,60956151.555,0.00017977576122843615,0.00041279198593329066,0.0024999999647643606,0.0030925677119260876,0.40254638733240994,23,252,500,CLARABEL,optimal,223,23,0.0019709141399999997
2017-08-31,development,v4_hysteresis,10000000.0,50.0,0.005505195935051377,0.004887772668571428,0.4729343262199545,0.02238816992473658,500,65,65,1.9999999876579762,-4.893300958874747e-09,0.049999995450054235,0.01628432612231498,0.04000000032869872,0.020000000741980217,112.11903472971409,2.068018492823899,57940410.5275,0.00015966896428775204,4.108763707734728e-05,0.00041666666511484953,0.0006174232664799489,0.009073825309852223,0,252,500,CLARABEL,optimal,217,17,0.0020005585400000004
2017-08-31,development,v4_hysteresis,10000000.0,150.0,0.005505195935051377,0.004054439338341729,0.4729343262199545,0.02238816992473658,500,65,65,1.9999999876579762,-4.893300958874747e-09,0.049999995450054235,0.01628432612231498,0.04000000032869872,0.020000000741980217,112.11903472971409,2.068018492823899,57940410.5275,0.00015966896428775204,4.108763707734728e-05,0.0012499999953445484,0.0014507565967096477,0.009073825309852223,0,252,500,CLARABEL,optimal,217,17,0.0020005585400000004
2017-08-31,development,v4_hysteresis,10000000.0,300.0,0.005505195935051377,0.0028044393429971803,0.4729343262199545,0.02238816992473658,500,65,65,1.9999999876579762,-4.893300958874747e-09,0.049999995450054235,0.01628432612231498,0.04000000032869872,0.020000000741980217,112.11903472971409,2.068018492823899,57940410.5275,0.00015966896428775204,4.108763707734728e-05,0.002499999990689097,0.0027007565920541964,0.009073825309852223,0,252,500,CLARABEL,optimal,217,17,0.0020005585400000004
2017-08-31,development,v4_hysteresis,100000000.0,50.0,0.005505195935051377,0.0047989297888099735,0.4729343262199545,0.02238816992473658,500,65,65,1.9999999876579762,-4.893300958874747e-09,0.049999995450054235,0.01628432612231498,0.04000000032869872,0.020000000741980217,112.11903472971409,2.068018492823899,57940410.5275,0.00015966896428775204,0.0001299305168388013,0.00041666666511484953,0.0007062661462414029,0.09073825309852222,0,252,500,CLARABEL,optimal,217,17,0.0020005585400000004
2017-08-31,development,v4_hysteresis,100000000.0,150.0,0.005505195935051377,0.0039655964585802745,0.4729343262199545,0.02238816992473658,500,65,65,1.9999999876579762,-4.893300958874747e-09,0.049999995450054235,0.01628432612231498,0.04000000032869872,0.020000000741980217,112.11903472971409,2.068018492823899,57940410.5275,0.00015966896428775204,0.0001299305168388013,0.0012499999953445484,0.0015395994764711017,0.09073825309852222,0,252,500,CLARABEL,optimal,217,17,0.0020005585400000004
2017-08-31,development,v4_hysteresis,100000000.0,300.0,0.005505195935051377,0.0027155964632357265,0.4729343262199545,0.02238816992473658,500,65,65,1.9999999876579762,-4.893300958874747e-09,0.049999995450054235,0.01628432612231498,0.04000000032869872,0.020000000741980217,112.11903472971409,2.068018492823899,57940410.5275,0.00015966896428775204,0.0001299305168388013,0.002499999990689097,0.00278959947181565,0.09073825309852222,0,252,500,CLARABEL,optimal,217,17,0.0020005585400000004
2017-08-31,development,v4_hysteresis,500000000.0,50.0,0.005505195935051377,0.0046383268376455344,0.4729343262199545,0.02238816992473658,500,65,65,1.9999999876579762,-4.893300958874747e-09,0.049999995450054235,0.01628432612231498,0.04000000032869872,0.020000000741980217,112.11903472971409,2.068018492823899,57940410.5275,0.00015966896428775204,0.0002905334680032407,0.00041666666511484953,0.0008668690974058422,0.45369126549261113,16,252,500,CLARABEL,optimal,217,17,0.0020005585400000004
2017-08-31,development,v4_hysteresis,500000000.0,150.0,0.005505195935051377,0.0038049935074158355,0.4729343262199545,0.02238816992473658,500,65,65,1.9999999876579762,-4.893300958874747e-09,0.049999995450054235,0.01628432612231498,0.04000000032869872,0.020000000741980217,112.11903472971409,2.068018492823899,57940410.5275,0.00015966896428775204,0.0002905334680032407,0.0012499999953445484,0.0017002024276355412,0.45369126549261113,16,252,500,CLARABEL,optimal,217,17,0.0020005585400000004
2017-08-31,development,v4_hysteresis,500000000.0,300.0,0.005505195935051377,0.002554993512071287,0.4729343262199545,0.02238816992473658,500,65,65,1.9999999876579762,-4.893300958874747e-09,0.049999995450054235,0.01628432612231498,0.04000000032869872,0.020000000741980217,112.11903472971409,2.068018492823899,57940410.5275,0.00015966896428775204,0.0002905334680032407,0.002499999990689097,0.0029502024229800896,0.45369126549261113,16,252,500,CLARABEL,optimal,217,17,0.0020005585400000004
2017-09-29,development,v4_hysteresis,10000000.0,50.0,0.031054056046593326,0.03045758080801663,0.47642793146817397,0.011243781312675352,500,63,67,1.999999964316924,2.0297160174820306e-08,0.05000000968385593,0.011316273221607748,0.0400000016894562,0.02000000083374297,112.05790759019331,2.00015004501376,62142872.622499995,0.00013563845485790524,4.4170128714674e-05,0.00041666665500411757,0.0005964752385766968,0.00830259022631722,0,252,500,CLARABEL,optimal,214,14,0.0020005585400000004
2017-09-29,development,v4_hysteresis,10000000.0,150.0,0.031054056046593326,0.029624247498008394,0.47642793146817397,0.011243781312675352,500,63,67,1.999999964316924,2.0297160174820306e-08,0.05000000968385593,0.011316273221607748,0.0400000016894562,0.02000000083374297,112.05790759019331,2.00015004501376,62142872.622499995,0.00013563845485790524,4.4170128714674e-05,0.0012499999650123527,0.001429808548584932,0.00830259022631722,0,252,500,CLARABEL,optimal,214,14,0.0020005585400000004
2017-09-29,development,v4_hysteresis,10000000.0,300.0,0.031054056046593326,0.02837424753299604,0.47642793146817397,0.011243781312675352,500,63,67,1.999999964316924,2.0297160174820306e-08,0.05000000968385593,0.011316273221607748,0.0400000016894562,0.02000000083374297,112.05790759019331,2.00015004501376,62142872.622499995,0.00013563845485790524,4.4170128714674e-05,0.0024999999300247054,0.0026798085135972846,0.00830259022631722,0,252,500,CLARABEL,optimal,214,14,0.0020005585400000004
2017-09-29,development,v4_hysteresis,100000000.0,50.0,0.031054056046593326,0.030362072725450127,0.47642793146817397,0.011243781312675352,500,63,67,1.999999964316924,2.0297160174820306e-08,0.05000000968385593,0.011316273221607748,0.0400000016894562,0.02000000083374297,112.05790759019331,2.00015004501376,62142872.622499995,0.00013563845485790524,0.00013967821128117546,0.00041666665500411757,0.0006919833211431983,0.0830259022631722,0,252,500,CLARABEL,optimal,214,14,0.0020005585400000004
2017-09-29,development,v4_hysteresis,100000000.0,150.0,0.031054056046593326,0.029528739415441894,0.47642793146817397,0.011243781312675352,500,63,67,1.999999964316924,2.0297160174820306e-08,0.05000000968385593,0.011316273221607748,0.0400000016894562,0.02000000083374297,112.05790759019331,2.00015004501376,62142872.622499995,0.00013563845485790524,0.00013967821128117546,0.0012499999650123527,0.0015253166311514333,0.0830259022631722,0,252,500,CLARABEL,optimal,214,14,0.0020005585400000004
2017-09-29,development,v4_hysteresis,100000000.0,300.0,0.031054056046593326,0.02827873945042954,0.47642793146817397,0.011243781312675352,500,63,67,1.999999964316924,2.0297160174820306e-08,0.05000000968385593,0.011316273221607748,0.0400000016894562,0.02000000083374297,112.05790759019331,2.00015004501376,62142872.622499995,0.00013563845485790524,0.00013967821128117546,0.0024999999300247054,0.002775316596163786,0.0830259022631722,0,252,500,CLARABEL,optimal,214,14,0.0020005585400000004
2017-09-29,development,v4_hysteresis,500000000.0,50.0,0.031054056046593326,0.030189420961331016,0.47642793146817397,0.011243781312675352,500,63,67,1.999999964316924,2.0297160174820306e-08,0.05000000968385593,0.011316273221607748,0.0400000016894562,0.02000000083374297,112.05790759019331,2.00015004501376,62142872.622499995,0.00013563845485790524,0.00031232997540028634,0.00041666665500411757,0.0008646350852623091,0.41512951131586096,18,252,500,CLARABEL,optimal,214,14,0.0020005585400000004
2017-09-29,development,v4_hysteresis,500000000.0,150.0,0.031054056046593326,0.029356087651322783,0.47642793146817397,0.011243781312675352,500,63,67,1.999999964316924,2.0297160174820306e-08,0.05000000968385593,0.011316273221607748,0.0400000016894562,0.02000000083374297,112.05790759019331,2.00015004501376,62142872.622499995,0.00013563845485790524,0.00031232997540028634,0.0012499999650123527,0.0016979683952705444,0.41512951131586096,18,252,500,CLARABEL,optimal,214,14,0.0020005585400000004
2017-09-29,development,v4_hysteresis,500000000.0,300.0,0.031054056046593326,0.02810608768631043,0.47642793146817397,0.011243781312675352,500,63,67,1.999999964316924,2.0297160174820306e-08,0.05000000968385593,0.011316273221607748,0.0400000016894562,0.02000000083374297,112.05790759019331,2.00015004501376,62142872.622499995,0.00013563845485790524,0.00031232997540028634,0.0024999999300247054,0.002947968360282897,0.41512951131586096,18,252,500,CLARABEL,optimal,214,14,0.0020005585400000004
2017-10-31,development,v4_hysteresis,10000000.0,50.0,-0.0047829640773616325,-0.00540665490280077,0.5702251238703057,0.03434968321964022,500,66,69,1.9999999719810098,-1.946388394902243e-08,0.049999984184626256,-0.03465302809848016,0.03999999895826212,0.02000000071471483,113.70356712168497,2.00562461857116,59262038.33,0.00015959567512426845,4.742848543051667e-05,0.00041666666488435287,0.0006236908254391379,0.007868577305153071,0,252,500,CLARABEL,optimal,214,14,0.0021583355600000003
2017-10-31,development,v4_hysteresis,10000000.0,150.0,-0.0047829640773616325,-0.006239988232569476,0.5702251238703057,0.03434968321964022,500,66,69,1.9999999719810098,-1.946388394902243e-08,0.049999984184626256,-0.03465302809848016,0.03999999895826212,0.02000000071471483,113.70356712168497,2.00562461857116,59262038.33,0.00015959567512426845,4.742848543051667e-05,0.0012499999946530584,0.0014570241552078434,0.007868577305153071,0,252,500,CLARABEL,optimal,214,14,0.0021583355600000003
2017-10-31,development,v4_hysteresis,10000000.0,300.0,-0.0047829640773616325,-0.0074899882272225346,0.5702251238703057,0.03434968321964022,500,66,69,1.9999999719810098,-1.946388394902243e-08,0.049999984184626256,-0.03465302809848016,0.03999999895826212,0.02000000071471483,113.70356712168497,2.00562461857116,59262038.33,0.00015959567512426845,4.742848543051667e-05,0.0024999999893061168,0.002707024149860902,0.007868577305153071,0,252,500,CLARABEL,optimal,214,14,0.0021583355600000003
2017-10-31,development,v4_hysteresis,100000000.0,50.0,-0.0047829640773616325,-0.005509208457302798,0.5702251238703057,0.03434968321964022,500,66,69,1.9999999719810098,-1.946388394902243e-08,0.049999984184626256,-0.03465302809848016,0.03999999895826212,0.02000000071471483,113.70356712168497,2.00562461857116,59262038.33,0.00015959567512426845,0.00014998203993254433,0.00041666666488435287,0.0007262443799411657,0.07868577305153071,0,252,500,CLARABEL,optimal,214,14,0.0021583355600000003
2017-10-31,development,v4_hysteresis,100000000.0,150.0,-0.0047829640773616325,-0.006342541787071504,0.5702251238703057,0.03434968321964022,500,66,69,1.9999999719810098,-1.946388394902243e-08,0.049999984184626256,-0.03465302809848016,0.03999999895826212,0.02000000071471483,113.70356712168497,2.00562461857116,59262038.33,0.00015959567512426845,0.00014998203993254433,0.0012499999946530584,0.001559577709709871,0.07868577305153071,0,252,500,CLARABEL,optimal,214,14,0.0021583355600000003
2017-10-31,development,v4_hysteresis,100000000.0,300.0,-0.0047829640773616325,-0.007592541781724562,0.5702251238703057,0.03434968321964022,500,66,69,1.9999999719810098,-1.946388394902243e-08,0.049999984184626256,-0.03465302809848016,0.03999999895826212,0.02000000071471483,113.70356712168497,2.00562461857116,59262038.33,0.00015959567512426845,0.00014998203993254433,0.0024999999893061168,0.0028095777043629297,0.07868577305153071,0,252,500,CLARABEL,optimal,214,14,0.0021583355600000003
2017-10-31,development,v4_hysteresis,500000000.0,50.0,-0.0047829640773616325,-0.005694596454063511,0.5702251238703057,0.03434968321964022,500,66,69,1.9999999719810098,-1.946388394902243e-08,0.049999984184626256,-0.03465302809848016,0.03999999895826212,0.02000000071471483,113.70356712168497,2.00562461857116,59262038.33,0.00015959567512426845,0.00033537003669325714,0.00041666666488435287,0.0009116323767018785,0.3934288652576535,20,252,500,CLARABEL,optimal,214,14,0.0021583355600000003
2017-10-31,development,v4_hysteresis,500000000.0,150.0,-0.0047829640773616325,-0.006527929783832216,0.5702251238703057,0.03434968321964022,500,66,69,1.9999999719810098,-1.946388394902243e-08,0.049999984184626256,-0.03465302809848016,0.03999999895826212,0.02000000071471483,113.70356712168497,2.00562461857116,59262038.33,0.00015959567512426845,0.00033537003669325714,0.0012499999946530584,0.001744965706470584,0.3934288652576535,20,252,500,CLARABEL,optimal,214,14,0.0021583355600000003
2017-10-31,development,v4_hysteresis,500000000.0,300.0,-0.0047829640773616325,-0.007777929778485275,0.5702251238703057,0.03434968321964022,500,66,69,1.9999999719810098,-1.946388394902243e-08,0.049999984184626256,-0.03465302809848016,0.03999999895826212,0.02000000071471483,113.70356712168497,2.00562461857116,59262038.33,0.00015959567512426845,0.00033537003669325714,0.0024999999893061168,0.0029949657011236423,0.3934288652576535,20,252,500,CLARABEL,optimal,214,14,0.0021583355600000003
2017-11-30,development,v4_hysteresis,10000000.0,50.0,-0.051484278029988756,-0.05213254250400453,0.6732945390619307,0.012892993771426482,500,66,65,1.9999999467499723,3.4017517275275466e-09,0.050000009655449096,-0.0500000103808316,0.04000000084157924,0.02000000052628191,111.3080127279319,2.0,61558005.1525,0.00016761215278228778,6.398566636927567e-05,0.00041666665486421255,0.000648264474015776,0.00999999910562551,0,252,500,CLARABEL,optimal,227,27,0.00199436711
2017-11-30,development,v4_hysteresis,10000000.0,150.0,-0.051484278029988756,-0.05296587581373296,0.6732945390619307,0.012892993771426482,500,66,65,1.9999999467499723,3.4017517275275466e-09,0.050000009655449096,-0.0500000103808316,0.04000000084157924,0.02000000052628191,111.3080127279319,2.0,61558005.1525,0.00016761215278228778,6.398566636927567e-05,0.0012499999645926379,0.0014815977837442013,0.00999999910562551,0,252,500,CLARABEL,optimal,227,27,0.00199436711
2017-11-30,development,v4_hysteresis,10000000.0,300.0,-0.051484278029988756,-0.054215875778325595,0.6732945390619307,0.012892993771426482,500,66,65,1.9999999467499723,3.4017517275275466e-09,0.050000009655449096,-0.0500000103808316,0.04000000084157924,0.02000000052628191,111.3080127279319,2.0,61558005.1525,0.00016761215278228778,6.398566636927567e-05,0.0024999999291852757,0.002731597748336839,0.00999999910562551,0,252,500,CLARABEL,optimal,227,27,0.00199436711
2017-11-30,development,v4_hysteresis,100000000.0,50.0,-0.051484278029988756,-0.0522708972809658,0.6732945390619307,0.012892993771426482,500,66,65,1.9999999467499723,3.4017517275275466e-09,0.050000009655449096,-0.0500000103808316,0.04000000084157924,0.02000000052628191,111.3080127279319,2.0,61558005.1525,0.00016761215278228778,0.00020234044333054758,0.00041666665486421255,0.0007866192509770479,0.0999999910562551,0,252,500,CLARABEL,optimal,227,27,0.00199436711
2017-11-30,development,v4_hysteresis,100000000.0,150.0,-0.051484278029988756,-0.05310423059069423,0.6732945390619307,0.012892993771426482,500,66,65,1.9999999467499723,3.4017517275275466e-09,0.050000009655449096,-0.0500000103808316,0.04000000084157924,0.02000000052628191,111.3080127279319,2.0,61558005.1525,0.00016761215278228778,0.00020234044333054758,0.0012499999645926379,0.0016199525607054732,0.0999999910562551,0,252,500,CLARABEL,optimal,227,27,0.00199436711
2017-11-30,development,v4_hysteresis,100000000.0,300.0,-0.051484278029988756,-0.05435423055528687,0.6732945390619307,0.012892993771426482,500,66,65,1.9999999467499723,3.4017517275275466e-09,0.050000009655449096,-0.0500000103808316,0.04000000084157924,0.02000000052628191,111.3080127279319,2.0,61558005.1525,0.00016761215278228778,0.00020234044333054758,0.0024999999291852757,0.0028699525252981113,0.0999999910562551,0,252,500,CLARABEL,optimal,227,27,0.00199436711
2017-11-30,development,v4_hysteresis,500000000.0,50.0,-0.051484278029988756,-0.052521003823519805,0.6732945390619307,0.012892993771426482,500,66,65,1.9999999467499723,3.4017517275275466e-09,0.050000009655449096,-0.0500000103808316,0.04000000084157924,0.02000000052628191,111.3080127279319,2.0,61558005.1525,0.00016761215278228778,0.00045244698588454844,0.00041666665486421255,0.0010367257935310487,0.4999999552812755,24,252,500,CLARABEL,optimal,227,27,0.00199436711
2017-11-30,development,v4_hysteresis,500000000.0,150.0,-0.051484278029988756,-0.053354337133248234,0.6732945390619307,0.012892993771426482,500,66,65,1.9999999467499723,3.4017517275275466e-09,0.050000009655449096,-0.0500000103808316,0.04000000084157924,0.02000000052628191,111.3080127279319,2.0,61558005.1525,0.00016761215278228778,0.00045244698588454844,0.0012499999645926379,0.0018700591032594742,0.4999999552812755,24,252,500,CLARABEL,optimal,227,27,0.00199436711
2017-11-30,development,v4_hysteresis,500000000.0,300.0,-0.051484278029988756,-0.05460433709784087,0.6732945390619307,0.012892993771426482,500,66,65,1.9999999467499723,3.4017517275275466e-09,0.050000009655449096,-0.0500000103808316,0.04000000084157924,0.02000000052628191,111.3080127279319,2.0,61558005.1525,0.00016761215278228778,0.00045244698588454844,0.0024999999291852757,0.003120059067852112,0.4999999552812755,24,252,500,CLARABEL,optimal,227,27,0.00199436711
2017-12-29,development,v4_hysteresis,10000000.0,50.0,0.019970003641559004,0.019331303732886978,0.5015577352186871,0.04377233053234128,500,69,66,1.9999999779034137,-7.396584067453915e-09,0.04999999182014617,-0.03358901305532938,0.04000000178701331,0.020000000500928358,112.62311976659434,2.0,62163781.93,0.0001690429484374706,5.299029663038958e-05,0.0004166666636041662,0.0006386999086720264,0.010000000188382407,0,252,500,CLARABEL,optimal,218,18,0.0017666372800000001
2017-12-29,development,v4_hysteresis,10000000.0,150.0,0.019970003641559004,0.018497970405678646,0.5015577352186871,0.04377233053234128,500,69,66,1.9999999779034137,-7.396584067453915e-09,0.04999999182014617,-0.03358901305532938,0.04000000178701331,0.020000000500928358,112.62311976659434,2.0,62163781.93,0.0001690429484374706,5.299029663038958e-05,0.0012499999908124986,0.0014720332358803588,0.010000000188382407,0,252,500,CLARABEL,optimal,218,18,0.0017666372800000001
2017-12-29,development,v4_hysteresis,10000000.0,300.0,0.019970003641559004,0.017247970414866146,0.5015577352186871,0.04377233053234128,500,69,66,1.9999999779034137,-7.396584067453915e-09,0.04999999182014617,-0.03358901305532938,0.04000000178701331,0.020000000500928358,112.62311976659434,2.0,62163781.93,0.0001690429484374706,5.299029663038958e-05,0.002499999981624997,0.002722033226692857,0.010000000188382407,0,252,500,CLARABEL,optimal,218,18,0.0017666372800000001
2017-12-29,development,v4_hysteresis,100000000.0,50.0,0.019970003641559004,0.01921672399827739,0.5015577352186871,0.04377233053234128,500,69,66,1.9999999779034137,-7.396584067453915e-09,0.04999999182014617,-0.03358901305532938,0.04000000178701331,0.020000000500928358,112.62311976659434,2.0,62163781.93,0.0001690429484374706,0.0001675700312399767,0.0004166666636041662,0.0007532796432816135,0.10000000188382409,2,252,500,CLARABEL,optimal,218,18,0.0017666372800000001
2017-12-29,development,v4_hysteresis,100000000.0,150.0,0.019970003641559004,0.018383390671069057,0.5015577352186871,0.04377233053234128,500,69,66,1.9999999779034137,-7.396584067453915e-09,0.04999999182014617,-0.03358901305532938,0.04000000178701331,0.020000000500928358,112.62311976659434,2.0,62163781.93,0.0001690429484374706,0.0001675700312399767,0.0012499999908124986,0.0015866129704899458,0.10000000188382409,2,252,500,CLARABEL,optimal,218,18,0.0017666372800000001
2017-12-29,development,v4_hysteresis,100000000.0,300.0,0.019970003641559004,0.017133390680256558,0.5015577352186871,0.04377233053234128,500,69,66,1.9999999779034137,-7.396584067453915e-09,0.04999999182014617,-0.03358901305532938,0.04000000178701331,0.020000000500928358,112.62311976659434,2.0,62163781.93,0.0001690429484374706,0.0001675700312399767,0.002499999981624997,0.0028366129613024444,0.10000000188382409,2,252,500,CLARABEL,optimal,218,18,0.0017666372800000001
2017-12-29,development,v4_hysteresis,500000000.0,50.0,0.019970003641559004,0.019009596048673017,0.5015577352186871,0.04377233053234128,500,69,66,1.9999999779034137,-7.396584067453915e-09,0.04999999182014617,-0.03358901305532938,0.04000000178701331,0.020000000500928358,112.62311976659434,2.0,62163781.93,0.0001690429484374706,0.0003746979808443513,0.0004166666636041662,0.0009604075928859881,0.5000000094191204,22,252,500,CLARABEL,optimal,218,18,0.0017666372800000001
2017-12-29,development,v4_hysteresis,500000000.0,150.0,0.019970003641559004,0.018176262721464685,0.5015577352186871,0.04377233053234128,500,69,66,1.9999999779034137,-7.396584067453915e-09,0.04999999182014617,-0.03358901305532938,0.04000000178701331,0.020000000500928358,112.62311976659434,2.0,62163781.93,0.0001690429484374706,0.0003746979808443513,0.0012499999908124986,0.0017937409200943204,0.5000000094191204,22,252,500,CLARABEL,optimal,218,18,0.0017666372800000001
2017-12-29,development,v4_hysteresis,500000000.0,300.0,0.019970003641559004,0.016926262730652186,0.5015577352186871,0.04377233053234128,500,69,66,1.9999999779034137,-7.396584067453915e-09,0.04999999182014617,-0.03358901305532938,0.04000000178701331,0.020000000500928358,112.62311976659434,2.0,62163781.93,0.0001690429484374706,0.0003746979808443513,0.002499999981624997,0.0030437409109068192,0.5000000094191204,22,252,500,CLARABEL,optimal,218,18,0.0017666372800000001
2018-01-31,development,v4_hysteresis,10000000.0,50.0,0.0010490771082235038,0.00040489015100902016,0.5666784810179742,-0.034310809394185786,500,72,67,1.9999999706894553,-7.375011823462785e-09,0.049999993214214,-0.04999999363579058,0.04000000578343129,0.02000000050547094,113.62734176804277,2.0,69157391.34,0.00017357140150715437,5.3948893610565264e-05,0.0004166666620967639,0.0006441869572144836,0.006731176484338946,0,252,500,CLARABEL,optimal,219,19,0.0017666372800000001
2018-01-31,development,v4_hysteresis,10000000.0,150.0,0.0010490771082235038,-0.0004284431731845077,0.5666784810179742,-0.034310809394185786,500,72,67,1.9999999706894553,-7.375011823462785e-09,0.049999993214214,-0.04999999363579058,0.04000000578343129,0.02000000050547094,113.62734176804277,2.0,69157391.34,0.00017357140150715437,5.3948893610565264e-05,0.0012499999862902917,0.0014775202814080114,0.006731176484338946,0,252,500,CLARABEL,optimal,219,19,0.0017666372800000001
2018-01-31,development,v4_hysteresis,10000000.0,300.0,0.0010490771082235038,-0.0016784431594747992,0.5666784810179742,-0.034310809394185786,500,72,67,1.9999999706894553,-7.375011823462785e-09,0.049999993214214,-0.04999999363579058,0.04000000578343129,0.02000000050547094,113.62734176804277,2.0,69157391.34,0.00017357140150715437,5.3948893610565264e-05,0.0024999999725805835,0.002727520267698303,0.006731176484338946,0,252,500,CLARABEL,optimal,219,19,0.0017666372800000001
2018-01-31,development,v4_hysteresis,100000000.0,50.0,0.0010490771082235038,0.0002882376635640943,0.5666784810179742,-0.034310809394185786,500,72,67,1.9999999706894553,-7.375011823462785e-09,0.049999993214214,-0.04999999363579058,0.04000000578343129,0.02000000050547094,113.62734176804277,2.0,69157391.34,0.00017357140150715437,0.00017060138105549113,0.0004166666620967639,0.0007608394446594095,0.06731176484338945,0,252,500,CLARABEL,optimal,219,19,0.0017666372800000001
2018-01-31,development,v4_hysteresis,100000000.0,150.0,0.0010490771082235038,-0.0005450956606294335,0.5666784810179742,-0.034310809394185786,500,72,67,1.9999999706894553,-7.375011823462785e-09,0.049999993214214,-0.04999999363579058,0.04000000578343129,0.02000000050547094,113.62734176804277,2.0,69157391.34,0.00017357140150715437,0.00017060138105549113,0.0012499999862902917,0.0015941727688529373,0.06731176484338945,0,252,500,CLARABEL,optimal,219,19,0.0017666372800000001
2018-01-31,development,v4_hysteresis,100000000.0,300.0,0.0010490771082235038,-0.0017950956469197253,0.5666784810179742,-0.034310809394185786,500,72,67,1.9999999706894553,-7.375011823462785e-09,0.049999993214214,-0.04999999363579058,0.04000000578343129,0.02000000050547094,113.62734176804277,2.0,69157391.34,0.00017357140150715437,0.00017060138105549113,0.0024999999725805835,0.002844172755143229,0.06731176484338945,0,252,500,CLARABEL,optimal,219,19,0.0017666372800000001
2018-01-31,development,v4_hysteresis,500000000.0,50.0,0.0010490771082235038,7.736275952416262e-05,0.5666784810179742,-0.034310809394185786,500,72,67,1.9999999706894553,-7.375011823462785e-09,0.049999993214214,-0.04999999363579058,0.04000000578343129,0.02000000050547094,113.62734176804277,2.0,69157391.34,0.00017357140150715437,0.0003814762850954229,0.0004166666620967639,0.0009717143486993411,0.3365588242169472,20,252,500,CLARABEL,optimal,219,19,0.0017666372800000001
2018-01-31,development,v4_hysteresis,500000000.0,150.0,0.0010490771082235038,-0.0007559705646693652,0.5666784810179742,-0.034310809394185786,500,72,67,1.9999999706894553,-7.375011823462785e-09,0.049999993214214,-0.04999999363579058,0.04000000578343129,0.02000000050547094,113.62734176804277,2.0,69157391.34,0.00017357140150715437,0.0003814762850954229,0.0012499999862902917,0.001805047672892869,0.3365588242169472,20,252,500,CLARABEL,optimal,219,19,0.0017666372800000001
2018-01-31,development,v4_hysteresis,500000000.0,300.0,0.0010490771082235038,-0.002005970550959657,0.5666784810179742,-0.034310809394185786,500,72,67,1.9999999706894553,-7.375011823462785e-09,0.049999993214214,-0.04999999363579058,0.04000000578343129,0.02000000050547094,113.62734176804277,2.0,69157391.34,0.00017357140150715437,0.0003814762850954229,0.0024999999725805835,0.0030550476591831607,0.3365588242169472,20,252,500,CLARABEL,optimal,219,19,0.0017666372800000001
2018-02-28,development,v4_hysteresis,10000000.0,50.0,0.01925085281304057,0.018456117280263213,0.7499998355798689,-0.0222308726176067,500,70,63,1.9999999758466893,-8.04150995792341e-09,0.049999991979255975,0.050000000745855824,0.040000000383868056,0.02000000046614586,111.33373762021945,2.0,76139813.65,0.00027780651108845673,0.00010026235837886139,0.0004166666633100415,0.0007947355327773595,0.009942338987703612,0,252,500,CLARABEL,optimal,226,26,0.002524732
2018-02-28,development,v4_hysteresis,10000000.0,150.0,0.01925085281304057,0.01762278395364313,0.7499998355798689,-0.0222308726176067,500,70,63,1.9999999758466893,-8.04150995792341e-09,0.049999991979255975,0.050000000745855824,0.040000000383868056,0.02000000046614586,111.33373762021945,2.0,76139813.65,0.00027780651108845673,0.00010026235837886139,0.0012499999899301245,0.0016280688593974426,0.009942338987703612,0,252,500,CLARABEL,optimal,226,26,0.002524732
2018-02-28,development,v4_hysteresis,10000000.0,300.0,0.01925085281304057,0.016372783963713004,0.7499998355798689,-0.0222308726176067,500,70,63,1.9999999758466893,-8.04150995792341e-09,0.049999991979255975,0.050000000745855824,0.040000000383868056,0.02000000046614586,111.33373762021945,2.0,76139813.65,0.00027780651108845673,0.00010026235837886139,0.002499999979860249,0.002878068849327567,0.009942338987703612,0,252,500,CLARABEL,optimal,226,26,0.002524732
2018-02-28,development,v4_hysteresis,100000000.0,50.0,0.01925085281304057,0.018239322222584804,0.7499998355798689,-0.0222308726176067,500,70,63,1.9999999758466893,-8.04150995792341e-09,0.049999991979255975,0.050000000745855824,0.040000000383868056,0.02000000046614586,111.33373762021945,2.0,76139813.65,0.00027780651108845673,0.0003170574160572693,0.0004166666633100415,0.0010115305904557675,0.09942338987703611,0,252,500,CLARABEL,optimal,226,26,0.002524732
2018-02-28,development,v4_hysteresis,100000000.0,150.0,0.01925085281304057,0.01740598889596472,0.7499998355798689,-0.0222308726176067,500,70,63,1.9999999758466893,-8.04150995792341e-09,0.049999991979255975,0.050000000745855824,0.040000000383868056,0.02000000046614586,111.33373762021945,2.0,76139813.65,0.00027780651108845673,0.0003170574160572693,0.0012499999899301245,0.0018448639170758506,0.09942338987703611,0,252,500,CLARABEL,optimal,226,26,0.002524732
2018-02-28,development,v4_hysteresis,100000000.0,300.0,0.01925085281304057,0.016155988906034598,0.7499998355798689,-0.0222308726176067,500,70,63,1.9999999758466893,-8.04150995792341e-09,0.049999991979255975,0.050000000745855824,0.040000000383868056,0.02000000046614586,111.33373762021945,2.0,76139813.65,0.00027780651108845673,0.0003170574160572693,0.002499999979860249,0.0030948639070059753,0.09942338987703611,0,252,500,CLARABEL,optimal,226,26,0.002524732
2018-02-28,development,v4_hysteresis,500000000.0,50.0,0.01925085281304057,0.017847417703567587,0.7499998355798689,-0.0222308726176067,500,70,63,1.9999999758466893,-8.04150995792341e-09,0.049999991979255975,0.050000000745855824,0.040000000383868056,0.02000000046614586,111.33373762021945,2.0,76139813.65,0.00027780651108845673,0.0007089619350744874,0.0004166666633100415,0.0014034351094729856,0.49711694938518053,26,252,500,CLARABEL,optimal,226,26,0.002524732
2018-02-28,development,v4_hysteresis,500000000.0,150.0,0.01925085281304057,0.017014084376947503,0.7499998355798689,-0.0222308726176067,500,70,63,1.9999999758466893,-8.04150995792341e-09,0.049999991979255975,0.050000000745855824,0.040000000383868056,0.02000000046614586,111.33373762021945,2.0,76139813.65,0.00027780651108845673,0.0007089619350744874,0.0012499999899301245,0.002236768436093069,0.49711694938518053,26,252,500,CLARABEL,optimal,226,26,0.002524732
2018-02-28,development,v4_hysteresis,500000000.0,300.0,0.01925085281304057,0.015764084387017378,0.7499998355798689,-0.0222308726176067,500,70,63,1.9999999758466893,-8.04150995792341e-09,0.049999991979255975,0.050000000745855824,0.040000000383868056,0.02000000046614586,111.33373762021945,2.0,76139813.65,0.00027780651108845673,0.0007089619350744874,0.002499999979860249,0.003486768426023193,0.49711694938518053,26,252,500,CLARABEL,optimal,226,26,0.002524732
2018-03-29,development,v4_hysteresis,10000000.0,50.0,0.004799576565674193,0.004107766076826242,0.6979722135720252,0.0037650058720652313,500,64,66,1.9999999500807566,1.151740272598012e-08,0.04978117895567727,-0.03342733429338984,0.0399999900166366,0.020000000419811075,111.85761512361867,2.0,74399025.525,0.0002044033719794997,7.074046300108588e-05,0.00041666665386736536,0.000691810488847951,0.005705894726656722,0,252,500,CLARABEL,optimal,226,26,0.00355279226
2018-03-29,development,v4_hysteresis,10000000.0,150.0,0.004799576565674193,0.0032744327690915117,0.6979722135720252,0.0037650058720652313,500,64,66,1.9999999500807566,1.151740272598012e-08,0.04978117895567727,-0.03342733429338984,0.0399999900166366,0.020000000419811075,111.85761512361867,2.0,74399025.525,0.0002044033719794997,7.074046300108588e-05,0.001249999961602096,0.0015251437965826816,0.005705894726656722,0,252,500,CLARABEL,optimal,226,26,0.00355279226
2018-03-29,development,v4_hysteresis,10000000.0,300.0,0.004799576565674193,0.0020244328074894152,0.6979722135720252,0.0037650058720652313,500,64,66,1.9999999500807566,1.151740272598012e-08,0.04978117895567727,-0.03342733429338984,0.0399999900166366,0.020000000419811075,111.85761512361867,2.0,74399025.525,0.0002044033719794997,7.074046300108588e-05,0.002499999923204192,0.002775143758184778,0.005705894726656722,0,252,500,CLARABEL,optimal,226,26,0.00355279226
2018-03-29,development,v4_hysteresis,100000000.0,50.0,0.004799576565674193,0.003954805554009027,0.6979722135720252,0.0037650058720652313,500,64,66,1.9999999500807566,1.151740272598012e-08,0.04978117895567727,-0.03342733429338984,0.0399999900166366,0.020000000419811075,111.85761512361867,2.0,74399025.525,0.0002044033719794997,0.00022370098581830168,0.00041666665386736536,0.0008447710116651667,0.05705894726656722,0,252,500,CLARABEL,optimal,226,26,0.00355279226
2018-03-29,development,v4_hysteresis,100000000.0,150.0,0.004799576565674193,0.003121472246274296,0.6979722135720252,0.0037650058720652313,500,64,66,1.9999999500807566,1.151740272598012e-08,0.04978117895567727,-0.03342733429338984,0.0399999900166366,0.020000000419811075,111.85761512361867,2.0,74399025.525,0.0002044033719794997,0.00022370098581830168,0.001249999961602096,0.0016781043193998973,0.05705894726656722,0,252,500,CLARABEL,optimal,226,26,0.00355279226
2018-03-29,development,v4_hysteresis,100000000.0,300.0,0.004799576565674193,0.0018714722846721998,0.6979722135720252,0.0037650058720652313,500,64,66,1.9999999500807566,1.151740272598012e-08,0.04978117895567727,-0.03342733429338984,0.0399999900166366,0.020000000419811075,111.85761512361867,2.0,74399025.525,0.0002044033719794997,0.00022370098581830168,0.002499999923204192,0.0029281042810019933,0.05705894726656722,0,252,500,CLARABEL,optimal,226,26,0.00355279226
2018-03-29,development,v4_hysteresis,500000000.0,50.0,0.004799576565674193,0.0036782959289038894,0.6979722135720252,0.0037650058720652313,500,64,66,1.9999999500807566,1.151740272598012e-08,0.04978117895567727,-0.03342733429338984,0.0399999900166366,0.020000000419811075,111.85761512361867,2.0,74399025.525,0.0002044033719794997,0.0005002106109234389,0.00041666665386736536,0.001121280636770304,0.2852947363328361,27,252,500,CLARABEL,optimal,226,26,0.00355279226
2018-03-29,development,v4_hysteresis,500000000.0,150.0,0.004799576565674193,0.0028449626211691586,0.6979722135720252,0.0037650058720652313,500,64,66,1.9999999500807566,1.151740272598012e-08,0.04978117895567727,-0.03342733429338984,0.0399999900166366,0.020000000419811075,111.85761512361867,2.0,74399025.525,0.0002044033719794997,0.0005002106109234389,0.001249999961602096,0.0019546139445050345,0.2852947363328361,27,252,500,CLARABEL,optimal,226,26,0.00355279226
2018-03-29,development,v4_hysteresis,500000000.0,300.0,0.004799576565674193,0.0015949626595670625,0.6979722135720252,0.0037650058720652313,500,64,66,1.9999999500807566,1.151740272598012e-08,0.04978117895567727,-0.03342733429338984,0.0399999900166366,0.020000000419811075,111.85761512361867,2.0,74399025.525,0.0002044033719794997,0.0005002106109234389,0.002499999923204192,0.0032046139061071306,0.2852947363328361,27,252,500,CLARABEL,optimal,226,26,0.00355279226
2018-04-30,development,v4_hysteresis,10000000.0,50.0,0.027009213155269374,0.026333504156099766,0.5667167287510363,0.03123884377790019,500,70,69,1.9999999412560387,1.83293455413569e-08,0.04484221937305086,-0.04999996189289074,0.04000000318647523,0.020000000477856213,113.2579465745709,2.014517205926946,76446464.435,0.0001928118676352564,6.623048092462278e-05,0.00041666665060972777,0.000675708999169607,0.009999999628641974,0,252,500,CLARABEL,optimal,228,28,0.00087802557
2018-04-30,development,v4_hysteresis,10000000.0,150.0,0.027009213155269374,0.02550017085488031,0.5667167287510363,0.03123884377790019,500,70,69,1.9999999412560387,1.83293455413569e-08,0.04484221937305086,-0.04999996189289074,0.04000000318647523,0.020000000477856213,113.2579465745709,2.014517205926946,76446464.435,0.0001928118676352564,6.623048092462278e-05,0.0012499999518291833,0.0015090423003890625,0.009999999628641974,0,252,500,CLARABEL,optimal,228,28,0.00087802557
2018-04-30,development,v4_hysteresis,10000000.0,300.0,0.027009213155269374,0.02425017090305113,0.5667167287510363,0.03123884377790019,500,70,69,1.9999999412560387,1.83293455413569e-08,0.04484221937305086,-0.04999996189289074,0.04000000318647523,0.020000000477856213,113.2579465745709,2.014517205926946,76446464.435,0.0001928118676352564,6.623048092462278e-05,0.0024999999036583666,0.0027590422522182456,0.009999999628641974,0,252,500,CLARABEL,optimal,228,28,0.00087802557
2018-04-30,development,v4_hysteresis,100000000.0,50.0,0.027009213155269374,0.026190295466774247,0.5667167287510363,0.03123884377790019,500,70,69,1.9999999412560387,1.83293455413569e-08,0.04484221937305086,-0.04999996189289074,0.04000000318647523,0.020000000477856213,113.2579465745709,2.014517205926946,76446464.435,0.0001928118676352564,0.0002094391702501426,0.00041666665060972777,0.0008189176884951267,0.09999999628641973,0,252,500,CLARABEL,optimal,228,28,0.00087802557
2018-04-30,development,v4_hysteresis,100000000.0,150.0,0.027009213155269374,0.025356962165554792,0.5667167287510363,0.03123884377790019,500,70,69,1.9999999412560387,1.83293455413569e-08,0.04484221937305086,-0.04999996189289074,0.04000000318647523,0.020000000477856213,113.2579465745709,2.014517205926946,76446464.435,0.0001928118676352564,0.0002094391702501426,0.0012499999518291833,0.0016522509897145823,0.09999999628641973,0,252,500,CLARABEL,optimal,228,28,0.00087802557
2018-04-30,development,v4_hysteresis,100000000.0,300.0,0.027009213155269374,0.02410696221372561,0.5667167287510363,0.03123884377790019,500,70,69,1.9999999412560387,1.83293455413569e-08,0.04484221937305086,-0.04999996189289074,0.04000000318647523,0.020000000477856213,113.2579465745709,2.014517205926946,76446464.435,0.0001928118676352564,0.0002094391702501426,0.0024999999036583666,0.0029022509415437656,0.09999999628641973,0,252,500,CLARABEL,optimal,228,28,0.00087802557
2018-04-30,development,v4_hysteresis,500000000.0,50.0,0.027009213155269374,0.02593141441519392,0.5667167287510363,0.03123884377790019,500,70,69,1.9999999412560387,1.83293455413569e-08,0.04484221937305086,-0.04999996189289074,0.04000000318647523,0.020000000477856213,113.2579465745709,2.014517205926946,76446464.435,0.0001928118676352564,0.0004683202218304705,0.00041666665060972777,0.0010777987400754545,0.49999998143209873,18,252,500,CLARABEL,optimal,228,28,0.00087802557
2018-04-30,development,v4_hysteresis,500000000.0,150.0,0.027009213155269374,0.025098081113974463,0.5667167287510363,0.03123884377790019,500,70,69,1.9999999412560387,1.83293455413569e-08,0.04484221937305086,-0.04999996189289074,0.04000000318647523,0.020000000477856213,113.2579465745709,2.014517205926946,76446464.435,0.0001928118676352564,0.0004683202218304705,0.0012499999518291833,0.00191113204129491,0.49999998143209873,18,252,500,CLARABEL,optimal,228,28,0.00087802557
2018-04-30,development,v4_hysteresis,500000000.0,300.0,0.027009213155269374,0.02384808116214528,0.5667167287510363,0.03123884377790019,500,70,69,1.9999999412560387,1.83293455413569e-08,0.04484221937305086,-0.04999996189289074,0.04000000318647523,0.020000000477856213,113.2579465745709,2.014517205926946,76446464.435,0.0001928118676352564,0.0004683202218304705,0.0024999999036583666,0.0031611319931240936,0.49999998143209873,18,252,500,CLARABEL,optimal,228,28,0.00087802557
2018-05-31,development,v4_hysteresis,10000000.0,50.0,-0.00077331011920283,-0.0014682259589658842,0.5710320280333586,0.012902326338280281,500,70,66,1.9999999529362698,-1.8370058058048144e-08,0.04999998070349998,0.04999999925527315,0.040000005793750223,0.020000000657781538,113.05283828449662,2.028119544803921,70420185.41,0.00020081931879562242,7.742986027861354e-05,0.00041666666068881816,0.0006949158397630542,0.006292851801814516,0,252,500,CLARABEL,optimal,227,27,0.0030924824100000002
2018-05-31,development,v4_hysteresis,10000000.0,150.0,-0.00077331011920283,-0.002301559280343521,0.5710320280333586,0.012902326338280281,500,70,66,1.9999999529362698,-1.8370058058048144e-08,0.04999998070349998,0.04999999925527315,0.040000005793750223,0.020000000657781538,113.05283828449662,2.028119544803921,70420185.41,0.00020081931879562242,7.742986027861354e-05,0.0012499999820664548,0.0015282491611406908,0.006292851801814516,0,252,500,CLARABEL,optimal,227,27,0.0030924824100000002
2018-05-31,development,v4_hysteresis,10000000.0,300.0,-0.00077331011920283,-0.0035515592624099754,0.5710320280333586,0.012902326338280281,500,70,66,1.9999999529362698,-1.8370058058048144e-08,0.04999998070349998,0.04999999925527315,0.040000005793750223,0.020000000657781538,113.05283828449662,2.028119544803921,70420185.41,0.00020081931879562242,7.742986027861354e-05,0.0024999999641329095,0.0027782491432071454,0.006292851801814516,0,252,500,CLARABEL,optimal,227,27,0.0030924824100000002
2018-05-31,development,v4_hysteresis,100000000.0,50.0,-0.00077331011920283,-0.0016356508160762892,0.5710320280333586,0.012902326338280281,500,70,66,1.9999999529362698,-1.8370058058048144e-08,0.04999998070349998,0.04999999925527315,0.040000005793750223,0.020000000657781538,113.05283828449662,2.028119544803921,70420185.41,0.00020081931879562242,0.0002448547173890186,0.00041666666068881816,0.0008623406968734592,0.06292851801814515,0,252,500,CLARABEL,optimal,227,27,0.0030924824100000002
2018-05-31,development,v4_hysteresis,100000000.0,150.0,-0.00077331011920283,-0.002468984137453926,0.5710320280333586,0.012902326338280281,500,70,66,1.9999999529362698,-1.8370058058048144e-08,0.04999998070349998,0.04999999925527315,0.040000005793750223,0.020000000657781538,113.05283828449662,2.028119544803921,70420185.41,0.00020081931879562242,0.0002448547173890186,0.0012499999820664548,0.0016956740182510958,0.06292851801814515,0,252,500,CLARABEL,optimal,227,27,0.0030924824100000002
2018-05-31,development,v4_hysteresis,100000000.0,300.0,-0.00077331011920283,-0.0037189841195203804,0.5710320280333586,0.012902326338280281,500,70,66,1.9999999529362698,-1.8370058058048144e-08,0.04999998070349998,0.04999999925527315,0.040000005793750223,0.020000000657781538,113.05283828449662,2.028119544803921,70420185.41,0.00020081931879562242,0.0002448547173890186,0.0024999999641329095,0.0029456740003175504,0.06292851801814515,0,252,500,CLARABEL,optimal,227,27,0.0030924824100000002
2018-05-31,development,v4_hysteresis,500000000.0,50.0,-0.00077331011920283,-0.001938307891380616,0.5710320280333586,0.012902326338280281,500,70,66,1.9999999529362698,-1.8370058058048144e-08,0.04999998070349998,0.04999999925527315,0.040000005793750223,0.020000000657781538,113.05283828449662,2.028119544803921,70420185.41,0.00020081931879562242,0.0005475117926933454,0.00041666666068881816,0.001164997772177786,0.3146425900907258,19,252,500,CLARABEL,optimal,227,27,0.0030924824100000002
2018-05-31,development,v4_hysteresis,500000000.0,150.0,-0.00077331011920283,-0.002771641212758253,0.5710320280333586,0.012902326338280281,500,70,66,1.9999999529362698,-1.8370058058048144e-08,0.04999998070349998,0.04999999925527315,0.040000005793750223,0.020000000657781538,113.05283828449662,2.028119544803921,70420185.41,0.00020081931879562242,0.0005475117926933454,0.0012499999820664548,0.001998331093555423,0.3146425900907258,19,252,500,CLARABEL,optimal,227,27,0.0030924824100000002
2018-05-31,development,v4_hysteresis,500000000.0,300.0,-0.00077331011920283,-0.004021641194824708,0.5710320280333586,0.012902326338280281,500,70,66,1.9999999529362698,-1.8370058058048144e-08,0.04999998070349998,0.04999999925527315,0.040000005793750223,0.020000000657781538,113.05283828449662,2.028119544803921,70420185.41,0.00020081931879562242,0.0005475117926933454,0.0024999999641329095,0.0032483310756218774,0.3146425900907258,19,252,500,CLARABEL,optimal,227,27,0.0030924824100000002
2018-06-29,development,v4_hysteresis,10000000.0,50.0,0.0201580562615703,0.01944278479776037,0.6412263639833686,0.01915015143454163,500,65,64,1.999999956096809,-1.3227127726445076e-09,0.049999997183223316,0.05000001736423638,0.04000000082793832,0.02000000069099374,110.95505468963799,2.009425542588387,74081804.6525,0.00023083089134530305,6.777391466889538e-05,0.00041666665779573373,0.0007152714638099322,0.009999999476148049,0,252,500,CLARABEL,optimal,224,24,0.0032970478399999997
2018-06-29,development,v4_hysteresis,10000000.0,150.0,0.0201580562615703,0.0186094514821689,0.6412263639833686,0.01915015143454163,500,65,64,1.999999956096809,-1.3227127726445076e-09,0.049999997183223316,0.05000001736423638,0.04000000082793832,0.02000000069099374,110.95505468963799,2.009425542588387,74081804.6525,0.00023083089134530305,6.777391466889538e-05,0.0012499999733872013,0.0015486047794013996,0.009999999476148049,0,252,500,CLARABEL,optimal,224,24,0.0032970478399999997
2018-06-29,development,v4_hysteresis,10000000.0,300.0,0.0201580562615703,0.0173594515087817,0.6412263639833686,0.01915015143454163,500,65,64,1.999999956096809,-1.3227127726445076e-09,0.049999997183223316,0.05000001736423638,0.04000000082793832,0.02000000069099374,110.95505468963799,2.009425542588387,74081804.6525,0.00023083089134530305,6.777391466889538e-05,0.0024999999467744025,0.002798604752788601,0.009999999476148049,0,252,500,CLARABEL,optimal,224,24,0.0032970478399999997
2018-06-29,development,v4_hysteresis,100000000.0,50.0,0.0201580562615703,0.019296238776129657,0.6412263639833686,0.01915015143454163,500,65,64,1.999999956096809,-1.3227127726445076e-09,0.049999997183223316,0.05000001736423638,0.04000000082793832,0.02000000069099374,110.95505468963799,2.009425542588387,74081804.6525,0.00023083089134530305,0.00021431993629960591,0.00041666665779573373,0.0008618174854406427,0.09999999476148047,0,252,500,CLARABEL,optimal,224,24,0.0032970478399999997
2018-06-29,development,v4_hysteresis,100000000.0,150.0,0.0201580562615703,0.01846290546053819,0.6412263639833686,0.01915015143454163,500,65,64,1.999999956096809,-1.3227127726445076e-09,0.049999997183223316,0.05000001736423638,0.04000000082793832,0.02000000069099374,110.95505468963799,2.009425542588387,74081804.6525,0.00023083089134530305,0.00021431993629960591,0.0012499999733872013,0.0016951508010321103,0.09999999476148047,0,252,500,CLARABEL,optimal,224,24,0.0032970478399999997
2018-06-29,development,v4_hysteresis,100000000.0,300.0,0.0201580562615703,0.01721290548715099,0.6412263639833686,0.01915015143454163,500,65,64,1.999999956096809,-1.3227127726445076e-09,0.049999997183223316,0.05000001736423638,0.04000000082793832,0.02000000069099374,110.95505468963799,2.009425542588387,74081804.6525,0.00023083089134530305,0.00021431993629960591,0.0024999999467744025,0.0029451507744193113,0.09999999476148047,0,252,500,CLARABEL,optimal,224,24,0.0032970478399999997
2018-06-29,development,v4_hysteresis,500000000.0,50.0,0.0201580562615703,0.01903132476592992,0.6412263639833686,0.01915015143454163,500,65,64,1.999999956096809,-1.3227127726445076e-09,0.049999997183223316,0.05000001736423638,0.04000000082793832,0.02000000069099374,110.95505468963799,2.009425542588387,74081804.6525,0.00023083089134530305,0.00047923394649934355,0.00041666665779573373,0.0011267314956403803,0.4999999738074024,26,252,500,CLARABEL,optimal,224,24,0.0032970478399999997
2018-06-29,development,v4_hysteresis,500000000.0,150.0,0.0201580562615703,0.018197991450338454,0.6412263639833686,0.01915015143454163,500,65,64,1.999999956096809,-1.3227127726445076e-09,0.049999997183223316,0.05000001736423638,0.04000000082793832,0.02000000069099374,110.95505468963799,2.009425542588387,74081804.6525,0.00023083089134530305,0.00047923394649934355,0.0012499999733872013,0.001960064811231848,0.4999999738074024,26,252,500,CLARABEL,optimal,224,24,0.0032970478399999997
2018-06-29,development,v4_hysteresis,500000000.0,300.0,0.0201580562615703,0.016947991476951252,0.6412263639833686,0.01915015143454163,500,65,64,1.999999956096809,-1.3227127726445076e-09,0.049999997183223316,0.05000001736423638,0.04000000082793832,0.02000000069099374,110.95505468963799,2.009425542588387,74081804.6525,0.00023083089134530305,0.00047923394649934355,0.0024999999467744025,0.003210064784619049,0.4999999738074024,26,252,500,CLARABEL,optimal,224,24,0.0032970478399999997
2018-07-31,development,v4_hysteresis,10000000.0,50.0,0.01493417182449137,0.014307528789614138,0.5048726139650218,0.03536115798209075,500,61,67,1.9999999639357102,-3.742647913806962e-09,0.028800858924433126,-0.005827046707676135,0.04000000016081415,0.020000000639117426,110.38363497114455,2.0025063059657247,73288123.1425,0.00016035742940361002,4.9618945540631596e-05,0.00041666665993299134,0.0006266430348772329,0.009688269302806083,0,252,500,CLARABEL,optimal,220,20,0.004182588415000001
2018-07-31,development,v4_hysteresis,10000000.0,150.0,0.01493417182449137,0.013474195469748155,0.5048726139650218,0.03536115798209075,500,61,67,1.9999999639357102,-3.742647913806962e-09,0.028800858924433126,-0.005827046707676135,0.04000000016081415,0.020000000639117426,110.38363497114455,2.0025063059657247,73288123.1425,0.00016035742940361002,4.9618945540631596e-05,0.001249999979798974,0.0014599763547432157,0.009688269302806083,0,252,500,CLARABEL,optimal,220,20,0.004182588415000001
2018-07-31,development,v4_hysteresis,10000000.0,300.0,0.01493417182449137,0.01222419548994918,0.5048726139650218,0.03536115798209075,500,61,67,1.9999999639357102,-3.742647913806962e-09,0.028800858924433126,-0.005827046707676135,0.04000000016081415,0.020000000639117426,110.38363497114455,2.0025063059657247,73288123.1425,0.00016035742940361002,4.9618945540631596e-05,0.002499999959597948,0.0027099763345421897,0.009688269302806083,0,252,500,CLARABEL,optimal,220,20,0.004182588415000001
2018-07-31,development,v4_hysteresis,100000000.0,50.0,0.01493417182449137,0.014200238852150519,0.5048726139650218,0.03536115798209075,500,61,67,1.9999999639357102,-3.742647913806962e-09,0.028800858924433126,-0.005827046707676135,0.04000000016081415,0.020000000639117426,110.38363497114455,2.0025063059657247,73288123.1425,0.00016035742940361002,0.00015690888300425073,0.00041666665993299134,0.000733932972340852,0.09688269302806082,0,252,500,CLARABEL,optimal,220,20,0.004182588415000001
2018-07-31,development,v4_hysteresis,100000000.0,150.0,0.01493417182449137,0.013366905532284536,0.5048726139650218,0.03536115798209075,500,61,67,1.9999999639357102,-3.742647913806962e-09,0.028800858924433126,-0.005827046707676135,0.04000000016081415,0.020000000639117426,110.38363497114455,2.0025063059657247,73288123.1425,0.00016035742940361002,0.00015690888300425073,0.001249999979798974,0.0015672662922068348,0.09688269302806082,0,252,500,CLARABEL,optimal,220,20,0.004182588415000001
2018-07-31,development,v4_hysteresis,100000000.0,300.0,0.01493417182449137,0.012116905552485562,0.5048726139650218,0.03536115798209075,500,61,67,1.9999999639357102,-3.742647913806962e-09,0.028800858924433126,-0.005827046707676135,0.04000000016081415,0.020000000639117426,110.38363497114455,2.0025063059657247,73288123.1425,0.00016035742940361002,0.00015690888300425073,0.002499999959597948,0.002817266272005809,0.09688269302806082,0,252,500,CLARABEL,optimal,220,20,0.004182588415000001
2018-07-31,development,v4_hysteresis,500000000.0,50.0,0.01493417182449137,0.014006288806483703,0.5048726139650218,0.03536115798209075,500,61,67,1.9999999639357102,-3.742647913806962e-09,0.028800858924433126,-0.005827046707676135,0.04000000016081415,0.020000000639117426,110.38363497114455,2.0025063059657247,73288123.1425,0.00016035742940361002,0.00035085892867106605,0.00041666665993299134,0.0009278830180076674,0.48441346514030414,18,252,500,CLARABEL,optimal,220,20,0.004182588415000001
2018-07-31,development,v4_hysteresis,500000000.0,150.0,0.01493417182449137,0.01317295548661772,0.5048726139650218,0.03536115798209075,500,61,67,1.9999999639357102,-3.742647913806962e-09,0.028800858924433126,-0.005827046707676135,0.04000000016081415,0.020000000639117426,110.38363497114455,2.0025063059657247,73288123.1425,0.00016035742940361002,0.00035085892867106605,0.001249999979798974,0.0017612163378736502,0.48441346514030414,18,252,500,CLARABEL,optimal,220,20,0.004182588415000001
2018-07-31,development,v4_hysteresis,500000000.0,300.0,0.01493417182449137,0.011922955506818746,0.5048726139650218,0.03536115798209075,500,61,67,1.9999999639357102,-3.742647913806962e-09,0.028800858924433126,-0.005827046707676135,0.04000000016081415,0.020000000639117426,110.38363497114455,2.0025063059657247,73288123.1425,0.00016035742940361002,0.00035085892867106605,0.002499999959597948,0.003011216317672624,0.48441346514030414,18,252,500,CLARABEL,optimal,220,20,0.004182588415000001
2018-08-31,development,v4_hysteresis,10000000.0,50.0,0.009726383520810497,0.009122689249117608,0.4820419726408989,0.0010143076324010437,500,65,62,1.9999999585859318,1.5027509257803384e-08,0.016980263344865493,0.011890481478345434,0.04000000031126836,0.02000000060603387,109.760235017281,2.0043642244940663,72843478.225,0.00013715905636081554,4.98685604240685e-05,0.0004166666549080047,0.0006036942716928888,0.009999999984524211,0,252,500,CLARABEL,optimal,214,14,0.004877707795
2018-08-31,development,v4_hysteresis,10000000.0,150.0,0.009726383520810497,0.008289355939301598,0.4820419726408989,0.0010143076324010437,500,65,62,1.9999999585859318,1.5027509257803384e-08,0.016980263344865493,0.011890481478345434,0.04000000031126836,0.02000000060603387,109.760235017281,2.0043642244940663,72843478.225,0.00013715905636081554,4.98685604240685e-05,0.0012499999647240141,0.0014370275815088981,0.009999999984524211,0,252,500,CLARABEL,optimal,214,14,0.004877707795
2018-08-31,development,v4_hysteresis,10000000.0,300.0,0.009726383520810497,0.007039355974577584,0.4820419726408989,0.0010143076324010437,500,65,62,1.9999999585859318,1.5027509257803384e-08,0.016980263344865493,0.011890481478345434,0.04000000031126836,0.02000000060603387,109.760235017281,2.0043642244940663,72843478.225,0.00013715905636081554,4.98685604240685e-05,0.0024999999294480282,0.0026870275462329125,0.009999999984524211,0,252,500,CLARABEL,optimal,214,14,0.004877707795
2018-08-31,development,v4_hysteresis,100000000.0,50.0,0.009726383520810497,0.009014859574967888,0.4820419726408989,0.0010143076324010437,500,65,62,1.9999999585859318,1.5027509257803384e-08,0.016980263344865493,0.011890481478345434,0.04000000031126836,0.02000000060603387,109.760235017281,2.0043642244940663,72843478.225,0.00013715905636081554,0.00015769823457378876,0.0004166666549080047,0.000711523945842609,0.0999999998452421,0,252,500,CLARABEL,optimal,214,14,0.004877707795
2018-08-31,development,v4_hysteresis,100000000.0,150.0,0.009726383520810497,0.00818152626515188,0.4820419726408989,0.0010143076324010437,500,65,62,1.9999999585859318,1.5027509257803384e-08,0.016980263344865493,0.011890481478345434,0.04000000031126836,0.02000000060603387,109.760235017281,2.0043642244940663,72843478.225,0.00013715905636081554,0.00015769823457378876,0.0012499999647240141,0.0015448572556586184,0.0999999998452421,0,252,500,CLARABEL,optimal,214,14,0.004877707795
2018-08-31,development,v4_hysteresis,100000000.0,300.0,0.009726383520810497,0.006931526300427864,0.4820419726408989,0.0010143076324010437,500,65,62,1.9999999585859318,1.5027509257803384e-08,0.016980263344865493,0.011890481478345434,0.04000000031126836,0.02000000060603387,109.760235017281,2.0043642244940663,72843478.225,0.00013715905636081554,0.00015769823457378876,0.0024999999294480282,0.0027948572203826327,0.0999999998452421,0,252,500,CLARABEL,optimal,214,14,0.004877707795
2018-08-31,development,v4_hysteresis,500000000.0,50.0,0.009726383520810497,0.008819933837102978,0.4820419726408989,0.0010143076324010437,500,65,62,1.9999999585859318,1.5027509257803384e-08,0.016980263344865493,0.011890481478345434,0.04000000031126836,0.02000000060603387,109.760235017281,2.0043642244940663,72843478.225,0.00013715905636081554,0.0003526239724386992,0.0004166666549080047,0.0009064496837075196,0.4999999992262105,17,252,500,CLARABEL,optimal,214,14,0.004877707795
2018-08-31,development,v4_hysteresis,500000000.0,150.0,0.009726383520810497,0.007986600527286968,0.4820419726408989,0.0010143076324010437,500,65,62,1.9999999585859318,1.5027509257803384e-08,0.016980263344865493,0.011890481478345434,0.04000000031126836,0.02000000060603387,109.760235017281,2.0043642244940663,72843478.225,0.00013715905636081554,0.0003526239724386992,0.0012499999647240141,0.001739782993523529,0.4999999992262105,17,252,500,CLARABEL,optimal,214,14,0.004877707795
2018-08-31,development,v4_hysteresis,500000000.0,300.0,0.009726383520810497,0.006736600562562954,0.4820419726408989,0.0010143076324010437,500,65,62,1.9999999585859318,1.5027509257803384e-08,0.016980263344865493,0.011890481478345434,0.04000000031126836,0.02000000060603387,109.760235017281,2.0043642244940663,72843478.225,0.00013715905636081554,0.0003526239724386992,0.0024999999294480282,0.002989782958247543,0.4999999992262105,17,252,500,CLARABEL,optimal,214,14,0.004877707795
2018-09-28,development,v4_hysteresis,10000000.0,50.0,0.018422852062258827,0.017843011389284798,0.4494071782085026,-0.07603628771065571,500,64,67,1.9999999651314937,1.454976788356488e-09,0.03007910604449221,-0.014015422929375666,0.039999999885441104,0.020000000550033245,110.78525864573149,2.0005502150899517,72071687.8075,0.0001242489795459083,3.892503432884525e-05,0.00041666665909927434,0.0005798406729740279,0.010000000423384042,0,252,500,CLARABEL,optimal,214,14,0.0035321250650999997
2018-09-28,development,v4_hysteresis,10000000.0,150.0,0.018422852062258827,0.01700967807108625,0.4494071782085026,-0.07603628771065571,500,64,67,1.9999999651314937,1.454976788356488e-09,0.03007910604449221,-0.014015422929375666,0.039999999885441104,0.020000000550033245,110.78525864573149,2.0005502150899517,72071687.8075,0.0001242489795459083,3.892503432884525e-05,0.001249999977297823,0.0014131739911725765,0.010000000423384042,0,252,500,CLARABEL,optimal,214,14,0.0035321250650999997
2018-09-28,development,v4_hysteresis,10000000.0,300.0,0.018422852062258827,0.015759678093788428,0.4494071782085026,-0.07603628771065571,500,64,67,1.9999999651314937,1.454976788356488e-09,0.03007910604449221,-0.014015422929375666,0.039999999885441104,0.020000000550033245,110.78525864573149,2.0005502150899517,72071687.8075,0.0001242489795459083,3.892503432884525e-05,0.002499999954595646,0.0026631739684704,0.010000000423384042,0,252,500,CLARABEL,optimal,214,14,0.0035321250650999997
2018-09-28,development,v4_hysteresis,100000000.0,50.0,0.018422852062258827,0.01775884465713425,0.4494071782085026,-0.07603628771065571,500,64,67,1.9999999651314937,1.454976788356488e-09,0.03007910604449221,-0.014015422929375666,0.039999999885441104,0.020000000550033245,110.78525864573149,2.0005502150899517,72071687.8075,0.0001242489795459083,0.0001230917664793946,0.00041666665909927434,0.0006640074051245772,0.10000000423384042,1,252,500,CLARABEL,optimal,214,14,0.0035321250650999997
2018-09-28,development,v4_hysteresis,100000000.0,150.0,0.018422852062258827,0.0169255113389357,0.4494071782085026,-0.07603628771065571,500,64,67,1.9999999651314937,1.454976788356488e-09,0.03007910604449221,-0.014015422929375666,0.039999999885441104,0.020000000550033245,110.78525864573149,2.0005502150899517,72071687.8075,0.0001242489795459083,0.0001230917664793946,0.001249999977297823,0.001497340723323126,0.10000000423384042,1,252,500,CLARABEL,optimal,214,14,0.0035321250650999997
2018-09-28,development,v4_hysteresis,100000000.0,300.0,0.018422852062258827,0.015675511361637876,0.4494071782085026,-0.07603628771065571,500,64,67,1.9999999651314937,1.454976788356488e-09,0.03007910604449221,-0.014015422929375666,0.039999999885441104,0.020000000550033245,110.78525864573149,2.0005502150899517,72071687.8075,0.0001242489795459083,0.0001230917664793946,0.002499999954595646,0.0027473407006209493,0.10000000423384042,1,252,500,CLARABEL,optimal,214,14,0.0035321250650999997
2018-09-28,development,v4_hysteresis,500000000.0,50.0,0.018422852062258827,0.017606694866295187,0.4494071782085026,-0.07603628771065571,500,64,67,1.9999999651314937,1.454976788356488e-09,0.03007910604449221,-0.014015422929375666,0.039999999885441104,0.020000000550033245,110.78525864573149,2.0005502150899517,72071687.8075,0.0001242489795459083,0.0002752415573184563,0.00041666665909927434,0.000816157195963639,0.5000000211692021,12,252,500,CLARABEL,optimal,214,14,0.0035321250650999997
2018-09-28,development,v4_hysteresis,500000000.0,150.0,0.018422852062258827,0.016773361548096638,0.4494071782085026,-0.07603628771065571,500,64,67,1.9999999651314937,1.454976788356488e-09,0.03007910604449221,-0.014015422929375666,0.039999999885441104,0.020000000550033245,110.78525864573149,2.0005502150899517,72071687.8075,0.0001242489795459083,0.0002752415573184563,0.001249999977297823,0.0016494905141621876,0.5000000211692021,12,252,500,CLARABEL,optimal,214,14,0.0035321250650999997
2018-09-28,development,v4_hysteresis,500000000.0,300.0,0.018422852062258827,0.015523361570798816,0.4494071782085026,-0.07603628771065571,500,64,67,1.9999999651314937,1.454976788356488e-09,0.03007910604449221,-0.014015422929375666,0.039999999885441104,0.020000000550033245,110.78525864573149,2.0005502150899517,72071687.8075,0.0001242489795459083,0.0002752415573184563,0.002499999954595646,0.002899490491460011,0.5000000211692021,12,252,500,CLARABEL,optimal,214,14,0.0035321250650999997
2018-10-31,development,v4_hysteresis,10000000.0,50.0,0.017756161481920482,0.01714393348064972,0.45591972670806513,0.022014855560566243,500,63,70,1.999999961205325,2.824447787458384e-08,0.005999795227477501,-0.009901513786040733,0.04000001004641966,0.020000000639932576,110.86103226482908,2.0592025012435715,77693173.535,0.00014739336894311315,4.81679796274725e-05,0.0004166666527001765,0.0006122280012707622,0.008450057977008938,0,252,500,CLARABEL,optimal,216,16,0.0033122775
2018-10-31,development,v4_hysteresis,10000000.0,150.0,0.017756161481920482,0.01631060017524937,0.45591972670806513,0.022014855560566243,500,63,70,1.999999961205325,2.824447787458384e-08,0.005999795227477501,-0.009901513786040733,0.04000001004641966,0.020000000639932576,110.86103226482908,2.0592025012435715,77693173.535,0.00014739336894311315,4.81679796274725e-05,0.0012499999581005294,0.001445561306671115,0.008450057977008938,0,252,500,CLARABEL,optimal,216,16,0.0033122775
2018-10-31,development,v4_hysteresis,10000000.0,300.0,0.017756161481920482,0.015060600217148837,0.45591972670806513,0.022014855560566243,500,63,70,1.999999961205325,2.824447787458384e-08,0.005999795227477501,-0.009901513786040733,0.04000001004641966,0.020000000639932576,110.86103226482908,2.0592025012435715,77693173.535,0.00014739336894311315,4.81679796274725e-05,0.0024999999162010587,0.0026955612647716442,0.008450057977008938,0,252,500,CLARABEL,optimal,216,16,0.0033122775
2018-10-31,development,v4_hysteresis,100000000.0,50.0,0.017756161481920482,0.01703978093436579,0.45591972670806513,0.022014855560566243,500,63,70,1.999999961205325,2.824447787458384e-08,0.005999795227477501,-0.009901513786040733,0.04000001004641966,0.020000000639932576,110.86103226482908,2.0592025012435715,77693173.535,0.00014739336894311315,0.0001523205259114019,0.0004166666527001765,0.0007163805475546916,0.08450057977008936,0,252,500,CLARABEL,optimal,216,16,0.0033122775
2018-10-31,development,v4_hysteresis,100000000.0,150.0,0.017756161481920482,0.016206447628965438,0.45591972670806513,0.022014855560566243,500,63,70,1.999999961205325,2.824447787458384e-08,0.005999795227477501,-0.009901513786040733,0.04000001004641966,0.020000000639932576,110.86103226482908,2.0592025012435715,77693173.535,0.00014739336894311315,0.0001523205259114019,0.0012499999581005294,0.0015497138529550444,0.08450057977008936,0,252,500,CLARABEL,optimal,216,16,0.0033122775
2018-10-31,development,v4_hysteresis,100000000.0,300.0,0.017756161481920482,0.014956447670864908,0.45591972670806513,0.022014855560566243,500,63,70,1.999999961205325,2.824447787458384e-08,0.005999795227477501,-0.009901513786040733,0.04000001004641966,0.020000000639932576,110.86103226482908,2.0592025012435715,77693173.535,0.00014739336894311315,0.0001523205259114019,0.0024999999162010587,0.002799713811055574,0.08450057977008936,0,252,500,CLARABEL,optimal,216,16,0.0033122775
2018-10-31,development,v4_hysteresis,500000000.0,50.0,0.017756161481920482,0.01685150240997078,0.45591972670806513,0.022014855560566243,500,63,70,1.999999961205325,2.824447787458384e-08,0.005999795227477501,-0.009901513786040733,0.04000001004641966,0.020000000639932576,110.86103226482908,2.0592025012435715,77693173.535,0.00014739336894311315,0.00034059905030641276,0.0004166666527001765,0.0009046590719497024,0.42250289885044684,12,252,500,CLARABEL,optimal,216,16,0.0033122775
2018-10-31,development,v4_hysteresis,500000000.0,150.0,0.017756161481920482,0.016018169104570427,0.45591972670806513,0.022014855560566243,500,63,70,1.999999961205325,2.824447787458384e-08,0.005999795227477501,-0.009901513786040733,0.04000001004641966,0.020000000639932576,110.86103226482908,2.0592025012435715,77693173.535,0.00014739336894311315,0.00034059905030641276,0.0012499999581005294,0.0017379923773500553,0.42250289885044684,12,252,500,CLARABEL,optimal,216,16,0.0033122775
2018-10-31,development,v4_hysteresis,500000000.0,300.0,0.017756161481920482,0.014768169146469898,0.45591972670806513,0.022014855560566243,500,63,70,1.999999961205325,2.824447787458384e-08,0.005999795227477501,-0.009901513786040733,0.04000001004641966,0.020000000639932576,110.86103226482908,2.0592025012435715,77693173.535,0.00014739336894311315,0.00034059905030641276,0.0024999999162010587,0.0029879923354505845,0.42250289885044684,12,252,500,CLARABEL,optimal,216,16,0.0033122775
2018-11-30,development,v4_hysteresis,10000000.0,50.0,0.029724953366631897,0.029060572221164864,0.6233588813230329,-0.08836593662532126,500,65,72,1.9999999571130842,5.083314838505437e-09,0.045945123097067525,-0.0017042480680580924,0.040000001783919215,0.020000000667374864,110.59963313544242,2.167321675583828,79261890.45,0.00018088698793684727,6.682750085731748e-05,0.00041666665667286864,0.0006643811454670334,0.010000000775825588,0,252,500,CLARABEL,optimal,221,21,0.0028651956199999998
2018-11-30,development,v4_hysteresis,10000000.0,150.0,0.029724953366631897,0.028227238907819127,0.6233588813230329,-0.08836593662532126,500,65,72,1.9999999571130842,5.083314838505437e-09,0.045945123097067525,-0.0017042480680580924,0.040000001783919215,0.020000000667374864,110.59963313544242,2.167321675583828,79261890.45,0.00018088698793684727,6.682750085731748e-05,0.001249999970018606,0.0014977144588127706,0.010000000775825588,0,252,500,CLARABEL,optimal,221,21,0.0028651956199999998
2018-11-30,development,v4_hysteresis,10000000.0,300.0,0.029724953366631897,0.02697723893780052,0.6233588813230329,-0.08836593662532126,500,65,72,1.9999999571130842,5.083314838505437e-09,0.045945123097067525,-0.0017042480680580924,0.040000001783919215,0.020000000667374864,110.59963313544242,2.167321675583828,79261890.45,0.00018088698793684727,6.682750085731748e-05,0.002499999940037212,0.0027477144288313767,0.010000000775825588,0,252,500,CLARABEL,optimal,221,21,0.0028651956199999998
2018-11-30,development,v4_hysteresis,100000000.0,50.0,0.029724953366631897,0.028916072608976204,0.6233588813230329,-0.08836593662532126,500,65,72,1.9999999571130842,5.083314838505437e-09,0.045945123097067525,-0.0017042480680580924,0.040000001783919215,0.020000000667374864,110.59963313544242,2.167321675583828,79261890.45,0.00018088698793684727,0.0002113271130459783,0.00041666665667286864,0.0008088807576556941,0.10000000775825589,1,252,500,CLARABEL,optimal,221,21,0.0028651956199999998
2018-11-30,development,v4_hysteresis,100000000.0,150.0,0.029724953366631897,0.028082739295630467,0.6233588813230329,-0.08836593662532126,500,65,72,1.9999999571130842,5.083314838505437e-09,0.045945123097067525,-0.0017042480680580924,0.040000001783919215,0.020000000667374864,110.59963313544242,2.167321675583828,79261890.45,0.00018088698793684727,0.0002113271130459783,0.001249999970018606,0.0016422140710014314,0.10000000775825589,1,252,500,CLARABEL,optimal,221,21,0.0028651956199999998
2018-11-30,development,v4_hysteresis,100000000.0,300.0,0.029724953366631897,0.026832739325611858,0.6233588813230329,-0.08836593662532126,500,65,72,1.9999999571130842,5.083314838505437e-09,0.045945123097067525,-0.0017042480680580924,0.040000001783919215,0.020000000667374864,110.59963313544242,2.167321675583828,79261890.45,0.00018088698793684727,0.0002113271130459783,0.002499999940037212,0.0028922140410200373,0.10000000775825589,1,252,500,CLARABEL,optimal,221,21,0.0028651956199999998
2018-11-30,development,v4_hysteresis,500000000.0,50.0,0.029724953366631897,0.02865485793176259,0.6233588813230329,-0.08836593662532126,500,65,72,1.9999999571130842,5.083314838505437e-09,0.045945123097067525,-0.0017042480680580924,0.040000001783919215,0.020000000667374864,110.59963313544242,2.167321675583828,79261890.45,0.00018088698793684727,0.0004725417902595902,0.00041666665667286864,0.001070095434869306,0.5000000387912794,15,252,500,CLARABEL,optimal,221,21,0.0028651956199999998
2018-11-30,development,v4_hysteresis,500000000.0,150.0,0.029724953366631897,0.027821524618416853,0.6233588813230329,-0.08836593662532126,500,65,72,1.9999999571130842,5.083314838505437e-09,0.045945123097067525,-0.0017042480680580924,0.040000001783919215,0.020000000667374864,110.59963313544242,2.167321675583828,79261890.45,0.00018088698793684727,0.0004725417902595902,0.001249999970018606,0.0019034287482150433,0.5000000387912794,15,252,500,CLARABEL,optimal,221,21,0.0028651956199999998
2018-11-30,development,v4_hysteresis,500000000.0,300.0,0.029724953366631897,0.026571524648398247,0.6233588813230329,-0.08836593662532126,500,65,72,1.9999999571130842,5.083314838505437e-09,0.045945123097067525,-0.0017042480680580924,0.040000001783919215,0.020000000667374864,110.59963313544242,2.167321675583828,79261890.45,0.00018088698793684727,0.0004725417902595902,0.002499999940037212,0.0031534287182336494,0.5000000387912794,15,252,500,CLARABEL,optimal,221,21,0.0028651956199999998
2018-12-31,development,v4_hysteresis,10000000.0,50.0,-0.05784365887075555,-0.058595228597196576,0.705129631613715,0.09146583305602818,500,68,71,1.9999999599278566,1.528727359284554e-08,0.014488270753412053,-0.04013695596280127,0.0400000019373406,0.020000000637971124,112.5466115305762,2.3049636879218984,83374353.47749999,0.00023628358654915934,9.861948475841124e-05,0.00041666665513345486,0.0007515697264410255,0.010000000289175501,0,252,500,CLARABEL,optimal,231,31,0.005071534315000001
2018-12-31,development,v4_hysteresis,10000000.0,150.0,-0.05784365887075555,-0.059428561907463484,0.705129631613715,0.09146583305602818,500,68,71,1.9999999599278566,1.528727359284554e-08,0.014488270753412053,-0.04013695596280127,0.0400000019373406,0.020000000637971124,112.5466115305762,2.3049636879218984,83374353.47749999,0.00023628358654915934,9.861948475841124e-05,0.0012499999654003646,0.0015849030367079352,0.010000000289175501,0,252,500,CLARABEL,optimal,231,31,0.005071534315000001
2018-12-31,development,v4_hysteresis,10000000.0,300.0,-0.05784365887075555,-0.06067856187286385,0.705129631613715,0.09146583305602818,500,68,71,1.9999999599278566,1.528727359284554e-08,0.014488270753412053,-0.04013695596280127,0.0400000019373406,0.020000000637971124,112.5466115305762,2.3049636879218984,83374353.47749999,0.00023628358654915934,9.861948475841124e-05,0.002499999930800729,0.0028349030021083,0.010000000289175501,0,252,500,CLARABEL,optimal,231,31,0.005071534315000001
2018-12-31,development,v4_hysteresis,100000000.0,50.0,-0.05784365887075555,-0.058808471305947005,0.705129631613715,0.09146583305602818,500,68,71,1.9999999599278566,1.528727359284554e-08,0.014488270753412053,-0.04013695596280127,0.0400000019373406,0.020000000637971124,112.5466115305762,2.3049636879218984,83374353.47749999,0.00023628358654915934,0.00031186219350883986,0.00041666665513345486,0.0009648124351914541,0.10000000289175502,2,252,500,CLARABEL,optimal,231,31,0.005071534315000001
2018-12-31,development,v4_hysteresis,100000000.0,150.0,-0.05784365887075555,-0.05964180461621391,0.705129631613715,0.09146583305602818,500,68,71,1.9999999599278566,1.528727359284554e-08,0.014488270753412053,-0.04013695596280127,0.0400000019373406,0.020000000637971124,112.5466115305762,2.3049636879218984,83374353.47749999,0.00023628358654915934,0.00031186219350883986,0.0012499999654003646,0.0017981457454583638,0.10000000289175502,2,252,500,CLARABEL,optimal,231,31,0.005071534315000001
2018-12-31,development,v4_hysteresis,100000000.0,300.0,-0.05784365887075555,-0.06089180458161428,0.705129631613715,0.09146583305602818,500,68,71,1.9999999599278566,1.528727359284554e-08,0.014488270753412053,-0.04013695596280127,0.0400000019373406,0.020000000637971124,112.5466115305762,2.3049636879218984,83374353.47749999,0.00023628358654915934,0.00031186219350883986,0.002499999930800729,0.003048145710858728,0.10000000289175502,2,252,500,CLARABEL,optimal,231,31,0.005071534315000001
2018-12-31,development,v4_hysteresis,500000000.0,50.0,-0.05784365887075555,-0.059193954176736126,0.705129631613715,0.09146583305602818,500,68,71,1.9999999599278566,1.528727359284554e-08,0.014488270753412053,-0.04013695596280127,0.0400000019373406,0.020000000637971124,112.5466115305762,2.3049636879218984,83374353.47749999,0.00023628358654915934,0.0006973450642979596,0.00041666665513345486,0.0013502953059805738,0.5000000144587751,22,252,500,CLARABEL,optimal,231,31,0.005071534315000001
2018-12-31,development,v4_hysteresis,500000000.0,150.0,-0.05784365887075555,-0.060027287487003034,0.705129631613715,0.09146583305602818,500,68,71,1.9999999599278566,1.528727359284554e-08,0.014488270753412053,-0.04013695596280127,0.0400000019373406,0.020000000637971124,112.5466115305762,2.3049636879218984,83374353.47749999,0.00023628358654915934,0.0006973450642979596,0.0012499999654003646,0.0021836286162474836,0.5000000144587751,22,252,500,CLARABEL,optimal,231,31,0.005071534315000001
2018-12-31,development,v4_hysteresis,500000000.0,300.0,-0.05784365887075555,-0.0612772874524034,0.705129631613715,0.09146583305602818,500,68,71,1.9999999599278566,1.528727359284554e-08,0.014488270753412053,-0.04013695596280127,0.0400000019373406,0.020000000637971124,112.5466115305762,2.3049636879218984,83374353.47749999,0.00023628358654915934,0.0006973450642979596,0.002499999930800729,0.003433628581647848,0.5000000144587751,22,252,500,CLARABEL,optimal,231,31,0.005071534315000001
2019-01-31,development,v4_hysteresis,10000000.0,50.0,0.018469306794303773,0.01785520271934903,0.47403025293768364,0.04346921373608109,500,68,64,1.999999955953468,-1.1122157389520382e-08,0.041343983735783185,0.030911225766327537,0.04000000004520482,0.020000000605174637,110.89834812434276,2.500941762347832,72990047.8,0.00014206048888156658,5.53769262657565e-05,0.00041666665980742197,0.0006141040749547451,0.010000000257012363,0,252,500,CLARABEL,optimal,224,24,0.0037621688400000003
2019-01-31,development,v4_hysteresis,10000000.0,150.0,0.018469306794303773,0.017021869399734185,0.47403025293768364,0.04346921373608109,500,68,64,1.999999955953468,-1.1122157389520382e-08,0.041343983735783185,0.030911225766327537,0.04000000004520482,0.020000000605174637,110.89834812434276,2.500941762347832,72990047.8,0.00014206048888156658,5.53769262657565e-05,0.001249999979422266,0.0014474373945695892,0.010000000257012363,0,252,500,CLARABEL,optimal,224,24,0.0037621688400000003
2019-01-31,development,v4_hysteresis,10000000.0,300.0,0.018469306794303773,0.015771869420311918,0.47403025293768364,0.04346921373608109,500,68,64,1.999999955953468,-1.1122157389520382e-08,0.041343983735783185,0.030911225766327537,0.04000000004520482,0.020000000605174637,110.89834812434276,2.500941762347832,72990047.8,0.00014206048888156658,5.53769262657565e-05,0.002499999958844532,0.0026974373739918553,0.010000000257012363,0,252,500,CLARABEL,optimal,224,24,0.0037621688400000003
2019-01-31,development,v4_hysteresis,100000000.0,50.0,0.018469306794303773,0.01773546242879579,0.47403025293768364,0.04346921373608109,500,68,64,1.999999955953468,-1.1122157389520382e-08,0.041343983735783185,0.030911225766327537,0.04000000004520482,0.020000000605174637,110.89834812434276,2.500941762347832,72990047.8,0.00014206048888156658,0.00017511721681899334,0.00041666665980742197,0.0007338443655079819,0.10000000257012363,1,252,500,CLARABEL,optimal,224,24,0.0037621688400000003
2019-01-31,development,v4_hysteresis,100000000.0,150.0,0.018469306794303773,0.016902129109180947,0.47403025293768364,0.04346921373608109,500,68,64,1.999999955953468,-1.1122157389520382e-08,0.041343983735783185,0.030911225766327537,0.04000000004520482,0.020000000605174637,110.89834812434276,2.500941762347832,72990047.8,0.00014206048888156658,0.00017511721681899334,0.001249999979422266,0.001567177685122826,0.10000000257012363,1,252,500,CLARABEL,optimal,224,24,0.0037621688400000003
2019-01-31,development,v4_hysteresis,100000000.0,300.0,0.018469306794303773,0.01565212912975868,0.47403025293768364,0.04346921373608109,500,68,64,1.999999955953468,-1.1122157389520382e-08,0.041343983735783185,0.030911225766327537,0.04000000004520482,0.020000000605174637,110.89834812434276,2.500941762347832,72990047.8,0.00014206048888156658,0.00017511721681899334,0.002499999958844532,0.0028171776645450923,0.10000000257012363,1,252,500,CLARABEL,optimal,224,24,0.0037621688400000003
2019-01-31,development,v4_hysteresis,500000000.0,50.0,0.018469306794303773,0.017519005644776948,0.47403025293768364,0.04346921373608109,500,68,64,1.999999955953468,-1.1122157389520382e-08,0.041343983735783185,0.030911225766327537,0.04000000004520482,0.020000000605174637,110.89834812434276,2.500941762347832,72990047.8,0.00014206048888156658,0.0003915740008378386,0.00041666665980742197,0.0009503011495268271,0.5000000128506182,12,252,500,CLARABEL,optimal,224,24,0.0037621688400000003
2019-01-31,development,v4_hysteresis,500000000.0,150.0,0.018469306794303773,0.0166856723251621,0.47403025293768364,0.04346921373608109,500,68,64,1.999999955953468,-1.1122157389520382e-08,0.041343983735783185,0.030911225766327537,0.04000000004520482,0.020000000605174637,110.89834812434276,2.500941762347832,72990047.8,0.00014206048888156658,0.0003915740008378386,0.001249999979422266,0.0017836344691416713,0.5000000128506182,12,252,500,CLARABEL,optimal,224,24,0.0037621688400000003
2019-01-31,development,v4_hysteresis,500000000.0,300.0,0.018469306794303773,0.015435672345739837,0.47403025293768364,0.04346921373608109,500,68,64,1.999999955953468,-1.1122157389520382e-08,0.041343983735783185,0.030911225766327537,0.04000000004520482,0.020000000605174637,110.89834812434276,2.500941762347832,72990047.8,0.00014206048888156658,0.0003915740008378386,0.002499999958844532,0.003033634448563937,0.5000000128506182,12,252,500,CLARABEL,optimal,224,24,0.0037621688400000003
2019-02-28,development,v4_hysteresis,10000000.0,50.0,0.004276699440228765,0.003523624577024643,0.7147421852514024,0.01824305658633172,500,70,68,1.9999999171042386,-3.805485093710814e-09,0.023201763959577154,0.006637325079358325,0.04000000385133873,0.020000000650991473,110.78244562178742,2.574634248339375,68102485.0184875,0.00024990304194508526,8.650517106951118e-05,0.0004166666501895257,0.0007530748632041222,0.010000001157728805,0,252,500,CLARABEL,optimal,232,32,0.00394891038
2019-02-28,development,v4_hysteresis,10000000.0,150.0,0.004276699440228765,0.0026902912766455915,0.7147421852514024,0.01824305658633172,500,70,68,1.9999999171042386,-3.805485093710814e-09,0.023201763959577154,0.006637325079358325,0.04000000385133873,0.020000000650991473,110.78244562178742,2.574634248339375,68102485.0184875,0.00024990304194508526,8.650517106951118e-05,0.001249999950568577,0.0015864081635831736,0.010000001157728805,0,252,500,CLARABEL,optimal,232,32,0.00394891038
2019-02-28,development,v4_hysteresis,10000000.0,300.0,0.004276699440228765,0.0014402913260770146,0.7147421852514024,0.01824305658633172,500,70,68,1.9999999171042386,-3.805485093710814e-09,0.023201763959577154,0.006637325079358325,0.04000000385133873,0.020000000650991473,110.78244562178742,2.574634248339375,68102485.0184875,0.00024990304194508526,8.650517106951118e-05,0.002499999901137154,0.0028364081141517505,0.010000001157728805,0,252,500,CLARABEL,optimal,232,32,0.00394891038
2019-02-28,development,v4_hysteresis,100000000.0,50.0,0.004276699440228765,0.003336576378131995,0.7147421852514024,0.01824305658633172,500,70,68,1.9999999171042386,-3.805485093710814e-09,0.023201763959577154,0.006637325079358325,0.04000000385133873,0.020000000650991473,110.78244562178742,2.574634248339375,68102485.0184875,0.00024990304194508526,0.00027355336996215916,0.0004166666501895257,0.0009401230620967702,0.10000001157728806,1,252,500,CLARABEL,optimal,232,32,0.00394891038
2019-02-28,development,v4_hysteresis,100000000.0,150.0,0.004276699440228765,0.0025032430777529435,0.7147421852514024,0.01824305658633172,500,70,68,1.9999999171042386,-3.805485093710814e-09,0.023201763959577154,0.006637325079358325,0.04000000385133873,0.020000000650991473,110.78244562178742,2.574634248339375,68102485.0184875,0.00024990304194508526,0.00027355336996215916,0.001249999950568577,0.0017734563624758216,0.10000001157728806,1,252,500,CLARABEL,optimal,232,32,0.00394891038
2019-02-28,development,v4_hysteresis,100000000.0,300.0,0.004276699440228765,0.0012532431271843666,0.7147421852514024,0.01824305658633172,500,70,68,1.9999999171042386,-3.805485093710814e-09,0.023201763959577154,0.006637325079358325,0.04000000385133873,0.020000000650991473,110.78244562178742,2.574634248339375,68102485.0184875,0.00024990304194508526,0.00027355336996215916,0.002499999901137154,0.0030234563130443984,0.10000001157728806,1,252,500,CLARABEL,optimal,232,32,0.00394891038
2019-02-28,development,v4_hysteresis,500000000.0,50.0,0.004276699440228765,0.002998445817384617,0.7147421852514024,0.01824305658633172,500,70,68,1.9999999171042386,-3.805485093710814e-09,0.023201763959577154,0.006637325079358325,0.04000000385133873,0.020000000650991473,110.78244562178742,2.574634248339375,68102485.0184875,0.00024990304194508526,0.000611683930709537,0.0004166666501895257,0.001278253622844148,0.5000000578864403,21,252,500,CLARABEL,optimal,232,32,0.00394891038
2019-02-28,development,v4_hysteresis,500000000.0,150.0,0.004276699440228765,0.0021651125170055654,0.7147421852514024,0.01824305658633172,500,70,68,1.9999999171042386,-3.805485093710814e-09,0.023201763959577154,0.006637325079358325,0.04000000385133873,0.020000000650991473,110.78244562178742,2.574634248339375,68102485.0184875,0.00024990304194508526,0.000611683930709537,0.001249999950568577,0.0021115869232231996,0.5000000578864403,21,252,500,CLARABEL,optimal,232,32,0.00394891038
2019-02-28,development,v4_hysteresis,500000000.0,300.0,0.004276699440228765,0.0009151125664369885,0.7147421852514024,0.01824305658633172,500,70,68,1.9999999171042386,-3.805485093710814e-09,0.023201763959577154,0.006637325079358325,0.04000000385133873,0.020000000650991473,110.78244562178742,2.574634248339375,68102485.0184875,0.00024990304194508526,0.000611683930709537,0.002499999901137154,0.0033615868737917765,0.5000000578864403,21,252,500,CLARABEL,optimal,232,32,0.00394891038
2019-03-29,development,v4_hysteresis,10000000.0,50.0,0.028239745293817838,0.027513112547899177,0.5871964258629827,0.03776538115906841,500,69,68,1.999999945062589,-2.0766229028024163e-08,0.038463524301085295,0.029754329861294414,0.040000010206915834,0.020000000608293524,111.88427808889783,2.55543015003517,72983323.5384125,0.00021819175258386842,9.177433378712377e-05,0.00041666665954767044,0.0007266327459186626,0.009999271799277249,0,252,500,CLARABEL,optimal,228,28,0.003857520985000001
2019-03-29,development,v4_hysteresis,10000000.0,150.0,0.028239745293817838,0.026679779228803834,0.5871964258629827,0.03776538115906841,500,69,68,1.999999945062589,-2.0766229028024163e-08,0.038463524301085295,0.029754329861294414,0.040000010206915834,0.020000000608293524,111.88427808889783,2.55543015003517,72983323.5384125,0.00021819175258386842,9.177433378712377e-05,0.0012499999786430114,0.0015599660650140036,0.009999271799277249,0,252,500,CLARABEL,optimal,228,28,0.003857520985000001
2019-03-29,development,v4_hysteresis,10000000.0,300.0,0.028239745293817838,0.025429779250160822,0.5871964258629827,0.03776538115906841,500,69,68,1.999999945062589,-2.0766229028024163e-08,0.038463524301085295,0.029754329861294414,0.040000010206915834,0.020000000608293524,111.88427808889783,2.55543015003517,72983323.5384125,0.00021819175258386842,9.177433378712377e-05,0.0024999999572860227,0.0028099660436570147,0.009999271799277249,0,252,500,CLARABEL,optimal,228,28,0.003857520985000001
2019-03-29,development,v4_hysteresis,100000000.0,50.0,0.028239745293817838,0.02731467095617444,0.5871964258629827,0.03776538115906841,500,69,68,1.999999945062589,-2.0766229028024163e-08,0.038463524301085295,0.029754329861294414,0.040000010206915834,0.020000000608293524,111.88427808889783,2.55543015003517,72983323.5384125,0.00021819175258386842,0.0002902159255118576,0.00041666665954767044,0.0009250743376433964,0.09999271799277248,0,252,500,CLARABEL,optimal,228,28,0.003857520985000001
2019-03-29,development,v4_hysteresis,100000000.0,150.0,0.028239745293817838,0.026481337637079102,0.5871964258629827,0.03776538115906841,500,69,68,1.999999945062589,-2.0766229028024163e-08,0.038463524301085295,0.029754329861294414,0.040000010206915834,0.020000000608293524,111.88427808889783,2.55543015003517,72983323.5384125,0.00021819175258386842,0.0002902159255118576,0.0012499999786430114,0.0017584076567387374,0.09999271799277248,0,252,500,CLARABEL,optimal,228,28,0.003857520985000001
2019-03-29,development,v4_hysteresis,100000000.0,300.0,0.028239745293817838,0.02523133765843609,0.5871964258629827,0.03776538115906841,500,69,68,1.999999945062589,-2.0766229028024163e-08,0.038463524301085295,0.029754329861294414,0.040000010206915834,0.020000000608293524,111.88427808889783,2.55543015003517,72983323.5384125,0.00021819175258386842,0.0002902159255118576,0.0024999999572860227,0.003008407635381749,0.09999271799277248,0,252,500,CLARABEL,optimal,228,28,0.003857520985000001
2019-03-29,development,v4_hysteresis,500000000.0,50.0,0.028239745293817838,0.02695594434408877,0.5871964258629827,0.03776538115906841,500,69,68,1.999999945062589,-2.0766229028024163e-08,0.038463524301085295,0.029754329861294414,0.040000010206915834,0.020000000608293524,111.88427808889783,2.55543015003517,72983323.5384125,0.00021819175258386842,0.000648942537597529,0.00041666665954767044,0.0012838009497290678,0.4999635899638625,23,252,500,CLARABEL,optimal,228,28,0.003857520985000001
2019-03-29,development,v4_hysteresis,500000000.0,150.0,0.028239745293817838,0.026122611024993428,0.5871964258629827,0.03776538115906841,500,69,68,1.999999945062589,-2.0766229028024163e-08,0.038463524301085295,0.029754329861294414,0.040000010206915834,0.020000000608293524,111.88427808889783,2.55543015003517,72983323.5384125,0.00021819175258386842,0.000648942537597529,0.0012499999786430114,0.0021171342688244086,0.4999635899638625,23,252,500,CLARABEL,optimal,228,28,0.003857520985000001
2019-03-29,development,v4_hysteresis,500000000.0,300.0,0.028239745293817838,0.02487261104635042,0.5871964258629827,0.03776538115906841,500,69,68,1.999999945062589,-2.0766229028024163e-08,0.038463524301085295,0.029754329861294414,0.040000010206915834,0.020000000608293524,111.88427808889783,2.55543015003517,72983323.5384125,0.00021819175258386842,0.000648942537597529,0.0024999999572860227,0.00336713424746742,0.4999635899638625,23,252,500,CLARABEL,optimal,228,28,0.003857520985000001
2019-04-30,development,v4_hysteresis,10000000.0,50.0,0.003618851191751992,0.0029848540500279947,0.5425570072407081,-0.07071063360153372,500,67,69,1.9999999636006858,-1.098720195380487e-08,0.04999998947983186,0.011736516319681395,0.04000000083072823,0.020000000577350147,111.53958436337541,2.582657074217125,72529910.09,0.00017503496825132015,4.229551210020073e-05,0.0004166666613724766,0.0006339971417239974,0.003828735367511125,0,252,500,CLARABEL,optimal,216,16,0.0099382725
2019-04-30,development,v4_hysteresis,10000000.0,150.0,0.003618851191751992,0.002151520727283041,0.5425570072407081,-0.07071063360153372,500,67,69,1.9999999636006858,-1.098720195380487e-08,0.04999998947983186,0.011736516319681395,0.04000000083072823,0.020000000577350147,111.53958436337541,2.582657074217125,72529910.09,0.00017503496825132015,4.229551210020073e-05,0.00124999998411743,0.001467330464468951,0.003828735367511125,0,252,500,CLARABEL,optimal,216,16,0.0099382725
2019-04-30,development,v4_hysteresis,10000000.0,300.0,0.003618851191751992,0.0009015207431656109,0.5425570072407081,-0.07071063360153372,500,67,69,1.9999999636006858,-1.098720195380487e-08,0.04999998947983186,0.011736516319681395,0.04000000083072823,0.020000000577350147,111.53958436337541,2.582657074217125,72529910.09,0.00017503496825132015,4.229551210020073e-05,0.00249999996823486,0.002717330448586381,0.003828735367511125,0,252,500,CLARABEL,optimal,216,16,0.0099382725
2019-04-30,development,v4_hysteresis,100000000.0,50.0,0.003618851191751992,0.002893399409088349,0.5425570072407081,-0.07071063360153372,500,67,69,1.9999999636006858,-1.098720195380487e-08,0.04999998947983186,0.011736516319681395,0.04000000083072823,0.020000000577350147,111.53958436337541,2.582657074217125,72529910.09,0.00017503496825132015,0.00013375015303984615,0.0004166666613724766,0.0007254517826636429,0.03828735367511125,0,252,500,CLARABEL,optimal,216,16,0.0099382725
2019-04-30,development,v4_hysteresis,100000000.0,150.0,0.003618851191751992,0.0020600660863433957,0.5425570072407081,-0.07071063360153372,500,67,69,1.9999999636006858,-1.098720195380487e-08,0.04999998947983186,0.011736516319681395,0.04000000083072823,0.020000000577350147,111.53958436337541,2.582657074217125,72529910.09,0.00017503496825132015,0.00013375015303984615,0.00124999998411743,0.0015587851054085964,0.03828735367511125,0,252,500,CLARABEL,optimal,216,16,0.0099382725
2019-04-30,development,v4_hysteresis,100000000.0,300.0,0.003618851191751992,0.0008100661022259659,0.5425570072407081,-0.07071063360153372,500,67,69,1.9999999636006858,-1.098720195380487e-08,0.04999998947983186,0.011736516319681395,0.04000000083072823,0.020000000577350147,111.53958436337541,2.582657074217125,72529910.09,0.00017503496825132015,0.00013375015303984615,0.00249999996823486,0.002808785089526026,0.03828735367511125,0,252,500,CLARABEL,optimal,216,16,0.0099382725
2019-04-30,development,v4_hysteresis,500000000.0,50.0,0.003618851191751992,0.002728075127930099,0.5425570072407081,-0.07071063360153372,500,67,69,1.9999999636006858,-1.098720195380487e-08,0.04999998947983186,0.011736516319681395,0.04000000083072823,0.020000000577350147,111.53958436337541,2.582657074217125,72529910.09,0.00017503496825132015,0.00029907443419809613,0.0004166666613724766,0.0008907760638218929,0.19143676837555626,13,252,500,CLARABEL,optimal,216,16,0.0099382725
2019-04-30,development,v4_hysteresis,500000000.0,150.0,0.003618851191751992,0.0018947418051851457,0.5425570072407081,-0.07071063360153372,500,67,69,1.9999999636006858,-1.098720195380487e-08,0.04999998947983186,0.011736516319681395,0.04000000083072823,0.020000000577350147,111.53958436337541,2.582657074217125,72529910.09,0.00017503496825132015,0.00029907443419809613,0.00124999998411743,0.0017241093865668464,0.19143676837555626,13,252,500,CLARABEL,optimal,216,16,0.0099382725
2019-04-30,development,v4_hysteresis,500000000.0,300.0,0.003618851191751992,0.0006447418210677159,0.5425570072407081,-0.07071063360153372,500,67,69,1.9999999636006858,-1.098720195380487e-08,0.04999998947983186,0.011736516319681395,0.04000000083072823,0.020000000577350147,111.53958436337541,2.582657074217125,72529910.09,0.00017503496825132015,0.00029907443419809613,0.00249999996823486,0.002974109370684276,0.19143676837555626,13,252,500,CLARABEL,optimal,216,16,0.0099382725
2019-05-31,development,v4_hysteresis,10000000.0,50.0,0.011247453288010906,0.010615129563651463,0.45269812317643066,0.08367782962810676,500,66,67,1.999999975513312,7.672474267028662e-09,0.050000007446461825,-0.049999238419831685,0.04000000053886346,0.020000000588734856,111.68838622772554,2.79760228499105,69786095.7975,0.0001722780223092016,4.337904208340002e-05,0.00041666665996684116,0.0006323237243594428,0.010000000176610391,0,252,500,CLARABEL,optimal,223,23,0.009807980300000001
2019-05-31,development,v4_hysteresis,10000000.0,150.0,0.011247453288010906,0.009781796243717781,0.45269812317643066,0.08367782962810676,500,66,67,1.999999975513312,7.672474267028662e-09,0.050000007446461825,-0.049999238419831685,0.04000000053886346,0.020000000588734856,111.68838622772554,2.79760228499105,69786095.7975,0.0001722780223092016,4.337904208340002e-05,0.0012499999799005237,0.0014656570442931254,0.010000000176610391,0,252,500,CLARABEL,optimal,223,23,0.009807980300000001
2019-05-31,development,v4_hysteresis,10000000.0,300.0,0.011247453288010906,0.008531796263817257,0.45269812317643066,0.08367782962810676,500,66,67,1.999999975513312,7.672474267028662e-09,0.050000007446461825,-0.049999238419831685,0.04000000053886346,0.020000000588734856,111.68838622772554,2.79760228499105,69786095.7975,0.0001722780223092016,4.337904208340002e-05,0.0024999999598010474,0.002715657024193649,0.010000000176610391,0,252,500,CLARABEL,optimal,223,23,0.009807980300000001
2019-05-31,development,v4_hysteresis,100000000.0,50.0,0.011247453288010906,0.010521332030035024,0.45269812317643066,0.08367782962810676,500,66,67,1.999999975513312,7.672474267028662e-09,0.050000007446461825,-0.049999238419831685,0.04000000053886346,0.020000000588734856,111.68838622772554,2.79760228499105,69786095.7975,0.0001722780223092016,0.00013717657569983985,0.00041666665996684116,0.0007261212579758826,0.1000000017661039,1,252,500,CLARABEL,optimal,223,23,0.009807980300000001
2019-05-31,development,v4_hysteresis,100000000.0,150.0,0.011247453288010906,0.00968799871010134,0.45269812317643066,0.08367782962810676,500,66,67,1.999999975513312,7.672474267028662e-09,0.050000007446461825,-0.049999238419831685,0.04000000053886346,0.020000000588734856,111.68838622772554,2.79760228499105,69786095.7975,0.0001722780223092016,0.00013717657569983985,0.0012499999799005237,0.001559454577909565,0.1000000017661039,1,252,500,CLARABEL,optimal,223,23,0.009807980300000001
2019-05-31,development,v4_hysteresis,100000000.0,300.0,0.011247453288010906,0.008437998730200817,0.45269812317643066,0.08367782962810676,500,66,67,1.999999975513312,7.672474267028662e-09,0.050000007446461825,-0.049999238419831685,0.04000000053886346,0.020000000588734856,111.68838622772554,2.79760228499105,69786095.7975,0.0001722780223092016,0.00013717657569983985,0.0024999999598010474,0.0028094545578100888,0.1000000017661039,1,252,500,CLARABEL,optimal,223,23,0.009807980300000001
2019-05-31,development,v4_hysteresis,500000000.0,50.0,0.011247453288010906,0.010351772457549376,0.45269812317643066,0.08367782962810676,500,66,67,1.999999975513312,7.672474267028662e-09,0.050000007446461825,-0.049999238419831685,0.04000000053886346,0.020000000588734856,111.68838622772554,2.79760228499105,69786095.7975,0.0001722780223092016,0.0003067361481854877,0.00041666665996684116,0.0008956808304615304,0.5000000088305195,13,252,500,CLARABEL,optimal,223,23,0.009807980300000001
2019-05-31,development,v4_hysteresis,500000000.0,150.0,0.011247453288010906,0.009518439137615693,0.45269812317643066,0.08367782962810676,500,66,67,1.999999975513312,7.672474267028662e-09,0.050000007446461825,-0.049999238419831685,0.04000000053886346,0.020000000588734856,111.68838622772554,2.79760228499105,69786095.7975,0.0001722780223092016,0.0003067361481854877,0.0012499999799005237,0.0017290141503952128,0.5000000088305195,13,252,500,CLARABEL,optimal,223,23,0.009807980300000001
2019-05-31,development,v4_hysteresis,500000000.0,300.0,0.011247453288010906,0.00826843915771517,0.45269812317643066,0.08367782962810676,500,66,67,1.999999975513312,7.672474267028662e-09,0.050000007446461825,-0.049999238419831685,0.04000000053886346,0.020000000588734856,111.68838622772554,2.79760228499105,69786095.7975,0.0001722780223092016,0.0003067361481854877,0.0024999999598010474,0.0029790141302957368,0.5000000088305195,13,252,500,CLARABEL,optimal,223,23,0.009807980300000001
2019-06-28,development,v4_hysteresis,10000000.0,50.0,0.0049124987617886855,0.004187067393098358,0.6860224961570178,0.014718411686719307,500,66,66,1.9999999538558288,1.314246080019732e-09,0.04773944931953919,-0.049999998276757746,0.04000000063282967,0.020000000500104375,111.24320575308154,2.904666274189571,67825354.77250001,0.00024414545663996643,6.461925527086473e-05,0.00041666665677949646,0.0007254313686903276,0.0074901160090461915,0,252,500,CLARABEL,optimal,224,24,0.00804213282
2019-06-28,development,v4_hysteresis,10000000.0,150.0,0.0049124987617886855,0.003353734079539365,0.6860224961570178,0.014718411686719307,500,66,66,1.9999999538558288,1.314246080019732e-09,0.04773944931953919,-0.049999998276757746,0.04000000063282967,0.020000000500104375,111.24320575308154,2.904666274189571,67825354.77250001,0.00024414545663996643,6.461925527086473e-05,0.0012499999703384894,0.0015587646822493206,0.0074901160090461915,0,252,500,CLARABEL,optimal,224,24,0.00804213282
2019-06-28,development,v4_hysteresis,10000000.0,300.0,0.0049124987617886855,0.0021037341092008757,0.6860224961570178,0.014718411686719307,500,66,66,1.9999999538558288,1.314246080019732e-09,0.04773944931953919,-0.049999998276757746,0.04000000063282967,0.020000000500104375,111.24320575308154,2.904666274189571,67825354.77250001,0.00024414545663996643,6.461925527086473e-05,0.0024999999406769787,0.00280876465258781,0.0074901160090461915,0,252,500,CLARABEL,optimal,224,24,0.00804213282
2019-06-28,development,v4_hysteresis,100000000.0,50.0,0.0049124987617886855,0.004047342621009449,0.6860224961570178,0.014718411686719307,500,66,66,1.9999999538558288,1.314246080019732e-09,0.04773944931953919,-0.049999998276757746,0.04000000063282967,0.020000000500104375,111.24320575308154,2.904666274189571,67825354.77250001,0.00024414545663996643,0.00020434402735977335,0.00041666665677949646,0.0008651561407792362,0.07490116009046191,0,252,500,CLARABEL,optimal,224,24,0.00804213282
2019-06-28,development,v4_hysteresis,100000000.0,150.0,0.0049124987617886855,0.0032140093074504565,0.6860224961570178,0.014718411686719307,500,66,66,1.9999999538558288,1.314246080019732e-09,0.04773944931953919,-0.049999998276757746,0.04000000063282967,0.020000000500104375,111.24320575308154,2.904666274189571,67825354.77250001,0.00024414545663996643,0.00020434402735977335,0.0012499999703384894,0.001698489454338229,0.07490116009046191,0,252,500,CLARABEL,optimal,224,24,0.00804213282
2019-06-28,development,v4_hysteresis,100000000.0,300.0,0.0049124987617886855,0.001964009337111967,0.6860224961570178,0.014718411686719307,500,66,66,1.9999999538558288,1.314246080019732e-09,0.04773944931953919,-0.049999998276757746,0.04000000063282967,0.020000000500104375,111.24320575308154,2.904666274189571,67825354.77250001,0.00024414545663996643,0.00020434402735977335,0.0024999999406769787,0.0029484894246767186,0.07490116009046191,0,252,500,CLARABEL,optimal,224,24,0.00804213282
2019-06-28,development,v4_hysteresis,500000000.0,50.0,0.0049124987617886855,0.0037947595123966928,0.6860224961570178,0.014718411686719307,500,66,66,1.9999999538558288,1.314246080019732e-09,0.04773944931953919,-0.049999998276757746,0.04000000063282967,0.020000000500104375,111.24320575308154,2.904666274189571,67825354.77250001,0.00024414545663996643,0.00045692713597253004,0.00041666665677949646,0.001117739249391993,0.3745058004523096,28,252,500,CLARABEL,optimal,224,24,0.00804213282
2019-06-28,development,v4_hysteresis,500000000.0,150.0,0.0049124987617886855,0.0029614261988376994,0.6860224961570178,0.014718411686719307,500,66,66,1.9999999538558288,1.314246080019732e-09,0.04773944931953919,-0.049999998276757746,0.04000000063282967,0.020000000500104375,111.24320575308154,2.904666274189571,67825354.77250001,0.00024414545663996643,0.00045692713597253004,0.0012499999703384894,0.0019510725629509858,0.3745058004523096,28,252,500,CLARABEL,optimal,224,24,0.00804213282
2019-06-28,development,v4_hysteresis,500000000.0,300.0,0.0049124987617886855,0.0017114262284992103,0.6860224961570178,0.014718411686719307,500,66,66,1.9999999538558288,1.314246080019732e-09,0.04773944931953919,-0.049999998276757746,0.04000000063282967,0.020000000500104375,111.24320575308154,2.904666274189571,67825354.77250001,0.00024414545663996643,0.00045692713597253004,0.0024999999406769787,0.003201072533289475,0.3745058004523096,28,252,500,CLARABEL,optimal,224,24,0.00804213282
2019-07-31,development,v4_hysteresis,10000000.0,50.0,0.05540631302320901,0.05477179021310177,0.4275950019419347,-0.024040690252351324,500,68,66,1.9999999804889654,2.304655979945558e-09,0.030779163584288782,-0.003307124404948997,0.0400000008449625,0.02000000048836687,110.51568405896906,2.900243560393594,63242864.2571675,0.000160268013053858,5.758813493165086e-05,0.0004166666621217312,0.0006345228101072401,0.010000000260917914,0,252,500,CLARABEL,optimal,218,18,0.010049604453385
2019-07-31,development,v4_hysteresis,10000000.0,150.0,0.05540631302320901,0.05393845688885831,0.4275950019419347,-0.024040690252351324,500,68,66,1.9999999804889654,2.304655979945558e-09,0.030779163584288782,-0.003307124404948997,0.0400000008449625,0.02000000048836687,110.51568405896906,2.900243560393594,63242864.2571675,0.000160268013053858,5.758813493165086e-05,0.0012499999863651934,0.0014678561343507022,0.010000000260917914,0,252,500,CLARABEL,optimal,218,18,0.010049604453385
2019-07-31,development,v4_hysteresis,10000000.0,300.0,0.05540631302320901,0.052688456902493117,0.4275950019419347,-0.024040690252351324,500,68,66,1.9999999804889654,2.304655979945558e-09,0.030779163584288782,-0.003307124404948997,0.0400000008449625,0.02000000048836687,110.51568405896906,2.900243560393594,63242864.2571675,0.000160268013053858,5.758813493165086e-05,0.002499999972730387,0.002717856120715896,0.010000000260917914,0,252,500,CLARABEL,optimal,218,18,0.010049604453385
2019-07-31,development,v4_hysteresis,100000000.0,50.0,0.05540631302320901,0.0546472686754483,0.4275950019419347,-0.024040690252351324,500,68,66,1.9999999804889654,2.304655979945558e-09,0.030779163584288782,-0.003307124404948997,0.0400000008449625,0.02000000048836687,110.51568405896906,2.900243560393594,63242864.2571675,0.000160268013053858,0.00018210967258512178,0.0004166666621217312,0.000759044347760711,0.10000000260917914,1,252,500,CLARABEL,optimal,218,18,0.010049604453385
2019-07-31,development,v4_hysteresis,100000000.0,150.0,0.05540631302320901,0.053813935351204836,0.4275950019419347,-0.024040690252351324,500,68,66,1.9999999804889654,2.304655979945558e-09,0.030779163584288782,-0.003307124404948997,0.0400000008449625,0.02000000048836687,110.51568405896906,2.900243560393594,63242864.2571675,0.000160268013053858,0.00018210967258512178,0.0012499999863651934,0.001592377672004173,0.10000000260917914,1,252,500,CLARABEL,optimal,218,18,0.010049604453385
2019-07-31,development,v4_hysteresis,100000000.0,300.0,0.05540631302320901,0.052563935364839644,0.4275950019419347,-0.024040690252351324,500,68,66,1.9999999804889654,2.304655979945558e-09,0.030779163584288782,-0.003307124404948997,0.0400000008449625,0.02000000048836687,110.51568405896906,2.900243560393594,63242864.2571675,0.000160268013053858,0.00018210967258512178,0.002499999972730387,0.0028423776583693665,0.10000000260917914,1,252,500,CLARABEL,optimal,218,18,0.010049604453385
2019-07-31,development,v4_hysteresis,500000000.0,50.0,0.05540631302320901,0.05442216874077286,0.4275950019419347,-0.024040690252351324,500,68,66,1.9999999804889654,2.304655979945558e-09,0.030779163584288782,-0.003307124404948997,0.0400000008449625,0.02000000048836687,110.51568405896906,2.900243560393594,63242864.2571675,0.000160268013053858,0.00040720960726056216,0.0004166666621217312,0.0009841442824361512,0.5000000130458957,16,252,500,CLARABEL,optimal,218,18,0.010049604453385
2019-07-31,development,v4_hysteresis,500000000.0,150.0,0.05540631302320901,0.053588835416529396,0.4275950019419347,-0.024040690252351324,500,68,66,1.9999999804889654,2.304655979945558e-09,0.030779163584288782,-0.003307124404948997,0.0400000008449625,0.02000000048836687,110.51568405896906,2.900243560393594,63242864.2571675,0.000160268013053858,0.00040720960726056216,0.0012499999863651934,0.0018174776066796135,0.5000000130458957,16,252,500,CLARABEL,optimal,218,18,0.010049604453385
2019-07-31,development,v4_hysteresis,500000000.0,300.0,0.05540631302320901,0.0523388354301642,0.4275950019419347,-0.024040690252351324,500,68,66,1.9999999804889654,2.304655979945558e-09,0.030779163584288782,-0.003307124404948997,0.0400000008449625,0.02000000048836687,110.51568405896906,2.900243560393594,63242864.2571675,0.000160268013053858,0.00040720960726056216,0.002499999972730387,0.0030674775930448067,0.5000000130458957,16,252,500,CLARABEL,optimal,218,18,0.010049604453385
2019-08-30,development,v4_hysteresis,10000000.0,50.0,-0.04555844734292465,-0.046198396045954174,0.38902268505708165,0.014734808670679691,500,68,65,1.999999985955311,-1.2948859970385307e-09,0.04859037168127303,-0.04912167597866636,0.04000000047809449,0.020000000462381068,110.38221320279733,2.7935435196167475,66532363.8125,0.00016126455412980567,6.201748488926328e-05,0.0004166666640104577,0.0006399487030295266,0.009999999988009147,0,252,500,CLARABEL,optimal,215,15,0.0085390222
2019-08-30,development,v4_hysteresis,10000000.0,150.0,-0.04555844734292465,-0.04703172937397509,0.38902268505708165,0.014734808670679691,500,68,65,1.999999985955311,-1.2948859970385307e-09,0.04859037168127303,-0.04912167597866636,0.04000000047809449,0.020000000462381068,110.38221320279733,2.7935435196167475,66532363.8125,0.00016126455412980567,6.201748488926328e-05,0.001249999992031373,0.001473282031050442,0.009999999988009147,0,252,500,CLARABEL,optimal,215,15,0.0085390222
2019-08-30,development,v4_hysteresis,10000000.0,300.0,-0.04555844734292465,-0.048281729366006464,0.38902268505708165,0.014734808670679691,500,68,65,1.999999985955311,-1.2948859970385307e-09,0.04859037168127303,-0.04912167597866636,0.04000000047809449,0.020000000462381068,110.38221320279733,2.7935435196167475,66532363.8125,0.00016126455412980567,6.201748488926328e-05,0.002499999984062746,0.0027232820230818147,0.009999999988009147,0,252,500,CLARABEL,optimal,215,15,0.0085390222
2019-08-30,development,v4_hysteresis,100000000.0,50.0,-0.04555844734292465,-0.04633249506807006,0.38902268505708165,0.014734808670679691,500,68,65,1.999999985955311,-1.2948859970385307e-09,0.04859037168127303,-0.04912167597866636,0.04000000047809449,0.020000000462381068,110.38221320279733,2.7935435196167475,66532363.8125,0.00016126455412980567,0.00019611650700514732,0.0004166666640104577,0.0007740477251454107,0.09999999988009148,0,252,500,CLARABEL,optimal,215,15,0.0085390222
2019-08-30,development,v4_hysteresis,100000000.0,150.0,-0.04555844734292465,-0.04716582839609097,0.38902268505708165,0.014734808670679691,500,68,65,1.999999985955311,-1.2948859970385307e-09,0.04859037168127303,-0.04912167597866636,0.04000000047809449,0.020000000462381068,110.38221320279733,2.7935435196167475,66532363.8125,0.00016126455412980567,0.00019611650700514732,0.001249999992031373,0.001607381053166326,0.09999999988009148,0,252,500,CLARABEL,optimal,215,15,0.0085390222
2019-08-30,development,v4_hysteresis,100000000.0,300.0,-0.04555844734292465,-0.04841582838812235,0.38902268505708165,0.014734808670679691,500,68,65,1.999999985955311,-1.2948859970385307e-09,0.04859037168127303,-0.04912167597866636,0.04000000047809449,0.020000000462381068,110.38221320279733,2.7935435196167475,66532363.8125,0.00016126455412980567,0.00019611650700514732,0.002499999984062746,0.002857381045197699,0.09999999988009148,0,252,500,CLARABEL,optimal,215,15,0.0085390222
2019-08-30,development,v4_hysteresis,500000000.0,50.0,-0.04555844734292465,-0.046574908402238234,0.38902268505708165,0.014734808670679691,500,68,65,1.999999985955311,-1.2948859970385307e-09,0.04859037168127303,-0.04912167597866636,0.04000000047809449,0.020000000462381068,110.38221320279733,2.7935435196167475,66532363.8125,0.00016126455412980567,0.000438529841173323,0.0004166666640104577,0.0010164610593135863,0.4999999994004574,17,252,500,CLARABEL,optimal,215,15,0.0085390222
2019-08-30,development,v4_hysteresis,500000000.0,150.0,-0.04555844734292465,-0.04740824173025915,0.38902268505708165,0.014734808670679691,500,68,65,1.999999985955311,-1.2948859970385307e-09,0.04859037168127303,-0.04912167597866636,0.04000000047809449,0.020000000462381068,110.38221320279733,2.7935435196167475,66532363.8125,0.00016126455412980567,0.000438529841173323,0.001249999992031373,0.0018497943873345016,0.4999999994004574,17,252,500,CLARABEL,optimal,215,15,0.0085390222
2019-08-30,development,v4_hysteresis,500000000.0,300.0,-0.04555844734292465,-0.048658241722290524,0.38902268505708165,0.014734808670679691,500,68,65,1.999999985955311,-1.2948859970385307e-09,0.04859037168127303,-0.04912167597866636,0.04000000047809449,0.020000000462381068,110.38221320279733,2.7935435196167475,66532363.8125,0.00016126455412980567,0.000438529841173323,0.002499999984062746,0.0030997943793658746,0.4999999994004574,17,252,500,CLARABEL,optimal,215,15,0.0085390222
2019-09-30,development,v4_hysteresis,10000000.0,50.0,0.0037305780631437316,0.003059739010553999,0.566483739530378,0.022612421511980625,500,68,66,1.999999978283387,-5.095679850297685e-09,0.049999993506492396,-0.05000000238161141,0.040000002705934914,0.02000000044578239,111.73523554142196,2.8483943477530294,69208428.364045,0.00019291400732834098,6.1258382057419e-05,0.00041666666320397237,0.0006708390525897324,0.010000000150929798,0,252,500,CLARABEL,optimal,212,12,0.009303893970000001
2019-09-30,development,v4_hysteresis,10000000.0,150.0,0.0037305780631437316,0.002226405684146055,0.566483739530378,0.022612421511980625,500,68,66,1.999999978283387,-5.095679850297685e-09,0.049999993506492396,-0.05000000238161141,0.040000002705934914,0.02000000044578239,111.73523554142196,2.8483943477530294,69208428.364045,0.00019291400732834098,6.1258382057419e-05,0.0012499999896119168,0.0015041723789976768,0.010000000150929798,0,252,500,CLARABEL,optimal,212,12,0.009303893970000001
2019-09-30,development,v4_hysteresis,10000000.0,300.0,0.0037305780631437316,0.0009764056945341382,0.566483739530378,0.022612421511980625,500,68,66,1.999999978283387,-5.095679850297685e-09,0.049999993506492396,-0.05000000238161141,0.040000002705934914,0.02000000044578239,111.73523554142196,2.8483943477530294,69208428.364045,0.00019291400732834098,6.1258382057419e-05,0.0024999999792238337,0.0027541723686095934,0.010000000150929798,0,252,500,CLARABEL,optimal,212,12,0.009303893970000001
2019-09-30,development,v4_hysteresis,100000000.0,50.0,0.0037305780631437316,0.002927281379533183,0.566483739530378,0.022612421511980625,500,68,66,1.999999978283387,-5.095679850297685e-09,0.049999993506492396,-0.05000000238161141,0.040000002705934914,0.02000000044578239,111.73523554142196,2.8483943477530294,69208428.364045,0.00019291400732834098,0.00019371601307823554,0.00041666666320397237,0.0008032966836105488,0.10000000150929797,1,252,500,CLARABEL,optimal,212,12,0.009303893970000001
2019-09-30,development,v4_hysteresis,100000000.0,150.0,0.0037305780631437316,0.002093948053125238,0.566483739530378,0.022612421511980625,500,68,66,1.999999978283387,-5.095679850297685e-09,0.049999993506492396,-0.05000000238161141,0.040000002705934914,0.02000000044578239,111.73523554142196,2.8483943477530294,69208428.364045,0.00019291400732834098,0.00019371601307823554,0.0012499999896119168,0.0016366300100184934,0.10000000150929797,1,252,500,CLARABEL,optimal,212,12,0.009303893970000001
2019-09-30,development,v4_hysteresis,100000000.0,300.0,0.0037305780631437316,0.0008439480635133215,0.566483739530378,0.022612421511980625,500,68,66,1.999999978283387,-5.095679850297685e-09,0.049999993506492396,-0.05000000238161141,0.040000002705934914,0.02000000044578239,111.73523554142196,2.8483943477530294,69208428.364045,0.00019291400732834098,0.00019371601307823554,0.0024999999792238337,0.00288662999963041,0.10000000150929797,1,252,500,CLARABEL,optimal,212,12,0.009303893970000001
2019-09-30,development,v4_hysteresis,500000000.0,50.0,0.0037305780631437316,0.0026878352190382454,0.566483739530378,0.022612421511980625,500,68,66,1.999999978283387,-5.095679850297685e-09,0.049999993506492396,-0.05000000238161141,0.040000002705934914,0.02000000044578239,111.73523554142196,2.8483943477530294,69208428.364045,0.00019291400732834098,0.00043316217357317294,0.00041666666320397237,0.0010427428441054864,0.5000000075464899,20,252,500,CLARABEL,optimal,212,12,0.009303893970000001
2019-09-30,development,v4_hysteresis,500000000.0,150.0,0.0037305780631437316,0.0018545018926303008,0.566483739530378,0.022612421511980625,500,68,66,1.999999978283387,-5.095679850297685e-09,0.049999993506492396,-0.05000000238161141,0.040000002705934914,0.02000000044578239,111.73523554142196,2.8483943477530294,69208428.364045,0.00019291400732834098,0.00043316217357317294,0.0012499999896119168,0.0018760761705134308,0.5000000075464899,20,252,500,CLARABEL,optimal,212,12,0.009303893970000001
2019-09-30,development,v4_hysteresis,500000000.0,300.0,0.0037305780631437316,0.0006045019030183839,0.566483739530378,0.022612421511980625,500,68,66,1.999999978283387,-5.095679850297685e-09,0.049999993506492396,-0.05000000238161141,0.040000002705934914,0.02000000044578239,111.73523554142196,2.8483943477530294,69208428.364045,0.00019291400732834098,0.00043316217357317294,0.0024999999792238337,0.0031260761601253476,0.5000000075464899,20,252,500,CLARABEL,optimal,212,12,0.009303893970000001
2019-10-31,development,v4_hysteresis,10000000.0,50.0,-0.03132799981157522,-0.03202616345893501,0.5127289025058275,0.03969386551736745,500,65,67,1.9999999676783697,1.7072911556725856e-09,0.050000002139490914,-0.05000000662737263,0.04000000194780606,0.02000000049833806,111.24152401295325,2.8887123715323555,65512718.435,0.00022287956363096088,5.861742415152243e-05,0.00041666665957730797,0.0006981636473597913,0.010000000282124819,0,252,500,CLARABEL,optimal,223,23,0.00875184843
2019-10-31,development,v4_hysteresis,10000000.0,150.0,-0.03132799981157522,-0.03285949677808962,0.5127289025058275,0.03969386551736745,500,65,67,1.9999999676783697,1.7072911556725856e-09,0.050000002139490914,-0.05000000662737263,0.04000000194780606,0.02000000049833806,111.24152401295325,2.8887123715323555,65512718.435,0.00022287956363096088,5.861742415152243e-05,0.0012499999787319238,0.001531496966514407,0.010000000282124819,0,252,500,CLARABEL,optimal,223,23,0.00875184843
2019-10-31,development,v4_hysteresis,10000000.0,300.0,-0.03132799981157522,-0.03410949675682155,0.5127289025058275,0.03969386551736745,500,65,67,1.9999999676783697,1.7072911556725856e-09,0.050000002139490914,-0.05000000662737263,0.04000000194780606,0.02000000049833806,111.24152401295325,2.8887123715323555,65512718.435,0.00022287956363096088,5.861742415152243e-05,0.0024999999574638475,0.002781496945246331,0.010000000282124819,0,252,500,CLARABEL,optimal,223,23,0.00875184843
2019-10-31,development,v4_hysteresis,100000000.0,50.0,-0.03132799981157522,-0.03215291060567446,0.5127289025058275,0.03969386551736745,500,65,67,1.9999999676783697,1.7072911556725856e-09,0.050000002139490914,-0.05000000662737263,0.04000000194780606,0.02000000049833806,111.24152401295325,2.8887123715323555,65512718.435,0.00022287956363096088,0.0001853645708909738,0.00041666665957730797,0.0008249107940992426,0.10000000282124819,1,252,500,CLARABEL,optimal,223,23,0.00875184843
2019-10-31,development,v4_hysteresis,100000000.0,150.0,-0.03132799981157522,-0.03298624392482908,0.5127289025058275,0.03969386551736745,500,65,67,1.9999999676783697,1.7072911556725856e-09,0.050000002139490914,-0.05000000662737263,0.04000000194780606,0.02000000049833806,111.24152401295325,2.8887123715323555,65512718.435,0.00022287956363096088,0.0001853645708909738,0.0012499999787319238,0.0016582441132538585,0.10000000282124819,1,252,500,CLARABEL,optimal,223,23,0.00875184843
2019-10-31,development,v4_hysteresis,100000000.0,300.0,-0.03132799981157522,-0.034236243903561,0.5127289025058275,0.03969386551736745,500,65,67,1.9999999676783697,1.7072911556725856e-09,0.050000002139490914,-0.05000000662737263,0.04000000194780606,0.02000000049833806,111.24152401295325,2.8887123715323555,65512718.435,0.00022287956363096088,0.0001853645708909738,0.0024999999574638475,0.002908244091985782,0.10000000282124819,1,252,500,CLARABEL,optimal,223,23,0.00875184843
2019-10-31,development,v4_hysteresis,500000000.0,50.0,-0.03132799981157522,-0.032382033815915784,0.5127289025058275,0.03969386551736745,500,65,67,1.9999999676783697,1.7072911556725856e-09,0.050000002139490914,-0.05000000662737263,0.04000000194780606,0.02000000049833806,111.24152401295325,2.8887123715323555,65512718.435,0.00022287956363096088,0.0004144877811322962,0.00041666665957730797,0.0010540340043405652,0.500000014106241,13,252,500,CLARABEL,optimal,223,23,0.00875184843
2019-10-31,development,v4_hysteresis,500000000.0,150.0,-0.03132799981157522,-0.0332153671350704,0.5127289025058275,0.03969386551736745,500,65,67,1.9999999676783697,1.7072911556725856e-09,0.050000002139490914,-0.05000000662737263,0.04000000194780606,0.02000000049833806,111.24152401295325,2.8887123715323555,65512718.435,0.00022287956363096088,0.0004144877811322962,0.0012499999787319238,0.0018873673234951808,0.500000014106241,13,252,500,CLARABEL,optimal,223,23,0.00875184843
2019-10-31,development,v4_hysteresis,500000000.0,300.0,-0.03132799981157522,-0.034465367113802325,0.5127289025058275,0.03969386551736745,500,65,67,1.9999999676783697,1.7072911556725856e-09,0.050000002139490914,-0.05000000662737263,0.04000000194780606,0.02000000049833806,111.24152401295325,2.8887123715323555,65512718.435,0.00022287956363096088,0.0004144877811322962,0.0024999999574638475,0.0031373673022271047,0.500000014106241,13,252,500,CLARABEL,optimal,223,23,0.00875184843
2019-11-29,development,v4_hysteresis,10000000.0,50.0,-0.01991771501462808,-0.02064207416497242,0.6777890735763975,0.030815191525348475,500,65,67,1.9999999728991322,-1.1495475155109958e-08,0.04999999187190847,0.011331549681708492,0.04000000301848353,0.020000000440142947,111.94506825231691,2.8331755065924775,66150631.1475,0.0002427084599470248,6.49840269817757e-05,0.0004166666634155432,0.0007243591503443437,0.008356892505238325,0,252,500,CLARABEL,optimal,227,27,0.009340944285
2019-11-29,development,v4_hysteresis,10000000.0,150.0,-0.01991771501462808,-0.02147540749180351,0.6777890735763975,0.030815191525348475,500,65,67,1.9999999728991322,-1.1495475155109958e-08,0.04999999187190847,0.011331549681708492,0.04000000301848353,0.020000000440142947,111.94506825231691,2.8331755065924775,66150631.1475,0.0002427084599470248,6.49840269817757e-05,0.0012499999902466296,0.00155769247717543,0.008356892505238325,0,252,500,CLARABEL,optimal,227,27,0.009340944285
2019-11-29,development,v4_hysteresis,10000000.0,300.0,-0.01991771501462808,-0.02272540748205014,0.6777890735763975,0.030815191525348475,500,65,67,1.9999999728991322,-1.1495475155109958e-08,0.04999999187190847,0.011331549681708492,0.04000000301848353,0.020000000440142947,111.94506825231691,2.8331755065924775,66150631.1475,0.0002427084599470248,6.49840269817757e-05,0.002499999980493259,0.00280769246742206,0.008356892505238325,0,252,500,CLARABEL,optimal,227,27,0.009340944285
2019-11-29,development,v4_hysteresis,100000000.0,50.0,-0.01991771501462808,-0.020782587674782894,0.6777890735763975,0.030815191525348475,500,65,67,1.9999999728991322,-1.1495475155109958e-08,0.04999999187190847,0.011331549681708492,0.04000000301848353,0.020000000440142947,111.94506825231691,2.8331755065924775,66150631.1475,0.0002427084599470248,0.00020549753679224847,0.0004166666634155432,0.0008648726601548165,0.08356892505238325,0,252,500,CLARABEL,optimal,227,27,0.009340944285
2019-11-29,development,v4_hysteresis,100000000.0,150.0,-0.01991771501462808,-0.021615921001613983,0.6777890735763975,0.030815191525348475,500,65,67,1.9999999728991322,-1.1495475155109958e-08,0.04999999187190847,0.011331549681708492,0.04000000301848353,0.020000000440142947,111.94506825231691,2.8331755065924775,66150631.1475,0.0002427084599470248,0.00020549753679224847,0.0012499999902466296,0.0016982059869859029,0.08356892505238325,0,252,500,CLARABEL,optimal,227,27,0.009340944285
2019-11-29,development,v4_hysteresis,100000000.0,300.0,-0.01991771501462808,-0.022865920991860612,0.6777890735763975,0.030815191525348475,500,65,67,1.9999999728991322,-1.1495475155109958e-08,0.04999999187190847,0.011331549681708492,0.04000000301848353,0.020000000440142947,111.94506825231691,2.8331755065924775,66150631.1475,0.0002427084599470248,0.00020549753679224847,0.002499999980493259,0.0029482059772325325,0.08356892505238325,0,252,500,CLARABEL,optimal,227,27,0.009340944285
2019-11-29,development,v4_hysteresis,500000000.0,50.0,-0.01991771501462808,-0.02103659659946688,0.6777890735763975,0.030815191525348475,500,65,67,1.9999999728991322,-1.1495475155109958e-08,0.04999999187190847,0.011331549681708492,0.04000000301848353,0.020000000440142947,111.94506825231691,2.8331755065924775,66150631.1475,0.0002427084599470248,0.0004595064614762317,0.0004166666634155432,0.0011188815848387997,0.4178446252619163,19,252,500,CLARABEL,optimal,227,27,0.009340944285
2019-11-29,development,v4_hysteresis,500000000.0,150.0,-0.01991771501462808,-0.021869929926297965,0.6777890735763975,0.030815191525348475,500,65,67,1.9999999728991322,-1.1495475155109958e-08,0.04999999187190847,0.011331549681708492,0.04000000301848353,0.020000000440142947,111.94506825231691,2.8331755065924775,66150631.1475,0.0002427084599470248,0.0004595064614762317,0.0012499999902466296,0.0019522149116698861,0.4178446252619163,19,252,500,CLARABEL,optimal,227,27,0.009340944285
2019-11-29,development,v4_hysteresis,500000000.0,300.0,-0.01991771501462808,-0.023119929916544595,0.6777890735763975,0.030815191525348475,500,65,67,1.9999999728991322,-1.1495475155109958e-08,0.04999999187190847,0.011331549681708492,0.04000000301848353,0.020000000440142947,111.94506825231691,2.8331755065924775,66150631.1475,0.0002427084599470248,0.0004595064614762317,0.002499999980493259,0.0032022149019165155,0.4178446252619163,19,252,500,CLARABEL,optimal,227,27,0.009340944285
2019-12-31,development,v4_hysteresis,10000000.0,50.0,0.014905785712519323,0.014130885954577906,0.6965777210816224,-0.013626063328590591,500,61,63,1.999999974586132,-1.2135116782968636e-09,0.05000000246733266,-0.045712455351375664,0.03915408904823974,0.02000000045860304,108.86605629758213,2.770391345917307,62708603.1525,0.00028729988251609745,7.093321380039422e-05,0.0004166666616249258,0.0007748997579414174,0.010000000102532198,0,252,500,CLARABEL,optimal,228,28,0.003638529175
2019-12-31,development,v4_hysteresis,10000000.0,150.0,0.014905785712519323,0.013297552631328053,0.6965777210816224,-0.013626063328590591,500,61,63,1.999999974586132,-1.2135116782968636e-09,0.05000000246733266,-0.045712455351375664,0.03915408904823974,0.02000000045860304,108.86605629758213,2.770391345917307,62708603.1525,0.00028729988251609745,7.093321380039422e-05,0.0012499999848747776,0.0016082330811912691,0.010000000102532198,0,252,500,CLARABEL,optimal,228,28,0.003638529175
2019-12-31,development,v4_hysteresis,10000000.0,300.0,0.014905785712519323,0.012047552646453276,0.6965777210816224,-0.013626063328590591,500,61,63,1.999999974586132,-1.2135116782968636e-09,0.05000000246733266,-0.045712455351375664,0.03915408904823974,0.02000000045860304,108.86605629758213,2.770391345917307,62708603.1525,0.00028729988251609745,7.093321380039422e-05,0.002499999969749555,0.0028582330660660467,0.010000000102532198,0,252,500,CLARABEL,optimal,228,28,0.003638529175
2019-12-31,development,v4_hysteresis,100000000.0,50.0,0.014905785712519323,0.013977508651013364,0.6965777210816224,-0.013626063328590591,500,61,63,1.999999974586132,-1.2135116782968636e-09,0.05000000246733266,-0.045712455351375664,0.03915408904823974,0.02000000045860304,108.86605629758213,2.770391345917307,62708603.1525,0.00028729988251609745,0.00022431051736493404,0.0004166666616249258,0.0009282770615059574,0.10000000102532197,1,252,500,CLARABEL,optimal,228,28,0.003638529175
2019-12-31,development,v4_hysteresis,100000000.0,150.0,0.014905785712519323,0.013144175327763514,0.6965777210816224,-0.013626063328590591,500,61,63,1.999999974586132,-1.2135116782968636e-09,0.05000000246733266,-0.045712455351375664,0.03915408904823974,0.02000000045860304,108.86605629758213,2.770391345917307,62708603.1525,0.00028729988251609745,0.00022431051736493404,0.0012499999848747776,0.001761610384755809,0.10000000102532197,1,252,500,CLARABEL,optimal,228,28,0.003638529175
2019-12-31,development,v4_hysteresis,100000000.0,300.0,0.014905785712519323,0.011894175342888736,0.6965777210816224,-0.013626063328590591,500,61,63,1.999999974586132,-1.2135116782968636e-09,0.05000000246733266,-0.045712455351375664,0.03915408904823974,0.02000000045860304,108.86605629758213,2.770391345917307,62708603.1525,0.00028729988251609745,0.00022431051736493404,0.002499999969749555,0.0030116103696305866,0.10000000102532197,1,252,500,CLARABEL,optimal,228,28,0.003638529175
2019-12-31,development,v4_hysteresis,500000000.0,50.0,0.014905785712519323,0.01370024560348216,0.6965777210816224,-0.013626063328590591,500,61,63,1.999999974586132,-1.2135116782968636e-09,0.05000000246733266,-0.045712455351375664,0.03915408904823974,0.02000000045860304,108.86605629758213,2.770391345917307,62708603.1525,0.00028729988251609745,0.0005015735648961396,0.0004166666616249258,0.001205540109037163,0.5000000051266099,20,252,500,CLARABEL,optimal,228,28,0.003638529175
2019-12-31,development,v4_hysteresis,500000000.0,150.0,0.014905785712519323,0.012866912280232307,0.6965777210816224,-0.013626063328590591,500,61,63,1.999999974586132,-1.2135116782968636e-09,0.05000000246733266,-0.045712455351375664,0.03915408904823974,0.02000000045860304,108.86605629758213,2.770391345917307,62708603.1525,0.00028729988251609745,0.0005015735648961396,0.0012499999848747776,0.0020388734322870144,0.5000000051266099,20,252,500,CLARABEL,optimal,228,28,0.003638529175
2019-12-31,development,v4_hysteresis,500000000.0,300.0,0.014905785712519323,0.01161691229535753,0.6965777210816224,-0.013626063328590591,500,61,63,1.999999974586132,-1.2135116782968636e-09,0.05000000246733266,-0.045712455351375664,0.03915408904823974,0.02000000045860304,108.86605629758213,2.770391345917307,62708603.1525,0.00028729988251609745,0.0005015735648961396,0.002499999969749555,0.0032888734171617924,0.5000000051266099,20,252,500,CLARABEL,optimal,228,28,0.003638529175
2020-01-31,development,v4_hysteresis,10000000.0,50.0,-0.013312269717779275,-0.013998010638780832,0.6001059997028488,-0.08017145632078695,500,65,62,1.9999999777778559,8.155877639914877e-10,0.05000000308237246,-0.050000005195707006,0.03958256001427403,0.0200000004090852,109.36699338926162,2.629046531974553,64071382.970000006,0.00021051979012962562,5.8554469004792165e-05,0.00041666666186713906,0.0006857409210015569,0.00900932471040015,0,252,500,CLARABEL,optimal,226,26,0.0049889109600000005
2020-01-31,development,v4_hysteresis,10000000.0,150.0,-0.013312269717779275,-0.01483134396251511,0.6001059997028488,-0.08017145632078695,500,65,62,1.9999999777778559,8.155877639914877e-10,0.05000000308237246,-0.050000005195707006,0.03958256001427403,0.0200000004090852,109.36699338926162,2.629046531974553,64071382.970000006,0.00021051979012962562,5.8554469004792165e-05,0.0012499999856014174,0.0015190742447358354,0.00900932471040015,0,252,500,CLARABEL,optimal,226,26,0.0049889109600000005
2020-01-31,development,v4_hysteresis,10000000.0,300.0,-0.013312269717779275,-0.016081343948116528,0.6001059997028488,-0.08017145632078695,500,65,62,1.9999999777778559,8.155877639914877e-10,0.05000000308237246,-0.050000005195707006,0.03958256001427403,0.0200000004090852,109.36699338926162,2.629046531974553,64071382.970000006,0.00021051979012962562,5.8554469004792165e-05,0.002499999971202835,0.0027690742303372526,0.00900932471040015,0,252,500,CLARABEL,optimal,226,26,0.0049889109600000005
2020-01-31,development,v4_hysteresis,100000000.0,50.0,-0.013312269717779275,-0.014124621659012916,0.6001059997028488,-0.08017145632078695,500,65,62,1.9999999777778559,8.155877639914877e-10,0.05000000308237246,-0.050000005195707006,0.03958256001427403,0.0200000004090852,109.36699338926162,2.629046531974553,64071382.970000006,0.00021051979012962562,0.00018516548923687605,0.00041666666186713906,0.0008123519412336407,0.09009324710400149,0,252,500,CLARABEL,optimal,226,26,0.0049889109600000005
2020-01-31,development,v4_hysteresis,100000000.0,150.0,-0.013312269717779275,-0.014957954982747195,0.6001059997028488,-0.08017145632078695,500,65,62,1.9999999777778559,8.155877639914877e-10,0.05000000308237246,-0.050000005195707006,0.03958256001427403,0.0200000004090852,109.36699338926162,2.629046531974553,64071382.970000006,0.00021051979012962562,0.00018516548923687605,0.0012499999856014174,0.0016456852649679192,0.09009324710400149,0,252,500,CLARABEL,optimal,226,26,0.0049889109600000005
2020-01-31,development,v4_hysteresis,100000000.0,300.0,-0.013312269717779275,-0.016207954968348613,0.6001059997028488,-0.08017145632078695,500,65,62,1.9999999777778559,8.155877639914877e-10,0.05000000308237246,-0.050000005195707006,0.03958256001427403,0.0200000004090852,109.36699338926162,2.629046531974553,64071382.970000006,0.00021051979012962562,0.00018516548923687605,0.002499999971202835,0.0028956852505693364,0.09009324710400149,0,252,500,CLARABEL,optimal,226,26,0.0049889109600000005
2020-01-31,development,v4_hysteresis,500000000.0,50.0,-0.013312269717779275,-0.0143534987907967,0.6001059997028488,-0.08017145632078695,500,65,62,1.9999999777778559,8.155877639914877e-10,0.05000000308237246,-0.050000005195707006,0.03958256001427403,0.0200000004090852,109.36699338926162,2.629046531974553,64071382.970000006,0.00021051979012962562,0.00041404262102066045,0.00041666666186713906,0.001041229073017425,0.4504662355200074,19,252,500,CLARABEL,optimal,226,26,0.0049889109600000005
2020-01-31,development,v4_hysteresis,500000000.0,150.0,-0.013312269717779275,-0.01518683211453098,0.6001059997028488,-0.08017145632078695,500,65,62,1.9999999777778559,8.155877639914877e-10,0.05000000308237246,-0.050000005195707006,0.03958256001427403,0.0200000004090852,109.36699338926162,2.629046531974553,64071382.970000006,0.00021051979012962562,0.00041404262102066045,0.0012499999856014174,0.0018745623967517035,0.4504662355200074,19,252,500,CLARABEL,optimal,226,26,0.0049889109600000005
2020-01-31,development,v4_hysteresis,500000000.0,300.0,-0.013312269717779275,-0.016436832100132397,0.6001059997028488,-0.08017145632078695,500,65,62,1.9999999777778559,8.155877639914877e-10,0.05000000308237246,-0.050000005195707006,0.03958256001427403,0.0200000004090852,109.36699338926162,2.629046531974553,64071382.970000006,0.00021051979012962562,0.00041404262102066045,0.002499999971202835,0.003124562382353121,0.4504662355200074,19,252,500,CLARABEL,optimal,226,26,0.0049889109600000005
2020-02-28,development,v4_hysteresis,10000000.0,50.0,0.02754261985069769,0.02681522988684148,0.6642507660526649,-0.14466880655847147,500,71,65,1.9999999780040216,-2.8622021280844123e-09,0.04999999654702683,-0.049999996971403476,0.04000000133766991,0.020000000396447188,110.00028009557182,2.674691324881837,66503493.075,0.00024460169555281646,6.612160562292847e-05,0.0004166666626804634,0.0007273899638562083,0.010000000743215392,0,252,500,CLARABEL,optimal,224,24,0.00225410775
2020-02-28,development,v4_hysteresis,10000000.0,150.0,0.02754261985069769,0.025981896561480554,0.6642507660526649,-0.14466880655847147,500,71,65,1.9999999780040216,-2.8622021280844123e-09,0.04999999654702683,-0.049999996971403476,0.04000000133766991,0.020000000396447188,110.00028009557182,2.674691324881837,66503493.075,0.00024460169555281646,6.612160562292847e-05,0.0012499999880413901,0.001560723289217135,0.010000000743215392,0,252,500,CLARABEL,optimal,224,24,0.00225410775
2020-02-28,development,v4_hysteresis,10000000.0,300.0,0.02754261985069769,0.024731896573439164,0.6642507660526649,-0.14466880655847147,500,71,65,1.9999999780040216,-2.8622021280844123e-09,0.04999999654702683,-0.049999996971403476,0.04000000133766991,0.020000000396447188,110.00028009557182,2.674691324881837,66503493.075,0.00024460169555281646,6.612160562292847e-05,0.0024999999760827803,0.0028107232772585254,0.010000000743215392,0,252,500,CLARABEL,optimal,224,24,0.00225410775
2020-02-28,development,v4_hysteresis,100000000.0,50.0,0.02754261985069769,0.02667225661614856,0.6642507660526649,-0.14466880655847147,500,71,65,1.9999999780040216,-2.8622021280844123e-09,0.04999999654702683,-0.049999996971403476,0.04000000133766991,0.020000000396447188,110.00028009557182,2.674691324881837,66503493.075,0.00024460169555281646,0.00020909487631585064,0.0004166666626804634,0.0008703632345491304,0.10000000743215391,1,252,500,CLARABEL,optimal,224,24,0.00225410775
2020-02-28,development,v4_hysteresis,100000000.0,150.0,0.02754261985069769,0.025838923290787633,0.6642507660526649,-0.14466880655847147,500,71,65,1.9999999780040216,-2.8622021280844123e-09,0.04999999654702683,-0.049999996971403476,0.04000000133766991,0.020000000396447188,110.00028009557182,2.674691324881837,66503493.075,0.00024460169555281646,0.00020909487631585064,0.0012499999880413901,0.0017036965599100573,0.10000000743215391,1,252,500,CLARABEL,optimal,224,24,0.00225410775
2020-02-28,development,v4_hysteresis,100000000.0,300.0,0.02754261985069769,0.024588923302746243,0.6642507660526649,-0.14466880655847147,500,71,65,1.9999999780040216,-2.8622021280844123e-09,0.04999999654702683,-0.049999996971403476,0.04000000133766991,0.020000000396447188,110.00028009557182,2.674691324881837,66503493.075,0.00024460169555281646,0.00020909487631585064,0.0024999999760827803,0.0029536965479514472,0.10000000743215391,1,252,500,CLARABEL,optimal,224,24,0.00225410775
2020-02-28,development,v4_hysteresis,500000000.0,50.0,0.02754261985069769,0.026413801135275257,0.6642507660526649,-0.14466880655847147,500,71,65,1.9999999780040216,-2.8622021280844123e-09,0.04999999654702683,-0.049999996971403476,0.04000000133766991,0.020000000396447188,110.00028009557182,2.674691324881837,66503493.075,0.00024460169555281646,0.0004675503571891528,0.0004166666626804634,0.0011288187154224326,0.5000000371607696,18,252,500,CLARABEL,optimal,224,24,0.00225410775
2020-02-28,development,v4_hysteresis,500000000.0,150.0,0.02754261985069769,0.025580467809914333,0.6642507660526649,-0.14466880655847147,500,71,65,1.9999999780040216,-2.8622021280844123e-09,0.04999999654702683,-0.049999996971403476,0.04000000133766991,0.020000000396447188,110.00028009557182,2.674691324881837,66503493.075,0.00024460169555281646,0.0004675503571891528,0.0012499999880413901,0.0019621520407833593,0.5000000371607696,18,252,500,CLARABEL,optimal,224,24,0.00225410775
2020-02-28,development,v4_hysteresis,500000000.0,300.0,0.02754261985069769,0.02433046782187294,0.6642507660526649,-0.14466880655847147,500,71,65,1.9999999780040216,-2.8622021280844123e-09,0.04999999654702683,-0.049999996971403476,0.04000000133766991,0.020000000396447188,110.00028009557182,2.674691324881837,66503493.075,0.00024460169555281646,0.0004675503571891528,0.0024999999760827803,0.0032121520288247492,0.5000000371607696,18,252,500,CLARABEL,optimal,224,24,0.00225410775
2020-03-31,development,v4_hysteresis,10000000.0,50.0,-0.007348744738380767,-0.008328971523598766,0.7499994620171841,0.13188560942246763,500,68,71,1.9999999336466159,-2.8931962964273694e-08,0.03609458490813938,-0.049999987230742324,0.04000000040509394,0.020000000661342342,111.28541911948753,3.0453323483054926,69588944.84,0.0003859391142910602,0.00017762101205640214,0.00041666665887053734,0.0009802267852179996,0.009999999936626609,0,252,500,CLARABEL,optimal,237,37,0.00225375951
2020-03-31,development,v4_hysteresis,10000000.0,150.0,-0.007348744738380767,-0.009162304841339841,0.7499994620171841,0.13188560942246763,500,68,71,1.9999999336466159,-2.8931962964273694e-08,0.03609458490813938,-0.049999987230742324,0.04000000040509394,0.020000000661342342,111.28541911948753,3.0453323483054926,69588944.84,0.0003859391142910602,0.00017762101205640214,0.001249999976611612,0.0018135601029590743,0.009999999936626609,0,252,500,CLARABEL,optimal,237,37,0.00225375951
2020-03-31,development,v4_hysteresis,10000000.0,300.0,-0.007348744738380767,-0.010412304817951454,0.7499994620171841,0.13188560942246763,500,68,71,1.9999999336466159,-2.8931962964273694e-08,0.03609458490813938,-0.049999987230742324,0.04000000040509394,0.020000000661342342,111.28541911948753,3.0453323483054926,69588944.84,0.0003859391142910602,0.00017762101205640214,0.002499999953223224,0.0030635600795706863,0.009999999936626609,0,252,500,CLARABEL,optimal,237,37,0.00225375951
2020-03-31,development,v4_hysteresis,100000000.0,50.0,-0.007348744738380767,-0.008713037469944823,0.7499994620171841,0.13188560942246763,500,68,71,1.9999999336466159,-2.8931962964273694e-08,0.03609458490813938,-0.049999987230742324,0.04000000040509394,0.020000000661342342,111.28541911948753,3.0453323483054926,69588944.84,0.0003859391142910602,0.0005616869584024588,0.00041666665887053734,0.0013642927315640563,0.09999999936626609,0,252,500,CLARABEL,optimal,237,37,0.00225375951
2020-03-31,development,v4_hysteresis,100000000.0,150.0,-0.007348744738380767,-0.009546370787685898,0.7499994620171841,0.13188560942246763,500,68,71,1.9999999336466159,-2.8931962964273694e-08,0.03609458490813938,-0.049999987230742324,0.04000000040509394,0.020000000661342342,111.28541911948753,3.0453323483054926,69588944.84,0.0003859391142910602,0.0005616869584024588,0.001249999976611612,0.002197626049305131,0.09999999936626609,0,252,500,CLARABEL,optimal,237,37,0.00225375951
2020-03-31,development,v4_hysteresis,100000000.0,300.0,-0.007348744738380767,-0.01079637076429751,0.7499994620171841,0.13188560942246763,500,68,71,1.9999999336466159,-2.8931962964273694e-08,0.03609458490813938,-0.049999987230742324,0.04000000040509394,0.020000000661342342,111.28541911948753,3.0453323483054926,69588944.84,0.0003859391142910602,0.0005616869584024588,0.002499999953223224,0.0034476260259167432,0.09999999936626609,0,252,500,CLARABEL,optimal,237,37,0.00225375951
2020-03-31,development,v4_hysteresis,500000000.0,50.0,-0.007348744738380767,-0.009407320732605359,0.7499994620171841,0.13188560942246763,500,68,71,1.9999999336466159,-2.8931962964273694e-08,0.03609458490813938,-0.049999987230742324,0.04000000040509394,0.020000000661342342,111.28541911948753,3.0453323483054926,69588944.84,0.0003859391142910602,0.0012559702210629946,0.00041666665887053734,0.0020585759942245924,0.49999999683133045,27,252,500,CLARABEL,optimal,237,37,0.00225375951
2020-03-31,development,v4_hysteresis,500000000.0,150.0,-0.007348744738380767,-0.010240654050346434,0.7499994620171841,0.13188560942246763,500,68,71,1.9999999336466159,-2.8931962964273694e-08,0.03609458490813938,-0.049999987230742324,0.04000000040509394,0.020000000661342342,111.28541911948753,3.0453323483054926,69588944.84,0.0003859391142910602,0.0012559702210629946,0.001249999976611612,0.0028919093119656666,0.49999999683133045,27,252,500,CLARABEL,optimal,237,37,0.00225375951
2020-03-31,development,v4_hysteresis,500000000.0,300.0,-0.007348744738380767,-0.011490654026958046,0.7499994620171841,0.13188560942246763,500,68,71,1.9999999336466159,-2.8931962964273694e-08,0.03609458490813938,-0.049999987230742324,0.04000000040509394,0.020000000661342342,111.28541911948753,3.0453323483054926,69588944.84,0.0003859391142910602,0.0012559702210629946,0.002499999953223224,0.004141909288577279,0.49999999683133045,27,252,500,CLARABEL,optimal,237,37,0.00225375951
2020-04-30,development,v4_hysteresis,10000000.0,50.0,0.0027813797012470713,0.0021046373460462354,0.4209357686005396,0.07367050481535192,500,71,69,1.9999999644763602,-1.214060366822034e-08,0.041485028560243664,-0.037416503408951515,0.04000000023494888,0.020000000635651455,112.44366996526449,4.011845530468673,70474932.91749999,0.00018325908810084152,7.681660530479377e-05,0.00041666666179520083,0.0006767423552008361,0.006300017280160458,0,252,500,CLARABEL,optimal,231,31,0.0036703948900000008
2020-04-30,development,v4_hysteresis,10000000.0,150.0,0.0027813797012470713,0.0012713040224558334,0.4209357686005396,0.07367050481535192,500,71,69,1.9999999644763602,-1.214060366822034e-08,0.041485028560243664,-0.037416503408951515,0.04000000023494888,0.020000000635651455,112.44366996526449,4.011845530468673,70474932.91749999,0.00018325908810084152,7.681660530479377e-05,0.0012499999853856027,0.0015100756787912379,0.006300017280160458,0,252,500,CLARABEL,optimal,231,31,0.0036703948900000008
2020-04-30,development,v4_hysteresis,10000000.0,300.0,0.0027813797012470713,2.1304037070230767e-05,0.4209357686005396,0.07367050481535192,500,71,69,1.9999999644763602,-1.214060366822034e-08,0.041485028560243664,-0.037416503408951515,0.04000000023494888,0.020000000635651455,112.44366996526449,4.011845530468673,70474932.91749999,0.00018325908810084152,7.681660530479377e-05,0.0024999999707712053,0.0027600756641768406,0.006300017280160458,0,252,500,CLARABEL,optimal,231,31,0.0036703948900000008
2020-04-30,development,v4_hysteresis,100000000.0,50.0,0.0027813797012470713,0.0019385385164657077,0.4209357686005396,0.07367050481535192,500,71,69,1.9999999644763602,-1.214060366822034e-08,0.041485028560243664,-0.037416503408951515,0.04000000023494888,0.020000000635651455,112.44366996526449,4.011845530468673,70474932.91749999,0.00018325908810084152,0.00024291543488532118,0.00041666666179520083,0.0008428411847813636,0.06300017280160458,0,252,500,CLARABEL,optimal,231,31,0.0036703948900000008
2020-04-30,development,v4_hysteresis,100000000.0,150.0,0.0027813797012470713,0.001105205192875306,0.4209357686005396,0.07367050481535192,500,71,69,1.9999999644763602,-1.214060366822034e-08,0.041485028560243664,-0.037416503408951515,0.04000000023494888,0.020000000635651455,112.44366996526449,4.011845530468673,70474932.91749999,0.00018325908810084152,0.00024291543488532118,0.0012499999853856027,0.0016761745083717654,0.06300017280160458,0,252,500,CLARABEL,optimal,231,31,0.0036703948900000008
2020-04-30,development,v4_hysteresis,100000000.0,300.0,0.0027813797012470713,-0.0001447947925102967,0.4209357686005396,0.07367050481535192,500,71,69,1.9999999644763602,-1.214060366822034e-08,0.041485028560243664,-0.037416503408951515,0.04000000023494888,0.020000000635651455,112.44366996526449,4.011845530468673,70474932.91749999,0.00018325908810084152,0.00024291543488532118,0.0024999999707712053,0.002926174493757368,0.06300017280160458,0,252,500,CLARABEL,optimal,231,31,0.0036703948900000008
2020-04-30,development,v4_hysteresis,500000000.0,50.0,0.0027813797012470713,0.001638278526163527,0.4209357686005396,0.07367050481535192,500,71,69,1.9999999644763602,-1.214060366822034e-08,0.041485028560243664,-0.037416503408951515,0.04000000023494888,0.020000000635651455,112.44366996526449,4.011845530468673,70474932.91749999,0.00018325908810084152,0.000543175425187502,0.00041666666179520083,0.0011431011750835443,0.3150008640080229,8,252,500,CLARABEL,optimal,231,31,0.0036703948900000008
2020-04-30,development,v4_hysteresis,500000000.0,150.0,0.0027813797012470713,0.0008049452025731254,0.4209357686005396,0.07367050481535192,500,71,69,1.9999999644763602,-1.214060366822034e-08,0.041485028560243664,-0.037416503408951515,0.04000000023494888,0.020000000635651455,112.44366996526449,4.011845530468673,70474932.91749999,0.00018325908810084152,0.000543175425187502,0.0012499999853856027,0.001976434498673946,0.3150008640080229,8,252,500,CLARABEL,optimal,231,31,0.0036703948900000008
2020-04-30,development,v4_hysteresis,500000000.0,300.0,0.0027813797012470713,-0.00044505478281247745,0.4209357686005396,0.07367050481535192,500,71,69,1.9999999644763602,-1.214060366822034e-08,0.041485028560243664,-0.037416503408951515,0.04000000023494888,0.020000000635651455,112.44366996526449,4.011845530468673,70474932.91749999,0.00018325908810084152,0.000543175425187502,0.0024999999707712053,0.0032264344840595488,0.3150008640080229,8,252,500,CLARABEL,optimal,231,31,0.0036703948900000008
2020-05-29,development,v4_hysteresis,10000000.0,50.0,-0.013156219950715736,-0.014158402465434521,0.7251502382239505,0.018421325919346088,500,73,75,1.9999999660937995,2.5287404253893087e-09,0.027997390332616945,-0.04999999207160492,0.0400000015527219,0.02000000063235584,115.87937994379034,4.5667384169066665,78850042.33749999,0.0004185725642804125,0.0001669432913623184,0.0004166666590760541,0.001002182514718785,0.010000000178715128,0,252,500,CLARABEL,optimal,231,31,0.00348424238
2020-05-29,development,v4_hysteresis,10000000.0,150.0,-0.013156219950715736,-0.014991735783586629,0.7251502382239505,0.018421325919346088,500,73,75,1.9999999660937995,2.5287404253893087e-09,0.027997390332616945,-0.04999999207160492,0.0400000015527219,0.02000000063235584,115.87937994379034,4.5667384169066665,78850042.33749999,0.0004185725642804125,0.0001669432913623184,0.0012499999772281622,0.0018355158328708931,0.010000000178715128,0,252,500,CLARABEL,optimal,231,31,0.00348424238
2020-05-29,development,v4_hysteresis,10000000.0,300.0,-0.013156219950715736,-0.01624173576081479,0.7251502382239505,0.018421325919346088,500,73,75,1.9999999660937995,2.5287404253893087e-09,0.027997390332616945,-0.04999999207160492,0.0400000015527219,0.02000000063235584,115.87937994379034,4.5667384169066665,78850042.33749999,0.0004185725642804125,0.0001669432913623184,0.0024999999544563245,0.003085515810099055,0.010000000178715128,0,252,500,CLARABEL,optimal,231,31,0.00348424238
2020-05-29,development,v4_hysteresis,100000000.0,50.0,-0.013156219950715736,-0.014519380214862243,0.7251502382239505,0.018421325919346088,500,73,75,1.9999999660937995,2.5287404253893087e-09,0.027997390332616945,-0.04999999207160492,0.0400000015527219,0.02000000063235584,115.87937994379034,4.5667384169066665,78850042.33749999,0.0004185725642804125,0.0005279210407900402,0.0004166666590760541,0.0013631602641465067,0.10000000178715127,1,252,500,CLARABEL,optimal,231,31,0.00348424238
2020-05-29,development,v4_hysteresis,100000000.0,150.0,-0.013156219950715736,-0.01535271353301435,0.7251502382239505,0.018421325919346088,500,73,75,1.9999999660937995,2.5287404253893087e-09,0.027997390332616945,-0.04999999207160492,0.0400000015527219,0.02000000063235584,115.87937994379034,4.5667384169066665,78850042.33749999,0.0004185725642804125,0.0005279210407900402,0.0012499999772281622,0.002196493582298615,0.10000000178715127,1,252,500,CLARABEL,optimal,231,31,0.00348424238
2020-05-29,development,v4_hysteresis,100000000.0,300.0,-0.013156219950715736,-0.016602713510242513,0.7251502382239505,0.018421325919346088,500,73,75,1.9999999660937995,2.5287404253893087e-09,0.027997390332616945,-0.04999999207160492,0.0400000015527219,0.02000000063235584,115.87937994379034,4.5667384169066665,78850042.33749999,0.0004185725642804125,0.0005279210407900402,0.0024999999544563245,0.003446493559526777,0.10000000178715127,1,252,500,CLARABEL,optimal,231,31,0.00348424238
2020-05-29,development,v4_hysteresis,500000000.0,50.0,-0.013156219950715736,-0.015171926508031171,0.7251502382239505,0.018421325919346088,500,73,75,1.9999999660937995,2.5287404253893087e-09,0.027997390332616945,-0.04999999207160492,0.0400000015527219,0.02000000063235584,115.87937994379034,4.5667384169066665,78850042.33749999,0.0004185725642804125,0.0011804673339589691,0.0004166666590760541,0.002015706557315436,0.5000000089357562,17,252,500,CLARABEL,optimal,231,31,0.00348424238
2020-05-29,development,v4_hysteresis,500000000.0,150.0,-0.013156219950715736,-0.01600525982618328,0.7251502382239505,0.018421325919346088,500,73,75,1.9999999660937995,2.5287404253893087e-09,0.027997390332616945,-0.04999999207160492,0.0400000015527219,0.02000000063235584,115.87937994379034,4.5667384169066665,78850042.33749999,0.0004185725642804125,0.0011804673339589691,0.0012499999772281622,0.002849039875467544,0.5000000089357562,17,252,500,CLARABEL,optimal,231,31,0.00348424238
2020-05-29,development,v4_hysteresis,500000000.0,300.0,-0.013156219950715736,-0.017255259803411443,0.7251502382239505,0.018421325919346088,500,73,75,1.9999999660937995,2.5287404253893087e-09,0.027997390332616945,-0.04999999207160492,0.0400000015527219,0.02000000063235584,115.87937994379034,4.5667384169066665,78850042.33749999,0.0004185725642804125,0.0011804673339589691,0.0024999999544563245,0.004099039852695706,0.5000000089357562,17,252,500,CLARABEL,optimal,231,31,0.00348424238
2020-06-30,development,v4_hysteresis,10000000.0,50.0,0.013257741321829544,0.01246672583031606,0.44504525976010095,0.04852834831191413,500,72,75,1.999999978011736,-5.981733232005015e-09,0.034383248373105774,-0.04999999757268084,0.040000000523722705,0.020000000582406256,116.36987320805738,4.44462193133624,79727526.9775,0.00030739511820264214,6.695370997886801e-05,0.0004166666633319727,0.0007910154915134829,0.01000000217546696,0,252,500,CLARABEL,optimal,231,31,0.0014707094649999998
2020-06-30,development,v4_hysteresis,10000000.0,150.0,0.013257741321829544,0.011633392503652116,0.44504525976010095,0.04852834831191413,500,72,75,1.999999978011736,-5.981733232005015e-09,0.034383248373105774,-0.04999999757268084,0.040000000523722705,0.020000000582406256,116.36987320805738,4.44462193133624,79727526.9775,0.00030739511820264214,6.695370997886801e-05,0.001249999989995918,0.0016243488181774282,0.01000000217546696,0,252,500,CLARABEL,optimal,231,31,0.0014707094649999998
2020-06-30,development,v4_hysteresis,10000000.0,300.0,0.013257741321829544,0.010383392513656197,0.44504525976010095,0.04852834831191413,500,72,75,1.999999978011736,-5.981733232005015e-09,0.034383248373105774,-0.04999999757268084,0.040000000523722705,0.020000000582406256,116.36987320805738,4.44462193133624,79727526.9775,0.00030739511820264214,6.695370997886801e-05,0.002499999979991836,0.0028743488081733465,0.01000000217546696,0,252,500,CLARABEL,optimal,231,31,0.0014707094649999998
2020-06-30,development,v4_hysteresis,100000000.0,50.0,0.013257741321829544,0.012321953318963363,0.44504525976010095,0.04852834831191413,500,72,75,1.999999978011736,-5.981733232005015e-09,0.034383248373105774,-0.04999999757268084,0.040000000523722705,0.020000000582406256,116.36987320805738,4.44462193133624,79727526.9775,0.00030739511820264214,0.00021172622133156698,0.0004166666633319727,0.0009357880028661818,0.1000000217546696,1,252,500,CLARABEL,optimal,231,31,0.0014707094649999998
2020-06-30,development,v4_hysteresis,100000000.0,150.0,0.013257741321829544,0.011488619992299417,0.44504525976010095,0.04852834831191413,500,72,75,1.999999978011736,-5.981733232005015e-09,0.034383248373105774,-0.04999999757268084,0.040000000523722705,0.020000000582406256,116.36987320805738,4.44462193133624,79727526.9775,0.00030739511820264214,0.00021172622133156698,0.001249999989995918,0.0017691213295301272,0.1000000217546696,1,252,500,CLARABEL,optimal,231,31,0.0014707094649999998
2020-06-30,development,v4_hysteresis,100000000.0,300.0,0.013257741321829544,0.010238620002303498,0.44504525976010095,0.04852834831191413,500,72,75,1.999999978011736,-5.981733232005015e-09,0.034383248373105774,-0.04999999757268084,0.040000000523722705,0.020000000582406256,116.36987320805738,4.44462193133624,79727526.9775,0.00030739511820264214,0.00021172622133156698,0.002499999979991836,0.003019121319526045,0.1000000217546696,1,252,500,CLARABEL,optimal,231,31,0.0014707094649999998
2020-06-30,development,v4_hysteresis,500000000.0,50.0,0.013257741321829544,0.012060245316778379,0.44504525976010095,0.04852834831191413,500,72,75,1.999999978011736,-5.981733232005015e-09,0.034383248373105774,-0.04999999757268084,0.040000000523722705,0.020000000582406256,116.36987320805738,4.44462193133624,79727526.9775,0.00030739511820264214,0.0004734342235165499,0.0004166666633319727,0.0011974960050511647,0.500000108773348,10,252,500,CLARABEL,optimal,231,31,0.0014707094649999998
2020-06-30,development,v4_hysteresis,500000000.0,150.0,0.013257741321829544,0.011226911990114434,0.44504525976010095,0.04852834831191413,500,72,75,1.999999978011736,-5.981733232005015e-09,0.034383248373105774,-0.04999999757268084,0.040000000523722705,0.020000000582406256,116.36987320805738,4.44462193133624,79727526.9775,0.00030739511820264214,0.0004734342235165499,0.001249999989995918,0.00203082933171511,0.500000108773348,10,252,500,CLARABEL,optimal,231,31,0.0014707094649999998
2020-06-30,development,v4_hysteresis,500000000.0,300.0,0.013257741321829544,0.009976912000118516,0.44504525976010095,0.04852834831191413,500,72,75,1.999999978011736,-5.981733232005015e-09,0.034383248373105774,-0.04999999757268084,0.040000000523722705,0.020000000582406256,116.36987320805738,4.44462193133624,79727526.9775,0.00030739511820264214,0.0004734342235165499,0.002499999979991836,0.0032808293217110283,0.500000108773348,10,252,500,CLARABEL,optimal,231,31,0.0014707094649999998
2020-07-31,development,v4_hysteresis,10000000.0,50.0,0.029216119923945814,0.028571233285825826,0.35245613566304024,0.07277588282557763,500,76,76,1.999999980930567,-8.334047771341169e-09,0.015334197430448032,-0.04999998990657515,0.04000000059378216,0.02000000055381071,117.90976863065552,4.310890402270082,73379163.26500002,0.00018921806872896791,3.9001904960890636e-05,0.00041666666443012816,0.0006448866381199867,0.005954931783462023,0,252,500,CLARABEL,optimal,226,26,0.00134784791
2020-07-31,development,v4_hysteresis,10000000.0,150.0,0.029216119923945814,0.027737899956965573,0.35245613566304024,0.07277588282557763,500,76,76,1.999999980930567,-8.334047771341169e-09,0.015334197430448032,-0.04999998990657515,0.04000000059378216,0.02000000055381071,117.90976863065552,4.310890402270082,73379163.26500002,0.00018921806872896791,3.9001904960890636e-05,0.0012499999932903843,0.0014782199669802429,0.005954931783462023,0,252,500,CLARABEL,optimal,226,26,0.00134784791
2020-07-31,development,v4_hysteresis,10000000.0,300.0,0.029216119923945814,0.026487899963675187,0.35245613566304024,0.07277588282557763,500,76,76,1.999999980930567,-8.334047771341169e-09,0.015334197430448032,-0.04999998990657515,0.04000000059378216,0.02000000055381071,117.90976863065552,4.310890402270082,73379163.26500002,0.00018921806872896791,3.9001904960890636e-05,0.0024999999865807686,0.0027282199602706274,0.005954931783462023,0,252,500,CLARABEL,optimal,226,26,0.00134784791
2020-07-31,development,v4_hysteresis,100000000.0,50.0,0.029216119923945814,0.028486900338024885,0.35245613566304024,0.07277588282557763,500,76,76,1.999999980930567,-8.334047771341169e-09,0.015334197430448032,-0.04999998990657515,0.04000000059378216,0.02000000055381071,117.90976863065552,4.310890402270082,73379163.26500002,0.00018921806872896791,0.00012333485276183473,0.00041666666443012816,0.0007292195859209308,0.05954931783462023,0,252,500,CLARABEL,optimal,226,26,0.00134784791
2020-07-31,development,v4_hysteresis,100000000.0,150.0,0.029216119923945814,0.027653567009164628,0.35245613566304024,0.07277588282557763,500,76,76,1.999999980930567,-8.334047771341169e-09,0.015334197430448032,-0.04999998990657515,0.04000000059378216,0.02000000055381071,117.90976863065552,4.310890402270082,73379163.26500002,0.00018921806872896791,0.00012333485276183473,0.0012499999932903843,0.001562552914781187,0.05954931783462023,0,252,500,CLARABEL,optimal,226,26,0.00134784791
2020-07-31,development,v4_hysteresis,100000000.0,300.0,0.029216119923945814,0.026403567015874242,0.35245613566304024,0.07277588282557763,500,76,76,1.999999980930567,-8.334047771341169e-09,0.015334197430448032,-0.04999998990657515,0.04000000059378216,0.02000000055381071,117.90976863065552,4.310890402270082,73379163.26500002,0.00018921806872896791,0.00012333485276183473,0.0024999999865807686,0.0028125529080715713,0.05954931783462023,0,252,500,CLARABEL,optimal,226,26,0.00134784791
2020-07-31,development,v4_hysteresis,500000000.0,50.0,0.029216119923945814,0.02833445007601633,0.35245613566304024,0.07277588282557763,500,76,76,1.999999980930567,-8.334047771341169e-09,0.015334197430448032,-0.04999998990657515,0.04000000059378216,0.02000000055381071,117.90976863065552,4.310890402270082,73379163.26500002,0.00018921806872896791,0.00027578511477039015,0.00041666666443012816,0.0008816698479294862,0.2977465891731012,7,252,500,CLARABEL,optimal,226,26,0.00134784791
2020-07-31,development,v4_hysteresis,500000000.0,150.0,0.029216119923945814,0.027501116747156072,0.35245613566304024,0.07277588282557763,500,76,76,1.999999980930567,-8.334047771341169e-09,0.015334197430448032,-0.04999998990657515,0.04000000059378216,0.02000000055381071,117.90976863065552,4.310890402270082,73379163.26500002,0.00018921806872896791,0.00027578511477039015,0.0012499999932903843,0.0017150031767897422,0.2977465891731012,7,252,500,CLARABEL,optimal,226,26,0.00134784791
2020-07-31,development,v4_hysteresis,500000000.0,300.0,0.029216119923945814,0.026251116753865687,0.35245613566304024,0.07277588282557763,500,76,76,1.999999980930567,-8.334047771341169e-09,0.015334197430448032,-0.04999998990657515,0.04000000059378216,0.02000000055381071,117.90976863065552,4.310890402270082,73379163.26500002,0.00018921806872896791,0.00027578511477039015,0.0024999999865807686,0.0029650031700801265,0.2977465891731012,7,252,500,CLARABEL,optimal,226,26,0.00134784791
2020-08-31,development,v4_hysteresis,10000000.0,50.0,-0.043007178869322614,-0.04378190873380948,0.45203399527863775,-0.03112518295935077,500,75,79,1.9999999880290276,-3.795199321476872e-09,0.00944327896611194,-0.05000000184441178,0.04000000049339175,0.020000000582010694,118.91218292807889,4.389820914866143,72766849.66672501,0.0002925531574274068,6.551004209608001e-05,0.0004166666649633806,0.0007747298644868673,0.0100000010099604,0,252,500,CLARABEL,optimal,228,28,0.0031682926800000004
2020-08-31,development,v4_hysteresis,10000000.0,150.0,-0.043007178869322614,-0.044615242063736245,0.45203399527863775,-0.03112518295935077,500,75,79,1.9999999880290276,-3.795199321476872e-09,0.00944327896611194,-0.05000000184441178,0.04000000049339175,0.020000000582010694,118.91218292807889,4.389820914866143,72766849.66672501,0.0002925531574274068,6.551004209608001e-05,0.001249999994890142,0.0016080631944136287,0.0100000010099604,0,252,500,CLARABEL,optimal,228,28,0.0031682926800000004
2020-08-31,development,v4_hysteresis,10000000.0,300.0,-0.043007178869322614,-0.04586524205862638,0.45203399527863775,-0.03112518295935077,500,75,79,1.9999999880290276,-3.795199321476872e-09,0.00944327896611194,-0.05000000184441178,0.04000000049339175,0.020000000582010694,118.91218292807889,4.389820914866143,72766849.66672501,0.0002925531574274068,6.551004209608001e-05,0.002499999989780284,0.0028580631893037707,0.0100000010099604,0,252,500,CLARABEL,optimal,228,28,0.0031682926800000004
2020-08-31,development,v4_hysteresis,100000000.0,50.0,-0.043007178869322614,-0.043923559634350524,0.45203399527863775,-0.03112518295935077,500,75,79,1.9999999880290276,-3.795199321476872e-09,0.00944327896611194,-0.05000000184441178,0.04000000049339175,0.020000000582010694,118.91218292807889,4.389820914866143,72766849.66672501,0.0002925531574274068,0.00020716094263712392,0.0004166666649633806,0.0009163807650279113,0.10000001009960399,1,252,500,CLARABEL,optimal,228,28,0.0031682926800000004
2020-08-31,development,v4_hysteresis,100000000.0,150.0,-0.043007178869322614,-0.04475689296427729,0.45203399527863775,-0.03112518295935077,500,75,79,1.9999999880290276,-3.795199321476872e-09,0.00944327896611194,-0.05000000184441178,0.04000000049339175,0.020000000582010694,118.91218292807889,4.389820914866143,72766849.66672501,0.0002925531574274068,0.00020716094263712392,0.001249999994890142,0.0017497140949546727,0.10000001009960399,1,252,500,CLARABEL,optimal,228,28,0.0031682926800000004
2020-08-31,development,v4_hysteresis,100000000.0,300.0,-0.043007178869322614,-0.04600689295916743,0.45203399527863775,-0.03112518295935077,500,75,79,1.9999999880290276,-3.795199321476872e-09,0.00944327896611194,-0.05000000184441178,0.04000000049339175,0.020000000582010694,118.91218292807889,4.389820914866143,72766849.66672501,0.0002925531574274068,0.00020716094263712392,0.002499999989780284,0.0029997140898448144,0.10000001009960399,1,252,500,CLARABEL,optimal,228,28,0.0031682926800000004
2020-08-31,development,v4_hysteresis,500000000.0,50.0,-0.043007178869322614,-0.044179624641732945,0.45203399527863775,-0.03112518295935077,500,75,79,1.9999999880290276,-3.795199321476872e-09,0.00944327896611194,-0.05000000184441178,0.04000000049339175,0.020000000582010694,118.91218292807889,4.389820914866143,72766849.66672501,0.0002925531574274068,0.00046322595001954366,0.0004166666649633806,0.001172445772410331,0.50000005049802,15,252,500,CLARABEL,optimal,228,28,0.0031682926800000004
2020-08-31,development,v4_hysteresis,500000000.0,150.0,-0.043007178869322614,-0.0450129579716597,0.45203399527863775,-0.03112518295935077,500,75,79,1.9999999880290276,-3.795199321476872e-09,0.00944327896611194,-0.05000000184441178,0.04000000049339175,0.020000000582010694,118.91218292807889,4.389820914866143,72766849.66672501,0.0002925531574274068,0.00046322595001954366,0.001249999994890142,0.0020057791023370924,0.50000005049802,15,252,500,CLARABEL,optimal,228,28,0.0031682926800000004
2020-08-31,development,v4_hysteresis,500000000.0,300.0,-0.043007178869322614,-0.04626295796654985,0.45203399527863775,-0.03112518295935077,500,75,79,1.9999999880290276,-3.795199321476872e-09,0.00944327896611194,-0.05000000184441178,0.04000000049339175,0.020000000582010694,118.91218292807889,4.389820914866143,72766849.66672501,0.0002925531574274068,0.00046322595001954366,0.002499999989780284,0.0032557790972272344,0.50000005049802,15,252,500,CLARABEL,optimal,228,28,0.0031682926800000004
2020-09-30,development,v4_hysteresis,10000000.0,50.0,-0.03834537483079903,-0.039295993821512665,0.7486444392080958,-0.028808591116040116,500,74,81,1.9999999340120114,-2.9153633212403163e-08,0.011613298621323306,-0.01876677899776349,0.04000000804082152,0.02000000053363997,120.60402289319931,4.190231827037951,72005757.5875,0.0004411179897743894,9.283434194640207e-05,0.00041666665899284266,0.000950618990713634,0.008995070623921318,0,252,500,CLARABEL,optimal,230,30,0.004767220785000001
2020-09-30,development,v4_hysteresis,10000000.0,150.0,-0.03834537483079903,-0.04012932713949835,0.7486444392080958,-0.028808591116040116,500,74,81,1.9999999340120114,-2.9153633212403163e-08,0.011613298621323306,-0.01876677899776349,0.04000000804082152,0.02000000053363997,120.60402289319931,4.190231827037951,72005757.5875,0.0004411179897743894,9.283434194640207e-05,0.001249999976978528,0.0017839523086993193,0.008995070623921318,0,252,500,CLARABEL,optimal,230,30,0.004767220785000001
2020-09-30,development,v4_hysteresis,10000000.0,300.0,-0.03834537483079903,-0.04137932711647688,0.7486444392080958,-0.028808591116040116,500,74,81,1.9999999340120114,-2.9153633212403163e-08,0.011613298621323306,-0.01876677899776349,0.04000000804082152,0.02000000053363997,120.60402289319931,4.190231827037951,72005757.5875,0.0004411179897743894,9.283434194640207e-05,0.002499999953957056,0.003033952285677847,0.008995070623921318,0,252,500,CLARABEL,optimal,230,30,0.004767220785000001
2020-09-30,development,v4_hysteresis,100000000.0,50.0,-0.03834537483079903,-0.0394967274451998,0.7486444392080958,-0.028808591116040116,500,74,81,1.9999999340120114,-2.9153633212403163e-08,0.011613298621323306,-0.01876677899776349,0.04000000804082152,0.02000000053363997,120.60402289319931,4.190231827037951,72005757.5875,0.0004411179897743894,0.0002935679656335396,0.00041666665899284266,0.0011513526144007716,0.0899507062392132,0,252,500,CLARABEL,optimal,230,30,0.004767220785000001
2020-09-30,development,v4_hysteresis,100000000.0,150.0,-0.03834537483079903,-0.04033006076318549,0.7486444392080958,-0.028808591116040116,500,74,81,1.9999999340120114,-2.9153633212403163e-08,0.011613298621323306,-0.01876677899776349,0.04000000804082152,0.02000000053363997,120.60402289319931,4.190231827037951,72005757.5875,0.0004411179897743894,0.0002935679656335396,0.001249999976978528,0.001984685932386457,0.0899507062392132,0,252,500,CLARABEL,optimal,230,30,0.004767220785000001
2020-09-30,development,v4_hysteresis,100000000.0,300.0,-0.03834537483079903,-0.041580060740164015,0.7486444392080958,-0.028808591116040116,500,74,81,1.9999999340120114,-2.9153633212403163e-08,0.011613298621323306,-0.01876677899776349,0.04000000804082152,0.02000000053363997,120.60402289319931,4.190231827037951,72005757.5875,0.0004411179897743894,0.0002935679656335396,0.002499999953957056,0.003234685909364985,0.0899507062392132,0,252,500,CLARABEL,optimal,230,30,0.004767220785000001
2020-09-30,development,v4_hysteresis,500000000.0,50.0,-0.03834537483079903,-0.039859597406739174,0.7486444392080958,-0.028808591116040116,500,74,81,1.9999999340120114,-2.9153633212403163e-08,0.011613298621323306,-0.01876677899776349,0.04000000804082152,0.02000000053363997,120.60402289319931,4.190231827037951,72005757.5875,0.0004411179897743894,0.0006564379271729165,0.00041666665899284266,0.0015142225759401486,0.449753531196066,23,252,500,CLARABEL,optimal,230,30,0.004767220785000001
2020-09-30,development,v4_hysteresis,500000000.0,150.0,-0.03834537483079903,-0.040692930724724866,0.7486444392080958,-0.028808591116040116,500,74,81,1.9999999340120114,-2.9153633212403163e-08,0.011613298621323306,-0.01876677899776349,0.04000000804082152,0.02000000053363997,120.60402289319931,4.190231827037951,72005757.5875,0.0004411179897743894,0.0006564379271729165,0.001249999976978528,0.002347555893925834,0.449753531196066,23,252,500,CLARABEL,optimal,230,30,0.004767220785000001
2020-09-30,development,v4_hysteresis,500000000.0,300.0,-0.03834537483079903,-0.04194293070170339,0.7486444392080958,-0.028808591116040116,500,74,81,1.9999999340120114,-2.9153633212403163e-08,0.011613298621323306,-0.01876677899776349,0.04000000804082152,0.02000000053363997,120.60402289319931,4.190231827037951,72005757.5875,0.0004411179897743894,0.0006564379271729165,0.002499999953957056,0.0035975558709043618,0.449753531196066,23,252,500,CLARABEL,optimal,230,30,0.004767220785000001
2020-10-30,development,v4_hysteresis,10000000.0,50.0,-0.031109400600253724,-0.03189767400322937,0.45650234350584434,0.136904090743604,500,74,80,1.9999999894830198,-7.289759074158297e-10,0.025943268073302495,-0.050000000589252,0.040000000191354475,0.020000000503409856,117.71351876722372,4.16157744393893,67477013.83500001,0.00031251227250284866,5.9094465845296325e-05,0.00041666666462749914,0.0007882734029756441,0.008710693737298422,0,252,500,CLARABEL,optimal,231,31,0.002953983
2020-10-30,development,v4_hysteresis,10000000.0,150.0,-0.031109400600253724,-0.032731007332484366,0.45650234350584434,0.136904090743604,500,74,80,1.9999999894830198,-7.289759074158297e-10,0.025943268073302495,-0.050000000589252,0.040000000191354475,0.020000000503409856,117.71351876722372,4.16157744393893,67477013.83500001,0.00031251227250284866,5.9094465845296325e-05,0.0012499999938824973,0.0016216067322306423,0.008710693737298422,0,252,500,CLARABEL,optimal,231,31,0.002953983
2020-10-30,development,v4_hysteresis,10000000.0,300.0,-0.031109400600253724,-0.033981007326366865,0.45650234350584434,0.136904090743604,500,74,80,1.9999999894830198,-7.289759074158297e-10,0.025943268073302495,-0.050000000589252,0.040000000191354475,0.020000000503409856,117.71351876722372,4.16157744393893,67477013.83500001,0.00031251227250284866,5.9094465845296325e-05,0.0024999999877649945,0.0028716067261131397,0.008710693737298422,0,252,500,CLARABEL,optimal,231,31,0.002953983
2020-10-30,development,v4_hysteresis,100000000.0,50.0,-0.031109400600253724,-0.032025452646566234,0.45650234350584434,0.136904090743604,500,74,80,1.9999999894830198,-7.289759074158297e-10,0.025943268073302495,-0.050000000589252,0.040000000191354475,0.020000000503409856,117.71351876722372,4.16157744393893,67477013.83500001,0.00031251227250284866,0.00018687310918216388,0.00041666666462749914,0.0009160520463125117,0.08710693737298421,0,252,500,CLARABEL,optimal,231,31,0.002953983
2020-10-30,development,v4_hysteresis,100000000.0,150.0,-0.031109400600253724,-0.03285878597582123,0.45650234350584434,0.136904090743604,500,74,80,1.9999999894830198,-7.289759074158297e-10,0.025943268073302495,-0.050000000589252,0.040000000191354475,0.020000000503409856,117.71351876722372,4.16157744393893,67477013.83500001,0.00031251227250284866,0.00018687310918216388,0.0012499999938824973,0.0017493853755675098,0.08710693737298421,0,252,500,CLARABEL,optimal,231,31,0.002953983
2020-10-30,development,v4_hysteresis,100000000.0,300.0,-0.031109400600253724,-0.03410878596970373,0.45650234350584434,0.136904090743604,500,74,80,1.9999999894830198,-7.289759074158297e-10,0.025943268073302495,-0.050000000589252,0.040000000191354475,0.020000000503409856,117.71351876722372,4.16157744393893,67477013.83500001,0.00031251227250284866,0.00018687310918216388,0.0024999999877649945,0.0029993853694500073,0.08710693737298421,0,252,500,CLARABEL,optimal,231,31,0.002953983
2020-10-30,development,v4_hysteresis,500000000.0,50.0,-0.031109400600253724,-0.03225644051268213,0.45650234350584434,0.136904090743604,500,74,80,1.9999999894830198,-7.289759074158297e-10,0.025943268073302495,-0.050000000589252,0.040000000191354475,0.020000000503409856,117.71351876722372,4.16157744393893,67477013.83500001,0.00031251227250284866,0.0004178609752980586,0.00041666666462749914,0.0011470399124284064,0.43553468686492103,11,252,500,CLARABEL,optimal,231,31,0.002953983
2020-10-30,development,v4_hysteresis,500000000.0,150.0,-0.031109400600253724,-0.03308977384193713,0.45650234350584434,0.136904090743604,500,74,80,1.9999999894830198,-7.289759074158297e-10,0.025943268073302495,-0.050000000589252,0.040000000191354475,0.020000000503409856,117.71351876722372,4.16157744393893,67477013.83500001,0.00031251227250284866,0.0004178609752980586,0.0012499999938824973,0.0019803732416834047,0.43553468686492103,11,252,500,CLARABEL,optimal,231,31,0.002953983
2020-10-30,development,v4_hysteresis,500000000.0,300.0,-0.031109400600253724,-0.034339773835819626,0.45650234350584434,0.136904090743604,500,74,80,1.9999999894830198,-7.289759074158297e-10,0.025943268073302495,-0.050000000589252,0.040000000191354475,0.020000000503409856,117.71351876722372,4.16157744393893,67477013.83500001,0.00031251227250284866,0.0004178609752980586,0.0024999999877649945,0.0032303732355659018,0.43553468686492103,11,252,500,CLARABEL,optimal,231,31,0.002953983
2020-11-30,development,v4_hysteresis,10000000.0,50.0,0.06582891282898125,0.06503066405326077,0.48232891346076257,0.040636087869292736,500,74,76,1.999999965034709,1.2220030765064394e-08,0.025673123880605025,-0.05000001030208555,0.04000000036142766,0.020000000461528004,116.325545355617,4.568099695879916,72248716.29,0.00031987382081212175,6.170829807196624e-05,0.00041666665683639127,0.0007982487757204793,0.004816640141474277,0,252,500,CLARABEL,optimal,231,31,0.00312336
2020-11-30,development,v4_hysteresis,10000000.0,150.0,0.06582891282898125,0.06419733073958798,0.48232891346076257,0.040636087869292736,500,74,76,1.999999965034709,1.2220030765064394e-08,0.025673123880605025,-0.05000001030208555,0.04000000036142766,0.020000000461528004,116.325545355617,4.568099695879916,72248716.29,0.00031987382081212175,6.170829807196624e-05,0.0012499999705091736,0.0016315820893932616,0.004816640141474277,0,252,500,CLARABEL,optimal,231,31,0.00312336
2020-11-30,development,v4_hysteresis,10000000.0,300.0,0.06582891282898125,0.06294733076907881,0.48232891346076257,0.040636087869292736,500,74,76,1.999999965034709,1.2220030765064394e-08,0.025673123880605025,-0.05000001030208555,0.04000000036142766,0.020000000461528004,116.325545355617,4.568099695879916,72248716.29,0.00031987382081212175,6.170829807196624e-05,0.002499999941018347,0.002881582059902435,0.004816640141474277,0,252,500,CLARABEL,optimal,231,31,0.00312336
2020-11-30,development,v4_hysteresis,100000000.0,50.0,0.06582891282898125,0.06489723357889274,0.48232891346076257,0.040636087869292736,500,74,76,1.999999965034709,1.2220030765064394e-08,0.025673123880605025,-0.05000001030208555,0.04000000036142766,0.020000000461528004,116.325545355617,4.568099695879916,72248716.29,0.00031987382081212175,0.0001951387724399903,0.00041666665683639127,0.0009316792500885033,0.04816640141474277,0,252,500,CLARABEL,optimal,231,31,0.00312336
2020-11-30,development,v4_hysteresis,100000000.0,150.0,0.06582891282898125,0.06406390026521996,0.48232891346076257,0.040636087869292736,500,74,76,1.999999965034709,1.2220030765064394e-08,0.025673123880605025,-0.05000001030208555,0.04000000036142766,0.020000000461528004,116.325545355617,4.568099695879916,72248716.29,0.00031987382081212175,0.0001951387724399903,0.0012499999705091736,0.0017650125637612857,0.04816640141474277,0,252,500,CLARABEL,optimal,231,31,0.00312336
2020-11-30,development,v4_hysteresis,100000000.0,300.0,0.06582891282898125,0.06281390029471079,0.48232891346076257,0.040636087869292736,500,74,76,1.999999965034709,1.2220030765064394e-08,0.025673123880605025,-0.05000001030208555,0.04000000036142766,0.020000000461528004,116.325545355617,4.568099695879916,72248716.29,0.00031987382081212175,0.0001951387724399903,0.002499999941018347,0.003015012534270459,0.04816640141474277,0,252,500,CLARABEL,optimal,231,31,0.00312336
2020-11-30,development,v4_hysteresis,500000000.0,50.0,0.06582891282898125,0.06465602879111106,0.48232891346076257,0.040636087869292736,500,74,76,1.999999965034709,1.2220030765064394e-08,0.025673123880605025,-0.05000001030208555,0.04000000036142766,0.020000000461528004,116.325545355617,4.568099695879916,72248716.29,0.00031987382081212175,0.0004363435602216809,0.00041666665683639127,0.0011728840378701939,0.24083200707371386,15,252,500,CLARABEL,optimal,231,31,0.00312336
2020-11-30,development,v4_hysteresis,500000000.0,150.0,0.06582891282898125,0.06382269547743827,0.48232891346076257,0.040636087869292736,500,74,76,1.999999965034709,1.2220030765064394e-08,0.025673123880605025,-0.05000001030208555,0.04000000036142766,0.020000000461528004,116.325545355617,4.568099695879916,72248716.29,0.00031987382081212175,0.0004363435602216809,0.0012499999705091736,0.0020062173515429764,0.24083200707371386,15,252,500,CLARABEL,optimal,231,31,0.00312336
2020-11-30,development,v4_hysteresis,500000000.0,300.0,0.06582891282898125,0.0625726955069291,0.48232891346076257,0.040636087869292736,500,74,76,1.999999965034709,1.2220030765064394e-08,0.025673123880605025,-0.05000001030208555,0.04000000036142766,0.020000000461528004,116.325545355617,4.568099695879916,72248716.29,0.00031987382081212175,0.0004363435602216809,0.002499999941018347,0.0032562173220521498,0.24083200707371386,15,252,500,CLARABEL,optimal,231,31,0.00312336
2020-12-31,development,v4_hysteresis,10000000.0,50.0,-0.027263159227968695,-0.028133440465872676,0.5580319965362761,-0.017469781279348073,500,74,77,1.9999999901074372,-7.825831024876884e-10,0.033167629068065335,-0.04999999908916446,0.04000000071247914,0.020000000467049563,117.31513083193452,4.788852232753341,81319180.94749999,0.00036274408615626357,9.08704869789635e-05,0.0004166666647687543,0.0008702812379039813,0.01000000000683816,0,252,500,CLARABEL,optimal,226,26,0.0052491820799999995
2020-12-31,development,v4_hysteresis,10000000.0,150.0,-0.027263159227968695,-0.028966773795410183,0.5580319965362761,-0.017469781279348073,500,74,77,1.9999999901074372,-7.825831024876884e-10,0.033167629068065335,-0.04999999908916446,0.04000000071247914,0.020000000467049563,117.31513083193452,4.788852232753341,81319180.94749999,0.00036274408615626357,9.08704869789635e-05,0.0012499999943062629,0.00170361456744149,0.01000000000683816,0,252,500,CLARABEL,optimal,226,26,0.0052491820799999995
2020-12-31,development,v4_hysteresis,10000000.0,300.0,-0.027263159227968695,-0.030216773789716447,0.5580319965362761,-0.017469781279348073,500,74,77,1.9999999901074372,-7.825831024876884e-10,0.033167629068065335,-0.04999999908916446,0.04000000071247914,0.020000000467049563,117.31513083193452,4.788852232753341,81319180.94749999,0.00036274408615626357,9.08704869789635e-05,0.0024999999886125258,0.0029536145617477527,0.01000000000683816,0,252,500,CLARABEL,optimal,226,26,0.0052491820799999995
2020-12-31,development,v4_hysteresis,100000000.0,50.0,-0.027263159227968695,-0.028329927689835912,0.5580319965362761,-0.017469781279348073,500,74,77,1.9999999901074372,-7.825831024876884e-10,0.033167629068065335,-0.04999999908916446,0.04000000071247914,0.020000000467049563,117.31513083193452,4.788852232753341,81319180.94749999,0.00036274408615626357,0.0002873577109421979,0.0004166666647687543,0.0010667684618672158,0.10000000006838161,1,252,500,CLARABEL,optimal,226,26,0.0052491820799999995
2020-12-31,development,v4_hysteresis,100000000.0,150.0,-0.027263159227968695,-0.02916326101937342,0.5580319965362761,-0.017469781279348073,500,74,77,1.9999999901074372,-7.825831024876884e-10,0.033167629068065335,-0.04999999908916446,0.04000000071247914,0.020000000467049563,117.31513083193452,4.788852232753341,81319180.94749999,0.00036274408615626357,0.0002873577109421979,0.0012499999943062629,0.0019001017914047243,0.10000000006838161,1,252,500,CLARABEL,optimal,226,26,0.0052491820799999995
2020-12-31,development,v4_hysteresis,100000000.0,300.0,-0.027263159227968695,-0.030413261013679683,0.5580319965362761,-0.017469781279348073,500,74,77,1.9999999901074372,-7.825831024876884e-10,0.033167629068065335,-0.04999999908916446,0.04000000071247914,0.020000000467049563,117.31513083193452,4.788852232753341,81319180.94749999,0.00036274408615626357,0.0002873577109421979,0.0024999999886125258,0.0031501017857109874,0.10000000006838161,1,252,500,CLARABEL,optimal,226,26,0.0052491820799999995
2020-12-31,development,v4_hysteresis,500000000.0,50.0,-0.027263159227968695,-0.028685121354419203,0.5580319965362761,-0.017469781279348073,500,74,77,1.9999999901074372,-7.825831024876884e-10,0.033167629068065335,-0.04999999908916446,0.04000000071247914,0.020000000467049563,117.31513083193452,4.788852232753341,81319180.94749999,0.00036274408615626357,0.0006425513755254896,0.0004166666647687543,0.0014219621264505075,0.5000000003419081,18,252,500,CLARABEL,optimal,226,26,0.0052491820799999995
2020-12-31,development,v4_hysteresis,500000000.0,150.0,-0.027263159227968695,-0.02951845468395671,0.5580319965362761,-0.017469781279348073,500,74,77,1.9999999901074372,-7.825831024876884e-10,0.033167629068065335,-0.04999999908916446,0.04000000071247914,0.020000000467049563,117.31513083193452,4.788852232753341,81319180.94749999,0.00036274408615626357,0.0006425513755254896,0.0012499999943062629,0.002255295455988016,0.5000000003419081,18,252,500,CLARABEL,optimal,226,26,0.0052491820799999995
2020-12-31,development,v4_hysteresis,500000000.0,300.0,-0.027263159227968695,-0.030768454678262974,0.5580319965362761,-0.017469781279348073,500,74,77,1.9999999901074372,-7.825831024876884e-10,0.033167629068065335,-0.04999999908916446,0.04000000071247914,0.020000000467049563,117.31513083193452,4.788852232753341,81319180.94749999,0.00036274408615626357,0.0006425513755254896,0.0024999999886125258,0.0035052954502942787,0.5000000003419081,18,252,500,CLARABEL,optimal,226,26,0.0052491820799999995
2021-01-29,temporal_assessment,v4_hysteresis,10000000.0,50.0,0.01849391084561517,0.017662035652669612,0.44886819396421296,0.031229601347286633,500,74,78,1.9999999838763922,-1.2067599714643551e-08,0.026057231409166007,-0.0483965760361999,0.039999999842776295,0.02000000045760562,115.69339590726221,4.860890315956432,95043209.92565,0.0003539564497719212,6.125207735197284e-05,0.00041666666582166494,0.000831875192945559,0.006425009307247545,0,252,500,CLARABEL,optimal,223,23,0.015402324450000001
2021-01-29,temporal_assessment,v4_hysteresis,10000000.0,150.0,0.01849391084561517,0.016828702321026283,0.44886819396421296,0.031229601347286633,500,74,78,1.9999999838763922,-1.2067599714643551e-08,0.026057231409166007,-0.0483965760361999,0.039999999842776295,0.02000000045760562,115.69339590726221,4.860890315956432,95043209.92565,0.0003539564497719212,6.125207735197284e-05,0.0012499999974649948,0.0016652085245888889,0.006425009307247545,0,252,500,CLARABEL,optimal,223,23,0.015402324450000001
2021-01-29,temporal_assessment,v4_hysteresis,10000000.0,300.0,0.01849391084561517,0.015578702323561287,0.44886819396421296,0.031229601347286633,500,74,78,1.9999999838763922,-1.2067599714643551e-08,0.026057231409166007,-0.0483965760361999,0.039999999842776295,0.02000000045760562,115.69339590726221,4.860890315956432,95043209.92565,0.0003539564497719212,6.125207735197284e-05,0.0024999999949299897,0.0029152085220538835,0.006425009307247545,0,252,500,CLARABEL,optimal,223,23,0.015402324450000001
2021-01-29,temporal_assessment,v4_hysteresis,100000000.0,50.0,0.01849391084561517,0.017529591654172536,0.44886819396421296,0.031229601347286633,500,74,78,1.9999999838763922,-1.2067599714643551e-08,0.026057231409166007,-0.0483965760361999,0.039999999842776295,0.02000000045760562,115.69339590726221,4.860890315956432,95043209.92565,0.0003539564497719212,0.00019369607584904925,0.00041666666582166494,0.0009643191914426353,0.06425009307247545,0,252,500,CLARABEL,optimal,223,23,0.015402324450000001
2021-01-29,temporal_assessment,v4_hysteresis,100000000.0,150.0,0.01849391084561517,0.016696258322529207,0.44886819396421296,0.031229601347286633,500,74,78,1.9999999838763922,-1.2067599714643551e-08,0.026057231409166007,-0.0483965760361999,0.039999999842776295,0.02000000045760562,115.69339590726221,4.860890315956432,95043209.92565,0.0003539564497719212,0.00019369607584904925,0.0012499999974649948,0.0017976525230859652,0.06425009307247545,0,252,500,CLARABEL,optimal,223,23,0.015402324450000001
2021-01-29,temporal_assessment,v4_hysteresis,100000000.0,300.0,0.01849391084561517,0.01544625832506421,0.44886819396421296,0.031229601347286633,500,74,78,1.9999999838763922,-1.2067599714643551e-08,0.026057231409166007,-0.0483965760361999,0.039999999842776295,0.02000000045760562,115.69339590726221,4.860890315956432,95043209.92565,0.0003539564497719212,0.00019369607584904925,0.0024999999949299897,0.00304765252055096,0.06425009307247545,0,252,500,CLARABEL,optimal,223,23,0.015402324450000001
2021-01-29,temporal_assessment,v4_hysteresis,500000000.0,50.0,0.01849391084561517,0.017290170137448154,0.44886819396421296,0.031229601347286633,500,74,78,1.9999999838763922,-1.2067599714643551e-08,0.026057231409166007,-0.0483965760361999,0.039999999842776295,0.02000000045760562,115.69339590726221,4.860890315956432,95043209.92565,0.0003539564497719212,0.00043311759257342935,0.00041666666582166494,0.0012037407081670155,0.3212504653623772,7,252,500,CLARABEL,optimal,223,23,0.015402324450000001
2021-01-29,temporal_assessment,v4_hysteresis,500000000.0,150.0,0.01849391084561517,0.016456836805804825,0.44886819396421296,0.031229601347286633,500,74,78,1.9999999838763922,-1.2067599714643551e-08,0.026057231409166007,-0.0483965760361999,0.039999999842776295,0.02000000045760562,115.69339590726221,4.860890315956432,95043209.92565,0.0003539564497719212,0.00043311759257342935,0.0012499999974649948,0.0020370740398103454,0.3212504653623772,7,252,500,CLARABEL,optimal,223,23,0.015402324450000001
2021-01-29,temporal_assessment,v4_hysteresis,500000000.0,300.0,0.01849391084561517,0.01520683680833983,0.44886819396421296,0.031229601347286633,500,74,78,1.9999999838763922,-1.2067599714643551e-08,0.026057231409166007,-0.0483965760361999,0.039999999842776295,0.02000000045760562,115.69339590726221,4.860890315956432,95043209.92565,0.0003539564497719212,0.00043311759257342935,0.0024999999949299897,0.00328707403727534,0.3212504653623772,7,252,500,CLARABEL,optimal,223,23,0.015402324450000001
2021-02-26,temporal_assessment,v4_hysteresis,10000000.0,50.0,0.03460771494025559,0.033627814936795966,0.7499998412314703,0.023505958121144067,500,72,79,1.9999999594602826,3.5333590914232715e-09,0.009934691069308034,-0.04999999040393257,0.04000000041962234,0.020000000469260402,117.49773845461193,4.805971114514013,98655684.175,0.0004804615073856551,8.277183858919639e-05,0.00041666665748477577,0.0009799000034596272,0.007349462786966668,0,252,500,CLARABEL,optimal,242,42,0.017731411377260003
2021-02-26,temporal_assessment,v4_hysteresis,10000000.0,150.0,0.03460771494025559,0.03279448162182642,0.7499998412314703,0.023505958121144067,500,72,79,1.9999999594602826,3.5333590914232715e-09,0.009934691069308034,-0.04999999040393257,0.04000000041962234,0.020000000469260402,117.49773845461193,4.805971114514013,98655684.175,0.0004804615073856551,8.277183858919639e-05,0.0012499999724543273,0.0018132333184291787,0.007349462786966668,0,252,500,CLARABEL,optimal,242,42,0.017731411377260003
2021-02-26,temporal_assessment,v4_hysteresis,10000000.0,300.0,0.03460771494025559,0.03154448164937209,0.7499998412314703,0.023505958121144067,500,72,79,1.9999999594602826,3.5333590914232715e-09,0.009934691069308034,-0.04999999040393257,0.04000000041962234,0.020000000469260402,117.49773845461193,4.805971114514013,98655684.175,0.0004804615073856551,8.277183858919639e-05,0.0024999999449086545,0.003063233290883506,0.007349462786966668,0,252,500,CLARABEL,optimal,242,42,0.017731411377260003
2021-02-26,temporal_assessment,v4_hysteresis,100000000.0,50.0,0.03460771494025559,0.033448839239323486,0.7499998412314703,0.023505958121144067,500,72,79,1.9999999594602826,3.5333590914232715e-09,0.009934691069308034,-0.04999999040393257,0.04000000041962234,0.020000000469260402,117.49773845461193,4.805971114514013,98655684.175,0.0004804615073856551,0.0002617475360616787,0.00041666665748477577,0.0011588757009321096,0.07349462786966668,0,252,500,CLARABEL,optimal,242,42,0.017731411377260003
2021-02-26,temporal_assessment,v4_hysteresis,100000000.0,150.0,0.03460771494025559,0.03261550592435393,0.7499998412314703,0.023505958121144067,500,72,79,1.9999999594602826,3.5333590914232715e-09,0.009934691069308034,-0.04999999040393257,0.04000000041962234,0.020000000469260402,117.49773845461193,4.805971114514013,98655684.175,0.0004804615073856551,0.0002617475360616787,0.0012499999724543273,0.001992209015901661,0.07349462786966668,0,252,500,CLARABEL,optimal,242,42,0.017731411377260003
2021-02-26,temporal_assessment,v4_hysteresis,100000000.0,300.0,0.03460771494025559,0.0313655059518996,0.7499998412314703,0.023505958121144067,500,72,79,1.9999999594602826,3.5333590914232715e-09,0.009934691069308034,-0.04999999040393257,0.04000000041962234,0.020000000469260402,117.49773845461193,4.805971114514013,98655684.175,0.0004804615073856551,0.0002617475360616787,0.0024999999449086545,0.003242208988355988,0.07349462786966668,0,252,500,CLARABEL,optimal,242,42,0.017731411377260003
2021-02-26,temporal_assessment,v4_hysteresis,500000000.0,50.0,0.03460771494025559,0.03312530149180817,0.7499998412314703,0.023505958121144067,500,72,79,1.9999999594602826,3.5333590914232715e-09,0.009934691069308034,-0.04999999040393257,0.04000000041962234,0.020000000469260402,117.49773845461193,4.805971114514013,98655684.175,0.0004804615073856551,0.0005852852835769912,0.00041666665748477577,0.0014824134484474221,0.3674731393483334,14,252,500,CLARABEL,optimal,242,42,0.017731411377260003
2021-02-26,temporal_assessment,v4_hysteresis,500000000.0,150.0,0.03460771494025559,0.03229196817683862,0.7499998412314703,0.023505958121144067,500,72,79,1.9999999594602826,3.5333590914232715e-09,0.009934691069308034,-0.04999999040393257,0.04000000041962234,0.020000000469260402,117.49773845461193,4.805971114514013,98655684.175,0.0004804615073856551,0.0005852852835769912,0.0012499999724543273,0.0023157467634169733,0.3674731393483334,14,252,500,CLARABEL,optimal,242,42,0.017731411377260003
2021-02-26,temporal_assessment,v4_hysteresis,500000000.0,300.0,0.03460771494025559,0.031041968204384294,0.7499998412314703,0.023505958121144067,500,72,79,1.9999999594602826,3.5333590914232715e-09,0.009934691069308034,-0.04999999040393257,0.04000000041962234,0.020000000469260402,117.49773845461193,4.805971114514013,98655684.175,0.0004804615073856551,0.0005852852835769912,0.0024999999449086545,0.003565746735871301,0.3674731393483334,14,252,500,CLARABEL,optimal,242,42,0.017731411377260003
2021-03-31,temporal_assessment,v4_hysteresis,10000000.0,50.0,0.02178090625973857,0.02078802670109379,0.7499999811083664,0.040805585986504724,500,73,73,1.9999999608500123,-7.917762185477573e-09,0.04817883750943752,0.01399803774550628,0.04000000117939285,0.020000000489920837,114.54290791598379,4.959987923777422,109757770.1275,0.0004972819823567285,7.893091612809953e-05,0.0004166666601599531,0.0009928795586447812,0.005363979009404522,0,252,500,CLARABEL,optimal,238,38,0.012045191359999999
2021-03-31,temporal_assessment,v4_hysteresis,10000000.0,150.0,0.02178090625973857,0.019954693380773884,0.7499999811083664,0.040805585986504724,500,73,73,1.9999999608500123,-7.917762185477573e-09,0.04817883750943752,0.01399803774550628,0.04000000117939285,0.020000000489920837,114.54290791598379,4.959987923777422,109757770.1275,0.0004972819823567285,7.893091612809953e-05,0.0012499999804798593,0.0018262128789646873,0.005363979009404522,0,252,500,CLARABEL,optimal,238,38,0.012045191359999999
2021-03-31,temporal_assessment,v4_hysteresis,10000000.0,300.0,0.02178090625973857,0.01870469340029402,0.7499999811083664,0.040805585986504724,500,73,73,1.9999999608500123,-7.917762185477573e-09,0.04817883750943752,0.01399803774550628,0.04000000117939285,0.020000000489920837,114.54290791598379,4.959987923777422,109757770.1275,0.0004972819823567285,7.893091612809953e-05,0.0024999999609597186,0.003076212859444547,0.005363979009404522,0,252,500,CLARABEL,optimal,238,38,0.012045191359999999
2021-03-31,temporal_assessment,v4_hysteresis,100000000.0,50.0,0.02178090625973857,0.020617356144453376,0.7499999811083664,0.040805585986504724,500,73,73,1.9999999608500123,-7.917762185477573e-09,0.04817883750943752,0.01399803774550628,0.04000000117939285,0.020000000489920837,114.54290791598379,4.959987923777422,109757770.1275,0.0004972819823567285,0.0002496014727685132,0.0004166666601599531,0.001163550115285195,0.05363979009404522,0,252,500,CLARABEL,optimal,238,38,0.012045191359999999
2021-03-31,temporal_assessment,v4_hysteresis,100000000.0,150.0,0.02178090625973857,0.019784022824133468,0.7499999811083664,0.040805585986504724,500,73,73,1.9999999608500123,-7.917762185477573e-09,0.04817883750943752,0.01399803774550628,0.04000000117939285,0.020000000489920837,114.54290791598379,4.959987923777422,109757770.1275,0.0004972819823567285,0.0002496014727685132,0.0012499999804798593,0.001996883435605101,0.05363979009404522,0,252,500,CLARABEL,optimal,238,38,0.012045191359999999
2021-03-31,temporal_assessment,v4_hysteresis,100000000.0,300.0,0.02178090625973857,0.01853402284365361,0.7499999811083664,0.040805585986504724,500,73,73,1.9999999608500123,-7.917762185477573e-09,0.04817883750943752,0.01399803774550628,0.04000000117939285,0.020000000489920837,114.54290791598379,4.959987923777422,109757770.1275,0.0004972819823567285,0.0002496014727685132,0.0024999999609597186,0.0032468834160849606,0.05363979009404522,0,252,500,CLARABEL,optimal,238,38,0.012045191359999999
2021-03-31,temporal_assessment,v4_hysteresis,500000000.0,50.0,0.02178090625973857,0.02030883175682743,0.7499999811083664,0.040805585986504724,500,73,73,1.9999999608500123,-7.917762185477573e-09,0.04817883750943752,0.01399803774550628,0.04000000117939285,0.020000000489920837,114.54290791598379,4.959987923777422,109757770.1275,0.0004972819823567285,0.0005581258603944582,0.0004166666601599531,0.00147207450291114,0.26819895047022607,7,252,500,CLARABEL,optimal,238,38,0.012045191359999999
2021-03-31,temporal_assessment,v4_hysteresis,500000000.0,150.0,0.02178090625973857,0.019475498436507525,0.7499999811083664,0.040805585986504724,500,73,73,1.9999999608500123,-7.917762185477573e-09,0.04817883750943752,0.01399803774550628,0.04000000117939285,0.020000000489920837,114.54290791598379,4.959987923777422,109757770.1275,0.0004972819823567285,0.0005581258603944582,0.0012499999804798593,0.002305407823231046,0.26819895047022607,7,252,500,CLARABEL,optimal,238,38,0.012045191359999999
2021-03-31,temporal_assessment,v4_hysteresis,500000000.0,300.0,0.02178090625973857,0.018225498456027667,0.7499999811083664,0.040805585986504724,500,73,73,1.9999999608500123,-7.917762185477573e-09,0.04817883750943752,0.01399803774550628,0.04000000117939285,0.020000000489920837,114.54290791598379,4.959987923777422,109757770.1275,0.0004972819823567285,0.0005581258603944582,0.0024999999609597186,0.003555407803710905,0.26819895047022607,7,252,500,CLARABEL,optimal,238,38,0.012045191359999999
2021-04-30,temporal_assessment,v4_hysteresis,10000000.0,50.0,0.022850248833280656,0.021977253307164782,0.7171552702437229,-0.005681017648833534,500,73,73,1.9999999563698854,-4.390682956101344e-09,0.020730201791543557,0.05000000237818547,0.039999999991330616,0.020000000478637217,114.52499159545572,4.848107583187776,96277066.41499999,0.00038887936403686203,6.744950358722674e-05,0.00041666665849178497,0.0008729955261158737,0.006849512176742503,0,252,500,CLARABEL,optimal,249,49,0.012336113644999999
2021-04-30,temporal_assessment,v4_hysteresis,10000000.0,150.0,0.022850248833280656,0.021143919990181212,0.7171552702437229,-0.005681017648833534,500,73,73,1.9999999563698854,-4.390682956101344e-09,0.020730201791543557,0.05000000237818547,0.039999999991330616,0.020000000478637217,114.52499159545572,4.848107583187776,96277066.41499999,0.00038887936403686203,6.744950358722674e-05,0.001249999975475355,0.0017063288430994436,0.006849512176742503,0,252,500,CLARABEL,optimal,249,49,0.012336113644999999
2021-04-30,temporal_assessment,v4_hysteresis,10000000.0,300.0,0.022850248833280656,0.019893920014705857,0.7171552702437229,-0.005681017648833534,500,73,73,1.9999999563698854,-4.390682956101344e-09,0.020730201791543557,0.05000000237818547,0.039999999991330616,0.020000000478637217,114.52499159545572,4.848107583187776,96277066.41499999,0.00038887936403686203,6.744950358722674e-05,0.00249999995095071,0.0029563288185747985,0.006849512176742503,0,252,500,CLARABEL,optimal,249,49,0.012336113644999999
2021-04-30,temporal_assessment,v4_hysteresis,100000000.0,50.0,0.022850248833280656,0.021831408752368674,0.7171552702437229,-0.005681017648833534,500,73,73,1.9999999563698854,-4.390682956101344e-09,0.020730201791543557,0.05000000237818547,0.039999999991330616,0.020000000478637217,114.52499159545572,4.848107583187776,96277066.41499999,0.00038887936403686203,0.00021329405838333405,0.00041666665849178497,0.0010188400809119811,0.06849512176742503,0,252,500,CLARABEL,optimal,249,49,0.012336113644999999
2021-04-30,temporal_assessment,v4_hysteresis,100000000.0,150.0,0.022850248833280656,0.020998075435385104,0.7171552702437229,-0.005681017648833534,500,73,73,1.9999999563698854,-4.390682956101344e-09,0.020730201791543557,0.05000000237818547,0.039999999991330616,0.020000000478637217,114.52499159545572,4.848107583187776,96277066.41499999,0.00038887936403686203,0.00021329405838333405,0.001249999975475355,0.001852173397895551,0.06849512176742503,0,252,500,CLARABEL,optimal,249,49,0.012336113644999999
2021-04-30,temporal_assessment,v4_hysteresis,100000000.0,300.0,0.022850248833280656,0.01974807545990975,0.7171552702437229,-0.005681017648833534,500,73,73,1.9999999563698854,-4.390682956101344e-09,0.020730201791543557,0.05000000237818547,0.039999999991330616,0.020000000478637217,114.52499159545572,4.848107583187776,96277066.41499999,0.00038887936403686203,0.00021329405838333405,0.00249999995095071,0.003102173373370906,0.06849512176742503,0,252,500,CLARABEL,optimal,249,49,0.012336113644999999
2021-04-30,temporal_assessment,v4_hysteresis,500000000.0,50.0,0.022850248833280656,0.021567762797010066,0.7171552702437229,-0.005681017648833534,500,73,73,1.9999999563698854,-4.390682956101344e-09,0.020730201791543557,0.05000000237818547,0.039999999991330616,0.020000000478637217,114.52499159545572,4.848107583187776,96277066.41499999,0.00038887936403686203,0.00047694001374194386,0.00041666665849178497,0.001282486036270591,0.34247560883712513,11,252,500,CLARABEL,optimal,249,49,0.012336113644999999
2021-04-30,temporal_assessment,v4_hysteresis,500000000.0,150.0,0.022850248833280656,0.020734429480026496,0.7171552702437229,-0.005681017648833534,500,73,73,1.9999999563698854,-4.390682956101344e-09,0.020730201791543557,0.05000000237818547,0.039999999991330616,0.020000000478637217,114.52499159545572,4.848107583187776,96277066.41499999,0.00038887936403686203,0.00047694001374194386,0.001249999975475355,0.002115819353254161,0.34247560883712513,11,252,500,CLARABEL,optimal,249,49,0.012336113644999999
2021-04-30,temporal_assessment,v4_hysteresis,500000000.0,300.0,0.022850248833280656,0.01948442950455114,0.7171552702437229,-0.005681017648833534,500,73,73,1.9999999563698854,-4.390682956101344e-09,0.020730201791543557,0.05000000237818547,0.039999999991330616,0.020000000478637217,114.52499159545572,4.848107583187776,96277066.41499999,0.00038887936403686203,0.00047694001374194386,0.00249999995095071,0.0033658193287295158,0.34247560883712513,11,252,500,CLARABEL,optimal,249,49,0.012336113644999999
2021-05-28,temporal_assessment,v4_hysteresis,10000000.0,50.0,-0.013273898428603274,-0.014143430778593301,0.4778168207525656,0.027192721296167788,500,76,72,1.9999999777412945,8.815973125131382e-10,0.02986721269493922,0.024487282219029044,0.04000000250093354,0.020000000472642533,115.64917075269831,4.534122975878356,104150561.03999999,0.0003956653353085094,5.7200352835747796e-05,0.00041666666184577024,0.0008695323499900274,0.0069453667314102,0,252,500,CLARABEL,optimal,237,37,0.011797619460000002
2021-05-28,temporal_assessment,v4_hysteresis,10000000.0,150.0,-0.013273898428603274,-0.014976764102284842,0.4778168207525656,0.027192721296167788,500,76,72,1.9999999777412945,8.815973125131382e-10,0.02986721269493922,0.024487282219029044,0.04000000250093354,0.020000000472642533,115.64917075269831,4.534122975878356,104150561.03999999,0.0003956653353085094,5.7200352835747796e-05,0.0012499999855373107,0.001702865673681568,0.0069453667314102,0,252,500,CLARABEL,optimal,237,37,0.011797619460000002
2021-05-28,temporal_assessment,v4_hysteresis,10000000.0,300.0,-0.013273898428603274,-0.016226764087822153,0.4778168207525656,0.027192721296167788,500,76,72,1.9999999777412945,8.815973125131382e-10,0.02986721269493922,0.024487282219029044,0.04000000250093354,0.020000000472642533,115.64917075269831,4.534122975878356,104150561.03999999,0.0003956653353085094,5.7200352835747796e-05,0.0024999999710746215,0.0029528656592188785,0.0069453667314102,0,252,500,CLARABEL,optimal,237,37,0.011797619460000002
2021-05-28,temporal_assessment,v4_hysteresis,100000000.0,50.0,-0.013273898428603274,-0.014267113823683788,0.4778168207525656,0.027192721296167788,500,76,72,1.9999999777412945,8.815973125131382e-10,0.02986721269493922,0.024487282219029044,0.04000000250093354,0.020000000472642533,115.64917075269831,4.534122975878356,104150561.03999999,0.0003956653353085094,0.00018088339792623424,0.00041666666184577024,0.0009932153950805139,0.06945366731410199,0,252,500,CLARABEL,optimal,237,37,0.011797619460000002
2021-05-28,temporal_assessment,v4_hysteresis,100000000.0,150.0,-0.013273898428603274,-0.015100447147375328,0.4778168207525656,0.027192721296167788,500,76,72,1.9999999777412945,8.815973125131382e-10,0.02986721269493922,0.024487282219029044,0.04000000250093354,0.020000000472642533,115.64917075269831,4.534122975878356,104150561.03999999,0.0003956653353085094,0.00018088339792623424,0.0012499999855373107,0.0018265487187720543,0.06945366731410199,0,252,500,CLARABEL,optimal,237,37,0.011797619460000002
2021-05-28,temporal_assessment,v4_hysteresis,100000000.0,300.0,-0.013273898428603274,-0.01635044713291264,0.4778168207525656,0.027192721296167788,500,76,72,1.9999999777412945,8.815973125131382e-10,0.02986721269493922,0.024487282219029044,0.04000000250093354,0.020000000472642533,115.64917075269831,4.534122975878356,104150561.03999999,0.0003956653353085094,0.00018088339792623424,0.0024999999710746215,0.0030765487043093653,0.06945366731410199,0,252,500,CLARABEL,optimal,237,37,0.011797619460000002
2021-05-28,temporal_assessment,v4_hysteresis,500000000.0,50.0,-0.013273898428603274,-0.014490697999521757,0.4778168207525656,0.027192721296167788,500,76,72,1.9999999777412945,8.815973125131382e-10,0.02986721269493922,0.024487282219029044,0.04000000250093354,0.020000000472642533,115.64917075269831,4.534122975878356,104150561.03999999,0.0003956653353085094,0.0004044675737642042,0.00041666666184577024,0.001216799570918484,0.34726833657051,7,252,500,CLARABEL,optimal,237,37,0.011797619460000002
2021-05-28,temporal_assessment,v4_hysteresis,500000000.0,150.0,-0.013273898428603274,-0.015324031323213298,0.4778168207525656,0.027192721296167788,500,76,72,1.9999999777412945,8.815973125131382e-10,0.02986721269493922,0.024487282219029044,0.04000000250093354,0.020000000472642533,115.64917075269831,4.534122975878356,104150561.03999999,0.0003956653353085094,0.0004044675737642042,0.0012499999855373107,0.0020501328946100246,0.34726833657051,7,252,500,CLARABEL,optimal,237,37,0.011797619460000002
2021-05-28,temporal_assessment,v4_hysteresis,500000000.0,300.0,-0.013273898428603274,-0.016574031308750608,0.4778168207525656,0.027192721296167788,500,76,72,1.9999999777412945,8.815973125131382e-10,0.02986721269493922,0.024487282219029044,0.04000000250093354,0.020000000472642533,115.64917075269831,4.534122975878356,104150561.03999999,0.0003956653353085094,0.0004044675737642042,0.0024999999710746215,0.003300132880147335,0.34726833657051,7,252,500,CLARABEL,optimal,237,37,0.011797619460000002
2021-06-30,temporal_assessment,v4_hysteresis,10000000.0,50.0,0.029150905589660128,0.02845182868970831,0.35934753774815376,0.0024526044407694116,500,72,72,1.9999999833385074,5.5022890202427455e-09,0.03922375532594358,0.05000000367577645,0.040000000542374375,0.020000000478022188,115.38903467446104,4.324724139206031,95678915.825,0.0002483320987723135,3.407813913029054e-05,0.00041666666204921216,0.0006990768999518163,0.00648259204005449,0,252,500,CLARABEL,optimal,225,25,0.01159771959
2021-06-30,temporal_assessment,v4_hysteresis,10000000.0,150.0,0.029150905589660128,0.027618495365609886,0.35934753774815376,0.0024526044407694116,500,72,72,1.9999999833385074,5.5022890202427455e-09,0.03922375532594358,0.05000000367577645,0.040000000542374375,0.020000000478022188,115.38903467446104,4.324724139206031,95678915.825,0.0002483320987723135,3.407813913029054e-05,0.0012499999861476363,0.0015324102240502403,0.00648259204005449,0,252,500,CLARABEL,optimal,225,25,0.01159771959
2021-06-30,temporal_assessment,v4_hysteresis,10000000.0,300.0,0.029150905589660128,0.026368495379462252,0.35934753774815376,0.0024526044407694116,500,72,72,1.9999999833385074,5.5022890202427455e-09,0.03922375532594358,0.05000000367577645,0.040000000542374375,0.020000000478022188,115.38903467446104,4.324724139206031,95678915.825,0.0002483320987723135,3.407813913029054e-05,0.0024999999722952727,0.002782410210197877,0.00648259204005449,0,252,500,CLARABEL,optimal,225,25,0.01159771959
2021-06-30,temporal_assessment,v4_hysteresis,100000000.0,50.0,0.029150905589660128,0.028378142290766774,0.35934753774815376,0.0024526044407694116,500,72,72,1.9999999833385074,5.5022890202427455e-09,0.03922375532594358,0.05000000367577645,0.040000000542374375,0.020000000478022188,115.38903467446104,4.324724139206031,95678915.825,0.0002483320987723135,0.00010776453807182765,0.00041666666204921216,0.0007727632988933533,0.06482592040054488,0,252,500,CLARABEL,optimal,225,25,0.01159771959
2021-06-30,temporal_assessment,v4_hysteresis,100000000.0,150.0,0.029150905589660128,0.02754480896666835,0.35934753774815376,0.0024526044407694116,500,72,72,1.9999999833385074,5.5022890202427455e-09,0.03922375532594358,0.05000000367577645,0.040000000542374375,0.020000000478022188,115.38903467446104,4.324724139206031,95678915.825,0.0002483320987723135,0.00010776453807182765,0.0012499999861476363,0.0016060966229917775,0.06482592040054488,0,252,500,CLARABEL,optimal,225,25,0.01159771959
2021-06-30,temporal_assessment,v4_hysteresis,100000000.0,300.0,0.029150905589660128,0.026294808980520713,0.35934753774815376,0.0024526044407694116,500,72,72,1.9999999833385074,5.5022890202427455e-09,0.03922375532594358,0.05000000367577645,0.040000000542374375,0.020000000478022188,115.38903467446104,4.324724139206031,95678915.825,0.0002483320987723135,0.00010776453807182765,0.0024999999722952727,0.0028560966091394136,0.06482592040054488,0,252,500,CLARABEL,optimal,225,25,0.01159771959
2021-06-30,temporal_assessment,v4_hysteresis,500000000.0,50.0,0.029150905589660128,0.028244937996146132,0.35934753774815376,0.0024526044407694116,500,72,72,1.9999999833385074,5.5022890202427455e-09,0.03922375532594358,0.05000000367577645,0.040000000542374375,0.020000000478022188,115.38903467446104,4.324724139206031,95678915.825,0.0002483320987723135,0.00024096883269247074,0.00041666666204921216,0.0009059675935139963,0.3241296020027245,9,252,500,CLARABEL,optimal,225,25,0.01159771959
2021-06-30,temporal_assessment,v4_hysteresis,500000000.0,150.0,0.029150905589660128,0.02741160467204771,0.35934753774815376,0.0024526044407694116,500,72,72,1.9999999833385074,5.5022890202427455e-09,0.03922375532594358,0.05000000367577645,0.040000000542374375,0.020000000478022188,115.38903467446104,4.324724139206031,95678915.825,0.0002483320987723135,0.00024096883269247074,0.0012499999861476363,0.0017393009176124206,0.3241296020027245,9,252,500,CLARABEL,optimal,225,25,0.01159771959
2021-06-30,temporal_assessment,v4_hysteresis,500000000.0,300.0,0.029150905589660128,0.02616160468590007,0.35934753774815376,0.0024526044407694116,500,72,72,1.9999999833385074,5.5022890202427455e-09,0.03922375532594358,0.05000000367577645,0.040000000542374375,0.020000000478022188,115.38903467446104,4.324724139206031,95678915.825,0.0002483320987723135,0.00024096883269247074,0.0024999999722952727,0.0029893009037600567,0.3241296020027245,9,252,500,CLARABEL,optimal,225,25,0.01159771959
2021-07-30,temporal_assessment,v4_hysteresis,10000000.0,50.0,0.022916654724705623,0.02220658882087729,0.3754834256249652,0.01681371590106091,500,73,70,1.9999999918119902,8.629354175671011e-10,0.050000000524106386,0.04999994746180833,0.04000000197090811,0.0200000004955108,114.02934148272284,4.169500656041033,85285613.495665,0.0002516498416867692,4.17493973605123e-05,0.0004166666647810531,0.0007100659038283346,0.010000000015063173,0,252,500,CLARABEL,optimal,225,25,0.011016721050000003
2021-07-30,temporal_assessment,v4_hysteresis,10000000.0,150.0,0.022916654724705623,0.021373255491315184,0.3754834256249652,0.01681371590106091,500,73,70,1.9999999918119902,8.629354175671011e-10,0.050000000524106386,0.04999994746180833,0.04000000197090811,0.0200000004955108,114.02934148272284,4.169500656041033,85285613.495665,0.0002516498416867692,4.17493973605123e-05,0.0012499999943431591,0.0015433992333904406,0.010000000015063173,0,252,500,CLARABEL,optimal,225,25,0.011016721050000003
2021-07-30,temporal_assessment,v4_hysteresis,10000000.0,300.0,0.022916654724705623,0.020123255496972026,0.3754834256249652,0.01681371590106091,500,73,70,1.9999999918119902,8.629354175671011e-10,0.050000000524106386,0.04999994746180833,0.04000000197090811,0.0200000004955108,114.02934148272284,4.169500656041033,85285613.495665,0.0002516498416867692,4.17493973605123e-05,0.0024999999886863183,0.0027933992277335996,0.010000000015063173,0,252,500,CLARABEL,optimal,225,25,0.011016721050000003
2021-07-30,temporal_assessment,v4_hysteresis,100000000.0,50.0,0.022916654724705623,0.02211631503163916,0.3754834256249652,0.01681371590106091,500,73,70,1.9999999918119902,8.629354175671011e-10,0.050000000524106386,0.04999994746180833,0.04000000197090811,0.0200000004955108,114.02934148272284,4.169500656041033,85285613.495665,0.0002516498416867692,0.00013202318659864077,0.0004166666647810531,0.0008003396930664631,0.10000000015063172,1,252,500,CLARABEL,optimal,225,25,0.011016721050000003
2021-07-30,temporal_assessment,v4_hysteresis,100000000.0,150.0,0.022916654724705623,0.021282981702077056,0.3754834256249652,0.01681371590106091,500,73,70,1.9999999918119902,8.629354175671011e-10,0.050000000524106386,0.04999994746180833,0.04000000197090811,0.0200000004955108,114.02934148272284,4.169500656041033,85285613.495665,0.0002516498416867692,0.00013202318659864077,0.0012499999943431591,0.0016336730226285691,0.10000000015063172,1,252,500,CLARABEL,optimal,225,25,0.011016721050000003
2021-07-30,temporal_assessment,v4_hysteresis,100000000.0,300.0,0.022916654724705623,0.020032981707733894,0.3754834256249652,0.01681371590106091,500,73,70,1.9999999918119902,8.629354175671011e-10,0.050000000524106386,0.04999994746180833,0.04000000197090811,0.0200000004955108,114.02934148272284,4.169500656041033,85285613.495665,0.0002516498416867692,0.00013202318659864077,0.0024999999886863183,0.0028836730169717285,0.10000000015063172,1,252,500,CLARABEL,optimal,225,25,0.011016721050000003
2021-07-30,temporal_assessment,v4_hysteresis,500000000.0,50.0,0.022916654724705623,0.0219531253983971,0.3754834256249652,0.01681371590106091,500,73,70,1.9999999918119902,8.629354175671011e-10,0.050000000524106386,0.04999994746180833,0.04000000197090811,0.0200000004955108,114.02934148272284,4.169500656041033,85285613.495665,0.0002516498416867692,0.0002952128198407,0.0004166666647810531,0.0009635293263085224,0.5000000007531586,13,252,500,CLARABEL,optimal,225,25,0.011016721050000003
2021-07-30,temporal_assessment,v4_hysteresis,500000000.0,150.0,0.022916654724705623,0.021119792068834995,0.3754834256249652,0.01681371590106091,500,73,70,1.9999999918119902,8.629354175671011e-10,0.050000000524106386,0.04999994746180833,0.04000000197090811,0.0200000004955108,114.02934148272284,4.169500656041033,85285613.495665,0.0002516498416867692,0.0002952128198407,0.0012499999943431591,0.0017968626558706284,0.5000000007531586,13,252,500,CLARABEL,optimal,225,25,0.011016721050000003
2021-07-30,temporal_assessment,v4_hysteresis,500000000.0,300.0,0.022916654724705623,0.019869792074491837,0.3754834256249652,0.01681371590106091,500,73,70,1.9999999918119902,8.629354175671011e-10,0.050000000524106386,0.04999994746180833,0.04000000197090811,0.0200000004955108,114.02934148272284,4.169500656041033,85285613.495665,0.0002516498416867692,0.0002952128198407,0.0024999999886863183,0.0030468626502137873,0.5000000007531586,13,252,500,CLARABEL,optimal,225,25,0.011016721050000003
2021-08-31,temporal_assessment,v4_hysteresis,10000000.0,50.0,0.01804154891304772,0.01726695350526635,0.5010216171139918,-0.04692594073669622,500,68,67,1.9999999845449934,-2.3340322799492164e-09,0.04999999527403834,-0.017542529914741117,0.04000000026808829,0.02000000043769555,113.56733043047944,4.077803432820921,92337595.39,0.0003043072694728348,5.362147437540024e-05,0.0004166666639331304,0.0007745954077813654,0.005990430001285718,0,252,500,CLARABEL,optimal,220,20,0.010285161700000002
2021-08-31,temporal_assessment,v4_hysteresis,10000000.0,150.0,0.01804154891304772,0.01643362017740009,0.5010216171139918,-0.04692594073669622,500,68,67,1.9999999845449934,-2.3340322799492164e-09,0.04999999527403834,-0.017542529914741117,0.04000000026808829,0.02000000043769555,113.56733043047944,4.077803432820921,92337595.39,0.0003043072694728348,5.362147437540024e-05,0.0012499999917993912,0.0016079287356476264,0.005990430001285718,0,252,500,CLARABEL,optimal,220,20,0.010285161700000002
2021-08-31,temporal_assessment,v4_hysteresis,10000000.0,300.0,0.01804154891304772,0.0151836201856007,0.5010216171139918,-0.04692594073669622,500,68,67,1.9999999845449934,-2.3340322799492164e-09,0.04999999527403834,-0.017542529914741117,0.04000000026808829,0.02000000043769555,113.56733043047944,4.077803432820921,92337595.39,0.0003043072694728348,5.362147437540024e-05,0.0024999999835987824,0.0028579287274470176,0.005990430001285718,0,252,500,CLARABEL,optimal,220,20,0.010285161700000002
2021-08-31,temporal_assessment,v4_hysteresis,100000000.0,50.0,0.01804154891304772,0.017151008989119133,0.5010216171139918,-0.04692594073669622,500,68,67,1.9999999845449934,-2.3340322799492164e-09,0.04999999527403834,-0.017542529914741117,0.04000000026808829,0.02000000043769555,113.56733043047944,4.077803432820921,92337595.39,0.0003043072694728348,0.00016956599052261938,0.0004166666639331304,0.0008905399239285846,0.05990430001285717,0,252,500,CLARABEL,optimal,220,20,0.010285161700000002
2021-08-31,temporal_assessment,v4_hysteresis,100000000.0,150.0,0.01804154891304772,0.016317675661252872,0.5010216171139918,-0.04692594073669622,500,68,67,1.9999999845449934,-2.3340322799492164e-09,0.04999999527403834,-0.017542529914741117,0.04000000026808829,0.02000000043769555,113.56733043047944,4.077803432820921,92337595.39,0.0003043072694728348,0.00016956599052261938,0.0012499999917993912,0.0017238732517948453,0.05990430001285717,0,252,500,CLARABEL,optimal,220,20,0.010285161700000002
2021-08-31,temporal_assessment,v4_hysteresis,100000000.0,300.0,0.01804154891304772,0.015067675669453481,0.5010216171139918,-0.04692594073669622,500,68,67,1.9999999845449934,-2.3340322799492164e-09,0.04999999527403834,-0.017542529914741117,0.04000000026808829,0.02000000043769555,113.56733043047944,4.077803432820921,92337595.39,0.0003043072694728348,0.00016956599052261938,0.0024999999835987824,0.0029738732435942365,0.05990430001285717,0,252,500,CLARABEL,optimal,220,20,0.010285161700000002
2021-08-31,temporal_assessment,v4_hysteresis,500000000.0,50.0,0.01804154891304772,0.01694141389816109,0.5010216171139918,-0.04692594073669622,500,68,67,1.9999999845449934,-2.3340322799492164e-09,0.04999999527403834,-0.017542529914741117,0.04000000026808829,0.02000000043769555,113.56733043047944,4.077803432820921,92337595.39,0.0003043072694728348,0.00037916108148066204,0.0004166666639331304,0.0011001350148866272,0.29952150006428585,14,252,500,CLARABEL,optimal,220,20,0.010285161700000002
2021-08-31,temporal_assessment,v4_hysteresis,500000000.0,150.0,0.01804154891304772,0.01610808057029483,0.5010216171139918,-0.04692594073669622,500,68,67,1.9999999845449934,-2.3340322799492164e-09,0.04999999527403834,-0.017542529914741117,0.04000000026808829,0.02000000043769555,113.56733043047944,4.077803432820921,92337595.39,0.0003043072694728348,0.00037916108148066204,0.0012499999917993912,0.001933468342752888,0.29952150006428585,14,252,500,CLARABEL,optimal,220,20,0.010285161700000002
2021-08-31,temporal_assessment,v4_hysteresis,500000000.0,300.0,0.01804154891304772,0.014858080578495438,0.5010216171139918,-0.04692594073669622,500,68,67,1.9999999845449934,-2.3340322799492164e-09,0.04999999527403834,-0.017542529914741117,0.04000000026808829,0.02000000043769555,113.56733043047944,4.077803432820921,92337595.39,0.0003043072694728348,0.00037916108148066204,0.0024999999835987824,0.003183468334552279,0.29952150006428585,14,252,500,CLARABEL,optimal,220,20,0.010285161700000002
2021-09-30,temporal_assessment,v4_hysteresis,10000000.0,50.0,0.031506049099364455,0.03069814832987762,0.5228871019870058,0.07030101191169967,500,68,71,1.9999999649213354,-1.2388647413485998e-08,0.0499999867503505,0.05000001140159796,0.04000000085011789,0.020000000446130255,111.3076896382803,4.042254153773881,86871596.21011749,0.00033387785104138754,5.73562565058675e-05,0.0004166666619395798,0.0008079007694868348,0.007762438104975002,0,252,500,CLARABEL,optimal,221,21,0.008977956234999999
2021-09-30,temporal_assessment,v4_hysteresis,10000000.0,150.0,0.031506049099364455,0.02986481500599846,0.5228871019870058,0.07030101191169967,500,68,71,1.9999999649213354,-1.2388647413485998e-08,0.0499999867503505,0.05000001140159796,0.04000000085011789,0.020000000446130255,111.3076896382803,4.042254153773881,86871596.21011749,0.00033387785104138754,5.73562565058675e-05,0.0012499999858187395,0.0016412340933659945,0.007762438104975002,0,252,500,CLARABEL,optimal,221,21,0.008977956234999999
2021-09-30,temporal_assessment,v4_hysteresis,10000000.0,300.0,0.031506049099364455,0.02861481502017972,0.5228871019870058,0.07030101191169967,500,68,71,1.9999999649213354,-1.2388647413485998e-08,0.0499999867503505,0.05000001140159796,0.04000000085011789,0.020000000446130255,111.3076896382803,4.042254153773881,86871596.21011749,0.00033387785104138754,5.73562565058675e-05,0.002499999971637479,0.0028912340791847338,0.007762438104975002,0,252,500,CLARABEL,optimal,221,21,0.008977956234999999
2021-09-30,temporal_assessment,v4_hysteresis,100000000.0,50.0,0.031506049099364455,0.030574128177764098,0.5228871019870058,0.07030101191169967,500,68,71,1.9999999649213354,-1.2388647413485998e-08,0.0499999867503505,0.05000001140159796,0.04000000085011789,0.020000000446130255,111.3076896382803,4.042254153773881,86871596.21011749,0.00033387785104138754,0.00018137640861939209,0.0004166666619395798,0.0009319209216003593,0.07762438104975003,0,252,500,CLARABEL,optimal,221,21,0.008977956234999999
2021-09-30,temporal_assessment,v4_hysteresis,100000000.0,150.0,0.031506049099364455,0.029740794853884936,0.5228871019870058,0.07030101191169967,500,68,71,1.9999999649213354,-1.2388647413485998e-08,0.0499999867503505,0.05000001140159796,0.04000000085011789,0.020000000446130255,111.3076896382803,4.042254153773881,86871596.21011749,0.00033387785104138754,0.00018137640861939209,0.0012499999858187395,0.001765254245479519,0.07762438104975003,0,252,500,CLARABEL,optimal,221,21,0.008977956234999999
2021-09-30,temporal_assessment,v4_hysteresis,100000000.0,300.0,0.031506049099364455,0.028490794868066195,0.5228871019870058,0.07030101191169967,500,68,71,1.9999999649213354,-1.2388647413485998e-08,0.0499999867503505,0.05000001140159796,0.04000000085011789,0.020000000446130255,111.3076896382803,4.042254153773881,86871596.21011749,0.00033387785104138754,0.00018137640861939209,0.002499999971637479,0.0030152542312982585,0.07762438104975003,0,252,500,CLARABEL,optimal,221,21,0.008977956234999999
2021-09-30,temporal_assessment,v4_hysteresis,500000000.0,50.0,0.031506049099364455,0.030349934607195747,0.5228871019870058,0.07030101191169967,500,68,71,1.9999999649213354,-1.2388647413485998e-08,0.0499999867503505,0.05000001140159796,0.04000000085011789,0.020000000446130255,111.3076896382803,4.042254153773881,86871596.21011749,0.00033387785104138754,0.00040556997918773946,0.0004166666619395798,0.0011561144921687068,0.3881219052487501,15,252,500,CLARABEL,optimal,221,21,0.008977956234999999
2021-09-30,temporal_assessment,v4_hysteresis,500000000.0,150.0,0.031506049099364455,0.02951660128331659,0.5228871019870058,0.07030101191169967,500,68,71,1.9999999649213354,-1.2388647413485998e-08,0.0499999867503505,0.05000001140159796,0.04000000085011789,0.020000000446130255,111.3076896382803,4.042254153773881,86871596.21011749,0.00033387785104138754,0.00040556997918773946,0.0012499999858187395,0.0019894478160478665,0.3881219052487501,15,252,500,CLARABEL,optimal,221,21,0.008977956234999999
2021-09-30,temporal_assessment,v4_hysteresis,500000000.0,300.0,0.031506049099364455,0.028266601297497848,0.5228871019870058,0.07030101191169967,500,68,71,1.9999999649213354,-1.2388647413485998e-08,0.0499999867503505,0.05000001140159796,0.04000000085011789,0.020000000446130255,111.3076896382803,4.042254153773881,86871596.21011749,0.00033387785104138754,0.00040556997918773946,0.002499999971637479,0.003239447801866606,0.3881219052487501,15,252,500,CLARABEL,optimal,221,21,0.008977956234999999
2021-10-29,temporal_assessment,v4_hysteresis,10000000.0,50.0,0.009264874154924184,0.00855118243008532,0.473657841892025,-0.023085592924173896,500,65,72,1.999999975322123,-3.2783717199280638e-09,0.049999994912645146,0.05000000157078266,0.04000000038975532,0.020000000488796816,111.81072697963691,4.048992468901298,86080239.375,0.0002540897511712184,4.293531145920847e-05,0.00041666666220843636,0.0007136917248388632,0.005175950556385472,0,252,500,CLARABEL,optimal,228,28,0.0059229472000000005
2021-10-29,temporal_assessment,v4_hysteresis,10000000.0,150.0,0.009264874154924184,0.007717849105668448,0.473657841892025,-0.023085592924173896,500,65,72,1.999999975322123,-3.2783717199280638e-09,0.049999994912645146,0.05000000157078266,0.04000000038975532,0.020000000488796816,111.81072697963691,4.048992468901298,86080239.375,0.0002540897511712184,4.293531145920847e-05,0.0012499999866253091,0.001547025049255736,0.005175950556385472,0,252,500,CLARABEL,optimal,228,28,0.0059229472000000005
2021-10-29,temporal_assessment,v4_hysteresis,10000000.0,300.0,0.009264874154924184,0.0064678491190431385,0.473657841892025,-0.023085592924173896,500,65,72,1.999999975322123,-3.2783717199280638e-09,0.049999994912645146,0.05000000157078266,0.04000000038975532,0.020000000488796816,111.81072697963691,4.048992468901298,86080239.375,0.0002540897511712184,4.293531145920847e-05,0.0024999999732506183,0.0027970250358810454,0.005175950556385472,0,252,500,CLARABEL,optimal,228,28,0.0059229472000000005
2021-10-29,temporal_assessment,v4_hysteresis,100000000.0,50.0,0.009264874154924184,0.008458344365284703,0.473657841892025,-0.023085592924173896,500,65,72,1.999999975322123,-3.2783717199280638e-09,0.049999994912645146,0.05000000157078266,0.04000000038975532,0.020000000488796816,111.81072697963691,4.048992468901298,86080239.375,0.0002540897511712184,0.00013577337625982636,0.00041666666220843636,0.0008065297896394811,0.051759505563854724,0,252,500,CLARABEL,optimal,228,28,0.0059229472000000005
2021-10-29,temporal_assessment,v4_hysteresis,100000000.0,150.0,0.009264874154924184,0.00762501104086783,0.473657841892025,-0.023085592924173896,500,65,72,1.999999975322123,-3.2783717199280638e-09,0.049999994912645146,0.05000000157078266,0.04000000038975532,0.020000000488796816,111.81072697963691,4.048992468901298,86080239.375,0.0002540897511712184,0.00013577337625982636,0.0012499999866253091,0.0016398631140563539,0.051759505563854724,0,252,500,CLARABEL,optimal,228,28,0.0059229472000000005
2021-10-29,temporal_assessment,v4_hysteresis,100000000.0,300.0,0.009264874154924184,0.006375011054242521,0.473657841892025,-0.023085592924173896,500,65,72,1.999999975322123,-3.2783717199280638e-09,0.049999994912645146,0.05000000157078266,0.04000000038975532,0.020000000488796816,111.81072697963691,4.048992468901298,86080239.375,0.0002540897511712184,0.00013577337625982636,0.0024999999732506183,0.002889863100681663,0.051759505563854724,0,252,500,CLARABEL,optimal,228,28,0.0059229472000000005
2021-10-29,temporal_assessment,v4_hysteresis,500000000.0,50.0,0.009264874154924184,0.008290519242692902,0.473657841892025,-0.023085592924173896,500,65,72,1.999999975322123,-3.2783717199280638e-09,0.049999994912645146,0.05000000157078266,0.04000000038975532,0.020000000488796816,111.81072697963691,4.048992468901298,86080239.375,0.0002540897511712184,0.0003035984988516279,0.00041666666220843636,0.0009743549122312827,0.2587975278192736,12,252,500,CLARABEL,optimal,228,28,0.0059229472000000005
2021-10-29,temporal_assessment,v4_hysteresis,500000000.0,150.0,0.009264874154924184,0.007457185918276028,0.473657841892025,-0.023085592924173896,500,65,72,1.999999975322123,-3.2783717199280638e-09,0.049999994912645146,0.05000000157078266,0.04000000038975532,0.020000000488796816,111.81072697963691,4.048992468901298,86080239.375,0.0002540897511712184,0.0003035984988516279,0.0012499999866253091,0.0018076882366481555,0.2587975278192736,12,252,500,CLARABEL,optimal,228,28,0.0059229472000000005
2021-10-29,temporal_assessment,v4_hysteresis,500000000.0,300.0,0.009264874154924184,0.006207185931650719,0.473657841892025,-0.023085592924173896,500,65,72,1.999999975322123,-3.2783717199280638e-09,0.049999994912645146,0.05000000157078266,0.04000000038975532,0.020000000488796816,111.81072697963691,4.048992468901298,86080239.375,0.0002540897511712184,0.0003035984988516279,0.0024999999732506183,0.0030576882232734646,0.2587975278192736,12,252,500,CLARABEL,optimal,228,28,0.0059229472000000005
2021-11-30,temporal_assessment,v4_hysteresis,10000000.0,50.0,0.030492848806384202,0.02972023423824994,0.6554387295326236,0.028614548554190905,500,68,71,1.9999999819957492,7.2185565372362426e-09,0.050000005220133925,-0.04999998878710635,0.040000000448064274,0.020000000472856418,112.15810485649614,3.857998323655306,90826914.59,0.0002913865909574579,6.45613157648917e-05,0.0004166666614119152,0.0007726145681342648,0.007546222976020206,0,252,500,CLARABEL,optimal,220,20,0.005985505425
2021-11-30,temporal_assessment,v4_hysteresis,10000000.0,150.0,0.030492848806384202,0.028886900915426107,0.6554387295326236,0.028614548554190905,500,68,71,1.9999999819957492,7.2185565372362426e-09,0.050000005220133925,-0.04999998878710635,0.040000000448064274,0.020000000472856418,112.15810485649614,3.857998323655306,90826914.59,0.0002913865909574579,6.45613157648917e-05,0.0012499999842357455,0.0016059478909580952,0.007546222976020206,0,252,500,CLARABEL,optimal,220,20,0.005985505425
2021-11-30,temporal_assessment,v4_hysteresis,10000000.0,300.0,0.030492848806384202,0.02763690093119036,0.6554387295326236,0.028614548554190905,500,68,71,1.9999999819957492,7.2185565372362426e-09,0.050000005220133925,-0.04999998878710635,0.040000000448064274,0.020000000472856418,112.15810485649614,3.857998323655306,90826914.59,0.0002913865909574579,6.45613157648917e-05,0.002499999968471491,0.0028559478751938407,0.007546222976020206,0,252,500,CLARABEL,optimal,220,20,0.005985505425
2021-11-30,temporal_assessment,v4_hysteresis,100000000.0,50.0,0.030492848806384202,0.029580634747460435,0.6554387295326236,0.028614548554190905,500,68,71,1.9999999819957492,7.2185565372362426e-09,0.050000005220133925,-0.04999998878710635,0.040000000448064274,0.020000000472856418,112.15810485649614,3.857998323655306,90826914.59,0.0002913865909574579,0.0002041608065543936,0.0004166666614119152,0.0009122140589237666,0.07546222976020206,0,252,500,CLARABEL,optimal,220,20,0.005985505425
2021-11-30,temporal_assessment,v4_hysteresis,100000000.0,150.0,0.030492848806384202,0.028747301424636607,0.6554387295326236,0.028614548554190905,500,68,71,1.9999999819957492,7.2185565372362426e-09,0.050000005220133925,-0.04999998878710635,0.040000000448064274,0.020000000472856418,112.15810485649614,3.857998323655306,90826914.59,0.0002913865909574579,0.0002041608065543936,0.0012499999842357455,0.0017455473817475971,0.07546222976020206,0,252,500,CLARABEL,optimal,220,20,0.005985505425
2021-11-30,temporal_assessment,v4_hysteresis,100000000.0,300.0,0.030492848806384202,0.02749730144040086,0.6554387295326236,0.028614548554190905,500,68,71,1.9999999819957492,7.2185565372362426e-09,0.050000005220133925,-0.04999998878710635,0.040000000448064274,0.020000000472856418,112.15810485649614,3.857998323655306,90826914.59,0.0002913865909574579,0.0002041608065543936,0.002499999968471491,0.0029955473659833425,0.07546222976020206,0,252,500,CLARABEL,optimal,220,20,0.005985505425
2021-11-30,temporal_assessment,v4_hysteresis,500000000.0,50.0,0.030492848806384202,0.02932827811221802,0.6554387295326236,0.028614548554190905,500,68,71,1.9999999819957492,7.2185565372362426e-09,0.050000005220133925,-0.04999998878710635,0.040000000448064274,0.020000000472856418,112.15810485649614,3.857998323655306,90826914.59,0.0002913865909574579,0.0004565174417968087,0.0004166666614119152,0.0011645706941661818,0.3773111488010103,17,252,500,CLARABEL,optimal,220,20,0.005985505425
2021-11-30,temporal_assessment,v4_hysteresis,500000000.0,150.0,0.030492848806384202,0.02849494478939419,0.6554387295326236,0.028614548554190905,500,68,71,1.9999999819957492,7.2185565372362426e-09,0.050000005220133925,-0.04999998878710635,0.040000000448064274,0.020000000472856418,112.15810485649614,3.857998323655306,90826914.59,0.0002913865909574579,0.0004565174417968087,0.0012499999842357455,0.0019979040169900123,0.3773111488010103,17,252,500,CLARABEL,optimal,220,20,0.005985505425
2021-11-30,temporal_assessment,v4_hysteresis,500000000.0,300.0,0.030492848806384202,0.027244944805158443,0.6554387295326236,0.028614548554190905,500,68,71,1.9999999819957492,7.2185565372362426e-09,0.050000005220133925,-0.04999998878710635,0.040000000448064274,0.020000000472856418,112.15810485649614,3.857998323655306,90826914.59,0.0002913865909574579,0.0004565174417968087,0.002499999968471491,0.0032479040012257576,0.3773111488010103,17,252,500,CLARABEL,optimal,220,20,0.005985505425
2021-12-31,temporal_assessment,v4_hysteresis,10000000.0,50.0,0.007278780867334515,0.006474156225763308,0.4935297220575131,-0.06685990896312938,500,70,66,1.999999972888463,8.769317405912802e-09,0.050000008192442824,0.04884972812284427,0.040000004371207744,0.02000000044585063,112.99771252008144,3.8940829894993043,92268598.8996275,0.00033400900153718387,5.394898084253422e-05,0.0004166666591914888,0.0008046246415712068,0.007208255096613104,0,252,500,CLARABEL,optimal,225,25,0.00686157967
2021-12-31,temporal_assessment,v4_hysteresis,10000000.0,150.0,0.007278780867334515,0.005640822907380331,0.4935297220575131,-0.06685990896312938,500,70,66,1.999999972888463,8.769317405912802e-09,0.050000008192442824,0.04884972812284427,0.040000004371207744,0.02000000044585063,112.99771252008144,3.8940829894993043,92268598.8996275,0.00033400900153718387,5.394898084253422e-05,0.0012499999775744664,0.0016379579599541845,0.007208255096613104,0,252,500,CLARABEL,optimal,225,25,0.00686157967
2021-12-31,temporal_assessment,v4_hysteresis,10000000.0,300.0,0.007278780867334515,0.004390822929805865,0.4935297220575131,-0.06685990896312938,500,70,66,1.999999972888463,8.769317405912802e-09,0.050000008192442824,0.04884972812284427,0.040000004371207744,0.02000000044585063,112.99771252008144,3.8940829894993043,92268598.8996275,0.00033400900153718387,5.394898084253422e-05,0.0024999999551489327,0.0028879579375286507,0.007208255096613104,0,252,500,CLARABEL,optimal,225,25,0.00686157967
2021-12-31,temporal_assessment,v4_hysteresis,100000000.0,50.0,0.007278780867334515,0.006357503549698645,0.4935297220575131,-0.06685990896312938,500,70,66,1.999999972888463,8.769317405912802e-09,0.050000008192442824,0.04884972812284427,0.040000004371207744,0.02000000044585063,112.99771252008144,3.8940829894993043,92268598.8996275,0.00033400900153718387,0.00017060165690719782,0.0004166666591914888,0.0009212773176358704,0.07208255096613103,0,252,500,CLARABEL,optimal,225,25,0.00686157967
2021-12-31,temporal_assessment,v4_hysteresis,100000000.0,150.0,0.007278780867334515,0.005524170231315667,0.4935297220575131,-0.06685990896312938,500,70,66,1.999999972888463,8.769317405912802e-09,0.050000008192442824,0.04884972812284427,0.040000004371207744,0.02000000044585063,112.99771252008144,3.8940829894993043,92268598.8996275,0.00033400900153718387,0.00017060165690719782,0.0012499999775744664,0.001754610636018848,0.07208255096613103,0,252,500,CLARABEL,optimal,225,25,0.00686157967
2021-12-31,temporal_assessment,v4_hysteresis,100000000.0,300.0,0.007278780867334515,0.004274170253741201,0.4935297220575131,-0.06685990896312938,500,70,66,1.999999972888463,8.769317405912802e-09,0.050000008192442824,0.04884972812284427,0.040000004371207744,0.02000000044585063,112.99771252008144,3.8940829894993043,92268598.8996275,0.00033400900153718387,0.00017060165690719782,0.0024999999551489327,0.0030046106135933146,0.07208255096613103,0,252,500,CLARABEL,optimal,225,25,0.00686157967
2021-12-31,temporal_assessment,v4_hysteresis,500000000.0,50.0,0.007278780867334515,0.006146628304687252,0.4935297220575131,-0.06685990896312938,500,70,66,1.999999972888463,8.769317405912802e-09,0.050000008192442824,0.04884972812284427,0.040000004371207744,0.02000000044585063,112.99771252008144,3.8940829894993043,92268598.8996275,0.00033400900153718387,0.00038147690191859087,0.0004166666591914888,0.0011321525626472634,0.3604127548306552,14,252,500,CLARABEL,optimal,225,25,0.00686157967
2021-12-31,temporal_assessment,v4_hysteresis,500000000.0,150.0,0.007278780867334515,0.005313294986304274,0.4935297220575131,-0.06685990896312938,500,70,66,1.999999972888463,8.769317405912802e-09,0.050000008192442824,0.04884972812284427,0.040000004371207744,0.02000000044585063,112.99771252008144,3.8940829894993043,92268598.8996275,0.00033400900153718387,0.00038147690191859087,0.0012499999775744664,0.0019654858810302413,0.3604127548306552,14,252,500,CLARABEL,optimal,225,25,0.00686157967
2021-12-31,temporal_assessment,v4_hysteresis,500000000.0,300.0,0.007278780867334515,0.004063295008729808,0.4935297220575131,-0.06685990896312938,500,70,66,1.999999972888463,8.769317405912802e-09,0.050000008192442824,0.04884972812284427,0.040000004371207744,0.02000000044585063,112.99771252008144,3.8940829894993043,92268598.8996275,0.00033400900153718387,0.00038147690191859087,0.0024999999551489327,0.0032154858586047074,0.3604127548306552,14,252,500,CLARABEL,optimal,225,25,0.00686157967
2022-01-31,temporal_assessment,v4_hysteresis,10000000.0,50.0,0.024158155374628475,0.023279273810745894,0.722424510860451,-0.027979310009323372,500,67,70,1.9999999311511512,2.5826508986970254e-10,0.04999998373010947,-0.049999959814667386,0.0400000018589824,0.02000000077008661,112.68376603817538,4.103768280491118,103734061.886285,0.0003750959601210827,8.71189514921472e-05,0.0004166666522693513,0.0008788815638825812,0.006946293380773639,0,252,500,CLARABEL,optimal,226,26,0.0081502423
2022-01-31,temporal_assessment,v4_hysteresis,10000000.0,150.0,0.024158155374628475,0.022445940506207192,0.722424510860451,-0.027979310009323372,500,67,70,1.9999999311511512,2.5826508986970254e-10,0.04999998373010947,-0.049999959814667386,0.0400000018589824,0.02000000077008661,112.68376603817538,4.103768280491118,103734061.886285,0.0003750959601210827,8.71189514921472e-05,0.001249999956808054,0.0017122148684212838,0.006946293380773639,0,252,500,CLARABEL,optimal,226,26,0.0081502423
2022-01-31,temporal_assessment,v4_hysteresis,10000000.0,300.0,0.024158155374628475,0.021195940549399137,0.722424510860451,-0.027979310009323372,500,67,70,1.9999999311511512,2.5826508986970254e-10,0.04999998373010947,-0.049999959814667386,0.0400000018589824,0.02000000077008661,112.68376603817538,4.103768280491118,103734061.886285,0.0003750959601210827,8.71189514921472e-05,0.002499999913616108,0.002962214825229338,0.006946293380773639,0,252,500,CLARABEL,optimal,226,26,0.0081502423
2022-01-31,temporal_assessment,v4_hysteresis,100000000.0,50.0,0.024158155374628475,0.02309089844815713,0.722424510860451,-0.027979310009323372,500,67,70,1.9999999311511512,2.5826508986970254e-10,0.04999998373010947,-0.049999959814667386,0.0400000018589824,0.02000000077008661,112.68376603817538,4.103768280491118,103734061.886285,0.0003750959601210827,0.0002754943140809098,0.0004166666522693513,0.0010672569264713438,0.0694629338077364,0,252,500,CLARABEL,optimal,226,26,0.0081502423
2022-01-31,temporal_assessment,v4_hysteresis,100000000.0,150.0,0.024158155374628475,0.02225756514361843,0.722424510860451,-0.027979310009323372,500,67,70,1.9999999311511512,2.5826508986970254e-10,0.04999998373010947,-0.049999959814667386,0.0400000018589824,0.02000000077008661,112.68376603817538,4.103768280491118,103734061.886285,0.0003750959601210827,0.0002754943140809098,0.001249999956808054,0.0019005902310100463,0.0694629338077364,0,252,500,CLARABEL,optimal,226,26,0.0081502423
2022-01-31,temporal_assessment,v4_hysteresis,100000000.0,300.0,0.024158155374628475,0.021007565186810375,0.722424510860451,-0.027979310009323372,500,67,70,1.9999999311511512,2.5826508986970254e-10,0.04999998373010947,-0.049999959814667386,0.0400000018589824,0.02000000077008661,112.68376603817538,4.103768280491118,103734061.886285,0.0003750959601210827,0.0002754943140809098,0.002499999913616108,0.0031505901878181005,0.0694629338077364,0,252,500,CLARABEL,optimal,226,26,0.0081502423
2022-01-31,temporal_assessment,v4_hysteresis,500000000.0,50.0,0.024158155374628475,0.02275036874853845,0.722424510860451,-0.027979310009323372,500,67,70,1.9999999311511512,2.5826508986970254e-10,0.04999998373010947,-0.049999959814667386,0.0400000018589824,0.02000000077008661,112.68376603817538,4.103768280491118,103734061.886285,0.0003750959601210827,0.0006160240136995918,0.0004166666522693513,0.0014077866260900258,0.3473146690386819,19,252,500,CLARABEL,optimal,226,26,0.0081502423
2022-01-31,temporal_assessment,v4_hysteresis,500000000.0,150.0,0.024158155374628475,0.021917035443999748,0.722424510860451,-0.027979310009323372,500,67,70,1.9999999311511512,2.5826508986970254e-10,0.04999998373010947,-0.049999959814667386,0.0400000018589824,0.02000000077008661,112.68376603817538,4.103768280491118,103734061.886285,0.0003750959601210827,0.0006160240136995918,0.001249999956808054,0.0022411199306287283,0.3473146690386819,19,252,500,CLARABEL,optimal,226,26,0.0081502423
2022-01-31,temporal_assessment,v4_hysteresis,500000000.0,300.0,0.024158155374628475,0.020667035487191694,0.722424510860451,-0.027979310009323372,500,67,70,1.9999999311511512,2.5826508986970254e-10,0.04999998373010947,-0.049999959814667386,0.0400000018589824,0.02000000077008661,112.68376603817538,4.103768280491118,103734061.886285,0.0003750959601210827,0.0006160240136995918,0.002499999913616108,0.003491119887436782,0.3473146690386819,19,252,500,CLARABEL,optimal,226,26,0.0081502423
2022-02-28,temporal_assessment,v4_hysteresis,10000000.0,50.0,-0.027465732954113586,-0.028459078729307204,0.7499999601790334,0.035663712598456576,500,64,79,1.999999957501897,-4.636011345648949e-09,0.04999999635148428,0.05000000055897587,0.04000000072235012,0.020000000713701373,113.440663569279,4.295379157886544,92314361.34,0.00047475123437570714,0.00010192788203917776,0.00041666665877873095,0.0009933457751936158,0.008215646934850477,0,252,500,CLARABEL,optimal,238,38,0.008248778100000001
2022-02-28,temporal_assessment,v4_hysteresis,10000000.0,150.0,-0.027465732954113586,-0.029292412046864665,0.7499999601790334,0.035663712598456576,500,64,79,1.999999957501897,-4.636011345648949e-09,0.04999999635148428,0.05000000055897587,0.04000000072235012,0.020000000713701373,113.440663569279,4.295379157886544,92314361.34,0.00047475123437570714,0.00010192788203917776,0.0012499999763361928,0.0018266790927510775,0.008215646934850477,0,252,500,CLARABEL,optimal,238,38,0.008248778100000001
2022-02-28,temporal_assessment,v4_hysteresis,10000000.0,300.0,-0.027465732954113586,-0.030542412023200856,0.7499999601790334,0.035663712598456576,500,64,79,1.999999957501897,-4.636011345648949e-09,0.04999999635148428,0.05000000055897587,0.04000000072235012,0.020000000713701373,113.440663569279,4.295379157886544,92314361.34,0.00047475123437570714,0.00010192788203917776,0.0024999999526723856,0.0030766790690872703,0.008215646934850477,0,252,500,CLARABEL,optimal,238,38,0.008248778100000001
2022-02-28,temporal_assessment,v4_hysteresis,100000000.0,50.0,-0.027465732954113586,-0.028679475111588793,0.7499999601790334,0.035663712598456576,500,64,79,1.999999957501897,-4.636011345648949e-09,0.04999999635148428,0.05000000055897587,0.04000000072235012,0.020000000713701373,113.440663569279,4.295379157886544,92314361.34,0.00047475123437570714,0.0003223242643207696,0.00041666665877873095,0.0012137421574752076,0.08215646934850478,0,252,500,CLARABEL,optimal,238,38,0.008248778100000001
2022-02-28,temporal_assessment,v4_hysteresis,100000000.0,150.0,-0.027465732954113586,-0.029512808429146255,0.7499999601790334,0.035663712598456576,500,64,79,1.999999957501897,-4.636011345648949e-09,0.04999999635148428,0.05000000055897587,0.04000000072235012,0.020000000713701373,113.440663569279,4.295379157886544,92314361.34,0.00047475123437570714,0.0003223242643207696,0.0012499999763361928,0.0020470754750326696,0.08215646934850478,0,252,500,CLARABEL,optimal,238,38,0.008248778100000001
2022-02-28,temporal_assessment,v4_hysteresis,100000000.0,300.0,-0.027465732954113586,-0.03076280840548245,0.7499999601790334,0.035663712598456576,500,64,79,1.999999957501897,-4.636011345648949e-09,0.04999999635148428,0.05000000055897587,0.04000000072235012,0.020000000713701373,113.440663569279,4.295379157886544,92314361.34,0.00047475123437570714,0.0003223242643207696,0.0024999999526723856,0.0032970754513688624,0.08215646934850478,0,252,500,CLARABEL,optimal,238,38,0.008248778100000001
2022-02-28,temporal_assessment,v4_hysteresis,500000000.0,50.0,-0.027465732954113586,-0.029077889813086875,0.7499999601790334,0.035663712598456576,500,64,79,1.999999957501897,-4.636011345648949e-09,0.04999999635148428,0.05000000055897587,0.04000000072235012,0.020000000713701373,113.440663569279,4.295379157886544,92314361.34,0.00047475123437570714,0.000720738965818851,0.00041666665877873095,0.001612156858973289,0.41078234674252384,15,252,500,CLARABEL,optimal,238,38,0.008248778100000001
2022-02-28,temporal_assessment,v4_hysteresis,500000000.0,150.0,-0.027465732954113586,-0.029911223130644336,0.7499999601790334,0.035663712598456576,500,64,79,1.999999957501897,-4.636011345648949e-09,0.04999999635148428,0.05000000055897587,0.04000000072235012,0.020000000713701373,113.440663569279,4.295379157886544,92314361.34,0.00047475123437570714,0.000720738965818851,0.0012499999763361928,0.0024454901765307508,0.41078234674252384,15,252,500,CLARABEL,optimal,238,38,0.008248778100000001
2022-02-28,temporal_assessment,v4_hysteresis,500000000.0,300.0,-0.027465732954113586,-0.03116122310698053,0.7499999601790334,0.035663712598456576,500,64,79,1.999999957501897,-4.636011345648949e-09,0.04999999635148428,0.05000000055897587,0.04000000072235012,0.020000000713701373,113.440663569279,4.295379157886544,92314361.34,0.00047475123437570714,0.000720738965818851,0.0024999999526723856,0.0036954901528669436,0.41078234674252384,15,252,500,CLARABEL,optimal,238,38,0.008248778100000001
2022-03-31,temporal_assessment,v4_hysteresis,10000000.0,50.0,-0.0022209897937134626,-0.003113085949907926,0.7499999667544467,-0.09440259933638338,500,65,80,1.9999999803252373,-7.587025313560147e-10,0.04999999849272768,0.050000000098595204,0.04000000035244907,0.02000000071253511,113.9985920612901,4.338869521877615,95884139.74000001,0.0003911335839049316,8.429590956371093e-05,0.00041666666272582083,0.0008920961561944634,0.009999999440905714,0,252,500,CLARABEL,optimal,237,37,0.00760719576
2022-03-31,temporal_assessment,v4_hysteresis,10000000.0,150.0,-0.0022209897937134626,-0.003946419275359568,0.7499999667544467,-0.09440259933638338,500,65,80,1.9999999803252373,-7.587025313560147e-10,0.04999999849272768,0.050000000098595204,0.04000000035244907,0.02000000071253511,113.9985920612901,4.338869521877615,95884139.74000001,0.0003911335839049316,8.429590956371093e-05,0.0012499999881774625,0.001725429481646105,0.009999999440905714,0,252,500,CLARABEL,optimal,237,37,0.00760719576
2022-03-31,temporal_assessment,v4_hysteresis,10000000.0,300.0,-0.0022209897937134626,-0.00519641926353703,0.7499999667544467,-0.09440259933638338,500,65,80,1.9999999803252373,-7.587025313560147e-10,0.04999999849272768,0.050000000098595204,0.04000000035244907,0.02000000071253511,113.9985920612901,4.338869521877615,95884139.74000001,0.0003911335839049316,8.429590956371093e-05,0.002499999976354925,0.0029754294698235676,0.009999999440905714,0,252,500,CLARABEL,optimal,237,37,0.00760719576
2022-03-31,temporal_assessment,v4_hysteresis,100000000.0,50.0,-0.0022209897937134626,-0.003295357112001112,0.7499999667544467,-0.09440259933638338,500,65,80,1.9999999803252373,-7.587025313560147e-10,0.04999999849272768,0.050000000098595204,0.04000000035244907,0.02000000071253511,113.9985920612901,4.338869521877615,95884139.74000001,0.0003911335839049316,0.0002665670716568971,0.00041666666272582083,0.0010743673182876496,0.09999999440905714,0,252,500,CLARABEL,optimal,237,37,0.00760719576
2022-03-31,temporal_assessment,v4_hysteresis,100000000.0,150.0,-0.0022209897937134626,-0.004128690437452754,0.7499999667544467,-0.09440259933638338,500,65,80,1.9999999803252373,-7.587025313560147e-10,0.04999999849272768,0.050000000098595204,0.04000000035244907,0.02000000071253511,113.9985920612901,4.338869521877615,95884139.74000001,0.0003911335839049316,0.0002665670716568971,0.0012499999881774625,0.0019077006437392913,0.09999999440905714,0,252,500,CLARABEL,optimal,237,37,0.00760719576
2022-03-31,temporal_assessment,v4_hysteresis,100000000.0,300.0,-0.0022209897937134626,-0.005378690425630216,0.7499999667544467,-0.09440259933638338,500,65,80,1.9999999803252373,-7.587025313560147e-10,0.04999999849272768,0.050000000098595204,0.04000000035244907,0.02000000071253511,113.9985920612901,4.338869521877615,95884139.74000001,0.0003911335839049316,0.0002665670716568971,0.002499999976354925,0.0031577006319167536,0.09999999440905714,0,252,500,CLARABEL,optimal,237,37,0.00760719576
2022-03-31,temporal_assessment,v4_hysteresis,500000000.0,50.0,-0.0022209897937134626,-0.0036248521331320943,0.7499999667544467,-0.09440259933638338,500,65,80,1.9999999803252373,-7.587025313560147e-10,0.04999999849272768,0.050000000098595204,0.04000000035244907,0.02000000071253511,113.9985920612901,4.338869521877615,95884139.74000001,0.0003911335839049316,0.0005960620927878796,0.00041666666272582083,0.001403862339418632,0.49999997204528573,17,252,500,CLARABEL,optimal,237,37,0.00760719576
2022-03-31,temporal_assessment,v4_hysteresis,500000000.0,150.0,-0.0022209897937134626,-0.004458185458583736,0.7499999667544467,-0.09440259933638338,500,65,80,1.9999999803252373,-7.587025313560147e-10,0.04999999849272768,0.050000000098595204,0.04000000035244907,0.02000000071253511,113.9985920612901,4.338869521877615,95884139.74000001,0.0003911335839049316,0.0005960620927878796,0.0012499999881774625,0.0022371956648702734,0.49999997204528573,17,252,500,CLARABEL,optimal,237,37,0.00760719576
2022-03-31,temporal_assessment,v4_hysteresis,500000000.0,300.0,-0.0022209897937134626,-0.0057081854467611985,0.7499999667544467,-0.09440259933638338,500,65,80,1.9999999803252373,-7.587025313560147e-10,0.04999999849272768,0.050000000098595204,0.04000000035244907,0.02000000071253511,113.9985920612901,4.338869521877615,95884139.74000001,0.0003911335839049316,0.0005960620927878796,0.002499999976354925,0.003487195653047736,0.49999997204528573,17,252,500,CLARABEL,optimal,237,37,0.00760719576
2022-04-29,temporal_assessment,v4_hysteresis,10000000.0,50.0,-0.0236187647604741,-0.024532302495161133,0.7089518815645699,0.0019120842302785671,500,66,74,1.999999974881066,7.413659540433937e-09,0.05000000600433324,-0.044523227712845614,0.04000000134489269,0.020000000702981077,113.76443975801502,4.243227137322553,98828053.31,0.0004125706066119699,8.430046818602046e-05,0.00041666665988904315,0.0009135377346870335,0.006356933590940477,0,252,500,CLARABEL,optimal,230,30,0.0067238296
2022-04-29,temporal_assessment,v4_hysteresis,10000000.0,150.0,-0.0236187647604741,-0.02536563581493922,0.7089518815645699,0.0019120842302785671,500,66,74,1.999999974881066,7.413659540433937e-09,0.05000000600433324,-0.044523227712845614,0.04000000134489269,0.020000000702981077,113.76443975801502,4.243227137322553,98828053.31,0.0004125706066119699,8.430046818602046e-05,0.0012499999796671294,0.0017468710544651198,0.006356933590940477,0,252,500,CLARABEL,optimal,230,30,0.0067238296
2022-04-29,temporal_assessment,v4_hysteresis,10000000.0,300.0,-0.0236187647604741,-0.02661563579460635,0.7089518815645699,0.0019120842302785671,500,66,74,1.999999974881066,7.413659540433937e-09,0.05000000600433324,-0.044523227712845614,0.04000000134489269,0.020000000702981077,113.76443975801502,4.243227137322553,98828053.31,0.0004125706066119699,8.430046818602046e-05,0.002499999959334259,0.002996871034132249,0.006356933590940477,0,252,500,CLARABEL,optimal,230,30,0.0067238296
2022-04-29,temporal_assessment,v4_hysteresis,100000000.0,50.0,-0.0236187647604741,-0.0247145835142615,0.7089518815645699,0.0019120842302785671,500,66,74,1.999999974881066,7.413659540433937e-09,0.05000000600433324,-0.044523227712845614,0.04000000134489269,0.020000000702981077,113.76443975801502,4.243227137322553,98828053.31,0.0004125706066119699,0.0002665814872863877,0.00041666665988904315,0.0010958187537874007,0.06356933590940476,0,252,500,CLARABEL,optimal,230,30,0.0067238296
2022-04-29,temporal_assessment,v4_hysteresis,100000000.0,150.0,-0.0236187647604741,-0.025547916834039588,0.7089518815645699,0.0019120842302785671,500,66,74,1.999999974881066,7.413659540433937e-09,0.05000000600433324,-0.044523227712845614,0.04000000134489269,0.020000000702981077,113.76443975801502,4.243227137322553,98828053.31,0.0004125706066119699,0.0002665814872863877,0.0012499999796671294,0.001929152073565487,0.06356933590940476,0,252,500,CLARABEL,optimal,230,30,0.0067238296
2022-04-29,temporal_assessment,v4_hysteresis,100000000.0,300.0,-0.0236187647604741,-0.026797916813706718,0.7089518815645699,0.0019120842302785671,500,66,74,1.999999974881066,7.413659540433937e-09,0.05000000600433324,-0.044523227712845614,0.04000000134489269,0.020000000702981077,113.76443975801502,4.243227137322553,98828053.31,0.0004125706066119699,0.0002665814872863877,0.002499999959334259,0.0031791520532326164,0.06356933590940476,0,252,500,CLARABEL,optimal,230,30,0.0067238296
2022-04-29,temporal_assessment,v4_hysteresis,500000000.0,50.0,-0.0236187647604741,-0.025044096354090474,0.7089518815645699,0.0019120842302785671,500,66,74,1.999999974881066,7.413659540433937e-09,0.05000000600433324,-0.044523227712845614,0.04000000134489269,0.020000000702981077,113.76443975801502,4.243227137322553,98828053.31,0.0004125706066119699,0.0005960943271153588,0.00041666665988904315,0.001425331593616372,0.3178466795470238,20,252,500,CLARABEL,optimal,230,30,0.0067238296
2022-04-29,temporal_assessment,v4_hysteresis,500000000.0,150.0,-0.0236187647604741,-0.02587742967386856,0.7089518815645699,0.0019120842302785671,500,66,74,1.999999974881066,7.413659540433937e-09,0.05000000600433324,-0.044523227712845614,0.04000000134489269,0.020000000702981077,113.76443975801502,4.243227137322553,98828053.31,0.0004125706066119699,0.0005960943271153588,0.0012499999796671294,0.0022586649133944582,0.3178466795470238,20,252,500,CLARABEL,optimal,230,30,0.0067238296
2022-04-29,temporal_assessment,v4_hysteresis,500000000.0,300.0,-0.0236187647604741,-0.02712742965353569,0.7089518815645699,0.0019120842302785671,500,66,74,1.999999974881066,7.413659540433937e-09,0.05000000600433324,-0.044523227712845614,0.04000000134489269,0.020000000702981077,113.76443975801502,4.243227137322553,98828053.31,0.0004125706066119699,0.0005960943271153588,0.002499999959334259,0.0035086648930615877,0.3178466795470238,20,252,500,CLARABEL,optimal,230,30,0.0067238296
2022-05-31,temporal_assessment,v4_hysteresis,10000000.0,50.0,-0.009037072927311252,-0.00983735035671549,0.6240897336227007,-0.09049690665352139,500,67,72,1.9999999826222221,-1.2827235853357655e-09,0.049999997608477675,-0.04999998960526063,0.04000000044263621,0.020000000630015488,114.039677397282,4.080810709958976,101821386.344015,0.0003045311281725129,7.907963791819427e-05,0.0004166666633135304,0.0008002774294042375,0.00874687189030211,0,252,500,CLARABEL,optimal,219,19,0.006863993600000001
2022-05-31,temporal_assessment,v4_hysteresis,10000000.0,150.0,-0.009037072927311252,-0.01067068368334255,0.6240897336227007,-0.09049690665352139,500,67,72,1.9999999826222221,-1.2827235853357655e-09,0.049999997608477675,-0.04999998960526063,0.04000000044263621,0.020000000630015488,114.039677397282,4.080810709958976,101821386.344015,0.0003045311281725129,7.907963791819427e-05,0.001249999989940591,0.001633610756031298,0.00874687189030211,0,252,500,CLARABEL,optimal,219,19,0.006863993600000001
2022-05-31,temporal_assessment,v4_hysteresis,10000000.0,300.0,-0.009037072927311252,-0.011920683673283142,0.6240897336227007,-0.09049690665352139,500,67,72,1.9999999826222221,-1.2827235853357655e-09,0.049999997608477675,-0.04999998960526063,0.04000000044263621,0.020000000630015488,114.039677397282,4.080810709958976,101821386.344015,0.0003045311281725129,7.907963791819427e-05,0.002499999979881182,0.0028836107459718893,0.00874687189030211,0,252,500,CLARABEL,optimal,219,19,0.006863993600000001
2022-05-31,temporal_assessment,v4_hysteresis,100000000.0,50.0,-0.009037072927311252,-0.010008342491160206,0.6240897336227007,-0.09049690665352139,500,67,72,1.9999999826222221,-1.2827235853357655e-09,0.049999997608477675,-0.04999998960526063,0.04000000044263621,0.020000000630015488,114.039677397282,4.080810709958976,101821386.344015,0.0003045311281725129,0.00025007177236291,0.0004166666633135304,0.0009712695638489533,0.0874687189030211,0,252,500,CLARABEL,optimal,219,19,0.006863993600000001
2022-05-31,temporal_assessment,v4_hysteresis,100000000.0,150.0,-0.009037072927311252,-0.010841675817787267,0.6240897336227007,-0.09049690665352139,500,67,72,1.9999999826222221,-1.2827235853357655e-09,0.049999997608477675,-0.04999998960526063,0.04000000044263621,0.020000000630015488,114.039677397282,4.080810709958976,101821386.344015,0.0003045311281725129,0.00025007177236291,0.001249999989940591,0.0018046028904760139,0.0874687189030211,0,252,500,CLARABEL,optimal,219,19,0.006863993600000001
2022-05-31,temporal_assessment,v4_hysteresis,100000000.0,300.0,-0.009037072927311252,-0.012091675807727856,0.6240897336227007,-0.09049690665352139,500,67,72,1.9999999826222221,-1.2827235853357655e-09,0.049999997608477675,-0.04999998960526063,0.04000000044263621,0.020000000630015488,114.039677397282,4.080810709958976,101821386.344015,0.0003045311281725129,0.00025007177236291,0.002499999979881182,0.003054602880416605,0.0874687189030211,0,252,500,CLARABEL,optimal,219,19,0.006863993600000001
2022-05-31,temporal_assessment,v4_hysteresis,500000000.0,50.0,-0.009037072927311252,-0.010317448201054616,0.6240897336227007,-0.09049690665352139,500,67,72,1.9999999826222221,-1.2827235853357655e-09,0.049999997608477675,-0.04999998960526063,0.04000000044263621,0.020000000630015488,114.039677397282,4.080810709958976,101821386.344015,0.0003045311281725129,0.00055917748225732,0.0004166666633135304,0.0012803752737433633,0.43734359451510546,14,252,500,CLARABEL,optimal,219,19,0.006863993600000001
2022-05-31,temporal_assessment,v4_hysteresis,500000000.0,150.0,-0.009037072927311252,-0.011150781527681676,0.6240897336227007,-0.09049690665352139,500,67,72,1.9999999826222221,-1.2827235853357655e-09,0.049999997608477675,-0.04999998960526063,0.04000000044263621,0.020000000630015488,114.039677397282,4.080810709958976,101821386.344015,0.0003045311281725129,0.00055917748225732,0.001249999989940591,0.002113708600370424,0.43734359451510546,14,252,500,CLARABEL,optimal,219,19,0.006863993600000001
2022-05-31,temporal_assessment,v4_hysteresis,500000000.0,300.0,-0.009037072927311252,-0.012400781517622268,0.6240897336227007,-0.09049690665352139,500,67,72,1.9999999826222221,-1.2827235853357655e-09,0.049999997608477675,-0.04999998960526063,0.04000000044263621,0.020000000630015488,114.039677397282,4.080810709958976,101821386.344015,0.0003045311281725129,0.00055917748225732,0.002499999979881182,0.003363708590311015,0.43734359451510546,14,252,500,CLARABEL,optimal,219,19,0.006863993600000001
2022-06-30,temporal_assessment,v4_hysteresis,10000000.0,50.0,-0.01442837428708207,-0.015253772576491761,0.6739633213170269,0.08045413710252111,500,70,68,1.9999999510585944,-1.4395354935858862e-08,0.04999998819092227,-0.04999999400284906,0.04000000415240887,0.02000000062454926,114.2736693775596,3.5608777495820334,97808558.43,0.0003069086928928147,0.00010182293704730247,0.00041666665946957275,0.00082539828940969,0.007674171257431851,0,252,500,CLARABEL,optimal,219,19,0.006559376140000001
2022-06-30,temporal_assessment,v4_hysteresis,10000000.0,150.0,-0.01442837428708207,-0.016087105895430907,0.6739633213170269,0.08045413710252111,500,70,68,1.9999999510585944,-1.4395354935858862e-08,0.04999998819092227,-0.04999999400284906,0.04000000415240887,0.02000000062454926,114.2736693775596,3.5608777495820334,97808558.43,0.0003069086928928147,0.00010182293704730247,0.0012499999784087183,0.0016587316083488354,0.007674171257431851,0,252,500,CLARABEL,optimal,219,19,0.006559376140000001
2022-06-30,temporal_assessment,v4_hysteresis,10000000.0,300.0,-0.01442837428708207,-0.017337105873839624,0.6739633213170269,0.08045413710252111,500,70,68,1.9999999510585944,-1.4395354935858862e-08,0.04999998819092227,-0.04999999400284906,0.04000000415240887,0.02000000062454926,114.2736693775596,3.5608777495820334,97808558.43,0.0003069086928928147,0.00010182293704730247,0.0024999999568174366,0.002908731586757554,0.007674171257431851,0,252,500,CLARABEL,optimal,219,19,0.006559376140000001
2022-06-30,temporal_assessment,v4_hysteresis,100000000.0,50.0,-0.01442837428708207,-0.015473942038561873,0.6739633213170269,0.08045413710252111,500,70,68,1.9999999510585944,-1.4395354935858862e-08,0.04999998819092227,-0.04999999400284906,0.04000000415240887,0.02000000062454926,114.2736693775596,3.5608777495820334,97808558.43,0.0003069086928928147,0.0003219923991174158,0.00041666665946957275,0.0010455677514798031,0.0767417125743185,0,252,500,CLARABEL,optimal,219,19,0.006559376140000001
2022-06-30,temporal_assessment,v4_hysteresis,100000000.0,150.0,-0.01442837428708207,-0.016307275357501018,0.6739633213170269,0.08045413710252111,500,70,68,1.9999999510585944,-1.4395354935858862e-08,0.04999998819092227,-0.04999999400284906,0.04000000415240887,0.02000000062454926,114.2736693775596,3.5608777495820334,97808558.43,0.0003069086928928147,0.0003219923991174158,0.0012499999784087183,0.0018789010704189488,0.0767417125743185,0,252,500,CLARABEL,optimal,219,19,0.006559376140000001
2022-06-30,temporal_assessment,v4_hysteresis,100000000.0,300.0,-0.01442837428708207,-0.017557275335909738,0.6739633213170269,0.08045413710252111,500,70,68,1.9999999510585944,-1.4395354935858862e-08,0.04999998819092227,-0.04999999400284906,0.04000000415240887,0.02000000062454926,114.2736693775596,3.5608777495820334,97808558.43,0.0003069086928928147,0.0003219923991174158,0.0024999999568174366,0.003128901048827667,0.0767417125743185,0,252,500,CLARABEL,optimal,219,19,0.006559376140000001
2022-06-30,temporal_assessment,v4_hysteresis,500000000.0,50.0,-0.01442837428708207,-0.015871946532109243,0.6739633213170269,0.08045413710252111,500,70,68,1.9999999510585944,-1.4395354935858862e-08,0.04999998819092227,-0.04999999400284906,0.04000000415240887,0.02000000062454926,114.2736693775596,3.5608777495820334,97808558.43,0.0003069086928928147,0.0007199968926647851,0.00041666665946957275,0.0014435722450271723,0.3837085628715925,14,252,500,CLARABEL,optimal,219,19,0.006559376140000001
2022-06-30,temporal_assessment,v4_hysteresis,500000000.0,150.0,-0.01442837428708207,-0.016705279851048388,0.6739633213170269,0.08045413710252111,500,70,68,1.9999999510585944,-1.4395354935858862e-08,0.04999998819092227,-0.04999999400284906,0.04000000415240887,0.02000000062454926,114.2736693775596,3.5608777495820334,97808558.43,0.0003069086928928147,0.0007199968926647851,0.0012499999784087183,0.002276905563966318,0.3837085628715925,14,252,500,CLARABEL,optimal,219,19,0.006559376140000001
2022-06-30,temporal_assessment,v4_hysteresis,500000000.0,300.0,-0.01442837428708207,-0.017955279829457108,0.6739633213170269,0.08045413710252111,500,70,68,1.9999999510585944,-1.4395354935858862e-08,0.04999998819092227,-0.04999999400284906,0.04000000415240887,0.02000000062454926,114.2736693775596,3.5608777495820334,97808558.43,0.0003069086928928147,0.0007199968926647851,0.0024999999568174366,0.0035269055423750363,0.3837085628715925,14,252,500,CLARABEL,optimal,219,19,0.006559376140000001
2022-07-29,temporal_assessment,v4_hysteresis,10000000.0,50.0,-0.012109343369021214,-0.012886440828779079,0.5964324700294327,-0.03433313804076794,500,67,72,1.999999981584259,1.4161535555334837e-09,0.05000000414119282,-0.05000000135319768,0.040000000935235744,0.02000000063220856,114.0700147028093,3.5067881231151685,93153787.31430998,0.0002759117337900501,8.451906343279273e-05,0.000416666662535022,0.0007770974597578648,0.005018428882577054,0,252,500,CLARABEL,optimal,216,16,0.006948771200000001
2022-07-29,temporal_assessment,v4_hysteresis,10000000.0,150.0,-0.012109343369021214,-0.013719774153849123,0.5964324700294327,-0.03433313804076794,500,67,72,1.999999981584259,1.4161535555334837e-09,0.05000000414119282,-0.05000000135319768,0.040000000935235744,0.02000000063220856,114.0700147028093,3.5067881231151685,93153787.31430998,0.0002759117337900501,8.451906343279273e-05,0.0012499999876050662,0.001610430784827909,0.005018428882577054,0,252,500,CLARABEL,optimal,216,16,0.006948771200000001
2022-07-29,temporal_assessment,v4_hysteresis,10000000.0,300.0,-0.012109343369021214,-0.01496977414145419,0.5964324700294327,-0.03433313804076794,500,67,72,1.999999981584259,1.4161535555334837e-09,0.05000000414119282,-0.05000000135319768,0.040000000935235744,0.02000000063220856,114.0700147028093,3.5067881231151685,93153787.31430998,0.0002759117337900501,8.451906343279273e-05,0.0024999999752101324,0.0028604307724329754,0.005018428882577054,0,252,500,CLARABEL,optimal,216,16,0.006948771200000001
2022-07-29,temporal_assessment,v4_hysteresis,100000000.0,50.0,-0.012109343369021214,-0.01306919451149816,0.5964324700294327,-0.03433313804076794,500,67,72,1.999999981584259,1.4161535555334837e-09,0.05000000414119282,-0.05000000135319768,0.040000000935235744,0.02000000063220856,114.0700147028093,3.5067881231151685,93153787.31430998,0.0002759117337900501,0.0002672727461518746,0.000416666662535022,0.0009598511424769468,0.05018428882577054,0,252,500,CLARABEL,optimal,216,16,0.006948771200000001
2022-07-29,temporal_assessment,v4_hysteresis,100000000.0,150.0,-0.012109343369021214,-0.013902527836568205,0.5964324700294327,-0.03433313804076794,500,67,72,1.999999981584259,1.4161535555334837e-09,0.05000000414119282,-0.05000000135319768,0.040000000935235744,0.02000000063220856,114.0700147028093,3.5067881231151685,93153787.31430998,0.0002759117337900501,0.0002672727461518746,0.0012499999876050662,0.0017931844675469909,0.05018428882577054,0,252,500,CLARABEL,optimal,216,16,0.006948771200000001
2022-07-29,temporal_assessment,v4_hysteresis,100000000.0,300.0,-0.012109343369021214,-0.015152527824173272,0.5964324700294327,-0.03433313804076794,500,67,72,1.999999981584259,1.4161535555334837e-09,0.05000000414119282,-0.05000000135319768,0.040000000935235744,0.02000000063220856,114.0700147028093,3.5067881231151685,93153787.31430998,0.0002759117337900501,0.0002672727461518746,0.0024999999752101324,0.003043184455152057,0.05018428882577054,0,252,500,CLARABEL,optimal,216,16,0.006948771200000001
2022-07-29,temporal_assessment,v4_hysteresis,500000000.0,50.0,-0.012109343369021214,-0.013399561794274924,0.5964324700294327,-0.03433313804076794,500,67,72,1.999999981584259,1.4161535555334837e-09,0.05000000414119282,-0.05000000135319768,0.040000000935235744,0.02000000063220856,114.0700147028093,3.5067881231151685,93153787.31430998,0.0002759117337900501,0.000597640028928637,0.000416666662535022,0.001290218425253709,0.2509214441288527,16,252,500,CLARABEL,optimal,216,16,0.006948771200000001
2022-07-29,temporal_assessment,v4_hysteresis,500000000.0,150.0,-0.012109343369021214,-0.014232895119344967,0.5964324700294327,-0.03433313804076794,500,67,72,1.999999981584259,1.4161535555334837e-09,0.05000000414119282,-0.05000000135319768,0.040000000935235744,0.02000000063220856,114.0700147028093,3.5067881231151685,93153787.31430998,0.0002759117337900501,0.000597640028928637,0.0012499999876050662,0.002123551750323753,0.2509214441288527,16,252,500,CLARABEL,optimal,216,16,0.006948771200000001
2022-07-29,temporal_assessment,v4_hysteresis,500000000.0,300.0,-0.012109343369021214,-0.015482895106950034,0.5964324700294327,-0.03433313804076794,500,67,72,1.999999981584259,1.4161535555334837e-09,0.05000000414119282,-0.05000000135319768,0.040000000935235744,0.02000000063220856,114.0700147028093,3.5067881231151685,93153787.31430998,0.0002759117337900501,0.000597640028928637,0.0024999999752101324,0.0033735517379288194,0.2509214441288527,16,252,500,CLARABEL,optimal,216,16,0.006948771200000001
2022-08-31,temporal_assessment,v4_hysteresis,10000000.0,50.0,0.016351908479740444,0.015593914609734248,0.6136399646305082,-0.09077186419027707,500,67,68,1.999999962587492,3.5770882575447693e-09,0.050000010347187485,-0.04999999011057822,0.04000000455937211,0.020000000605686404,112.83979455756362,3.3331009494632005,80397550.30807999,0.0002526320698834996,8.869514199552908e-05,0.0004166666581271674,0.0007579938700061961,0.0074136948041645554,0,252,500,CLARABEL,optimal,223,23,0.00428053725
2022-08-31,temporal_assessment,v4_hysteresis,10000000.0,150.0,0.016351908479740444,0.014760581293479912,0.6136399646305082,-0.09077186419027707,500,67,68,1.999999962587492,3.5770882575447693e-09,0.050000010347187485,-0.04999999011057822,0.04000000455937211,0.020000000605686404,112.83979455756362,3.3331009494632005,80397550.30807999,0.0002526320698834996,8.869514199552908e-05,0.0012499999743815023,0.0015913271862605309,0.0074136948041645554,0,252,500,CLARABEL,optimal,223,23,0.00428053725
2022-08-31,temporal_assessment,v4_hysteresis,10000000.0,300.0,0.016351908479740444,0.01351058131909841,0.6136399646305082,-0.09077186419027707,500,67,68,1.999999962587492,3.5770882575447693e-09,0.050000010347187485,-0.04999999011057822,0.04000000455937211,0.020000000605686404,112.83979455756362,3.3331009494632005,80397550.30807999,0.0002526320698834996,8.869514199552908e-05,0.0024999999487630045,0.0028413271606420334,0.0074136948041645554,0,252,500,CLARABEL,optimal,223,23,0.00428053725
2022-08-31,temporal_assessment,v4_hysteresis,100000000.0,50.0,0.016351908479740444,0.015402131085631853,0.6136399646305082,-0.09077186419027707,500,67,68,1.999999962587492,3.5770882575447693e-09,0.050000010347187485,-0.04999999011057822,0.04000000455937211,0.020000000605686404,112.83979455756362,3.3331009494632005,80397550.30807999,0.0002526320698834996,0.0002804786660979238,0.0004166666581271674,0.0009497773941085908,0.07413694804164556,0,252,500,CLARABEL,optimal,223,23,0.00428053725
2022-08-31,temporal_assessment,v4_hysteresis,100000000.0,150.0,0.016351908479740444,0.014568797769377518,0.6136399646305082,-0.09077186419027707,500,67,68,1.999999962587492,3.5770882575447693e-09,0.050000010347187485,-0.04999999011057822,0.04000000455937211,0.020000000605686404,112.83979455756362,3.3331009494632005,80397550.30807999,0.0002526320698834996,0.0002804786660979238,0.0012499999743815023,0.0017831107103629257,0.07413694804164556,0,252,500,CLARABEL,optimal,223,23,0.00428053725
2022-08-31,temporal_assessment,v4_hysteresis,100000000.0,300.0,0.016351908479740444,0.013318797794996015,0.6136399646305082,-0.09077186419027707,500,67,68,1.999999962587492,3.5770882575447693e-09,0.050000010347187485,-0.04999999011057822,0.04000000455937211,0.020000000605686404,112.83979455756362,3.3331009494632005,80397550.30807999,0.0002526320698834996,0.0002804786660979238,0.0024999999487630045,0.003033110684744428,0.07413694804164556,0,252,500,CLARABEL,optimal,223,23,0.00428053725
2022-08-31,temporal_assessment,v4_hysteresis,500000000.0,50.0,0.016351908479740444,0.015055440388096353,0.6136399646305082,-0.09077186419027707,500,67,68,1.999999962587492,3.5770882575447693e-09,0.050000010347187485,-0.04999999011057822,0.04000000455937211,0.020000000605686404,112.83979455756362,3.3331009494632005,80397550.30807999,0.0002526320698834996,0.0006271693636334234,0.0004166666581271674,0.0012964680916440904,0.37068474020822784,21,252,500,CLARABEL,optimal,223,23,0.00428053725
2022-08-31,temporal_assessment,v4_hysteresis,500000000.0,150.0,0.016351908479740444,0.014222107071842018,0.6136399646305082,-0.09077186419027707,500,67,68,1.999999962587492,3.5770882575447693e-09,0.050000010347187485,-0.04999999011057822,0.04000000455937211,0.020000000605686404,112.83979455756362,3.3331009494632005,80397550.30807999,0.0002526320698834996,0.0006271693636334234,0.0012499999743815023,0.0021298014078984253,0.37068474020822784,21,252,500,CLARABEL,optimal,223,23,0.00428053725
2022-08-31,temporal_assessment,v4_hysteresis,500000000.0,300.0,0.016351908479740444,0.012972107097460515,0.6136399646305082,-0.09077186419027707,500,67,68,1.999999962587492,3.5770882575447693e-09,0.050000010347187485,-0.04999999011057822,0.04000000455937211,0.020000000605686404,112.83979455756362,3.3331009494632005,80397550.30807999,0.0002526320698834996,0.0006271693636334234,0.0024999999487630045,0.0033798013822799273,0.37068474020822784,21,252,500,CLARABEL,optimal,223,23,0.00428053725
2022-09-30,temporal_assessment,v4_hysteresis,10000000.0,50.0,0.030339772067635964,0.029645937495553207,0.45511079009680094,0.08973687016152383,500,70,63,1.9999999638128578,3.978892354483676e-09,0.0499999992443933,0.021522663909796312,0.040000003411760354,0.02000000074814502,110.26870886242318,3.411504426810697,79092947.16198501,0.00020945058501726962,6.771732876674334e-05,0.0004166666582987428,0.0006938345720827558,0.006894498911488175,0,252,500,CLARABEL,optimal,213,13,0.006226210240000001
2022-09-30,temporal_assessment,v4_hysteresis,10000000.0,150.0,0.030339772067635964,0.028812604178955724,0.45511079009680094,0.08973687016152383,500,70,63,1.9999999638128578,3.978892354483676e-09,0.0499999992443933,0.021522663909796312,0.040000003411760354,0.02000000074814502,110.26870886242318,3.411504426810697,79092947.16198501,0.00020945058501726962,6.771732876674334e-05,0.0012499999748962285,0.0015271678886802414,0.006894498911488175,0,252,500,CLARABEL,optimal,213,13,0.006226210240000001
2022-09-30,temporal_assessment,v4_hysteresis,10000000.0,300.0,0.030339772067635964,0.027562604204059492,0.45511079009680094,0.08973687016152383,500,70,63,1.9999999638128578,3.978892354483676e-09,0.0499999992443933,0.021522663909796312,0.040000003411760354,0.02000000074814502,110.26870886242318,3.411504426810697,79092947.16198501,0.00020945058501726962,6.771732876674334e-05,0.002499999949792457,0.00277716786357647,0.006894498911488175,0,252,500,CLARABEL,optimal,213,13,0.006226210240000001
2022-09-30,temporal_assessment,v4_hysteresis,100000000.0,50.0,0.030339772067635964,0.0294995138283546,0.45511079009680094,0.08973687016152383,500,70,63,1.9999999638128578,3.978892354483676e-09,0.0499999992443933,0.021522663909796312,0.040000003411760354,0.02000000074814502,110.26870886242318,3.411504426810697,79092947.16198501,0.00020945058501726962,0.00021414099596535002,0.0004166666582987428,0.0008402582392813625,0.06894498911488176,0,252,500,CLARABEL,optimal,213,13,0.006226210240000001
2022-09-30,temporal_assessment,v4_hysteresis,100000000.0,150.0,0.030339772067635964,0.028666180511757115,0.45511079009680094,0.08973687016152383,500,70,63,1.9999999638128578,3.978892354483676e-09,0.0499999992443933,0.021522663909796312,0.040000003411760354,0.02000000074814502,110.26870886242318,3.411504426810697,79092947.16198501,0.00020945058501726962,0.00021414099596535002,0.0012499999748962285,0.001673591555878848,0.06894498911488176,0,252,500,CLARABEL,optimal,213,13,0.006226210240000001
2022-09-30,temporal_assessment,v4_hysteresis,100000000.0,300.0,0.030339772067635964,0.027416180536860887,0.45511079009680094,0.08973687016152383,500,70,63,1.9999999638128578,3.978892354483676e-09,0.0499999992443933,0.021522663909796312,0.040000003411760354,0.02000000074814502,110.26870886242318,3.411504426810697,79092947.16198501,0.00020945058501726962,0.00021414099596535002,0.002499999949792457,0.002923591530775077,0.06894498911488176,0,252,500,CLARABEL,optimal,213,13,0.006226210240000001
2022-09-30,temporal_assessment,v4_hysteresis,500000000.0,50.0,0.030339772067635964,0.029234821000571922,0.45511079009680094,0.08973687016152383,500,70,63,1.9999999638128578,3.978892354483676e-09,0.0499999992443933,0.021522663909796312,0.040000003411760354,0.02000000074814502,110.26870886242318,3.411504426810697,79092947.16198501,0.00020945058501726962,0.00047883382374803085,0.0004166666582987428,0.0011049510670640432,0.3447249455744088,12,252,500,CLARABEL,optimal,213,13,0.006226210240000001
2022-09-30,temporal_assessment,v4_hysteresis,500000000.0,150.0,0.030339772067635964,0.028401487683974436,0.45511079009680094,0.08973687016152383,500,70,63,1.9999999638128578,3.978892354483676e-09,0.0499999992443933,0.021522663909796312,0.040000003411760354,0.02000000074814502,110.26870886242318,3.411504426810697,79092947.16198501,0.00020945058501726962,0.00047883382374803085,0.0012499999748962285,0.001938284383661529,0.3447249455744088,12,252,500,CLARABEL,optimal,213,13,0.006226210240000001
2022-09-30,temporal_assessment,v4_hysteresis,500000000.0,300.0,0.030339772067635964,0.027151487709078208,0.45511079009680094,0.08973687016152383,500,70,63,1.9999999638128578,3.978892354483676e-09,0.0499999992443933,0.021522663909796312,0.040000003411760354,0.02000000074814502,110.26870886242318,3.411504426810697,79092947.16198501,0.00020945058501726962,0.00047883382374803085,0.002499999949792457,0.0031882843585577577,0.3447249455744088,12,252,500,CLARABEL,optimal,213,13,0.006226210240000001
2022-10-31,temporal_assessment,v4_hysteresis,10000000.0,50.0,0.02440957208318527,0.023696074814069296,0.43709916492652867,0.05577797087775715,500,69,67,1.999999962140603,9.933460108288439e-09,0.0496616592029922,-0.049999999338236976,0.0400000106257885,0.020000000688883645,111.00664291891708,3.442801201384149,83353826.2404925,0.00024885671041455806,4.797390199159194e-05,0.0004166666567098215,0.0007134972691159715,0.008331758652864531,0,252,500,CLARABEL,optimal,221,21,0.006288780799999999
2022-10-31,temporal_assessment,v4_hysteresis,10000000.0,150.0,0.02440957208318527,0.022862741500649653,0.43709916492652867,0.05577797087775715,500,69,67,1.999999962140603,9.933460108288439e-09,0.0496616592029922,-0.049999999338236976,0.0400000106257885,0.020000000688883645,111.00664291891708,3.442801201384149,83353826.2404925,0.00024885671041455806,4.797390199159194e-05,0.0012499999701294643,0.0015468305825356143,0.008331758652864531,0,252,500,CLARABEL,optimal,221,21,0.006288780799999999
2022-10-31,temporal_assessment,v4_hysteresis,10000000.0,300.0,0.02440957208318527,0.021612741530520188,0.43709916492652867,0.05577797087775715,500,69,67,1.999999962140603,9.933460108288439e-09,0.0496616592029922,-0.049999999338236976,0.0400000106257885,0.020000000688883645,111.00664291891708,3.442801201384149,83353826.2404925,0.00024885671041455806,4.797390199159194e-05,0.0024999999402589286,0.0027968305526650788,0.008331758652864531,0,252,500,CLARABEL,optimal,221,21,0.006288780799999999
2022-10-31,temporal_assessment,v4_hysteresis,100000000.0,50.0,0.02440957208318527,0.02359234191752177,0.43709916492652867,0.05577797087775715,500,69,67,1.999999962140603,9.933460108288439e-09,0.0496616592029922,-0.049999999338236976,0.0400000106257885,0.020000000688883645,111.00664291891708,3.442801201384149,83353826.2404925,0.00024885671041455806,0.00015170679853911852,0.0004166666567098215,0.0008172301656634981,0.08331758652864532,0,252,500,CLARABEL,optimal,221,21,0.006288780799999999
2022-10-31,temporal_assessment,v4_hysteresis,100000000.0,150.0,0.02440957208318527,0.022759008604102127,0.43709916492652867,0.05577797087775715,500,69,67,1.999999962140603,9.933460108288439e-09,0.0496616592029922,-0.049999999338236976,0.0400000106257885,0.020000000688883645,111.00664291891708,3.442801201384149,83353826.2404925,0.00024885671041455806,0.00015170679853911852,0.0012499999701294643,0.0016505634790831409,0.08331758652864532,0,252,500,CLARABEL,optimal,221,21,0.006288780799999999
2022-10-31,temporal_assessment,v4_hysteresis,100000000.0,300.0,0.02440957208318527,0.021509008633972662,0.43709916492652867,0.05577797087775715,500,69,67,1.999999962140603,9.933460108288439e-09,0.0496616592029922,-0.049999999338236976,0.0400000106257885,0.020000000688883645,111.00664291891708,3.442801201384149,83353826.2404925,0.00024885671041455806,0.00015170679853911852,0.0024999999402589286,0.002900563449212605,0.08331758652864532,0,252,500,CLARABEL,optimal,221,21,0.006288780799999999
2022-10-31,temporal_assessment,v4_hysteresis,500000000.0,50.0,0.02440957208318527,0.023404822001878555,0.43709916492652867,0.05577797087775715,500,69,67,1.999999962140603,9.933460108288439e-09,0.0496616592029922,-0.049999999338236976,0.0400000106257885,0.020000000688883645,111.00664291891708,3.442801201384149,83353826.2404925,0.00024885671041455806,0.0003392267141823348,0.0004166666567098215,0.0010047500813067144,0.4165879326432266,14,252,500,CLARABEL,optimal,221,21,0.006288780799999999
2022-10-31,temporal_assessment,v4_hysteresis,500000000.0,150.0,0.02440957208318527,0.022571488688458912,0.43709916492652867,0.05577797087775715,500,69,67,1.999999962140603,9.933460108288439e-09,0.0496616592029922,-0.049999999338236976,0.0400000106257885,0.020000000688883645,111.00664291891708,3.442801201384149,83353826.2404925,0.00024885671041455806,0.0003392267141823348,0.0012499999701294643,0.0018380833947263572,0.4165879326432266,14,252,500,CLARABEL,optimal,221,21,0.006288780799999999
2022-10-31,temporal_assessment,v4_hysteresis,500000000.0,300.0,0.02440957208318527,0.021321488718329448,0.43709916492652867,0.05577797087775715,500,69,67,1.999999962140603,9.933460108288439e-09,0.0496616592029922,-0.049999999338236976,0.0400000106257885,0.020000000688883645,111.00664291891708,3.442801201384149,83353826.2404925,0.00024885671041455806,0.0003392267141823348,0.0024999999402589286,0.0030880833648558215,0.4165879326432266,14,252,500,CLARABEL,optimal,221,21,0.006288780799999999
2022-11-30,temporal_assessment,v4_hysteresis,10000000.0,50.0,0.011814132785327572,0.01109572960051096,0.50482091255919,-0.06582014333899819,500,71,67,1.9999999697706354,-9.476096352045715e-09,0.03604661856838093,-0.0228687151709996,0.04000000422502843,0.020000000676921197,111.19940135412189,3.496104142083281,82584150.3075,0.00022900520541236215,7.273131706118046e-05,0.00041666666234306906,0.0007184031848166117,0.010000000452984471,0,252,500,CLARABEL,optimal,225,25,0.00642176745
2022-11-30,temporal_assessment,v4_hysteresis,10000000.0,150.0,0.011814132785327572,0.010262396275824821,0.50482091255919,-0.06582014333899819,500,71,67,1.9999999697706354,-9.476096352045715e-09,0.03604661856838093,-0.0228687151709996,0.04000000422502843,0.020000000676921197,111.19940135412189,3.496104142083281,82584150.3075,0.00022900520541236215,7.273131706118046e-05,0.0012499999870292072,0.0015517365095027498,0.010000000452984471,0,252,500,CLARABEL,optimal,225,25,0.00642176745
2022-11-30,temporal_assessment,v4_hysteresis,10000000.0,300.0,0.011814132785327572,0.009012396288795615,0.50482091255919,-0.06582014333899819,500,71,67,1.9999999697706354,-9.476096352045715e-09,0.03604661856838093,-0.0228687151709996,0.04000000422502843,0.020000000676921197,111.19940135412189,3.496104142083281,82584150.3075,0.00022900520541236215,7.273131706118046e-05,0.0024999999740584144,0.002801736496531957,0.010000000452984471,0,252,500,CLARABEL,optimal,225,25,0.00642176745
2022-11-30,temporal_assessment,v4_hysteresis,100000000.0,50.0,0.011814132785327572,0.010938464298434947,0.50482091255919,-0.06582014333899819,500,71,67,1.9999999697706354,-9.476096352045715e-09,0.03604661856838093,-0.0228687151709996,0.04000000422502843,0.020000000676921197,111.19940135412189,3.496104142083281,82584150.3075,0.00022900520541236215,0.00022999661913719423,0.00041666666234306906,0.0008756684868926254,0.10000000452984473,2,252,500,CLARABEL,optimal,225,25,0.00642176745
2022-11-30,temporal_assessment,v4_hysteresis,100000000.0,150.0,0.011814132785327572,0.010105130973748808,0.50482091255919,-0.06582014333899819,500,71,67,1.9999999697706354,-9.476096352045715e-09,0.03604661856838093,-0.0228687151709996,0.04000000422502843,0.020000000676921197,111.19940135412189,3.496104142083281,82584150.3075,0.00022900520541236215,0.00022999661913719423,0.0012499999870292072,0.0017090018115787635,0.10000000452984473,2,252,500,CLARABEL,optimal,225,25,0.00642176745
2022-11-30,temporal_assessment,v4_hysteresis,100000000.0,300.0,0.011814132785327572,0.008855130986719601,0.50482091255919,-0.06582014333899819,500,71,67,1.9999999697706354,-9.476096352045715e-09,0.03604661856838093,-0.0228687151709996,0.04000000422502843,0.020000000676921197,111.19940135412189,3.496104142083281,82584150.3075,0.00022900520541236215,0.00022999661913719423,0.0024999999740584144,0.0029590017986079707,0.10000000452984473,2,252,500,CLARABEL,optimal,225,25,0.00642176745
2022-11-30,temporal_assessment,v4_hysteresis,500000000.0,50.0,0.011814132785327572,0.010654172842586246,0.50482091255919,-0.06582014333899819,500,71,67,1.9999999697706354,-9.476096352045715e-09,0.03604661856838093,-0.0228687151709996,0.04000000422502843,0.020000000676921197,111.19940135412189,3.496104142083281,82584150.3075,0.00022900520541236215,0.0005142880749858953,0.00041666666234306906,0.0011599599427413265,0.5000000226492236,14,252,500,CLARABEL,optimal,225,25,0.00642176745
2022-11-30,temporal_assessment,v4_hysteresis,500000000.0,150.0,0.011814132785327572,0.009820839517900106,0.50482091255919,-0.06582014333899819,500,71,67,1.9999999697706354,-9.476096352045715e-09,0.03604661856838093,-0.0228687151709996,0.04000000422502843,0.020000000676921197,111.19940135412189,3.496104142083281,82584150.3075,0.00022900520541236215,0.0005142880749858953,0.0012499999870292072,0.001993293267427465,0.5000000226492236,14,252,500,CLARABEL,optimal,225,25,0.00642176745
2022-11-30,temporal_assessment,v4_hysteresis,500000000.0,300.0,0.011814132785327572,0.0085708395308709,0.50482091255919,-0.06582014333899819,500,71,67,1.9999999697706354,-9.476096352045715e-09,0.03604661856838093,-0.0228687151709996,0.04000000422502843,0.020000000676921197,111.19940135412189,3.496104142083281,82584150.3075,0.00022900520541236215,0.0005142880749858953,0.0024999999740584144,0.003243293254456672,0.5000000226492236,14,252,500,CLARABEL,optimal,225,25,0.00642176745
2022-12-30,temporal_assessment,v4_hysteresis,10000000.0,50.0,-0.026913911938518664,-0.027691519147383804,0.4764302038624362,0.0800900998856679,500,69,69,1.999999954065716,-1.4739064441160465e-08,0.0289326591198924,-0.0379569842957847,0.04000000278684991,0.020000000638902855,110.83904094048567,3.616059219021862,84769832.22346,0.0002514145913134113,0.00010952595738406579,0.00041666666016766267,0.0007776072088651398,0.010000000180783907,0,252,500,CLARABEL,optimal,218,18,0.005588838620000001
2022-12-30,temporal_assessment,v4_hysteresis,10000000.0,150.0,-0.026913911938518664,-0.02852485246771913,0.4764302038624362,0.0800900998856679,500,69,69,1.999999954065716,-1.4739064441160465e-08,0.0289326591198924,-0.0379569842957847,0.04000000278684991,0.020000000638902855,110.83904094048567,3.616059219021862,84769832.22346,0.0002514145913134113,0.00010952595738406579,0.001249999980502988,0.001610940529200465,0.010000000180783907,0,252,500,CLARABEL,optimal,218,18,0.005588838620000001
2022-12-30,temporal_assessment,v4_hysteresis,10000000.0,300.0,-0.026913911938518664,-0.029774852448222117,0.4764302038624362,0.0800900998856679,500,69,69,1.999999954065716,-1.4739064441160465e-08,0.0289326591198924,-0.0379569842957847,0.04000000278684991,0.020000000638902855,110.83904094048567,3.616059219021862,84769832.22346,0.0002514145913134113,0.00010952595738406579,0.002499999961005976,0.0028609405097034532,0.010000000180783907,0,252,500,CLARABEL,optimal,218,18,0.005588838620000001
2022-12-30,temporal_assessment,v4_hysteresis,100000000.0,50.0,-0.026913911938518664,-0.027928344678243924,0.4764302038624362,0.0800900998856679,500,69,69,1.999999954065716,-1.4739064441160465e-08,0.0289326591198924,-0.0379569842957847,0.04000000278684991,0.020000000638902855,110.83904094048567,3.616059219021862,84769832.22346,0.0002514145913134113,0.0003463514882441852,0.00041666666016766267,0.0010144327397252591,0.10000000180783908,1,252,500,CLARABEL,optimal,218,18,0.005588838620000001
2022-12-30,temporal_assessment,v4_hysteresis,100000000.0,150.0,-0.026913911938518664,-0.02876167799857925,0.4764302038624362,0.0800900998856679,500,69,69,1.999999954065716,-1.4739064441160465e-08,0.0289326591198924,-0.0379569842957847,0.04000000278684991,0.020000000638902855,110.83904094048567,3.616059219021862,84769832.22346,0.0002514145913134113,0.0003463514882441852,0.001249999980502988,0.0018477660600605844,0.10000000180783908,1,252,500,CLARABEL,optimal,218,18,0.005588838620000001
2022-12-30,temporal_assessment,v4_hysteresis,100000000.0,300.0,-0.026913911938518664,-0.030011677979082236,0.4764302038624362,0.0800900998856679,500,69,69,1.999999954065716,-1.4739064441160465e-08,0.0289326591198924,-0.0379569842957847,0.04000000278684991,0.020000000638902855,110.83904094048567,3.616059219021862,84769832.22346,0.0002514145913134113,0.0003463514882441852,0.002499999961005976,0.0030977660405635725,0.10000000180783908,1,252,500,CLARABEL,optimal,218,18,0.005588838620000001
2022-12-30,temporal_assessment,v4_hysteresis,500000000.0,50.0,-0.026913911938518664,-0.028356458661821956,0.4764302038624362,0.0800900998856679,500,69,69,1.999999954065716,-1.4739064441160465e-08,0.0289326591198924,-0.0379569842957847,0.04000000278684991,0.020000000638902855,110.83904094048567,3.616059219021862,84769832.22346,0.0002514145913134113,0.0007744654718222174,0.00041666666016766267,0.0014425467233032915,0.5000000090391954,19,252,500,CLARABEL,optimal,218,18,0.005588838620000001
2022-12-30,temporal_assessment,v4_hysteresis,500000000.0,150.0,-0.026913911938518664,-0.029189791982157282,0.4764302038624362,0.0800900998856679,500,69,69,1.999999954065716,-1.4739064441160465e-08,0.0289326591198924,-0.0379569842957847,0.04000000278684991,0.020000000638902855,110.83904094048567,3.616059219021862,84769832.22346,0.0002514145913134113,0.0007744654718222174,0.001249999980502988,0.0022758800436386167,0.5000000090391954,19,252,500,CLARABEL,optimal,218,18,0.005588838620000001
2022-12-30,temporal_assessment,v4_hysteresis,500000000.0,300.0,-0.026913911938518664,-0.030439791962660268,0.4764302038624362,0.0800900998856679,500,69,69,1.999999954065716,-1.4739064441160465e-08,0.0289326591198924,-0.0379569842957847,0.04000000278684991,0.020000000638902855,110.83904094048567,3.616059219021862,84769832.22346,0.0002514145913134113,0.0007744654718222174,0.002499999961005976,0.003525880024141605,0.5000000090391954,19,252,500,CLARABEL,optimal,218,18,0.005588838620000001
2023-01-31,temporal_assessment,v4_hysteresis,10000000.0,50.0,-0.0059384073841036375,-0.0067458160987929686,0.5257826298965295,-0.018534847694408732,500,70,66,1.9999999716603507,7.357613879266367e-09,0.03181839357860772,-0.04999997373973287,0.04000000213573838,0.02000000067850997,109.78289827339029,3.6473888102965417,86052108.041735,0.0002624014209059817,0.00012834063455361246,0.00041666665922973693,0.0008074087146893311,0.01000000069567688,0,252,500,CLARABEL,optimal,219,19,0.00230487129
2023-01-31,temporal_assessment,v4_hysteresis,10000000.0,150.0,-0.0059384073841036375,-0.007579149417252442,0.5257826298965295,-0.018534847694408732,500,70,66,1.9999999716603507,7.357613879266367e-09,0.03181839357860772,-0.04999997373973287,0.04000000213573838,0.02000000067850997,109.78289827339029,3.6473888102965417,86052108.041735,0.0002624014209059817,0.00012834063455361246,0.0012499999776892105,0.0016407420331488046,0.01000000069567688,0,252,500,CLARABEL,optimal,219,19,0.00230487129
2023-01-31,temporal_assessment,v4_hysteresis,10000000.0,300.0,-0.0059384073841036375,-0.008829149394941654,0.5257826298965295,-0.018534847694408732,500,70,66,1.9999999716603507,7.357613879266367e-09,0.03181839357860772,-0.04999997373973287,0.04000000213573838,0.02000000067850997,109.78289827339029,3.6473888102965417,86052108.041735,0.0002624014209059817,0.00012834063455361246,0.002499999955378421,0.0028907420108380153,0.01000000069567688,0,252,500,CLARABEL,optimal,219,19,0.00230487129
2023-01-31,temporal_assessment,v4_hysteresis,100000000.0,50.0,-0.0059384073841036375,-0.007023324185780079,0.5257826298965295,-0.018534847694408732,500,70,66,1.9999999716603507,7.357613879266367e-09,0.03181839357860772,-0.04999997373973287,0.04000000213573838,0.02000000067850997,109.78289827339029,3.6473888102965417,86052108.041735,0.0002624014209059817,0.0004058487215407227,0.00041666665922973693,0.0010849168016764414,0.1000000069567688,2,252,500,CLARABEL,optimal,219,19,0.00230487129
2023-01-31,temporal_assessment,v4_hysteresis,100000000.0,150.0,-0.0059384073841036375,-0.007856657504239552,0.5257826298965295,-0.018534847694408732,500,70,66,1.9999999716603507,7.357613879266367e-09,0.03181839357860772,-0.04999997373973287,0.04000000213573838,0.02000000067850997,109.78289827339029,3.6473888102965417,86052108.041735,0.0002624014209059817,0.0004058487215407227,0.0012499999776892105,0.001918250120135915,0.1000000069567688,2,252,500,CLARABEL,optimal,219,19,0.00230487129
2023-01-31,temporal_assessment,v4_hysteresis,100000000.0,300.0,-0.0059384073841036375,-0.009106657481928763,0.5257826298965295,-0.018534847694408732,500,70,66,1.9999999716603507,7.357613879266367e-09,0.03181839357860772,-0.04999997373973287,0.04000000213573838,0.02000000067850997,109.78289827339029,3.6473888102965417,86052108.041735,0.0002624014209059817,0.0004058487215407227,0.002499999955378421,0.0031682500978251257,0.1000000069567688,2,252,500,CLARABEL,optimal,219,19,0.00230487129
2023-01-31,temporal_assessment,v4_hysteresis,500000000.0,50.0,-0.0059384073841036375,-0.007524980794185795,0.5257826298965295,-0.018534847694408732,500,70,66,1.9999999716603507,7.357613879266367e-09,0.03181839357860772,-0.04999997373973287,0.04000000213573838,0.02000000067850997,109.78289827339029,3.6473888102965417,86052108.041735,0.0002624014209059817,0.0009075053299464391,0.00041666665922973693,0.0015865734100821577,0.500000034783844,18,252,500,CLARABEL,optimal,219,19,0.00230487129
2023-01-31,temporal_assessment,v4_hysteresis,500000000.0,150.0,-0.0059384073841036375,-0.008358314112645268,0.5257826298965295,-0.018534847694408732,500,70,66,1.9999999716603507,7.357613879266367e-09,0.03181839357860772,-0.04999997373973287,0.04000000213573838,0.02000000067850997,109.78289827339029,3.6473888102965417,86052108.041735,0.0002624014209059817,0.0009075053299464391,0.0012499999776892105,0.002419906728541631,0.500000034783844,18,252,500,CLARABEL,optimal,219,19,0.00230487129
2023-01-31,temporal_assessment,v4_hysteresis,500000000.0,300.0,-0.0059384073841036375,-0.00960831409033448,0.5257826298965295,-0.018534847694408732,500,70,66,1.9999999716603507,7.357613879266367e-09,0.03181839357860772,-0.04999997373973287,0.04000000213573838,0.02000000067850997,109.78289827339029,3.6473888102965417,86052108.041735,0.0002624014209059817,0.0009075053299464391,0.002499999955378421,0.0036699067062308417,0.500000034783844,18,252,500,CLARABEL,optimal,219,19,0.00230487129
2023-02-28,temporal_assessment,v4_hysteresis,10000000.0,50.0,0.029700501161396872,0.02890923458848101,0.7499998742417235,0.029763734157367334,500,68,68,1.9999999439329184,-5.997881358243973e-09,0.0002780014764794947,-0.05000001147929224,0.04000000382548101,0.020000000637739896,112.93689216475639,3.403719443964475,85428403.849505,0.00029536103790880886,7.923887877146932e-05,0.0004166666562355833,0.0007912665729158614,0.010000001826850149,0,252,500,CLARABEL,optimal,225,25,0.00200379174
2023-02-28,temporal_assessment,v4_hysteresis,10000000.0,150.0,0.029700501161396872,0.028075901276009844,0.7499998742417235,0.029763734157367334,500,68,68,1.9999999439329184,-5.997881358243973e-09,0.0002780014764794947,-0.05000001147929224,0.04000000382548101,0.020000000637739896,112.93689216475639,3.403719443964475,85428403.849505,0.00029536103790880886,7.923887877146932e-05,0.00124999996870675,0.001624599885387028,0.010000001826850149,0,252,500,CLARABEL,optimal,225,25,0.00200379174
2023-02-28,temporal_assessment,v4_hysteresis,10000000.0,300.0,0.029700501161396872,0.026825901307303095,0.7499998742417235,0.029763734157367334,500,68,68,1.9999999439329184,-5.997881358243973e-09,0.0002780014764794947,-0.05000001147929224,0.04000000382548101,0.020000000637739896,112.93689216475639,3.403719443964475,85428403.849505,0.00029536103790880886,7.923887877146932e-05,0.0024999999374135,0.002874599854093778,0.010000001826850149,0,252,500,CLARABEL,optimal,225,25,0.00200379174
2023-02-28,temporal_assessment,v4_hysteresis,100000000.0,50.0,0.029700501161396872,0.028737898131096673,0.7499998742417235,0.029763734157367334,500,68,68,1.9999999439329184,-5.997881358243973e-09,0.0002780014764794947,-0.05000001147929224,0.04000000382548101,0.020000000637739896,112.93689216475639,3.403719443964475,85428403.849505,0.00029536103790880886,0.0002505753361558079,0.0004166666562355833,0.0009626030303002001,0.1000000182685015,1,252,500,CLARABEL,optimal,225,25,0.00200379174
2023-02-28,temporal_assessment,v4_hysteresis,100000000.0,150.0,0.029700501161396872,0.027904564818625507,0.7499998742417235,0.029763734157367334,500,68,68,1.9999999439329184,-5.997881358243973e-09,0.0002780014764794947,-0.05000001147929224,0.04000000382548101,0.020000000637739896,112.93689216475639,3.403719443964475,85428403.849505,0.00029536103790880886,0.0002505753361558079,0.00124999996870675,0.0017959363427713666,0.1000000182685015,1,252,500,CLARABEL,optimal,225,25,0.00200379174
2023-02-28,temporal_assessment,v4_hysteresis,100000000.0,300.0,0.029700501161396872,0.026654564849918756,0.7499998742417235,0.029763734157367334,500,68,68,1.9999999439329184,-5.997881358243973e-09,0.0002780014764794947,-0.05000001147929224,0.04000000382548101,0.020000000637739896,112.93689216475639,3.403719443964475,85428403.849505,0.00029536103790880886,0.0002505753361558079,0.0024999999374135,0.0030459363114781167,0.1000000182685015,1,252,500,CLARABEL,optimal,225,25,0.00200379174
2023-02-28,temporal_assessment,v4_hysteresis,500000000.0,50.0,0.029700501161396872,0.028428169982123233,0.7499998742417235,0.029763734157367334,500,68,68,1.9999999439329184,-5.997881358243973e-09,0.0002780014764794947,-0.05000001147929224,0.04000000382548101,0.020000000637739896,112.93689216475639,3.403719443964475,85428403.849505,0.00029536103790880886,0.0005603034851292473,0.0004166666562355833,0.0012723311792736394,0.5000000913425074,22,252,500,CLARABEL,optimal,225,25,0.00200379174
2023-02-28,temporal_assessment,v4_hysteresis,500000000.0,150.0,0.029700501161396872,0.027594836669652067,0.7499998742417235,0.029763734157367334,500,68,68,1.9999999439329184,-5.997881358243973e-09,0.0002780014764794947,-0.05000001147929224,0.04000000382548101,0.020000000637739896,112.93689216475639,3.403719443964475,85428403.849505,0.00029536103790880886,0.0005603034851292473,0.00124999996870675,0.002105664491744806,0.5000000913425074,22,252,500,CLARABEL,optimal,225,25,0.00200379174
2023-02-28,temporal_assessment,v4_hysteresis,500000000.0,300.0,0.029700501161396872,0.026344836700945316,0.7499998742417235,0.029763734157367334,500,68,68,1.9999999439329184,-5.997881358243973e-09,0.0002780014764794947,-0.05000001147929224,0.04000000382548101,0.020000000637739896,112.93689216475639,3.403719443964475,85428403.849505,0.00029536103790880886,0.0005603034851292473,0.0024999999374135,0.0033556644604515557,0.5000000913425074,22,252,500,CLARABEL,optimal,225,25,0.00200379174
2023-03-31,temporal_assessment,v4_hysteresis,10000000.0,50.0,-0.03724681645632541,-0.03807921479151579,0.7499998825662791,0.0002708042511571831,500,64,67,1.999999968290815,-1.1833478752443227e-08,0.012141400535946867,-0.04999998723528318,0.03999999881718436,0.020000000651410166,111.4034492939558,3.3459091938922256,88130733.025,0.0003243544111138566,9.137726155062872e-05,0.00041666666252589455,0.0008323983351903798,0.00763274061834022,0,252,500,CLARABEL,optimal,228,28,0.0022043852400000005
2023-03-31,temporal_assessment,v4_hysteresis,10000000.0,150.0,-0.03724681645632541,-0.03891254811656758,0.7499998825662791,0.0002708042511571831,500,64,67,1.999999968290815,-1.1833478752443227e-08,0.012141400535946867,-0.04999998723528318,0.03999999881718436,0.020000000651410166,111.4034492939558,3.3459091938922256,88130733.025,0.0003243544111138566,9.137726155062872e-05,0.0012499999875776834,0.0016657316602421688,0.00763274061834022,0,252,500,CLARABEL,optimal,228,28,0.0022043852400000005
2023-03-31,temporal_assessment,v4_hysteresis,10000000.0,300.0,-0.03724681645632541,-0.04016254810414526,0.7499998825662791,0.0002708042511571831,500,64,67,1.999999968290815,-1.1833478752443227e-08,0.012141400535946867,-0.04999998723528318,0.03999999881718436,0.020000000651410166,111.4034492939558,3.3459091938922256,88130733.025,0.0003243544111138566,9.137726155062872e-05,0.0024999999751553668,0.002915731647819852,0.00763274061834022,0,252,500,CLARABEL,optimal,228,28,0.0022043852400000005
2023-03-31,temporal_assessment,v4_hysteresis,100000000.0,50.0,-0.03724681645632541,-0.03827679780281408,0.7499998825662791,0.0002708042511571831,500,64,67,1.999999968290815,-1.1833478752443227e-08,0.012141400535946867,-0.04999998723528318,0.03999999881718436,0.020000000651410166,111.4034492939558,3.3459091938922256,88130733.025,0.0003243544111138566,0.0002889602728489162,0.00041666666252589455,0.0010299813464886673,0.0763274061834022,0,252,500,CLARABEL,optimal,228,28,0.0022043852400000005
2023-03-31,temporal_assessment,v4_hysteresis,100000000.0,150.0,-0.03724681645632541,-0.03911013112786586,0.7499998825662791,0.0002708042511571831,500,64,67,1.999999968290815,-1.1833478752443227e-08,0.012141400535946867,-0.04999998723528318,0.03999999881718436,0.020000000651410166,111.4034492939558,3.3459091938922256,88130733.025,0.0003243544111138566,0.0002889602728489162,0.0012499999875776834,0.001863314671540456,0.0763274061834022,0,252,500,CLARABEL,optimal,228,28,0.0022043852400000005
2023-03-31,temporal_assessment,v4_hysteresis,100000000.0,300.0,-0.03724681645632541,-0.04036013111544355,0.7499998825662791,0.0002708042511571831,500,64,67,1.999999968290815,-1.1833478752443227e-08,0.012141400535946867,-0.04999998723528318,0.03999999881718436,0.020000000651410166,111.4034492939558,3.3459091938922256,88130733.025,0.0003243544111138566,0.0002889602728489162,0.0024999999751553668,0.0031133146591181397,0.0763274061834022,0,252,500,CLARABEL,optimal,228,28,0.0022043852400000005
2023-03-31,temporal_assessment,v4_hysteresis,500000000.0,50.0,-0.03724681645632541,-0.03863397234285222,0.7499998825662791,0.0002708042511571831,500,64,67,1.999999968290815,-1.1833478752443227e-08,0.012141400535946867,-0.04999998723528318,0.03999999881718436,0.020000000651410166,111.4034492939558,3.3459091938922256,88130733.025,0.0003243544111138566,0.0006461348128870635,0.00041666666252589455,0.0013871558865268146,0.381637030917011,20,252,500,CLARABEL,optimal,228,28,0.0022043852400000005
2023-03-31,temporal_assessment,v4_hysteresis,500000000.0,150.0,-0.03724681645632541,-0.03946730566790401,0.7499998825662791,0.0002708042511571831,500,64,67,1.999999968290815,-1.1833478752443227e-08,0.012141400535946867,-0.04999998723528318,0.03999999881718436,0.020000000651410166,111.4034492939558,3.3459091938922256,88130733.025,0.0003243544111138566,0.0006461348128870635,0.0012499999875776834,0.0022204892115786036,0.381637030917011,20,252,500,CLARABEL,optimal,228,28,0.0022043852400000005
2023-03-31,temporal_assessment,v4_hysteresis,500000000.0,300.0,-0.03724681645632541,-0.0407173056554817,0.7499998825662791,0.0002708042511571831,500,64,67,1.999999968290815,-1.1833478752443227e-08,0.012141400535946867,-0.04999998723528318,0.03999999881718436,0.020000000651410166,111.4034492939558,3.3459091938922256,88130733.025,0.0003243544111138566,0.0006461348128870635,0.0024999999751553668,0.0034704891991562867,0.381637030917011,20,252,500,CLARABEL,optimal,228,28,0.0022043852400000005
2023-04-28,temporal_assessment,v4_hysteresis,10000000.0,50.0,-0.0013632586550602708,-0.0020713170035303215,0.5788194796236987,0.005212774532656046,500,69,67,1.9999999891085078,-1.0962089569410693e-10,0.019735686215253734,-0.05000000141395211,0.04000000058551122,0.020000000599975636,112.11289815795229,3.179231573562634,86884806.99147499,0.00023498072570257128,5.641095834703581e-05,0.0004166666644204435,0.0007080583484700507,0.008145976876376807,0,252,500,CLARABEL,optimal,220,20,0.0029786304649999998
2023-04-28,temporal_assessment,v4_hysteresis,10000000.0,150.0,-0.0013632586550602708,-0.0029046503323712086,0.5788194796236987,0.005212774532656046,500,69,67,1.9999999891085078,-1.0962089569410693e-10,0.019735686215253734,-0.05000000141395211,0.04000000058551122,0.020000000599975636,112.11289815795229,3.179231573562634,86884806.99147499,0.00023498072570257128,5.641095834703581e-05,0.0012499999932613305,0.0015413916773109376,0.008145976876376807,0,252,500,CLARABEL,optimal,220,20,0.0029786304649999998
2023-04-28,temporal_assessment,v4_hysteresis,10000000.0,300.0,-0.0013632586550602708,-0.004154650325632539,0.5788194796236987,0.005212774532656046,500,69,67,1.9999999891085078,-1.0962089569410693e-10,0.019735686215253734,-0.05000000141395211,0.04000000058551122,0.020000000599975636,112.11289815795229,3.179231573562634,86884806.99147499,0.00023498072570257128,5.641095834703581e-05,0.002499999986522661,0.002791391670572268,0.008145976876376807,0,252,500,CLARABEL,optimal,220,20,0.0029786304649999998
2023-04-28,temporal_assessment,v4_hysteresis,100000000.0,50.0,-0.0013632586550602708,-0.002193293158552806,0.5788194796236987,0.005212774532656046,500,69,67,1.9999999891085078,-1.0962089569410693e-10,0.019735686215253734,-0.05000000141395211,0.04000000058551122,0.020000000599975636,112.11289815795229,3.179231573562634,86884806.99147499,0.00023498072570257128,0.00017838711336952033,0.0004166666644204435,0.0008300345034925351,0.08145976876376806,0,252,500,CLARABEL,optimal,220,20,0.0029786304649999998
2023-04-28,temporal_assessment,v4_hysteresis,100000000.0,150.0,-0.0013632586550602708,-0.003026626487393693,0.5788194796236987,0.005212774532656046,500,69,67,1.9999999891085078,-1.0962089569410693e-10,0.019735686215253734,-0.05000000141395211,0.04000000058551122,0.020000000599975636,112.11289815795229,3.179231573562634,86884806.99147499,0.00023498072570257128,0.00017838711336952033,0.0012499999932613305,0.001663367832333422,0.08145976876376806,0,252,500,CLARABEL,optimal,220,20,0.0029786304649999998
2023-04-28,temporal_assessment,v4_hysteresis,100000000.0,300.0,-0.0013632586550602708,-0.004276626480655023,0.5788194796236987,0.005212774532656046,500,69,67,1.9999999891085078,-1.0962089569410693e-10,0.019735686215253734,-0.05000000141395211,0.04000000058551122,0.020000000599975636,112.11289815795229,3.179231573562634,86884806.99147499,0.00023498072570257128,0.00017838711336952033,0.002499999986522661,0.0029133678255947528,0.08145976876376806,0,252,500,CLARABEL,optimal,220,20,0.0029786304649999998
2023-04-28,temporal_assessment,v4_hysteresis,500000000.0,50.0,-0.0013632586550602708,-0.0024137917569874946,0.5788194796236987,0.005212774532656046,500,69,67,1.9999999891085078,-1.0962089569410693e-10,0.019735686215253734,-0.05000000141395211,0.04000000058551122,0.020000000599975636,112.11289815795229,3.179231573562634,86884806.99147499,0.00023498072570257128,0.00039888571180420897,0.0004166666644204435,0.0010505331019272238,0.40729884381884035,16,252,500,CLARABEL,optimal,220,20,0.0029786304649999998
2023-04-28,temporal_assessment,v4_hysteresis,500000000.0,150.0,-0.0013632586550602708,-0.0032471250858283817,0.5788194796236987,0.005212774532656046,500,69,67,1.9999999891085078,-1.0962089569410693e-10,0.019735686215253734,-0.05000000141395211,0.04000000058551122,0.020000000599975636,112.11289815795229,3.179231573562634,86884806.99147499,0.00023498072570257128,0.00039888571180420897,0.0012499999932613305,0.0018838664307681107,0.40729884381884035,16,252,500,CLARABEL,optimal,220,20,0.0029786304649999998
2023-04-28,temporal_assessment,v4_hysteresis,500000000.0,300.0,-0.0013632586550602708,-0.004497125079089712,0.5788194796236987,0.005212774532656046,500,69,67,1.9999999891085078,-1.0962089569410693e-10,0.019735686215253734,-0.05000000141395211,0.04000000058551122,0.020000000599975636,112.11289815795229,3.179231573562634,86884806.99147499,0.00023498072570257128,0.00039888571180420897,0.002499999986522661,0.0031338664240294412,0.40729884381884035,16,252,500,CLARABEL,optimal,220,20,0.0029786304649999998
2023-05-31,temporal_assessment,v4_hysteresis,10000000.0,50.0,-0.005789759564144341,-0.006555315065669124,0.5884045188909326,0.08072024768677315,500,65,68,1.9999999796147772,-8.71898969689866e-10,0.023481086233595128,-0.02867162385133952,0.039999999036331724,0.020000000519689216,110.86631278536822,3.187649017729756,84325547.3675,0.0002804772876203398,6.841155130305175e-05,0.00041666666260139085,0.0007655555015247824,0.00799440524699731,0,252,500,CLARABEL,optimal,226,26,0.007155118095000001
2023-05-31,temporal_assessment,v4_hysteresis,10000000.0,150.0,-0.005789759564144341,-0.007388648390871905,0.5884045188909326,0.08072024768677315,500,65,68,1.9999999796147772,-8.71898969689866e-10,0.023481086233595128,-0.02867162385133952,0.039999999036331724,0.020000000519689216,110.86631278536822,3.187649017729756,84325547.3675,0.0002804772876203398,6.841155130305175e-05,0.0012499999878041726,0.0015988888267275641,0.00799440524699731,0,252,500,CLARABEL,optimal,226,26,0.007155118095000001
2023-05-31,temporal_assessment,v4_hysteresis,10000000.0,300.0,-0.005789759564144341,-0.008638648378676077,0.5884045188909326,0.08072024768677315,500,65,68,1.9999999796147772,-8.71898969689866e-10,0.023481086233595128,-0.02867162385133952,0.039999999036331724,0.020000000519689216,110.86631278536822,3.187649017729756,84325547.3675,0.0002804772876203398,6.841155130305175e-05,0.002499999975608345,0.0028488888145317367,0.00799440524699731,0,252,500,CLARABEL,optimal,226,26,0.007155118095000001
2023-05-31,temporal_assessment,v4_hysteresis,100000000.0,50.0,-0.005789759564144341,-0.006703239834749175,0.5884045188909326,0.08072024768677315,500,65,68,1.9999999796147772,-8.71898969689866e-10,0.023481086233595128,-0.02867162385133952,0.039999999036331724,0.020000000519689216,110.86631278536822,3.187649017729756,84325547.3675,0.0002804772876203398,0.00021633632038310348,0.00041666666260139085,0.0009134802706048342,0.07994405246997309,0,252,500,CLARABEL,optimal,226,26,0.007155118095000001
2023-05-31,temporal_assessment,v4_hysteresis,100000000.0,150.0,-0.005789759564144341,-0.007536573159951957,0.5884045188909326,0.08072024768677315,500,65,68,1.9999999796147772,-8.71898969689866e-10,0.023481086233595128,-0.02867162385133952,0.039999999036331724,0.020000000519689216,110.86631278536822,3.187649017729756,84325547.3675,0.0002804772876203398,0.00021633632038310348,0.0012499999878041726,0.0017468135958076158,0.07994405246997309,0,252,500,CLARABEL,optimal,226,26,0.007155118095000001
2023-05-31,temporal_assessment,v4_hysteresis,100000000.0,300.0,-0.005789759564144341,-0.00878657314775613,0.5884045188909326,0.08072024768677315,500,65,68,1.9999999796147772,-8.71898969689866e-10,0.023481086233595128,-0.02867162385133952,0.039999999036331724,0.020000000519689216,110.86631278536822,3.187649017729756,84325547.3675,0.0002804772876203398,0.00021633632038310348,0.002499999975608345,0.0029968135836117883,0.07994405246997309,0,252,500,CLARABEL,optimal,226,26,0.007155118095000001
2023-05-31,temporal_assessment,v4_hysteresis,500000000.0,50.0,-0.005789759564144341,-0.006970646232744864,0.5884045188909326,0.08072024768677315,500,65,68,1.9999999796147772,-8.71898969689866e-10,0.023481086233595128,-0.02867162385133952,0.039999999036331724,0.020000000519689216,110.86631278536822,3.187649017729756,84325547.3675,0.0002804772876203398,0.00048374271837879276,0.00041666666260139085,0.0011808866686005234,0.3997202623498654,16,252,500,CLARABEL,optimal,226,26,0.007155118095000001
2023-05-31,temporal_assessment,v4_hysteresis,500000000.0,150.0,-0.005789759564144341,-0.0078039795579476455,0.5884045188909326,0.08072024768677315,500,65,68,1.9999999796147772,-8.71898969689866e-10,0.023481086233595128,-0.02867162385133952,0.039999999036331724,0.020000000519689216,110.86631278536822,3.187649017729756,84325547.3675,0.0002804772876203398,0.00048374271837879276,0.0012499999878041726,0.002014219993803305,0.3997202623498654,16,252,500,CLARABEL,optimal,226,26,0.007155118095000001
2023-05-31,temporal_assessment,v4_hysteresis,500000000.0,300.0,-0.005789759564144341,-0.009053979545751819,0.5884045188909326,0.08072024768677315,500,65,68,1.9999999796147772,-8.71898969689866e-10,0.023481086233595128,-0.02867162385133952,0.039999999036331724,0.020000000519689216,110.86631278536822,3.187649017729756,84325547.3675,0.0002804772876203398,0.00048374271837879276,0.002499999975608345,0.0032642199816074777,0.3997202623498654,16,252,500,CLARABEL,optimal,226,26,0.007155118095000001
2023-06-30,temporal_assessment,v4_hysteresis,10000000.0,50.0,-0.042945996312020396,-0.043815730338365895,0.6369878293078566,0.03964041857335801,500,68,65,1.9999999837489266,-2.6064137237380436e-09,0.01990371666215618,-0.04999999754301229,0.039999999984466995,0.020000000444830815,111.7589988200986,3.001249747596506,85099005.996165,0.00037080565728404705,8.226170523742319e-05,0.0004166666638240293,0.0008697340263454996,0.009999999626381696,0,252,500,CLARABEL,optimal,225,25,0.007598139
2023-06-30,temporal_assessment,v4_hysteresis,10000000.0,150.0,-0.042945996312020396,-0.044649063666013955,0.6369878293078566,0.03964041857335801,500,68,65,1.9999999837489266,-2.6064137237380436e-09,0.01990371666215618,-0.04999999754301229,0.039999999984466995,0.020000000444830815,111.7589988200986,3.001249747596506,85099005.996165,0.00037080565728404705,8.226170523742319e-05,0.001249999991472088,0.0017030673539935582,0.009999999626381696,0,252,500,CLARABEL,optimal,225,25,0.007598139
2023-06-30,temporal_assessment,v4_hysteresis,10000000.0,300.0,-0.042945996312020396,-0.04589906365748604,0.6369878293078566,0.03964041857335801,500,68,65,1.9999999837489266,-2.6064137237380436e-09,0.01990371666215618,-0.04999999754301229,0.039999999984466995,0.020000000444830815,111.7589988200986,3.001249747596506,85099005.996165,0.00037080565728404705,8.226170523742319e-05,0.002499999982944176,0.002953067345465646,0.009999999626381696,0,252,500,CLARABEL,optimal,225,25,0.007598139
2023-06-30,temporal_assessment,v4_hysteresis,100000000.0,50.0,-0.042945996312020396,-0.043993602985888135,0.6369878293078566,0.03964041857335801,500,68,65,1.9999999837489266,-2.6064137237380436e-09,0.01990371666215618,-0.04999999754301229,0.039999999984466995,0.020000000444830815,111.7589988200986,3.001249747596506,85099005.996165,0.00037080565728404705,0.00026013435275965956,0.0004166666638240293,0.0010476066738677359,0.09999999626381696,0,252,500,CLARABEL,optimal,225,25,0.007598139
2023-06-30,temporal_assessment,v4_hysteresis,100000000.0,150.0,-0.042945996312020396,-0.04482693631353619,0.6369878293078566,0.03964041857335801,500,68,65,1.9999999837489266,-2.6064137237380436e-09,0.01990371666215618,-0.04999999754301229,0.039999999984466995,0.020000000444830815,111.7589988200986,3.001249747596506,85099005.996165,0.00037080565728404705,0.00026013435275965956,0.001249999991472088,0.0018809400015157947,0.09999999626381696,0,252,500,CLARABEL,optimal,225,25,0.007598139
2023-06-30,temporal_assessment,v4_hysteresis,100000000.0,300.0,-0.042945996312020396,-0.04607693630500828,0.6369878293078566,0.03964041857335801,500,68,65,1.9999999837489266,-2.6064137237380436e-09,0.01990371666215618,-0.04999999754301229,0.039999999984466995,0.020000000444830815,111.7589988200986,3.001249747596506,85099005.996165,0.00037080565728404705,0.00026013435275965956,0.002499999982944176,0.0031309399929878826,0.09999999626381696,0,252,500,CLARABEL,optimal,225,25,0.007598139
2023-06-30,temporal_assessment,v4_hysteresis,500000000.0,50.0,-0.042945996312020396,-0.04431514672918198,0.6369878293078566,0.03964041857335801,500,68,65,1.9999999837489266,-2.6064137237380436e-09,0.01990371666215618,-0.04999999754301229,0.039999999984466995,0.020000000444830815,111.7589988200986,3.001249747596506,85099005.996165,0.00037080565728404705,0.0005816780960535088,0.0004166666638240293,0.0013691504171615852,0.49999998131908474,23,252,500,CLARABEL,optimal,225,25,0.007598139
2023-06-30,temporal_assessment,v4_hysteresis,500000000.0,150.0,-0.042945996312020396,-0.04514848005683004,0.6369878293078566,0.03964041857335801,500,68,65,1.9999999837489266,-2.6064137237380436e-09,0.01990371666215618,-0.04999999754301229,0.039999999984466995,0.020000000444830815,111.7589988200986,3.001249747596506,85099005.996165,0.00037080565728404705,0.0005816780960535088,0.001249999991472088,0.0022024837448096435,0.49999998131908474,23,252,500,CLARABEL,optimal,225,25,0.007598139
2023-06-30,temporal_assessment,v4_hysteresis,500000000.0,300.0,-0.042945996312020396,-0.046398480048302125,0.6369878293078566,0.03964041857335801,500,68,65,1.9999999837489266,-2.6064137237380436e-09,0.01990371666215618,-0.04999999754301229,0.039999999984466995,0.020000000444830815,111.7589988200986,3.001249747596506,85099005.996165,0.00037080565728404705,0.0005816780960535088,0.002499999982944176,0.003452483736281732,0.49999998131908474,23,252,500,CLARABEL,optimal,225,25,0.007598139
2023-07-31,temporal_assessment,v4_hysteresis,10000000.0,50.0,0.03458619316484479,0.03382868800538434,0.5899176251554983,-0.010590455063848382,500,67,67,1.9999999750010788,4.765690647667853e-09,0.0392284197107145,-0.04999999534936897,0.040000000029022854,0.020000000497449863,112.39533098388998,3.025037176682622,86413287.905,0.00027767423358322383,6.316426541152226e-05,0.00041666666046570583,0.0007575051594604519,0.009256207099175809,0,252,500,CLARABEL,optimal,221,21,0.009859656795000001
2023-07-31,temporal_assessment,v4_hysteresis,10000000.0,150.0,0.03458619316484479,0.03299535468445293,0.5899176251554983,-0.010590455063848382,500,67,67,1.9999999750010788,4.765690647667853e-09,0.0392284197107145,-0.04999999534936897,0.040000000029022854,0.020000000497449863,112.39533098388998,3.025037176682622,86413287.905,0.00027767423358322383,6.316426541152226e-05,0.0012499999813971176,0.0015908384803918637,0.009256207099175809,0,252,500,CLARABEL,optimal,221,21,0.009859656795000001
2023-07-31,temporal_assessment,v4_hysteresis,10000000.0,300.0,0.03458619316484479,0.03174535470305581,0.5899176251554983,-0.010590455063848382,500,67,67,1.9999999750010788,4.765690647667853e-09,0.0392284197107145,-0.04999999534936897,0.040000000029022854,0.020000000497449863,112.39533098388998,3.025037176682622,86413287.905,0.00027767423358322383,6.316426541152226e-05,0.002499999962794235,0.0028408384617889812,0.009256207099175809,0,252,500,CLARABEL,optimal,221,21,0.009859656795000001
2023-07-31,temporal_assessment,v4_hysteresis,100000000.0,50.0,0.03458619316484479,0.03369210932536406,0.5899176251554983,-0.010590455063848382,500,67,67,1.9999999750010788,4.765690647667853e-09,0.0392284197107145,-0.04999999534936897,0.040000000029022854,0.020000000497449863,112.39533098388998,3.025037176682622,86413287.905,0.00027767423358322383,0.0001997429454318031,0.00041666666046570583,0.0008940838394807327,0.0925620709917581,0,252,500,CLARABEL,optimal,221,21,0.009859656795000001
2023-07-31,temporal_assessment,v4_hysteresis,100000000.0,150.0,0.03458619316484479,0.03285877600443265,0.5899176251554983,-0.010590455063848382,500,67,67,1.9999999750010788,4.765690647667853e-09,0.0392284197107145,-0.04999999534936897,0.040000000029022854,0.020000000497449863,112.39533098388998,3.025037176682622,86413287.905,0.00027767423358322383,0.0001997429454318031,0.0012499999813971176,0.0017274171604121445,0.0925620709917581,0,252,500,CLARABEL,optimal,221,21,0.009859656795000001
2023-07-31,temporal_assessment,v4_hysteresis,100000000.0,300.0,0.03458619316484479,0.03160877602303553,0.5899176251554983,-0.010590455063848382,500,67,67,1.9999999750010788,4.765690647667853e-09,0.0392284197107145,-0.04999999534936897,0.040000000029022854,0.020000000497449863,112.39533098388998,3.025037176682622,86413287.905,0.00027767423358322383,0.0001997429454318031,0.002499999962794235,0.002977417141809262,0.0925620709917581,0,252,500,CLARABEL,optimal,221,21,0.009859656795000001
2023-07-31,temporal_assessment,v4_hysteresis,500000000.0,50.0,0.03458619316484479,0.03344521346678432,0.5899176251554983,-0.010590455063848382,500,67,67,1.9999999750010788,4.765690647667853e-09,0.0392284197107145,-0.04999999534936897,0.040000000029022854,0.020000000497449863,112.39533098388998,3.025037176682622,86413287.905,0.00027767423358322383,0.00044663880401154274,0.00041666666046570583,0.0011409796980604724,0.46281035495879047,15,252,500,CLARABEL,optimal,221,21,0.009859656795000001
2023-07-31,temporal_assessment,v4_hysteresis,500000000.0,150.0,0.03458619316484479,0.03261188014585291,0.5899176251554983,-0.010590455063848382,500,67,67,1.9999999750010788,4.765690647667853e-09,0.0392284197107145,-0.04999999534936897,0.040000000029022854,0.020000000497449863,112.39533098388998,3.025037176682622,86413287.905,0.00027767423358322383,0.00044663880401154274,0.0012499999813971176,0.001974313018991884,0.46281035495879047,15,252,500,CLARABEL,optimal,221,21,0.009859656795000001
2023-07-31,temporal_assessment,v4_hysteresis,500000000.0,300.0,0.03458619316484479,0.03136188016445579,0.5899176251554983,-0.010590455063848382,500,67,67,1.9999999750010788,4.765690647667853e-09,0.0392284197107145,-0.04999999534936897,0.040000000029022854,0.020000000497449863,112.39533098388998,3.025037176682622,86413287.905,0.00027767423358322383,0.00044663880401154274,0.002499999962794235,0.0032243130003890017,0.46281035495879047,15,252,500,CLARABEL,optimal,221,21,0.009859656795000001
2023-08-31,temporal_assessment,v4_hysteresis,10000000.0,50.0,-0.0016173820160462838,-0.0022971632125632917,0.5165199993709353,-0.04836524478592655,500,67,69,1.999999944089927,4.035793324530523e-09,0.022567702738509138,-0.04999999529573507,0.04000000138054699,0.020000000513189585,113.26330666302603,2.8425338652291914,87370450.255,0.00021070147934581677,5.241306299324654e-05,0.0004166666541779445,0.0006797811965170078,0.010000000201949985,0,252,500,CLARABEL,optimal,215,15,0.00997711068
2023-08-31,temporal_assessment,v4_hysteresis,10000000.0,150.0,-0.0016173820160462838,-0.0031304965209191806,0.5165199993709353,-0.04836524478592655,500,67,69,1.999999944089927,4.035793324530523e-09,0.022567702738509138,-0.04999999529573507,0.04000000138054699,0.020000000513189585,113.26330666302603,2.8425338652291914,87370450.255,0.00021070147934581677,5.241306299324654e-05,0.0012499999625338336,0.0015131145048728968,0.010000000201949985,0,252,500,CLARABEL,optimal,215,15,0.00997711068
2023-08-31,temporal_assessment,v4_hysteresis,10000000.0,300.0,-0.0016173820160462838,-0.004380496483453015,0.5165199993709353,-0.04836524478592655,500,67,69,1.999999944089927,4.035793324530523e-09,0.022567702738509138,-0.04999999529573507,0.04000000138054699,0.020000000513189585,113.26330666302603,2.8425338652291914,87370450.255,0.00021070147934581677,5.241306299324654e-05,0.002499999925067667,0.0027631144674067306,0.010000000201949985,0,252,500,CLARABEL,optimal,215,15,0.00997711068
2023-08-31,temporal_assessment,v4_hysteresis,100000000.0,50.0,-0.0016173820160462838,-0.002410494807774587,0.5165199993709353,-0.04836524478592655,500,67,69,1.999999944089927,4.035793324530523e-09,0.022567702738509138,-0.04999999529573507,0.04000000138054699,0.020000000513189585,113.26330666302603,2.8425338652291914,87370450.255,0.00021070147934581677,0.00016574465820454155,0.0004166666541779445,0.0007931127917283028,0.10000000201949985,1,252,500,CLARABEL,optimal,215,15,0.00997711068
2023-08-31,temporal_assessment,v4_hysteresis,100000000.0,150.0,-0.0016173820160462838,-0.0032438281161304757,0.5165199993709353,-0.04836524478592655,500,67,69,1.999999944089927,4.035793324530523e-09,0.022567702738509138,-0.04999999529573507,0.04000000138054699,0.020000000513189585,113.26330666302603,2.8425338652291914,87370450.255,0.00021070147934581677,0.00016574465820454155,0.0012499999625338336,0.001626446100084192,0.10000000201949985,1,252,500,CLARABEL,optimal,215,15,0.00997711068
2023-08-31,temporal_assessment,v4_hysteresis,100000000.0,300.0,-0.0016173820160462838,-0.0044938280786643095,0.5165199993709353,-0.04836524478592655,500,67,69,1.999999944089927,4.035793324530523e-09,0.022567702738509138,-0.04999999529573507,0.04000000138054699,0.020000000513189585,113.26330666302603,2.8425338652291914,87370450.255,0.00021070147934581677,0.00016574465820454155,0.002499999925067667,0.0028764460626180253,0.10000000201949985,1,252,500,CLARABEL,optimal,215,15,0.00997711068
2023-08-31,temporal_assessment,v4_hysteresis,500000000.0,50.0,-0.0016173820160462838,-0.002615366472222868,0.5165199993709353,-0.04836524478592655,500,67,69,1.999999944089927,4.035793324530523e-09,0.022567702738509138,-0.04999999529573507,0.04000000138054699,0.020000000513189585,113.26330666302603,2.8425338652291914,87370450.255,0.00021070147934581677,0.0003706163226528231,0.0004166666541779445,0.0009979844561765843,0.5000000100974993,13,252,500,CLARABEL,optimal,215,15,0.00997711068
2023-08-31,temporal_assessment,v4_hysteresis,500000000.0,150.0,-0.0016173820160462838,-0.0034486997805787574,0.5165199993709353,-0.04836524478592655,500,67,69,1.999999944089927,4.035793324530523e-09,0.022567702738509138,-0.04999999529573507,0.04000000138054699,0.020000000513189585,113.26330666302603,2.8425338652291914,87370450.255,0.00021070147934581677,0.0003706163226528231,0.0012499999625338336,0.0018313177645324734,0.5000000100974993,13,252,500,CLARABEL,optimal,215,15,0.00997711068
2023-08-31,temporal_assessment,v4_hysteresis,500000000.0,300.0,-0.0016173820160462838,-0.004698699743112591,0.5165199993709353,-0.04836524478592655,500,67,69,1.999999944089927,4.035793324530523e-09,0.022567702738509138,-0.04999999529573507,0.04000000138054699,0.020000000513189585,113.26330666302603,2.8425338652291914,87370450.255,0.00021070147934581677,0.0003706163226528231,0.002499999925067667,0.003081317727066307,0.5000000100974993,13,252,500,CLARABEL,optimal,215,15,0.00997711068
2023-09-29,temporal_assessment,v4_hysteresis,10000000.0,50.0,0.03640646904751864,0.035765237261513906,0.500262922189728,-0.0448064745499559,500,61,78,1.9999999651955274,8.55201924727933e-09,0.03254690948150593,-0.049999999251017474,0.040000004217880025,0.020000000510816848,113.12816749104303,2.908897233963675,83106847.58500001,0.00017099944366989284,5.35656847007766e-05,0.00041666665763406423,0.0006412317860047337,0.006294260379924267,0,252,500,CLARABEL,optimal,226,26,0.00992109102
2023-09-29,temporal_assessment,v4_hysteresis,10000000.0,150.0,0.03640646904751864,0.034931903946245776,0.500262922189728,-0.0448064745499559,500,61,78,1.9999999651955274,8.55201924727933e-09,0.03254690948150593,-0.049999999251017474,0.040000004217880025,0.020000000510816848,113.12816749104303,2.908897233963675,83106847.58500001,0.00017099944366989284,5.35656847007766e-05,0.0012499999729021927,0.0014745651012728622,0.006294260379924267,0,252,500,CLARABEL,optimal,226,26,0.00992109102
2023-09-29,temporal_assessment,v4_hysteresis,10000000.0,300.0,0.03640646904751864,0.033681903973343585,0.500262922189728,-0.0448064745499559,500,61,78,1.9999999651955274,8.55201924727933e-09,0.03254690948150593,-0.049999999251017474,0.040000004217880025,0.020000000510816848,113.12816749104303,2.908897233963675,83106847.58500001,0.00017099944366989284,5.35656847007766e-05,0.0024999999458043855,0.002724565074175055,0.006294260379924267,0,252,500,CLARABEL,optimal,226,26,0.00992109102
2023-09-29,temporal_assessment,v4_hysteresis,100000000.0,50.0,0.03640646904751864,0.03564941337813379,0.500262922189728,-0.0448064745499559,500,61,78,1.9999999651955274,8.55201924727933e-09,0.03254690948150593,-0.049999999251017474,0.040000004217880025,0.020000000510816848,113.12816749104303,2.908897233963675,83106847.58500001,0.00017099944366989284,0.00016938956808088898,0.00041666665763406423,0.0007570556693848461,0.06294260379924266,0,252,500,CLARABEL,optimal,226,26,0.00992109102
2023-09-29,temporal_assessment,v4_hysteresis,100000000.0,150.0,0.03640646904751864,0.03481608006286566,0.500262922189728,-0.0448064745499559,500,61,78,1.9999999651955274,8.55201924727933e-09,0.03254690948150593,-0.049999999251017474,0.040000004217880025,0.020000000510816848,113.12816749104303,2.908897233963675,83106847.58500001,0.00017099944366989284,0.00016938956808088898,0.0012499999729021927,0.0015903889846529745,0.06294260379924266,0,252,500,CLARABEL,optimal,226,26,0.00992109102
2023-09-29,temporal_assessment,v4_hysteresis,100000000.0,300.0,0.03640646904751864,0.03356608008996347,0.500262922189728,-0.0448064745499559,500,61,78,1.9999999651955274,8.55201924727933e-09,0.03254690948150593,-0.049999999251017474,0.040000004217880025,0.020000000510816848,113.12816749104303,2.908897233963675,83106847.58500001,0.00017099944366989284,0.00016938956808088898,0.0024999999458043855,0.002840388957555167,0.06294260379924266,0,252,500,CLARABEL,optimal,226,26,0.00992109102
2023-09-29,temporal_assessment,v4_hysteresis,500000000.0,50.0,0.03640646904751864,0.035440036357306484,0.500262922189728,-0.0448064745499559,500,61,78,1.9999999651955274,8.55201924727933e-09,0.03254690948150593,-0.049999999251017474,0.040000004217880025,0.020000000510816848,113.12816749104303,2.908897233963675,83106847.58500001,0.00017099944366989284,0.0003787665889081964,0.00041666665763406423,0.0009664326902121534,0.31471301899621335,12,252,500,CLARABEL,optimal,226,26,0.00992109102
2023-09-29,temporal_assessment,v4_hysteresis,500000000.0,150.0,0.03640646904751864,0.034606703042038355,0.500262922189728,-0.0448064745499559,500,61,78,1.9999999651955274,8.55201924727933e-09,0.03254690948150593,-0.049999999251017474,0.040000004217880025,0.020000000510816848,113.12816749104303,2.908897233963675,83106847.58500001,0.00017099944366989284,0.0003787665889081964,0.0012499999729021927,0.001799766005480282,0.31471301899621335,12,252,500,CLARABEL,optimal,226,26,0.00992109102
2023-09-29,temporal_assessment,v4_hysteresis,500000000.0,300.0,0.03640646904751864,0.033356703069136164,0.500262922189728,-0.0448064745499559,500,61,78,1.9999999651955274,8.55201924727933e-09,0.03254690948150593,-0.049999999251017474,0.040000004217880025,0.020000000510816848,113.12816749104303,2.908897233963675,83106847.58500001,0.00017099944366989284,0.0003787665889081964,0.0024999999458043855,0.0030497659783824747,0.31471301899621335,12,252,500,CLARABEL,optimal,226,26,0.00992109102
2023-10-31,temporal_assessment,v4_hysteresis,10000000.0,50.0,-0.026369390463491925,-0.02707555492823687,0.5720479982387385,0.10637406596123042,500,62,76,1.9999999436652376,-3.795967914999032e-09,0.04999999894031798,-0.047869420304862735,0.040000007045167214,0.020000000648784638,114.25829341866427,3.052736174680603,85435134.715,0.00023652104694896772,5.297676207489263e-05,0.00041666665572108447,0.0007061644647449448,0.004678010925005316,0,252,500,CLARABEL,optimal,229,29,0.006474599100000001
2023-10-31,temporal_assessment,v4_hysteresis,10000000.0,150.0,-0.026369390463491925,-0.02790888823967904,0.5720479982387385,0.10637406596123042,500,62,76,1.9999999436652376,-3.795967914999032e-09,0.04999999894031798,-0.047869420304862735,0.040000007045167214,0.020000000648784638,114.25829341866427,3.052736174680603,85435134.715,0.00023652104694896772,5.297676207489263e-05,0.0012499999671632532,0.0015394977761871136,0.004678010925005316,0,252,500,CLARABEL,optimal,229,29,0.006474599100000001
2023-10-31,temporal_assessment,v4_hysteresis,10000000.0,300.0,-0.026369390463491925,-0.02915888820684229,0.5720479982387385,0.10637406596123042,500,62,76,1.9999999436652376,-3.795967914999032e-09,0.04999999894031798,-0.047869420304862735,0.040000007045167214,0.020000000648784638,114.25829341866427,3.052736174680603,85435134.715,0.00023652104694896772,5.297676207489263e-05,0.0024999999343265065,0.0027894977433503667,0.004678010925005316,0,252,500,CLARABEL,optimal,229,29,0.006474599100000001
2023-10-31,temporal_assessment,v4_hysteresis,100000000.0,50.0,-0.026369390463491925,-0.027190105397379465,0.5720479982387385,0.10637406596123042,500,62,76,1.9999999436652376,-3.795967914999032e-09,0.04999999894031798,-0.047869420304862735,0.040000007045167214,0.020000000648784638,114.25829341866427,3.052736174680603,85435134.715,0.00023652104694896772,0.0001675272312174884,0.00041666665572108447,0.0008207149338875406,0.04678010925005315,0,252,500,CLARABEL,optimal,229,29,0.006474599100000001
2023-10-31,temporal_assessment,v4_hysteresis,100000000.0,150.0,-0.026369390463491925,-0.028023438708821635,0.5720479982387385,0.10637406596123042,500,62,76,1.9999999436652376,-3.795967914999032e-09,0.04999999894031798,-0.047869420304862735,0.040000007045167214,0.020000000648784638,114.25829341866427,3.052736174680603,85435134.715,0.00023652104694896772,0.0001675272312174884,0.0012499999671632532,0.0016540482453297094,0.04678010925005315,0,252,500,CLARABEL,optimal,229,29,0.006474599100000001
2023-10-31,temporal_assessment,v4_hysteresis,100000000.0,300.0,-0.026369390463491925,-0.02927343867598489,0.5720479982387385,0.10637406596123042,500,62,76,1.9999999436652376,-3.795967914999032e-09,0.04999999894031798,-0.047869420304862735,0.040000007045167214,0.020000000648784638,114.25829341866427,3.052736174680603,85435134.715,0.00023652104694896772,0.0001675272312174884,0.0024999999343265065,0.0029040482124929627,0.04678010925005315,0,252,500,CLARABEL,optimal,229,29,0.006474599100000001
2023-10-31,temporal_assessment,v4_hysteresis,500000000.0,50.0,-0.026369390463491925,-0.027397180443246606,0.5720479982387385,0.10637406596123042,500,62,76,1.9999999436652376,-3.795967914999032e-09,0.04999999894031798,-0.047869420304862735,0.040000007045167214,0.020000000648784638,114.25829341866427,3.052736174680603,85435134.715,0.00023652104694896772,0.0003746022770846288,0.00041666665572108447,0.001027789979754681,0.2339005462502658,13,252,500,CLARABEL,optimal,229,29,0.006474599100000001
2023-10-31,temporal_assessment,v4_hysteresis,500000000.0,150.0,-0.026369390463491925,-0.028230513754688775,0.5720479982387385,0.10637406596123042,500,62,76,1.9999999436652376,-3.795967914999032e-09,0.04999999894031798,-0.047869420304862735,0.040000007045167214,0.020000000648784638,114.25829341866427,3.052736174680603,85435134.715,0.00023652104694896772,0.0003746022770846288,0.0012499999671632532,0.0018611232911968497,0.2339005462502658,13,252,500,CLARABEL,optimal,229,29,0.006474599100000001
2023-10-31,temporal_assessment,v4_hysteresis,500000000.0,300.0,-0.026369390463491925,-0.02948051372185203,0.5720479982387385,0.10637406596123042,500,62,76,1.9999999436652376,-3.795967914999032e-09,0.04999999894031798,-0.047869420304862735,0.040000007045167214,0.020000000648784638,114.25829341866427,3.052736174680603,85435134.715,0.00023652104694896772,0.0003746022770846288,0.0024999999343265065,0.0031111232583601028,0.2339005462502658,13,252,500,CLARABEL,optimal,229,29,0.006474599100000001
2023-11-30,temporal_assessment,v4_hysteresis,10000000.0,50.0,-0.03296928484809432,-0.03366281347794889,0.5110966028222224,0.06995434863371447,500,61,70,1.9999999587229063,2.5802909441041688e-08,0.033321923674375836,-0.03791140449147048,0.04000000058051087,0.020000000597298652,111.87837088235102,3.2957108055407467,83932059.58,0.00021980070853484123,5.706126862806046e-05,0.00041666665269166596,0.0006935286298545677,0.009279243019469861,0,252,500,CLARABEL,optimal,220,20,0.006321005765000001
2023-11-30,temporal_assessment,v4_hysteresis,10000000.0,150.0,-0.03296928484809432,-0.03449614678333222,0.5110966028222224,0.06995434863371447,500,61,70,1.9999999587229063,2.5802909441041688e-08,0.033321923674375836,-0.03791140449147048,0.04000000058051087,0.020000000597298652,111.87837088235102,3.2957108055407467,83932059.58,0.00021980070853484123,5.706126862806046e-05,0.001249999958074998,0.0015268619352378997,0.009279243019469861,0,252,500,CLARABEL,optimal,220,20,0.006321005765000001
2023-11-30,temporal_assessment,v4_hysteresis,10000000.0,300.0,-0.03296928484809432,-0.03574614674140721,0.5110966028222224,0.06995434863371447,500,61,70,1.9999999587229063,2.5802909441041688e-08,0.033321923674375836,-0.03791140449147048,0.04000000058051087,0.020000000597298652,111.87837088235102,3.2957108055407467,83932059.58,0.00021980070853484123,5.706126862806046e-05,0.002499999916149996,0.0027768618933128974,0.009279243019469861,0,252,500,CLARABEL,optimal,220,20,0.006321005765000001
2023-11-30,temporal_assessment,v4_hysteresis,100000000.0,50.0,-0.03296928484809432,-0.03378619578436421,0.5110966028222224,0.06995434863371447,500,61,70,1.9999999587229063,2.5802909441041688e-08,0.033321923674375836,-0.03791140449147048,0.04000000058051087,0.020000000597298652,111.87837088235102,3.2957108055407467,83932059.58,0.00021980070853484123,0.00018044357504338237,0.00041666665269166596,0.0008169109362698896,0.09279243019469861,0,252,500,CLARABEL,optimal,220,20,0.006321005765000001
2023-11-30,temporal_assessment,v4_hysteresis,100000000.0,150.0,-0.03296928484809432,-0.03461952908974754,0.5110966028222224,0.06995434863371447,500,61,70,1.9999999587229063,2.5802909441041688e-08,0.033321923674375836,-0.03791140449147048,0.04000000058051087,0.020000000597298652,111.87837088235102,3.2957108055407467,83932059.58,0.00021980070853484123,0.00018044357504338237,0.001249999958074998,0.0016502442416532217,0.09279243019469861,0,252,500,CLARABEL,optimal,220,20,0.006321005765000001
2023-11-30,temporal_assessment,v4_hysteresis,100000000.0,300.0,-0.03296928484809432,-0.035869529047822535,0.5110966028222224,0.06995434863371447,500,61,70,1.9999999587229063,2.5802909441041688e-08,0.033321923674375836,-0.03791140449147048,0.04000000058051087,0.020000000597298652,111.87837088235102,3.2957108055407467,83932059.58,0.00021980070853484123,0.00018044357504338237,0.002499999916149996,0.0029002441997282194,0.09279243019469861,0,252,500,CLARABEL,optimal,220,20,0.006321005765000001
2023-11-30,temporal_assessment,v4_hysteresis,500000000.0,50.0,-0.03296928484809432,-0.03400923630922091,0.5110966028222224,0.06995434863371447,500,61,70,1.9999999587229063,2.5802909441041688e-08,0.033321923674375836,-0.03791140449147048,0.04000000058051087,0.020000000597298652,111.87837088235102,3.2957108055407467,83932059.58,0.00021980070853484123,0.0004034840999000875,0.00041666665269166596,0.0010399514611265947,0.463962150973493,10,252,500,CLARABEL,optimal,220,20,0.006321005765000001
2023-11-30,temporal_assessment,v4_hysteresis,500000000.0,150.0,-0.03296928484809432,-0.034842569614604246,0.5110966028222224,0.06995434863371447,500,61,70,1.9999999587229063,2.5802909441041688e-08,0.033321923674375836,-0.03791140449147048,0.04000000058051087,0.020000000597298652,111.87837088235102,3.2957108055407467,83932059.58,0.00021980070853484123,0.0004034840999000875,0.001249999958074998,0.0018732847665099267,0.463962150973493,10,252,500,CLARABEL,optimal,220,20,0.006321005765000001
2023-11-30,temporal_assessment,v4_hysteresis,500000000.0,300.0,-0.03296928484809432,-0.03609256957267924,0.5110966028222224,0.06995434863371447,500,61,70,1.9999999587229063,2.5802909441041688e-08,0.033321923674375836,-0.03791140449147048,0.04000000058051087,0.020000000597298652,111.87837088235102,3.2957108055407467,83932059.58,0.00021980070853484123,0.0004034840999000875,0.002499999916149996,0.0031232847245849247,0.463962150973493,10,252,500,CLARABEL,optimal,220,20,0.006321005765000001
2023-12-29,temporal_assessment,v4_hysteresis,10000000.0,50.0,0.03363813055584917,0.032882759951713435,0.5385109913873063,0.01952351264092637,500,65,69,1.999999962381333,1.1649765818688707e-08,0.015590733753676145,-0.033054822578006585,0.04000000138396876,0.020000000586253053,111.60618767379792,3.382505614272349,86867812.85249999,0.0002782670944834519,6.0436853249871245e-05,0.0004166666564024099,0.000755370604135733,0.005618626159324632,0,252,500,CLARABEL,optimal,217,17,0.00467806298
2023-12-29,temporal_assessment,v4_hysteresis,10000000.0,150.0,0.03363813055584917,0.03204942663890861,0.5385109913873063,0.01952351264092637,500,65,69,1.999999962381333,1.1649765818688707e-08,0.015590733753676145,-0.033054822578006585,0.04000000138396876,0.020000000586253053,111.60618767379792,3.382505614272349,86867812.85249999,0.0002782670944834519,6.0436853249871245e-05,0.0012499999692072298,0.001588703916940553,0.005618626159324632,0,252,500,CLARABEL,optimal,217,17,0.00467806298
2023-12-29,temporal_assessment,v4_hysteresis,10000000.0,300.0,0.03363813055584917,0.030799426669701386,0.5385109913873063,0.01952351264092637,500,65,69,1.999999962381333,1.1649765818688707e-08,0.015590733753676145,-0.033054822578006585,0.04000000138396876,0.020000000586253053,111.60618767379792,3.382505614272349,86867812.85249999,0.0002782670944834519,6.0436853249871245e-05,0.0024999999384144596,0.0028387038861477825,0.005618626159324632,0,252,500,CLARABEL,optimal,217,17,0.00467806298
2023-12-29,temporal_assessment,v4_hysteresis,100000000.0,50.0,0.03363813055584917,0.03275207869408037,0.5385109913873063,0.01952351264092637,500,65,69,1.999999962381333,1.1649765818688707e-08,0.015590733753676145,-0.033054822578006585,0.04000000138396876,0.020000000586253053,111.60618767379792,3.382505614272349,86867812.85249999,0.0002782670944834519,0.00019111811088294255,0.0004166666564024099,0.0008860518617688044,0.05618626159324633,0,252,500,CLARABEL,optimal,217,17,0.00467806298
2023-12-29,temporal_assessment,v4_hysteresis,100000000.0,150.0,0.03363813055584917,0.031918745381275544,0.5385109913873063,0.01952351264092637,500,65,69,1.999999962381333,1.1649765818688707e-08,0.015590733753676145,-0.033054822578006585,0.04000000138396876,0.020000000586253053,111.60618767379792,3.382505614272349,86867812.85249999,0.0002782670944834519,0.00019111811088294255,0.0012499999692072298,0.0017193851745736241,0.05618626159324633,0,252,500,CLARABEL,optimal,217,17,0.00467806298
2023-12-29,temporal_assessment,v4_hysteresis,100000000.0,300.0,0.03363813055584917,0.030668745412068314,0.5385109913873063,0.01952351264092637,500,65,69,1.999999962381333,1.1649765818688707e-08,0.015590733753676145,-0.033054822578006585,0.04000000138396876,0.020000000586253053,111.60618767379792,3.382505614272349,86867812.85249999,0.0002782670944834519,0.00019111811088294255,0.0024999999384144596,0.002969385143780854,0.05618626159324633,0,252,500,CLARABEL,optimal,217,17,0.00467806298
2023-12-29,temporal_assessment,v4_hysteresis,500000000.0,50.0,0.03363813055584917,0.0325158437172977,0.5385109913873063,0.01952351264092637,500,65,69,1.999999962381333,1.1649765818688707e-08,0.015590733753676145,-0.033054822578006585,0.04000000138396876,0.020000000586253053,111.60618767379792,3.382505614272349,86867812.85249999,0.0002782670944834519,0.0004273530876656019,0.0004166666564024099,0.0011222868385514636,0.2809313079662316,11,252,500,CLARABEL,optimal,217,17,0.00467806298
2023-12-29,temporal_assessment,v4_hysteresis,500000000.0,150.0,0.03363813055584917,0.03168251040449288,0.5385109913873063,0.01952351264092637,500,65,69,1.999999962381333,1.1649765818688707e-08,0.015590733753676145,-0.033054822578006585,0.04000000138396876,0.020000000586253053,111.60618767379792,3.382505614272349,86867812.85249999,0.0002782670944834519,0.0004273530876656019,0.0012499999692072298,0.0019556201513562833,0.2809313079662316,11,252,500,CLARABEL,optimal,217,17,0.00467806298
2023-12-29,temporal_assessment,v4_hysteresis,500000000.0,300.0,0.03363813055584917,0.030432510435285654,0.5385109913873063,0.01952351264092637,500,65,69,1.999999962381333,1.1649765818688707e-08,0.015590733753676145,-0.033054822578006585,0.04000000138396876,0.020000000586253053,111.60618767379792,3.382505614272349,86867812.85249999,0.0002782670944834519,0.0004273530876656019,0.0024999999384144596,0.0032056201205635133,0.2809313079662316,11,252,500,CLARABEL,optimal,217,17,0.00467806298
2024-01-31,temporal_assessment,v4_hysteresis,10000000.0,50.0,0.02254646188861839,0.0218430376180772,0.5223478676362514,0.09067583000925293,500,66,68,1.9999999644129836,1.8936696655202923e-10,0.010252363179236612,0.05000000936656762,0.040000002476913904,0.020000000531214333,112.71328183477308,3.2385626859621186,85379373.7454875,0.00022662125402973923,6.01363572981985e-05,0.0004166666592132535,0.0007034242705411912,0.007076617461603989,0,252,500,CLARABEL,optimal,216,16,0.00408521393
2024-01-31,temporal_assessment,v4_hysteresis,10000000.0,150.0,0.02254646188861839,0.021009704299650694,0.5223478676362514,0.09067583000925293,500,66,68,1.9999999644129836,1.8936696655202923e-10,0.010252363179236612,0.05000000936656762,0.040000002476913904,0.020000000531214333,112.71328183477308,3.2385626859621186,85379373.7454875,0.00022662125402973923,6.01363572981985e-05,0.0012499999776397607,0.0015367575889676985,0.007076617461603989,0,252,500,CLARABEL,optimal,216,16,0.00408521393
2024-01-31,temporal_assessment,v4_hysteresis,10000000.0,300.0,0.02254646188861839,0.01975970432201093,0.5223478676362514,0.09067583000925293,500,66,68,1.9999999644129836,1.8936696655202923e-10,0.010252363179236612,0.05000000936656762,0.040000002476913904,0.020000000531214333,112.71328183477308,3.2385626859621186,85379373.7454875,0.00022662125402973923,6.01363572981985e-05,0.0024999999552795214,0.0027867575666074593,0.007076617461603989,0,252,500,CLARABEL,optimal,216,16,0.00408521393
2024-01-31,temporal_assessment,v4_hysteresis,100000000.0,50.0,0.02254646188861839,0.021713006116127403,0.5223478676362514,0.09067583000925293,500,66,68,1.9999999644129836,1.8936696655202923e-10,0.010252363179236612,0.05000000936656762,0.040000002476913904,0.020000000531214333,112.71328183477308,3.2385626859621186,85379373.7454875,0.00022662125402973923,0.0001901678592479968,0.0004166666592132535,0.0008334557724909895,0.07076617461603989,0,252,500,CLARABEL,optimal,216,16,0.00408521393
2024-01-31,temporal_assessment,v4_hysteresis,100000000.0,150.0,0.02254646188861839,0.020879672797700893,0.5223478676362514,0.09067583000925293,500,66,68,1.9999999644129836,1.8936696655202923e-10,0.010252363179236612,0.05000000936656762,0.040000002476913904,0.020000000531214333,112.71328183477308,3.2385626859621186,85379373.7454875,0.00022662125402973923,0.0001901678592479968,0.0012499999776397607,0.0016667890909174967,0.07076617461603989,0,252,500,CLARABEL,optimal,216,16,0.00408521393
2024-01-31,temporal_assessment,v4_hysteresis,100000000.0,300.0,0.02254646188861839,0.019629672820061134,0.5223478676362514,0.09067583000925293,500,66,68,1.9999999644129836,1.8936696655202923e-10,0.010252363179236612,0.05000000936656762,0.040000002476913904,0.020000000531214333,112.71328183477308,3.2385626859621186,85379373.7454875,0.00022662125402973923,0.0001901678592479968,0.0024999999552795214,0.0029167890685572575,0.07076617461603989,0,252,500,CLARABEL,optimal,216,16,0.00408521393
2024-01-31,temporal_assessment,v4_hysteresis,500000000.0,50.0,0.02254646188861839,0.021477945714961266,0.5223478676362514,0.09067583000925293,500,66,68,1.9999999644129836,1.8936696655202923e-10,0.010252363179236612,0.05000000936656762,0.040000002476913904,0.020000000531214333,112.71328183477308,3.2385626859621186,85379373.7454875,0.00022662125402973923,0.0004252282604141329,0.0004166666592132535,0.0010685161736571256,0.35383087308019945,13,252,500,CLARABEL,optimal,216,16,0.00408521393
2024-01-31,temporal_assessment,v4_hysteresis,500000000.0,150.0,0.02254646188861839,0.02064461239653476,0.5223478676362514,0.09067583000925293,500,66,68,1.9999999644129836,1.8936696655202923e-10,0.010252363179236612,0.05000000936656762,0.040000002476913904,0.020000000531214333,112.71328183477308,3.2385626859621186,85379373.7454875,0.00022662125402973923,0.0004252282604141329,0.0012499999776397607,0.001901849492083633,0.35383087308019945,13,252,500,CLARABEL,optimal,216,16,0.00408521393
2024-01-31,temporal_assessment,v4_hysteresis,500000000.0,300.0,0.02254646188861839,0.019394612418894997,0.5223478676362514,0.09067583000925293,500,66,68,1.9999999644129836,1.8936696655202923e-10,0.010252363179236612,0.05000000936656762,0.040000002476913904,0.020000000531214333,112.71328183477308,3.2385626859621186,85379373.7454875,0.00022662125402973923,0.0004252282604141329,0.0024999999552795214,0.003151849469723394,0.35383087308019945,13,252,500,CLARABEL,optimal,216,16,0.00408521393
2024-02-29,temporal_assessment,v4_hysteresis,10000000.0,50.0,-0.0020089758385212564,-0.002830742349999036,0.6851211523329273,0.03856926360912582,500,64,67,1.9999999812770977,1.8929842277026765e-09,0.01640825005580754,0.032411760984172144,0.040000000798097665,0.020000000575153082,110.79412426518368,3.2738006987798856,88718085.88418499,0.00033263129112360396,7.246855798248542e-05,0.0004166666623716903,0.0008217665114777797,0.010000000181453268,0,252,500,CLARABEL,optimal,224,24,0.0037493137200000004
2024-02-29,temporal_assessment,v4_hysteresis,10000000.0,150.0,-0.0020089758385212564,-0.0036640756747424166,0.6851211523329273,0.03856926360912582,500,64,67,1.9999999812770977,1.8929842277026765e-09,0.01640825005580754,0.032411760984172144,0.040000000798097665,0.020000000575153082,110.79412426518368,3.2738006987798856,88718085.88418499,0.00033263129112360396,7.246855798248542e-05,0.0012499999871150708,0.0016550998362211602,0.010000000181453268,0,252,500,CLARABEL,optimal,224,24,0.0037493137200000004
2024-02-29,temporal_assessment,v4_hysteresis,10000000.0,300.0,-0.0020089758385212564,-0.004914075661857488,0.6851211523329273,0.03856926360912582,500,64,67,1.9999999812770977,1.8929842277026765e-09,0.01640825005580754,0.032411760984172144,0.040000000798097665,0.020000000575153082,110.79412426518368,3.2738006987798856,88718085.88418499,0.00033263129112360396,7.246855798248542e-05,0.0024999999742301416,0.002905099823336231,0.010000000181453268,0,252,500,CLARABEL,optimal,224,24,0.0037493137200000004
2024-02-29,temporal_assessment,v4_hysteresis,100000000.0,50.0,-0.0020089758385212564,-0.0029874394939891813,0.6851211523329273,0.03856926360912582,500,64,67,1.9999999812770977,1.8929842277026765e-09,0.01640825005580754,0.032411760984172144,0.040000000798097665,0.020000000575153082,110.79412426518368,3.2738006987798856,88718085.88418499,0.00033263129112360396,0.00022916570197263053,0.0004166666623716903,0.0009784636554679249,0.10000000181453268,1,252,500,CLARABEL,optimal,224,24,0.0037493137200000004
2024-02-29,temporal_assessment,v4_hysteresis,100000000.0,150.0,-0.0020089758385212564,-0.003820772818732562,0.6851211523329273,0.03856926360912582,500,64,67,1.9999999812770977,1.8929842277026765e-09,0.01640825005580754,0.032411760984172144,0.040000000798097665,0.020000000575153082,110.79412426518368,3.2738006987798856,88718085.88418499,0.00033263129112360396,0.00022916570197263053,0.0012499999871150708,0.0018117969802113054,0.10000000181453268,1,252,500,CLARABEL,optimal,224,24,0.0037493137200000004
2024-02-29,temporal_assessment,v4_hysteresis,100000000.0,300.0,-0.0020089758385212564,-0.005070772805847633,0.6851211523329273,0.03856926360912582,500,64,67,1.9999999812770977,1.8929842277026765e-09,0.01640825005580754,0.032411760984172144,0.040000000798097665,0.020000000575153082,110.79412426518368,3.2738006987798856,88718085.88418499,0.00033263129112360396,0.00022916570197263053,0.0024999999742301416,0.003061796967326376,0.10000000181453268,1,252,500,CLARABEL,optimal,224,24,0.0037493137200000004
2024-02-29,temporal_assessment,v4_hysteresis,500000000.0,50.0,-0.0020089758385212564,-0.0032707038797388103,0.6851211523329273,0.03856926360912582,500,64,67,1.9999999812770977,1.8929842277026765e-09,0.01640825005580754,0.032411760984172144,0.040000000798097665,0.020000000575153082,110.79412426518368,3.2738006987798856,88718085.88418499,0.00033263129112360396,0.0005124300877222595,0.0004166666623716903,0.0012617280412175538,0.5000000090726634,20,252,500,CLARABEL,optimal,224,24,0.0037493137200000004
2024-02-29,temporal_assessment,v4_hysteresis,500000000.0,150.0,-0.0020089758385212564,-0.004104037204482191,0.6851211523329273,0.03856926360912582,500,64,67,1.9999999812770977,1.8929842277026765e-09,0.01640825005580754,0.032411760984172144,0.040000000798097665,0.020000000575153082,110.79412426518368,3.2738006987798856,88718085.88418499,0.00033263129112360396,0.0005124300877222595,0.0012499999871150708,0.0020950613659609344,0.5000000090726634,20,252,500,CLARABEL,optimal,224,24,0.0037493137200000004
2024-02-29,temporal_assessment,v4_hysteresis,500000000.0,300.0,-0.0020089758385212564,-0.005354037191597261,0.6851211523329273,0.03856926360912582,500,64,67,1.9999999812770977,1.8929842277026765e-09,0.01640825005580754,0.032411760984172144,0.040000000798097665,0.020000000575153082,110.79412426518368,3.2738006987798856,88718085.88418499,0.00033263129112360396,0.0005124300877222595,0.0024999999742301416,0.003345061353076005,0.5000000090726634,20,252,500,CLARABEL,optimal,224,24,0.0037493137200000004
2024-03-28,temporal_assessment,v4_hysteresis,10000000.0,50.0,0.01768976863420664,0.0169060954538804,0.7029349565662133,-0.04668221521904882,500,68,68,1.9999999694683734,-6.334545499253608e-09,0.02611318095822307,-0.015325570855884318,0.03999999925138978,0.020000000568640573,110.00995208712483,3.0804481830740458,91416187.3914725,0.0003015297211958775,6.547679750475328e-05,0.0004166666616256081,0.0007836731803262389,0.007542822793942662,0,252,500,CLARABEL,optimal,218,18,0.0037150959300000005
2024-03-28,temporal_assessment,v4_hysteresis,10000000.0,150.0,0.01768976863420664,0.016072762130629185,0.7029349565662133,-0.04668221521904882,500,68,68,1.9999999694683734,-6.334545499253608e-09,0.02611318095822307,-0.015325570855884318,0.03999999925138978,0.020000000568640573,110.00995208712483,3.0804481830740458,91416187.3914725,0.0003015297211958775,6.547679750475328e-05,0.0012499999848768243,0.0016170065035774552,0.007542822793942662,0,252,500,CLARABEL,optimal,218,18,0.0037150959300000005
2024-03-28,temporal_assessment,v4_hysteresis,10000000.0,300.0,0.01768976863420664,0.014822762145752361,0.7029349565662133,-0.04668221521904882,500,68,68,1.9999999694683734,-6.334545499253608e-09,0.02611318095822307,-0.015325570855884318,0.03999999925138978,0.020000000568640573,110.00995208712483,3.0804481830740458,91416187.3914725,0.0003015297211958775,6.547679750475328e-05,0.0024999999697536486,0.0028670064884542793,0.007542822793942662,0,252,500,CLARABEL,optimal,218,18,0.0037150959300000005
2024-03-28,temporal_assessment,v4_hysteresis,100000000.0,50.0,0.01768976863420664,0.016764516437376503,0.7029349565662133,-0.04668221521904882,500,68,68,1.9999999694683734,-6.334545499253608e-09,0.02611318095822307,-0.015325570855884318,0.03999999925138978,0.020000000568640573,110.00995208712483,3.0804481830740458,91416187.3914725,0.0003015297211958775,0.00020705581400865,0.0004166666616256081,0.0009252521968301356,0.07542822793942662,0,252,500,CLARABEL,optimal,218,18,0.0037150959300000005
2024-03-28,temporal_assessment,v4_hysteresis,100000000.0,150.0,0.01768976863420664,0.015931183114125287,0.7029349565662133,-0.04668221521904882,500,68,68,1.9999999694683734,-6.334545499253608e-09,0.02611318095822307,-0.015325570855884318,0.03999999925138978,0.020000000568640573,110.00995208712483,3.0804481830740458,91416187.3914725,0.0003015297211958775,0.00020705581400865,0.0012499999848768243,0.0017585855200813517,0.07542822793942662,0,252,500,CLARABEL,optimal,218,18,0.0037150959300000005
2024-03-28,temporal_assessment,v4_hysteresis,100000000.0,300.0,0.01768976863420664,0.014681183129248463,0.7029349565662133,-0.04668221521904882,500,68,68,1.9999999694683734,-6.334545499253608e-09,0.02611318095822307,-0.015325570855884318,0.03999999925138978,0.020000000568640573,110.00995208712483,3.0804481830740458,91416187.3914725,0.0003015297211958775,0.00020705581400865,0.0024999999697536486,0.0030085855049581762,0.07542822793942662,0,252,500,CLARABEL,optimal,218,18,0.0037150959300000005
2024-03-28,temporal_assessment,v4_hysteresis,500000000.0,50.0,0.01768976863420664,0.01650858137612526,0.7029349565662133,-0.04668221521904882,500,68,68,1.9999999694683734,-6.334545499253608e-09,0.02611318095822307,-0.015325570855884318,0.03999999925138978,0.020000000568640573,110.00995208712483,3.0804481830740458,91416187.3914725,0.0003015297211958775,0.00046299087525989466,0.0004166666616256081,0.0011811872580813803,0.3771411396971331,15,252,500,CLARABEL,optimal,218,18,0.0037150959300000005
2024-03-28,temporal_assessment,v4_hysteresis,500000000.0,150.0,0.01768976863420664,0.015675248052874045,0.7029349565662133,-0.04668221521904882,500,68,68,1.9999999694683734,-6.334545499253608e-09,0.02611318095822307,-0.015325570855884318,0.03999999925138978,0.020000000568640573,110.00995208712483,3.0804481830740458,91416187.3914725,0.0003015297211958775,0.00046299087525989466,0.0012499999848768243,0.0020145205813325963,0.3771411396971331,15,252,500,CLARABEL,optimal,218,18,0.0037150959300000005
2024-03-28,temporal_assessment,v4_hysteresis,500000000.0,300.0,0.01768976863420664,0.014425248067997219,0.7029349565662133,-0.04668221521904882,500,68,68,1.9999999694683734,-6.334545499253608e-09,0.02611318095822307,-0.015325570855884318,0.03999999925138978,0.020000000568640573,110.00995208712483,3.0804481830740458,91416187.3914725,0.0003015297211958775,0.00046299087525989466,0.0024999999697536486,0.003264520566209421,0.3771411396971331,15,252,500,CLARABEL,optimal,218,18,0.0037150959300000005
2024-04-30,temporal_assessment,v4_hysteresis,10000000.0,50.0,0.018578962049239055,0.017962232216262426,0.4084200951828758,0.05180562640736401,500,69,67,1.9999999448754024,1.3891728739556797e-08,0.016128439963945307,-0.04999997996911576,0.03999999887888837,0.020000000570737825,109.26198716106141,3.263188451111007,91379002.865,0.00016450720551205943,3.555597517630403e-05,0.00041666665228826534,0.0006167298329766288,0.007513638737962912,0,252,500,CLARABEL,optimal,214,14,0.003281157125
2024-04-30,temporal_assessment,v4_hysteresis,10000000.0,150.0,0.018578962049239055,0.017128898911685897,0.4084200951828758,0.05180562640736401,500,69,67,1.9999999448754024,1.3891728739556797e-08,0.016128439963945307,-0.04999997996911576,0.03999999887888837,0.020000000570737825,109.26198716106141,3.263188451111007,91379002.865,0.00016450720551205943,3.555597517630403e-05,0.001249999956864796,0.0014500631375531595,0.007513638737962912,0,252,500,CLARABEL,optimal,214,14,0.003281157125
2024-04-30,temporal_assessment,v4_hysteresis,10000000.0,300.0,0.018578962049239055,0.0158788989548211,0.4084200951828758,0.05180562640736401,500,69,67,1.9999999448754024,1.3891728739556797e-08,0.016128439963945307,-0.04999997996911576,0.03999999887888837,0.020000000570737825,109.26198716106141,3.263188451111007,91379002.865,0.00016450720551205943,3.555597517630403e-05,0.002499999913729592,0.0027000630944179556,0.007513638737962912,0,252,500,CLARABEL,optimal,214,14,0.003281157125
2024-04-30,temporal_assessment,v4_hysteresis,100000000.0,50.0,0.018578962049239055,0.017885350325453204,0.4084200951828758,0.05180562640736401,500,69,67,1.9999999448754024,1.3891728739556797e-08,0.016128439963945307,-0.04999997996911576,0.03999999887888837,0.020000000570737825,109.26198716106141,3.263188451111007,91379002.865,0.00016450720551205943,0.00011243786598552768,0.00041666665228826534,0.0006936117237858524,0.07513638737962912,0,252,500,CLARABEL,optimal,214,14,0.003281157125
2024-04-30,temporal_assessment,v4_hysteresis,100000000.0,150.0,0.018578962049239055,0.01705201702087667,0.4084200951828758,0.05180562640736401,500,69,67,1.9999999448754024,1.3891728739556797e-08,0.016128439963945307,-0.04999997996911576,0.03999999887888837,0.020000000570737825,109.26198716106141,3.263188451111007,91379002.865,0.00016450720551205943,0.00011243786598552768,0.001249999956864796,0.0015269450283623832,0.07513638737962912,0,252,500,CLARABEL,optimal,214,14,0.003281157125
2024-04-30,temporal_assessment,v4_hysteresis,100000000.0,300.0,0.018578962049239055,0.015802017064011874,0.4084200951828758,0.05180562640736401,500,69,67,1.9999999448754024,1.3891728739556797e-08,0.016128439963945307,-0.04999997996911576,0.03999999887888837,0.020000000570737825,109.26198716106141,3.263188451111007,91379002.865,0.00016450720551205943,0.00011243786598552768,0.002499999913729592,0.0027769449852271793,0.07513638737962912,0,252,500,CLARABEL,optimal,214,14,0.003281157125
2024-04-30,temporal_assessment,v4_hysteresis,500000000.0,50.0,0.018578962049239055,0.017746369479850078,0.4084200951828758,0.05180562640736401,500,69,67,1.9999999448754024,1.3891728739556797e-08,0.016128439963945307,-0.04999997996911576,0.03999999887888837,0.020000000570737825,109.26198716106141,3.263188451111007,91379002.865,0.00016450720551205943,0.0002514187115886513,0.00041666665228826534,0.0008325925693889761,0.3756819368981456,8,252,500,CLARABEL,optimal,214,14,0.003281157125
2024-04-30,temporal_assessment,v4_hysteresis,500000000.0,150.0,0.018578962049239055,0.01691303617527355,0.4084200951828758,0.05180562640736401,500,69,67,1.9999999448754024,1.3891728739556797e-08,0.016128439963945307,-0.04999997996911576,0.03999999887888837,0.020000000570737825,109.26198716106141,3.263188451111007,91379002.865,0.00016450720551205943,0.0002514187115886513,0.001249999956864796,0.0016659258739655067,0.3756819368981456,8,252,500,CLARABEL,optimal,214,14,0.003281157125
2024-04-30,temporal_assessment,v4_hysteresis,500000000.0,300.0,0.018578962049239055,0.01566303621840875,0.4084200951828758,0.05180562640736401,500,69,67,1.9999999448754024,1.3891728739556797e-08,0.016128439963945307,-0.04999997996911576,0.03999999887888837,0.020000000570737825,109.26198716106141,3.263188451111007,91379002.865,0.00016450720551205943,0.0002514187115886513,0.002499999913729592,0.0029159258308303028,0.3756819368981456,8,252,500,CLARABEL,optimal,214,14,0.003281157125
2024-05-31,temporal_assessment,v4_hysteresis,10000000.0,50.0,0.007208887067388436,0.006566592650352723,0.46015385604404807,0.04470575703757232,500,69,69,1.9999999813184495,5.112992709777053e-09,0.033475255946864485,-0.049999997675098246,0.03999999861146309,0.020000000591876694,111.29474337946998,3.22237579787893,87076803.4,0.0001766107502460513,4.9017005080191186e-05,0.00041666666170947015,0.0006422944170357127,0.008089034563181968,0,252,500,CLARABEL,optimal,220,20,0.0030230226900000005
2024-05-31,temporal_assessment,v4_hysteresis,10000000.0,150.0,0.007208887067388436,0.005733259326933783,0.46015385604404807,0.04470575703757232,500,69,69,1.9999999813184495,5.112992709777053e-09,0.033475255946864485,-0.049999997675098246,0.03999999861146309,0.020000000591876694,111.29474337946998,3.22237579787893,87076803.4,0.0001766107502460513,4.9017005080191186e-05,0.0012499999851284104,0.0014756277404546529,0.008089034563181968,0,252,500,CLARABEL,optimal,220,20,0.0030230226900000005
2024-05-31,temporal_assessment,v4_hysteresis,10000000.0,300.0,0.007208887067388436,0.004483259341805372,0.46015385604404807,0.04470575703757232,500,69,69,1.9999999813184495,5.112992709777053e-09,0.033475255946864485,-0.049999997675098246,0.03999999861146309,0.020000000591876694,111.29474337946998,3.22237579787893,87076803.4,0.0001766107502460513,4.9017005080191186e-05,0.0024999999702568208,0.0027256277255830632,0.008089034563181968,0,252,500,CLARABEL,optimal,220,20,0.0030230226900000005
2024-05-31,temporal_assessment,v4_hysteresis,100000000.0,50.0,0.007208887067388436,0.0064606042752994655,0.46015385604404807,0.04470575703757232,500,69,69,1.9999999813184495,5.112992709777053e-09,0.033475255946864485,-0.049999997675098246,0.03999999861146309,0.020000000591876694,111.29474337946998,3.22237579787893,87076803.4,0.0001766107502460513,0.00015500538013344853,0.00041666666170947015,0.00074828279208897,0.0808903456318197,0,252,500,CLARABEL,optimal,220,20,0.0030230226900000005
2024-05-31,temporal_assessment,v4_hysteresis,100000000.0,150.0,0.007208887067388436,0.005627270951880526,0.46015385604404807,0.04470575703757232,500,69,69,1.9999999813184495,5.112992709777053e-09,0.033475255946864485,-0.049999997675098246,0.03999999861146309,0.020000000591876694,111.29474337946998,3.22237579787893,87076803.4,0.0001766107502460513,0.00015500538013344853,0.0012499999851284104,0.0015816161155079102,0.0808903456318197,0,252,500,CLARABEL,optimal,220,20,0.0030230226900000005
2024-05-31,temporal_assessment,v4_hysteresis,100000000.0,300.0,0.007208887067388436,0.004377270966752115,0.46015385604404807,0.04470575703757232,500,69,69,1.9999999813184495,5.112992709777053e-09,0.033475255946864485,-0.049999997675098246,0.03999999861146309,0.020000000591876694,111.29474337946998,3.22237579787893,87076803.4,0.0001766107502460513,0.00015500538013344853,0.0024999999702568208,0.002831616100636321,0.0808903456318197,0,252,500,CLARABEL,optimal,220,20,0.0030230226900000005
2024-05-31,temporal_assessment,v4_hysteresis,500000000.0,50.0,0.007208887067388436,0.006269007088576328,0.46015385604404807,0.04470575703757232,500,69,69,1.9999999813184495,5.112992709777053e-09,0.033475255946864485,-0.049999997675098246,0.03999999861146309,0.020000000591876694,111.29474337946998,3.22237579787893,87076803.4,0.0001766107502460513,0.0003466025668565863,0.00041666666170947015,0.0009398799788121078,0.4044517281590984,14,252,500,CLARABEL,optimal,220,20,0.0030230226900000005
2024-05-31,temporal_assessment,v4_hysteresis,500000000.0,150.0,0.007208887067388436,0.005435673765157387,0.46015385604404807,0.04470575703757232,500,69,69,1.9999999813184495,5.112992709777053e-09,0.033475255946864485,-0.049999997675098246,0.03999999861146309,0.020000000591876694,111.29474337946998,3.22237579787893,87076803.4,0.0001766107502460513,0.0003466025668565863,0.0012499999851284104,0.001773213302231048,0.4044517281590984,14,252,500,CLARABEL,optimal,220,20,0.0030230226900000005
2024-05-31,temporal_assessment,v4_hysteresis,500000000.0,300.0,0.007208887067388436,0.004185673780028977,0.46015385604404807,0.04470575703757232,500,69,69,1.9999999813184495,5.112992709777053e-09,0.033475255946864485,-0.049999997675098246,0.03999999861146309,0.020000000591876694,111.29474337946998,3.22237579787893,87076803.4,0.0001766107502460513,0.0003466025668565863,0.0024999999702568208,0.0030232132873594586,0.4044517281590984,14,252,500,CLARABEL,optimal,220,20,0.0030230226900000005
2024-06-28,temporal_assessment,v4_hysteresis,10000000.0,50.0,-0.02514523093236809,-0.025946578032252268,0.6984662020002732,0.00931313560713647,500,64,69,1.9999999575466438,6.441271481472111e-09,0.0223638753606501,-0.003614688387072351,0.04000000391411336,0.020000000601921215,108.98456173628372,3.366254094141323,90321607.65,0.00028260468437721933,0.0001020757590266747,0.0004166666564802859,0.0008013470998841799,0.007880006265587524,0,252,500,CLARABEL,optimal,227,27,0.0040033245000000005
2024-06-28,temporal_assessment,v4_hysteresis,10000000.0,150.0,-0.02514523093236809,-0.02677991134521284,0.6984662020002732,0.00931313560713647,500,64,69,1.9999999575466438,6.441271481472111e-09,0.0223638753606501,-0.003614688387072351,0.04000000391411336,0.020000000601921215,108.98456173628372,3.366254094141323,90321607.65,0.00028260468437721933,0.0001020757590266747,0.0012499999694408576,0.0016346804128447516,0.007880006265587524,0,252,500,CLARABEL,optimal,227,27,0.0040033245000000005
2024-06-28,temporal_assessment,v4_hysteresis,10000000.0,300.0,-0.02514523093236809,-0.0280299113146537,0.6984662020002732,0.00931313560713647,500,64,69,1.9999999575466438,6.441271481472111e-09,0.0223638753606501,-0.003614688387072351,0.04000000391411336,0.020000000601921215,108.98456173628372,3.366254094141323,90321607.65,0.00028260468437721933,0.0001020757590266747,0.002499999938881715,0.002884680382285609,0.007880006265587524,0,252,500,CLARABEL,optimal,227,27,0.0040033245000000005
2024-06-28,temporal_assessment,v4_hysteresis,100000000.0,50.0,-0.02514523093236809,-0.02616729416564038,0.6984662020002732,0.00931313560713647,500,64,69,1.9999999575466438,6.441271481472111e-09,0.0223638753606501,-0.003614688387072351,0.04000000391411336,0.020000000601921215,108.98456173628372,3.366254094141323,90321607.65,0.00028260468437721933,0.0003227918924147841,0.0004166666564802859,0.0010220632332722894,0.07880006265587525,0,252,500,CLARABEL,optimal,227,27,0.0040033245000000005
2024-06-28,temporal_assessment,v4_hysteresis,100000000.0,150.0,-0.02514523093236809,-0.02700062747860095,0.6984662020002732,0.00931313560713647,500,64,69,1.9999999575466438,6.441271481472111e-09,0.0223638753606501,-0.003614688387072351,0.04000000391411336,0.020000000601921215,108.98456173628372,3.366254094141323,90321607.65,0.00028260468437721933,0.0003227918924147841,0.0012499999694408576,0.001855396546232861,0.07880006265587525,0,252,500,CLARABEL,optimal,227,27,0.0040033245000000005
2024-06-28,temporal_assessment,v4_hysteresis,100000000.0,300.0,-0.02514523093236809,-0.02825062744804181,0.6984662020002732,0.00931313560713647,500,64,69,1.9999999575466438,6.441271481472111e-09,0.0223638753606501,-0.003614688387072351,0.04000000391411336,0.020000000601921215,108.98456173628372,3.366254094141323,90321607.65,0.00028260468437721933,0.0003227918924147841,0.002499999938881715,0.003105396515673719,0.07880006265587525,0,252,500,CLARABEL,optimal,227,27,0.0040033245000000005
2024-06-28,temporal_assessment,v4_hysteresis,500000000.0,50.0,-0.02514523093236809,-0.02656628688725085,0.6984662020002732,0.00931313560713647,500,64,69,1.9999999575466438,6.441271481472111e-09,0.0223638753606501,-0.003614688387072351,0.04000000391411336,0.020000000601921215,108.98456173628372,3.366254094141323,90321607.65,0.00028260468437721933,0.000721784614025256,0.0004166666564802859,0.0014210559548827612,0.39400031327937624,20,252,500,CLARABEL,optimal,227,27,0.0040033245000000005
2024-06-28,temporal_assessment,v4_hysteresis,500000000.0,150.0,-0.02514523093236809,-0.027399620200211423,0.6984662020002732,0.00931313560713647,500,64,69,1.9999999575466438,6.441271481472111e-09,0.0223638753606501,-0.003614688387072351,0.04000000391411336,0.020000000601921215,108.98456173628372,3.366254094141323,90321607.65,0.00028260468437721933,0.000721784614025256,0.0012499999694408576,0.002254389267843333,0.39400031327937624,20,252,500,CLARABEL,optimal,227,27,0.0040033245000000005
2024-06-28,temporal_assessment,v4_hysteresis,500000000.0,300.0,-0.02514523093236809,-0.02864962016965228,0.6984662020002732,0.00931313560713647,500,64,69,1.9999999575466438,6.441271481472111e-09,0.0223638753606501,-0.003614688387072351,0.04000000391411336,0.020000000601921215,108.98456173628372,3.366254094141323,90321607.65,0.00028260468437721933,0.000721784614025256,0.002499999938881715,0.0035043892372841907,0.39400031327937624,20,252,500,CLARABEL,optimal,227,27,0.0040033245000000005
2024-07-31,temporal_assessment,v4_hysteresis,10000000.0,50.0,0.01758604051108606,0.016975063395551902,0.3251662471769948,0.015462609734148534,500,61,68,1.999999945730445,-5.3876103023320354e-09,0.035600021388992986,-0.04999999198251189,0.040000008579397034,0.020000000627253035,108.2886093881959,3.586375490276587,93734450.63,0.00016150067309547228,3.280978595575704e-05,0.0004166666564829282,0.0006109771155341575,0.005123977720546214,0,252,500,CLARABEL,optimal,214,14,0.005025391359999999
2024-07-31,temporal_assessment,v4_hysteresis,10000000.0,150.0,0.01758604051108606,0.016141730082586046,0.3251662471769948,0.015462609734148534,500,61,68,1.999999945730445,-5.3876103023320354e-09,0.035600021388992986,-0.04999999198251189,0.040000008579397034,0.020000000627253035,108.2886093881959,3.586375490276587,93734450.63,0.00016150067309547228,3.280978595575704e-05,0.0012499999694487846,0.001444310428500014,0.005123977720546214,0,252,500,CLARABEL,optimal,214,14,0.005025391359999999
2024-07-31,temporal_assessment,v4_hysteresis,10000000.0,300.0,0.01758604051108606,0.01489173011313726,0.3251662471769948,0.015462609734148534,500,61,68,1.999999945730445,-5.3876103023320354e-09,0.035600021388992986,-0.04999999198251189,0.040000008579397034,0.020000000627253035,108.2886093881959,3.586375490276587,93734450.63,0.00016150067309547228,3.280978595575704e-05,0.002499999938897569,0.0026943103979487986,0.005123977720546214,0,252,500,CLARABEL,optimal,214,14,0.005025391359999999
2024-07-31,temporal_assessment,v4_hysteresis,100000000.0,50.0,0.01758604051108606,0.016904119528344863,0.3251662471769948,0.015462609734148534,500,61,68,1.999999945730445,-5.3876103023320354e-09,0.035600021388992986,-0.04999999198251189,0.040000008579397034,0.020000000627253035,108.2886093881959,3.586375490276587,93734450.63,0.00016150067309547228,0.00010375365316279672,0.0004166666564829282,0.0006819209827411972,0.05123977720546214,0,252,500,CLARABEL,optimal,214,14,0.005025391359999999
2024-07-31,temporal_assessment,v4_hysteresis,100000000.0,150.0,0.01758604051108606,0.016070786215379006,0.3251662471769948,0.015462609734148534,500,61,68,1.999999945730445,-5.3876103023320354e-09,0.035600021388992986,-0.04999999198251189,0.040000008579397034,0.020000000627253035,108.2886093881959,3.586375490276587,93734450.63,0.00016150067309547228,0.00010375365316279672,0.0012499999694487846,0.0015152542957070536,0.05123977720546214,0,252,500,CLARABEL,optimal,214,14,0.005025391359999999
2024-07-31,temporal_assessment,v4_hysteresis,100000000.0,300.0,0.01758604051108606,0.014820786245930221,0.3251662471769948,0.015462609734148534,500,61,68,1.999999945730445,-5.3876103023320354e-09,0.035600021388992986,-0.04999999198251189,0.040000008579397034,0.020000000627253035,108.2886093881959,3.586375490276587,93734450.63,0.00016150067309547228,0.00010375365316279672,0.002499999938897569,0.0027652542651558382,0.05123977720546214,0,252,500,CLARABEL,optimal,214,14,0.005025391359999999
2024-07-31,temporal_assessment,v4_hysteresis,500000000.0,50.0,0.01758604051108606,0.01677587296012171,0.3251662471769948,0.015462609734148534,500,61,68,1.999999945730445,-5.3876103023320354e-09,0.035600021388992986,-0.04999999198251189,0.040000008579397034,0.020000000627253035,108.2886093881959,3.586375490276587,93734450.63,0.00016150067309547228,0.00023200022138594953,0.0004166666564829282,0.00081016755096435,0.2561988860273107,8,252,500,CLARABEL,optimal,214,14,0.005025391359999999
2024-07-31,temporal_assessment,v4_hysteresis,500000000.0,150.0,0.01758604051108606,0.015942539647155852,0.3251662471769948,0.015462609734148534,500,61,68,1.999999945730445,-5.3876103023320354e-09,0.035600021388992986,-0.04999999198251189,0.040000008579397034,0.020000000627253035,108.2886093881959,3.586375490276587,93734450.63,0.00016150067309547228,0.00023200022138594953,0.0012499999694487846,0.0016435008639302064,0.2561988860273107,8,252,500,CLARABEL,optimal,214,14,0.005025391359999999
2024-07-31,temporal_assessment,v4_hysteresis,500000000.0,300.0,0.01758604051108606,0.014692539677707069,0.3251662471769948,0.015462609734148534,500,61,68,1.999999945730445,-5.3876103023320354e-09,0.035600021388992986,-0.04999999198251189,0.040000008579397034,0.020000000627253035,108.2886093881959,3.586375490276587,93734450.63,0.00016150067309547228,0.00023200022138594953,0.002499999938897569,0.002893500833378991,0.2561988860273107,8,252,500,CLARABEL,optimal,214,14,0.005025391359999999
2024-08-30,temporal_assessment,v4_hysteresis,10000000.0,50.0,0.044881468910284966,0.04418911170550998,0.409350839526437,0.03036749483939826,500,63,72,1.9999999674623923,7.957214541789992e-09,0.03557495742985227,-0.05000003133369383,0.039999911260931324,0.02000000058031479,110.62518983814931,3.908545534116183,98279410.63499999,0.00023383677462468537,4.185377192005383e-05,0.00041666665823024526,0.0006923572047749845,0.005195058194650482,0,252,500,CLARABEL,optimal,218,18,0.00576334296
2024-08-30,temporal_assessment,v4_hysteresis,10000000.0,150.0,0.044881468910284966,0.04335577838904949,0.409350839526437,0.03036749483939826,500,63,72,1.9999999674623923,7.957214541789992e-09,0.03557495742985227,-0.05000003133369383,0.039999911260931324,0.02000000058031479,110.62518983814931,3.908545534116183,98279410.63499999,0.00023383677462468537,4.185377192005383e-05,0.0012499999746907358,0.001525690521235475,0.005195058194650482,0,252,500,CLARABEL,optimal,218,18,0.00576334296
2024-08-30,temporal_assessment,v4_hysteresis,10000000.0,300.0,0.044881468910284966,0.04210577841435875,0.409350839526437,0.03036749483939826,500,63,72,1.9999999674623923,7.957214541789992e-09,0.03557495742985227,-0.05000003133369383,0.039999911260931324,0.02000000058031479,110.62518983814931,3.908545534116183,98279410.63499999,0.00023383677462468537,4.185377192005383e-05,0.0024999999493814716,0.0027756904959262106,0.005195058194650482,0,252,500,CLARABEL,optimal,218,18,0.00576334296
2024-08-30,temporal_assessment,v4_hysteresis,100000000.0,50.0,0.044881468910284966,0.04409861222949347,0.409350839526437,0.03036749483939826,500,63,72,1.9999999674623923,7.957214541789992e-09,0.03557495742985227,-0.05000003133369383,0.039999911260931324,0.02000000058031479,110.62518983814931,3.908545534116183,98279410.63499999,0.00023383677462468537,0.00013235324793656883,0.00041666665823024526,0.0007828566807914995,0.051950581946504815,0,252,500,CLARABEL,optimal,218,18,0.00576334296
2024-08-30,temporal_assessment,v4_hysteresis,100000000.0,150.0,0.044881468910284966,0.04326527891303297,0.409350839526437,0.03036749483939826,500,63,72,1.9999999674623923,7.957214541789992e-09,0.03557495742985227,-0.05000003133369383,0.039999911260931324,0.02000000058031479,110.62518983814931,3.908545534116183,98279410.63499999,0.00023383677462468537,0.00013235324793656883,0.0012499999746907358,0.00161618999725199,0.051950581946504815,0,252,500,CLARABEL,optimal,218,18,0.00576334296
2024-08-30,temporal_assessment,v4_hysteresis,100000000.0,300.0,0.044881468910284966,0.04201527893834224,0.409350839526437,0.03036749483939826,500,63,72,1.9999999674623923,7.957214541789992e-09,0.03557495742985227,-0.05000003133369383,0.039999911260931324,0.02000000058031479,110.62518983814931,3.908545534116183,98279410.63499999,0.00023383677462468537,0.00013235324793656883,0.0024999999493814716,0.002866189971942726,0.051950581946504815,0,252,500,CLARABEL,optimal,218,18,0.00576334296
2024-08-30,temporal_assessment,v4_hysteresis,500000000.0,50.0,0.044881468910284966,0.043935014618000985,0.409350839526437,0.03036749483939826,500,63,72,1.9999999674623923,7.957214541789992e-09,0.03557495742985227,-0.05000003133369383,0.039999911260931324,0.02000000058031479,110.62518983814931,3.908545534116183,98279410.63499999,0.00023383677462468537,0.0002959508594290517,0.00041666665823024526,0.0009464542922839824,0.2597529097325241,10,252,500,CLARABEL,optimal,218,18,0.00576334296
2024-08-30,temporal_assessment,v4_hysteresis,500000000.0,150.0,0.044881468910284966,0.04310168130154049,0.409350839526437,0.03036749483939826,500,63,72,1.9999999674623923,7.957214541789992e-09,0.03557495742985227,-0.05000003133369383,0.039999911260931324,0.02000000058031479,110.62518983814931,3.908545534116183,98279410.63499999,0.00023383677462468537,0.0002959508594290517,0.0012499999746907358,0.001779787608744473,0.2597529097325241,10,252,500,CLARABEL,optimal,218,18,0.00576334296
2024-08-30,temporal_assessment,v4_hysteresis,500000000.0,300.0,0.044881468910284966,0.04185168132684976,0.409350839526437,0.03036749483939826,500,63,72,1.9999999674623923,7.957214541789992e-09,0.03557495742985227,-0.05000003133369383,0.039999911260931324,0.02000000058031479,110.62518983814931,3.908545534116183,98279410.63499999,0.00023383677462468537,0.0002959508594290517,0.0024999999493814716,0.003029787583435209,0.2597529097325241,10,252,500,CLARABEL,optimal,218,18,0.00576334296
2024-09-30,temporal_assessment,v4_hysteresis,10000000.0,50.0,-0.020565009694330765,-0.02117339029886652,0.33274514240613917,0.007166872824963014,500,65,73,1.9999999584576766,-1.2529700041397085e-08,0.031589242173856696,-0.049999980567931604,0.039999998612650155,0.020000000739629414,111.11088948761089,3.9997404608113207,91950515.19,0.00016550894310065064,2.6205000812732613e-05,0.0004166666606223701,0.0006083806045357534,0.003482770429097672,0,252,500,CLARABEL,optimal,217,17,0.005758951320000001
2024-09-30,temporal_assessment,v4_hysteresis,10000000.0,150.0,-0.020565009694330765,-0.02200672362011126,0.33274514240613917,0.007166872824963014,500,65,73,1.9999999584576766,-1.2529700041397085e-08,0.031589242173856696,-0.049999980567931604,0.039999998612650155,0.020000000739629414,111.11088948761089,3.9997404608113207,91950515.19,0.00016550894310065064,2.6205000812732613e-05,0.0012499999818671103,0.0014417139257804936,0.003482770429097672,0,252,500,CLARABEL,optimal,217,17,0.005758951320000001
2024-09-30,temporal_assessment,v4_hysteresis,10000000.0,300.0,-0.020565009694330765,-0.02325672360197837,0.33274514240613917,0.007166872824963014,500,65,73,1.9999999584576766,-1.2529700041397085e-08,0.031589242173856696,-0.049999980567931604,0.039999998612650155,0.020000000739629414,111.11088948761089,3.9997404608113207,91950515.19,0.00016550894310065064,2.6205000812732613e-05,0.0024999999637342206,0.002691713907647604,0.003482770429097672,0,252,500,CLARABEL,optimal,217,17,0.005758951320000001
2024-09-30,temporal_assessment,v4_hysteresis,100000000.0,50.0,-0.020565009694330765,-0.021230052786708583,0.33274514240613917,0.007166872824963014,500,65,73,1.9999999584576766,-1.2529700041397085e-08,0.031589242173856696,-0.049999980567931604,0.039999998612650155,0.020000000739629414,111.11088948761089,3.9997404608113207,91950515.19,0.00016550894310065064,8.286748865479857e-05,0.0004166666606223701,0.0006650430923778193,0.03482770429097672,0,252,500,CLARABEL,optimal,217,17,0.005758951320000001
2024-09-30,temporal_assessment,v4_hysteresis,100000000.0,150.0,-0.020565009694330765,-0.022063386107953324,0.33274514240613917,0.007166872824963014,500,65,73,1.9999999584576766,-1.2529700041397085e-08,0.031589242173856696,-0.049999980567931604,0.039999998612650155,0.020000000739629414,111.11088948761089,3.9997404608113207,91950515.19,0.00016550894310065064,8.286748865479857e-05,0.0012499999818671103,0.0014983764136225594,0.03482770429097672,0,252,500,CLARABEL,optimal,217,17,0.005758951320000001
2024-09-30,temporal_assessment,v4_hysteresis,100000000.0,300.0,-0.020565009694330765,-0.023313386089820434,0.33274514240613917,0.007166872824963014,500,65,73,1.9999999584576766,-1.2529700041397085e-08,0.031589242173856696,-0.049999980567931604,0.039999998612650155,0.020000000739629414,111.11088948761089,3.9997404608113207,91950515.19,0.00016550894310065064,8.286748865479857e-05,0.0024999999637342206,0.00274837639548967,0.03482770429097672,0,252,500,CLARABEL,optimal,217,17,0.005758951320000001
2024-09-30,temporal_assessment,v4_hysteresis,500000000.0,50.0,-0.020565009694330765,-0.02133248263581061,0.33274514240613917,0.007166872824963014,500,65,73,1.9999999584576766,-1.2529700041397085e-08,0.031589242173856696,-0.049999980567931604,0.039999998612650155,0.020000000739629414,111.11088948761089,3.9997404608113207,91950515.19,0.00016550894310065064,0.0001852973377568222,0.0004166666606223701,0.000767472941479843,0.1741385214548836,5,252,500,CLARABEL,optimal,217,17,0.005758951320000001
2024-09-30,temporal_assessment,v4_hysteresis,500000000.0,150.0,-0.020565009694330765,-0.02216581595705535,0.33274514240613917,0.007166872824963014,500,65,73,1.9999999584576766,-1.2529700041397085e-08,0.031589242173856696,-0.049999980567931604,0.039999998612650155,0.020000000739629414,111.11088948761089,3.9997404608113207,91950515.19,0.00016550894310065064,0.0001852973377568222,0.0012499999818671103,0.0016008062627245832,0.1741385214548836,5,252,500,CLARABEL,optimal,217,17,0.005758951320000001
2024-09-30,temporal_assessment,v4_hysteresis,500000000.0,300.0,-0.020565009694330765,-0.02341581593892246,0.33274514240613917,0.007166872824963014,500,65,73,1.9999999584576766,-1.2529700041397085e-08,0.031589242173856696,-0.049999980567931604,0.039999998612650155,0.020000000739629414,111.11088948761089,3.9997404608113207,91950515.19,0.00016550894310065064,0.0001852973377568222,0.0024999999637342206,0.0028508062445916933,0.1741385214548836,5,252,500,CLARABEL,optimal,217,17,0.005758951320000001
2024-10-31,temporal_assessment,v4_hysteresis,10000000.0,50.0,0.00414459098312224,0.003491143546779605,0.41666174284960034,0.08502127473295902,500,66,73,1.9999999563747752,-2.6410012423511153e-09,0.04999999429019117,0.04999995031945734,0.04000000799653542,0.020000000708111927,110.77040845061056,3.533855821616882,99798525.73374,0.0002024823130537125,3.429846516063546e-05,0.00041666665812828684,0.0006534474363426348,0.007647973926306768,0,252,500,CLARABEL,optimal,214,14,0.006464325920000001
2024-10-31,temporal_assessment,v4_hysteresis,10000000.0,150.0,0.00414459098312224,0.0026578102305230317,0.41666174284960034,0.08502127473295902,500,66,73,1.9999999563747752,-2.6410012423511153e-09,0.04999999429019117,0.04999995031945734,0.04000000799653542,0.020000000708111927,110.77040845061056,3.533855821616882,99798525.73374,0.0002024823130537125,3.429846516063546e-05,0.0012499999743848602,0.0014867807525992083,0.007647973926306768,0,252,500,CLARABEL,optimal,214,14,0.006464325920000001
2024-10-31,temporal_assessment,v4_hysteresis,10000000.0,300.0,0.00414459098312224,0.0014078102561381717,0.41666174284960034,0.08502127473295902,500,66,73,1.9999999563747752,-2.6410012423511153e-09,0.04999999429019117,0.04999995031945734,0.04000000799653542,0.020000000708111927,110.77040845061056,3.533855821616882,99798525.73374,0.0002024823130537125,3.429846516063546e-05,0.0024999999487697205,0.0027367807269840683,0.007647973926306768,0,252,500,CLARABEL,optimal,214,14,0.006464325920000001
2024-10-31,temporal_assessment,v4_hysteresis,100000000.0,50.0,0.00414459098312224,0.0034169807417846997,0.41666174284960034,0.08502127473295902,500,66,73,1.9999999563747752,-2.6410012423511153e-09,0.04999999429019117,0.04999995031945734,0.04000000799653542,0.020000000708111927,110.77040845061056,3.533855821616882,99798525.73374,0.0002024823130537125,0.00010846127015554098,0.00041666665812828684,0.0007276102413375403,0.07647973926306767,0,252,500,CLARABEL,optimal,214,14,0.006464325920000001
2024-10-31,temporal_assessment,v4_hysteresis,100000000.0,150.0,0.00414459098312224,0.0025836474255281263,0.41666174284960034,0.08502127473295902,500,66,73,1.9999999563747752,-2.6410012423511153e-09,0.04999999429019117,0.04999995031945734,0.04000000799653542,0.020000000708111927,110.77040845061056,3.533855821616882,99798525.73374,0.0002024823130537125,0.00010846127015554098,0.0012499999743848602,0.0015609435575941136,0.07647973926306767,0,252,500,CLARABEL,optimal,214,14,0.006464325920000001
2024-10-31,temporal_assessment,v4_hysteresis,100000000.0,300.0,0.00414459098312224,0.0013336474511432658,0.41666174284960034,0.08502127473295902,500,66,73,1.9999999563747752,-2.6410012423511153e-09,0.04999999429019117,0.04999995031945734,0.04000000799653542,0.020000000708111927,110.77040845061056,3.533855821616882,99798525.73374,0.0002024823130537125,0.00010846127015554098,0.0024999999487697205,0.002810943531978974,0.07647973926306767,0,252,500,CLARABEL,optimal,214,14,0.006464325920000001
2024-10-31,temporal_assessment,v4_hysteresis,500000000.0,50.0,0.00414459098312224,0.0032829152389464815,0.41666174284960034,0.08502127473295902,500,66,73,1.9999999563747752,-2.6410012423511153e-09,0.04999999429019117,0.04999995031945734,0.04000000799653542,0.020000000708111927,110.77040845061056,3.533855821616882,99798525.73374,0.0002024823130537125,0.00024252677299375883,0.00041666665812828684,0.0008616757441757582,0.38239869631533835,5,252,500,CLARABEL,optimal,214,14,0.006464325920000001
2024-10-31,temporal_assessment,v4_hysteresis,500000000.0,150.0,0.00414459098312224,0.002449581922689908,0.41666174284960034,0.08502127473295902,500,66,73,1.9999999563747752,-2.6410012423511153e-09,0.04999999429019117,0.04999995031945734,0.04000000799653542,0.020000000708111927,110.77040845061056,3.533855821616882,99798525.73374,0.0002024823130537125,0.00024252677299375883,0.0012499999743848602,0.0016950090604323316,0.38239869631533835,5,252,500,CLARABEL,optimal,214,14,0.006464325920000001
2024-10-31,temporal_assessment,v4_hysteresis,500000000.0,300.0,0.00414459098312224,0.0011995819483050481,0.41666174284960034,0.08502127473295902,500,66,73,1.9999999563747752,-2.6410012423511153e-09,0.04999999429019117,0.04999995031945734,0.04000000799653542,0.020000000708111927,110.77040845061056,3.533855821616882,99798525.73374,0.0002024823130537125,0.00024252677299375883,0.0024999999487697205,0.002945009034817192,0.38239869631533835,5,252,500,CLARABEL,optimal,214,14,0.006464325920000001
2024-11-29,temporal_assessment,v4_hysteresis,10000000.0,50.0,0.007667826847527953,0.006966573094327218,0.5238224263684335,-0.011921799716984054,500,68,73,1.9999999557238437,-1.406497349143443e-09,0.03800753453942049,0.013487405152141627,0.040000007552619156,0.020000000661246343,110.30168461200809,2.968621460837914,102682228.0817825,0.0002258717605181436,5.871533494710382e-05,0.00041666665773548776,0.0007012537532007352,0.007198401063195691,0,252,500,CLARABEL,optimal,216,16,0.005792079360000001
2024-11-29,temporal_assessment,v4_hysteresis,10000000.0,150.0,0.007667826847527953,0.006133239778856242,0.5238224263684335,-0.011921799716984054,500,68,73,1.9999999557238437,-1.406497349143443e-09,0.03800753453942049,0.013487405152141627,0.040000007552619156,0.020000000661246343,110.30168461200809,2.968621460837914,102682228.0817825,0.0002258717605181436,5.871533494710382e-05,0.0012499999732064632,0.0015345870686717107,0.007198401063195691,0,252,500,CLARABEL,optimal,216,16,0.005792079360000001
2024-11-29,temporal_assessment,v4_hysteresis,10000000.0,300.0,0.007667826847527953,0.004883239805649779,0.5238224263684335,-0.011921799716984054,500,68,73,1.9999999557238437,-1.406497349143443e-09,0.03800753453942049,0.013487405152141627,0.040000007552619156,0.020000000661246343,110.30168461200809,2.968621460837914,102682228.0817825,0.0002258717605181436,5.871533494710382e-05,0.0024999999464129265,0.002784587041878174,0.007198401063195691,0,252,500,CLARABEL,optimal,216,16,0.005792079360000001
2024-11-29,temporal_assessment,v4_hysteresis,100000000.0,50.0,0.007667826847527953,0.006839614237261792,0.5238224263684335,-0.011921799716984054,500,68,73,1.9999999557238437,-1.406497349143443e-09,0.03800753453942049,0.013487405152141627,0.040000007552619156,0.020000000661246343,110.30168461200809,2.968621460837914,102682228.0817825,0.0002258717605181436,0.00018567419201253015,0.00041666665773548776,0.0008282126102661614,0.0719840106319569,0,252,500,CLARABEL,optimal,216,16,0.005792079360000001
2024-11-29,temporal_assessment,v4_hysteresis,100000000.0,150.0,0.007667826847527953,0.0060062809217908165,0.5238224263684335,-0.011921799716984054,500,68,73,1.9999999557238437,-1.406497349143443e-09,0.03800753453942049,0.013487405152141627,0.040000007552619156,0.020000000661246343,110.30168461200809,2.968621460837914,102682228.0817825,0.0002258717605181436,0.00018567419201253015,0.0012499999732064632,0.001661545925737137,0.0719840106319569,0,252,500,CLARABEL,optimal,216,16,0.005792079360000001
2024-11-29,temporal_assessment,v4_hysteresis,100000000.0,300.0,0.007667826847527953,0.004756280948584353,0.5238224263684335,-0.011921799716984054,500,68,73,1.9999999557238437,-1.406497349143443e-09,0.03800753453942049,0.013487405152141627,0.040000007552619156,0.020000000661246343,110.30168461200809,2.968621460837914,102682228.0817825,0.0002258717605181436,0.00018567419201253015,0.0024999999464129265,0.0029115458989436003,0.0719840106319569,0,252,500,CLARABEL,optimal,216,16,0.005792079360000001
2024-11-29,temporal_assessment,v4_hysteresis,500000000.0,50.0,0.007667826847527953,0.006610108314266956,0.5238224263684335,-0.011921799716984054,500,68,73,1.9999999557238437,-1.406497349143443e-09,0.03800753453942049,0.013487405152141627,0.040000007552619156,0.020000000661246343,110.30168461200809,2.968621460837914,102682228.0817825,0.0002258717605181436,0.00041518011500736585,0.00041666665773548776,0.0010577185332609972,0.35992005315978454,9,252,500,CLARABEL,optimal,216,16,0.005792079360000001
2024-11-29,temporal_assessment,v4_hysteresis,500000000.0,150.0,0.007667826847527953,0.00577677499879598,0.5238224263684335,-0.011921799716984054,500,68,73,1.9999999557238437,-1.406497349143443e-09,0.03800753453942049,0.013487405152141627,0.040000007552619156,0.020000000661246343,110.30168461200809,2.968621460837914,102682228.0817825,0.0002258717605181436,0.00041518011500736585,0.0012499999732064632,0.0018910518487319727,0.35992005315978454,9,252,500,CLARABEL,optimal,216,16,0.005792079360000001
2024-11-29,temporal_assessment,v4_hysteresis,500000000.0,300.0,0.007667826847527953,0.004526775025589517,0.5238224263684335,-0.011921799716984054,500,68,73,1.9999999557238437,-1.406497349143443e-09,0.03800753453942049,0.013487405152141627,0.040000007552619156,0.020000000661246343,110.30168461200809,2.968621460837914,102682228.0817825,0.0002258717605181436,0.00041518011500736585,0.0024999999464129265,0.003141051821938436,0.35992005315978454,9,252,500,CLARABEL,optimal,216,16,0.005792079360000001
