date,period,candidate,aum_usd,borrow_bps,gross_return,net_return,turnover,benchmark_return,universe_size,long_count,short_count,gross_exposure,net_exposure,beta_exposure,size_exposure,maximum_sector_net_exposure,maximum_absolute_weight,effective_breadth,median_spread_bps,median_adv_usd,spread_cost,impact_cost,borrow_cost,total_cost,maximum_adv_participation,capacity_breaches,risk_observations,risk_universe,solver,solver_status
2010-01-29,development,assertive,10000000.0,50.0,0.03303893235552059,0.031117609029374257,1.9999999332938296,0.02543436665083901,200,83,66,1.9999999332938296,-2.1116964343814715e-08,0.016840924566543042,0.05000002682432425,0.03999999332042231,0.01999999991280006,112.19053538961253,5.490712000644297,50100180.2325,0.0012285041037506782,0.0002761525652267406,0.0004166666571689154,0.0019213233261463343,0.02250363254506041,0,252,200,CLARABEL,optimal
2010-01-29,development,assertive,10000000.0,150.0,0.03303893235552059,0.030284275715036425,1.9999999332938296,0.02543436665083901,200,83,66,1.9999999332938296,-2.1116964343814715e-08,0.016840924566543042,0.05000002682432425,0.03999999332042231,0.01999999991280006,112.19053538961253,5.490712000644297,50100180.2325,0.0012285041037506782,0.0002761525652267406,0.0012499999715067463,0.002754656640484165,0.02250363254506041,0,252,200,CLARABEL,optimal
2010-01-29,development,assertive,10000000.0,300.0,0.03303893235552059,0.02903427574352968,1.9999999332938296,0.02543436665083901,200,83,66,1.9999999332938296,-2.1116964343814715e-08,0.016840924566543042,0.05000002682432425,0.03999999332042231,0.01999999991280006,112.19053538961253,5.490712000644297,50100180.2325,0.0012285041037506782,0.0002761525652267406,0.0024999999430134925,0.004004656611990912,0.02250363254506041,0,252,200,CLARABEL,optimal
2010-01-29,development,assertive,100000000.0,50.0,0.03303893235552059,0.030520490506786284,1.9999999332938296,0.02543436665083901,200,83,66,1.9999999332938296,-2.1116964343814715e-08,0.016840924566543042,0.05000002682432425,0.03999999332042231,0.01999999991280006,112.19053538961253,5.490712000644297,50100180.2325,0.0012285041037506782,0.0008732710878147131,0.0004166666571689154,0.0025184418487343065,0.2250363254506041,15,252,200,CLARABEL,optimal
2010-01-29,development,assertive,100000000.0,150.0,0.03303893235552059,0.029687157192448455,1.9999999332938296,0.02543436665083901,200,83,66,1.9999999332938296,-2.1116964343814715e-08,0.016840924566543042,0.05000002682432425,0.03999999332042231,0.01999999991280006,112.19053538961253,5.490712000644297,50100180.2325,0.0012285041037506782,0.0008732710878147131,0.0012499999715067463,0.003351775163072138,0.2250363254506041,15,252,200,CLARABEL,optimal
2010-01-29,development,assertive,100000000.0,300.0,0.03303893235552059,0.028437157220941707,1.9999999332938296,0.02543436665083901,200,83,66,1.9999999332938296,-2.1116964343814715e-08,0.016840924566543042,0.05000002682432425,0.03999999332042231,0.01999999991280006,112.19053538961253,5.490712000644297,50100180.2325,0.0012285041037506782,0.0008732710878147131,0.0024999999430134925,0.004601775134578883,0.2250363254506041,15,252,200,CLARABEL,optimal
2010-01-29,development,assertive,500000000.0,50.0,0.03303893235552059,0.02944106807946211,1.9999999332938296,0.02543436665083901,200,83,66,1.9999999332938296,-2.1116964343814715e-08,0.016840924566543042,0.05000002682432425,0.03999999332042231,0.01999999991280006,112.19053538961253,5.490712000644297,50100180.2325,0.0012285041037506782,0.0019526935151388865,0.0004166666571689154,0.00359786427605848,1.1251816272530206,81,252,200,CLARABEL,optimal
2010-01-29,development,assertive,500000000.0,150.0,0.03303893235552059,0.02860773476512428,1.9999999332938296,0.02543436665083901,200,83,66,1.9999999332938296,-2.1116964343814715e-08,0.016840924566543042,0.05000002682432425,0.03999999332042231,0.01999999991280006,112.19053538961253,5.490712000644297,50100180.2325,0.0012285041037506782,0.0019526935151388865,0.0012499999715067463,0.004431197590396311,1.1251816272530206,81,252,200,CLARABEL,optimal
2010-01-29,development,assertive,500000000.0,300.0,0.03303893235552059,0.027357734793617534,1.9999999332938296,0.02543436665083901,200,83,66,1.9999999332938296,-2.1116964343814715e-08,0.016840924566543042,0.05000002682432425,0.03999999332042231,0.01999999991280006,112.19053538961253,5.490712000644297,50100180.2325,0.0012285041037506782,0.0019526935151388865,0.0024999999430134925,0.005681197561903058,1.1251816272530206,81,252,200,CLARABEL,optimal
2010-02-26,development,assertive,10000000.0,50.0,0.004707273328110431,0.0030271439361128135,1.7353475609622873,0.0684641374005408,200,76,59,1.9999999864349065,-5.097177097068695e-09,-0.010055342495275649,0.0046746319181332485,0.03999999984079686,0.02000000013761651,111.77896978643203,5.366988061854927,45545326.06,0.001034914791969942,0.00022854793512515776,0.00041666666490251754,0.0016801293919976173,0.026287661708426772,0,252,200,CLARABEL,optimal
2010-02-26,development,assertive,10000000.0,150.0,0.004707273328110431,0.0021938106063077783,1.7353475609622873,0.0684641374005408,200,76,59,1.9999999864349065,-5.097177097068695e-09,-0.010055342495275649,0.0046746319181332485,0.03999999984079686,0.02000000013761651,111.77896978643203,5.366988061854927,45545326.06,0.001034914791969942,0.00022854793512515776,0.0012499999947075526,0.0025134627218026525,0.026287661708426772,0,252,200,CLARABEL,optimal
2010-02-26,development,assertive,10000000.0,300.0,0.004707273328110431,0.000943810611600226,1.7353475609622873,0.0684641374005408,200,76,59,1.9999999864349065,-5.097177097068695e-09,-0.010055342495275649,0.0046746319181332485,0.03999999984079686,0.02000000013761651,111.77896978643203,5.366988061854927,45545326.06,0.001034914791969942,0.00022854793512515776,0.002499999989415105,0.003763462716510205,0.026287661708426772,0,252,200,CLARABEL,optimal
2010-02-26,development,assertive,100000000.0,50.0,0.004707273328110431,0.002532959841714073,1.7353475609622873,0.0684641374005408,200,76,59,1.9999999864349065,-5.097177097068695e-09,-0.010055342495275649,0.0046746319181332485,0.03999999984079686,0.02000000013761651,111.77896978643203,5.366988061854927,45545326.06,0.001034914791969942,0.0007227320295238985,0.00041666666490251754,0.002174313486396358,0.26287661708426774,9,252,200,CLARABEL,optimal
2010-02-26,development,assertive,100000000.0,150.0,0.004707273328110431,0.0016996265119090378,1.7353475609622873,0.0684641374005408,200,76,59,1.9999999864349065,-5.097177097068695e-09,-0.010055342495275649,0.0046746319181332485,0.03999999984079686,0.02000000013761651,111.77896978643203,5.366988061854927,45545326.06,0.001034914791969942,0.0007227320295238985,0.0012499999947075526,0.003007646816201393,0.26287661708426774,9,252,200,CLARABEL,optimal
2010-02-26,development,assertive,100000000.0,300.0,0.004707273328110431,0.0004496265172014855,1.7353475609622873,0.0684641374005408,200,76,59,1.9999999864349065,-5.097177097068695e-09,-0.010055342495275649,0.0046746319181332485,0.03999999984079686,0.02000000013761651,111.77896978643203,5.366988061854927,45545326.06,0.001034914791969942,0.0007227320295238985,0.002499999989415105,0.004257646810908945,0.26287661708426774,9,252,200,CLARABEL,optimal
2010-02-26,development,assertive,500000000.0,50.0,0.004707273328110431,0.0016396139237061492,1.7353475609622873,0.0684641374005408,200,76,59,1.9999999864349065,-5.097177097068695e-09,-0.010055342495275649,0.0046746319181332485,0.03999999984079686,0.02000000013761651,111.77896978643203,5.366988061854927,45545326.06,0.001034914791969942,0.0016160779475318222,0.00041666666490251754,0.0030676594044042817,1.3143830854213387,82,252,200,CLARABEL,optimal
2010-02-26,development,assertive,500000000.0,150.0,0.004707273328110431,0.0008062805939011144,1.7353475609622873,0.0684641374005408,200,76,59,1.9999999864349065,-5.097177097068695e-09,-0.010055342495275649,0.0046746319181332485,0.03999999984079686,0.02000000013761651,111.77896978643203,5.366988061854927,45545326.06,0.001034914791969942,0.0016160779475318222,0.0012499999947075526,0.0039009927342093164,1.3143830854213387,82,252,200,CLARABEL,optimal
2010-02-26,development,assertive,500000000.0,300.0,0.004707273328110431,-0.0004437194008064388,1.7353475609622873,0.0684641374005408,200,76,59,1.9999999864349065,-5.097177097068695e-09,-0.010055342495275649,0.0046746319181332485,0.03999999984079686,0.02000000013761651,111.77896978643203,5.366988061854927,45545326.06,0.001034914791969942,0.0016160779475318222,0.002499999989415105,0.00515099272891687,1.3143830854213387,82,252,200,CLARABEL,optimal
2010-03-31,development,assertive,10000000.0,50.0,-0.012701661607809542,-0.01406901228651533,1.469242093206057,0.006165162408326007,200,69,58,1.9999999966441537,1.3944562171630537e-10,-0.007782909496601653,-0.04868735320982012,0.03999999998928704,0.02000000012721881,109.15756586752597,5.24264973745854,41744059.32,0.000778953947501915,0.00017173006526539182,0.00041666666593848084,0.0013673506787057876,0.03457914258614028,0,252,200,CLARABEL,optimal
2010-03-31,development,assertive,10000000.0,150.0,-0.012701661607809542,-0.014902345618392291,1.469242093206057,0.006165162408326007,200,69,58,1.9999999966441537,1.3944562171630537e-10,-0.007782909496601653,-0.04868735320982012,0.03999999998928704,0.02000000012721881,109.15756586752597,5.24264973745854,41744059.32,0.000778953947501915,0.00017173006526539182,0.0012499999978154426,0.0022006840105827496,0.03457914258614028,0,252,200,CLARABEL,optimal
2010-03-31,development,assertive,10000000.0,300.0,-0.012701661607809542,-0.016152345616207733,1.469242093206057,0.006165162408326007,200,69,58,1.9999999966441537,1.3944562171630537e-10,-0.007782909496601653,-0.04868735320982012,0.03999999998928704,0.02000000012721881,109.15756586752597,5.24264973745854,41744059.32,0.000778953947501915,0.00017173006526539182,0.002499999995630885,0.0034506840083981917,0.03457914258614028,0,252,200,CLARABEL,optimal
2010-03-31,development,assertive,100000000.0,50.0,-0.012701661607809542,-0.014440340370217944,1.469242093206057,0.006165162408326007,200,69,58,1.9999999966441537,1.3944562171630537e-10,-0.007782909496601653,-0.04868735320982012,0.03999999998928704,0.02000000012721881,109.15756586752597,5.24264973745854,41744059.32,0.000778953947501915,0.0005430581489680062,0.00041666666593848084,0.001738678762408402,0.3457914258614028,11,252,200,CLARABEL,optimal
2010-03-31,development,assertive,100000000.0,150.0,-0.012701661607809542,-0.015273673702094905,1.469242093206057,0.006165162408326007,200,69,58,1.9999999966441537,1.3944562171630537e-10,-0.007782909496601653,-0.04868735320982012,0.03999999998928704,0.02000000012721881,109.15756586752597,5.24264973745854,41744059.32,0.000778953947501915,0.0005430581489680062,0.0012499999978154426,0.0025720120942853636,0.3457914258614028,11,252,200,CLARABEL,optimal
2010-03-31,development,assertive,100000000.0,300.0,-0.012701661607809542,-0.016523673699910348,1.469242093206057,0.006165162408326007,200,69,58,1.9999999966441537,1.3944562171630537e-10,-0.007782909496601653,-0.04868735320982012,0.03999999998928704,0.02000000012721881,109.15756586752597,5.24264973745854,41744059.32,0.000778953947501915,0.0005430581489680062,0.002499999995630885,0.0038220120921008066,0.3457914258614028,11,252,200,CLARABEL,optimal
2010-03-31,development,assertive,500000000.0,50.0,-0.012701661607809542,-0.015111597158077607,1.469242093206057,0.006165162408326007,200,69,58,1.9999999966441537,1.3944562171630537e-10,-0.007782909496601653,-0.04868735320982012,0.03999999998928704,0.02000000012721881,109.15756586752597,5.24264973745854,41744059.32,0.000778953947501915,0.001214314936827669,0.00041666666593848084,0.002409935550268065,1.7289571293070138,72,252,200,CLARABEL,optimal
2010-03-31,development,assertive,500000000.0,150.0,-0.012701661607809542,-0.01594493048995457,1.469242093206057,0.006165162408326007,200,69,58,1.9999999966441537,1.3944562171630537e-10,-0.007782909496601653,-0.04868735320982012,0.03999999998928704,0.02000000012721881,109.15756586752597,5.24264973745854,41744059.32,0.000778953947501915,0.001214314936827669,0.0012499999978154426,0.0032432688821450264,1.7289571293070138,72,252,200,CLARABEL,optimal
2010-03-31,development,assertive,500000000.0,300.0,-0.012701661607809542,-0.01719493048777001,1.469242093206057,0.006165162408326007,200,69,58,1.9999999966441537,1.3944562171630537e-10,-0.007782909496601653,-0.04868735320982012,0.03999999998928704,0.02000000012721881,109.15756586752597,5.24264973745854,41744059.32,0.000778953947501915,0.001214314936827669,0.002499999995630885,0.004493268879960469,1.7289571293070138,72,252,200,CLARABEL,optimal
2010-04-30,development,assertive,10000000.0,50.0,0.014122021108490083,0.013297042624806748,0.5672359585235085,-0.0827330739382885,200,68,58,1.9999999862734605,5.007999570594279e-10,-0.020873291515205783,-0.049999999818720955,0.037568019748391135,0.02000000014715766,109.74166975862909,5.095165145069921,39550507.489999995,0.00031644640031186434,9.186541966883275e-05,0.0004166666637026377,0.0008249784836833348,0.016535000823553594,0,252,200,CLARABEL,optimal
2010-04-30,development,assertive,10000000.0,150.0,0.014122021108490083,0.012463709297401473,0.5672359585235085,-0.0827330739382885,200,68,58,1.9999999862734605,5.007999570594279e-10,-0.020873291515205783,-0.049999999818720955,0.037568019748391135,0.02000000014715766,109.74166975862909,5.095165145069921,39550507.489999995,0.00031644640031186434,9.186541966883275e-05,0.0012499999911079133,0.0016583118110886103,0.016535000823553594,0,252,200,CLARABEL,optimal
2010-04-30,development,assertive,10000000.0,300.0,0.014122021108490083,0.011213709306293559,0.5672359585235085,-0.0827330739382885,200,68,58,1.9999999862734605,5.007999570594279e-10,-0.020873291515205783,-0.049999999818720955,0.037568019748391135,0.02000000014715766,109.74166975862909,5.095165145069921,39550507.489999995,0.00031644640031186434,9.186541966883275e-05,0.0024999999822158266,0.002908311802196524,0.016535000823553594,0,252,200,CLARABEL,optimal
2010-04-30,development,assertive,100000000.0,50.0,0.014122021108490083,0.01309840408011484,0.5672359585235085,-0.0827330739382885,200,68,58,1.9999999862734605,5.007999570594279e-10,-0.020873291515205783,-0.049999999818720955,0.037568019748391135,0.02000000014715766,109.74166975862909,5.095165145069921,39550507.489999995,0.00031644640031186434,0.0002905039643607427,0.0004166666637026377,0.0010236170283752447,0.16535000823553592,3,252,200,CLARABEL,optimal
2010-04-30,development,assertive,100000000.0,150.0,0.014122021108490083,0.012265070752709563,0.5672359585235085,-0.0827330739382885,200,68,58,1.9999999862734605,5.007999570594279e-10,-0.020873291515205783,-0.049999999818720955,0.037568019748391135,0.02000000014715766,109.74166975862909,5.095165145069921,39550507.489999995,0.00031644640031186434,0.0002905039643607427,0.0012499999911079133,0.0018569503557805203,0.16535000823553592,3,252,200,CLARABEL,optimal
2010-04-30,development,assertive,100000000.0,300.0,0.014122021108490083,0.01101507076160165,0.5672359585235085,-0.0827330739382885,200,68,58,1.9999999862734605,5.007999570594279e-10,-0.020873291515205783,-0.049999999818720955,0.037568019748391135,0.02000000014715766,109.74166975862909,5.095165145069921,39550507.489999995,0.00031644640031186434,0.0002905039643607427,0.0024999999822158266,0.0031069503468884336,0.16535000823553592,3,252,200,CLARABEL,optimal
2010-04-30,development,assertive,500000000.0,50.0,0.014122021108490083,0.012739321432431784,0.5672359585235085,-0.0827330739382885,200,68,58,1.9999999862734605,5.007999570594279e-10,-0.020873291515205783,-0.049999999818720955,0.037568019748391135,0.02000000014715766,109.74166975862909,5.095165145069921,39550507.489999995,0.00031644640031186434,0.0006495866120437967,0.0004166666637026377,0.0013826996760582988,0.8267500411776796,36,252,200,CLARABEL,optimal
2010-04-30,development,assertive,500000000.0,150.0,0.014122021108490083,0.01190598810502651,0.5672359585235085,-0.0827330739382885,200,68,58,1.9999999862734605,5.007999570594279e-10,-0.020873291515205783,-0.049999999818720955,0.037568019748391135,0.02000000014715766,109.74166975862909,5.095165145069921,39550507.489999995,0.00031644640031186434,0.0006495866120437967,0.0012499999911079133,0.002216033003463574,0.8267500411776796,36,252,200,CLARABEL,optimal
2010-04-30,development,assertive,500000000.0,300.0,0.014122021108490083,0.010655988113918595,0.5672359585235085,-0.0827330739382885,200,68,58,1.9999999862734605,5.007999570594279e-10,-0.020873291515205783,-0.049999999818720955,0.037568019748391135,0.02000000014715766,109.74166975862909,5.095165145069921,39550507.489999995,0.00031644640031186434,0.0006495866120437967,0.0024999999822158266,0.0034660329945714876,0.8267500411776796,36,252,200,CLARABEL,optimal
2010-05-28,development,assertive,10000000.0,50.0,0.007822561815351535,0.006874102228244782,0.8113683634492909,-0.0449561440042565,200,67,59,1.9999999784389868,7.26143829787862e-09,-0.0034532996432650037,-0.0499999917848957,0.03999999719140401,0.020000000172552653,108.45185803701754,4.737753583168883,40539100.0,0.00040815457740006405,0.00012363834904470018,0.00041666666066198936,0.0009484595871067536,0.0170395534471937,0,252,200,CLARABEL,optimal
2010-05-28,development,assertive,10000000.0,150.0,0.007822561815351535,0.0060407689069208025,0.8113683634492909,-0.0449561440042565,200,67,59,1.9999999784389868,7.26143829787862e-09,-0.0034532996432650037,-0.0499999917848957,0.03999999719140401,0.020000000172552653,108.45185803701754,4.737753583168883,40539100.0,0.00040815457740006405,0.00012363834904470018,0.0012499999819859681,0.0017817929084307325,0.0170395534471937,0,252,200,CLARABEL,optimal
2010-05-28,development,assertive,10000000.0,300.0,0.007822561815351535,0.004790768924934834,0.8113683634492909,-0.0449561440042565,200,67,59,1.9999999784389868,7.26143829787862e-09,-0.0034532996432650037,-0.0499999917848957,0.03999999719140401,0.020000000172552653,108.45185803701754,4.737753583168883,40539100.0,0.00040815457740006405,0.00012363834904470018,0.0024999999639719363,0.0030317928904167006,0.0170395534471937,0,252,200,CLARABEL,optimal
2010-05-28,development,assertive,100000000.0,50.0,0.007822561815351535,0.006606761788165326,0.8113683634492909,-0.0449561440042565,200,67,59,1.9999999784389868,7.26143829787862e-09,-0.0034532996432650037,-0.0499999917848957,0.03999999719140401,0.020000000172552653,108.45185803701754,4.737753583168883,40539100.0,0.00040815457740006405,0.00039097878912415594,0.00041666666066198936,0.0012158000271862094,0.17039553447193703,2,252,200,CLARABEL,optimal
2010-05-28,development,assertive,100000000.0,150.0,0.007822561815351535,0.005773428466841347,0.8113683634492909,-0.0449561440042565,200,67,59,1.9999999784389868,7.26143829787862e-09,-0.0034532996432650037,-0.0499999917848957,0.03999999719140401,0.020000000172552653,108.45185803701754,4.737753583168883,40539100.0,0.00040815457740006405,0.00039097878912415594,0.0012499999819859681,0.002049133348510188,0.17039553447193703,2,252,200,CLARABEL,optimal
2010-05-28,development,assertive,100000000.0,300.0,0.007822561815351535,0.004523428484855379,0.8113683634492909,-0.0449561440042565,200,67,59,1.9999999784389868,7.26143829787862e-09,-0.0034532996432650037,-0.0499999917848957,0.03999999719140401,0.020000000172552653,108.45185803701754,4.737753583168883,40539100.0,0.00040815457740006405,0.00039097878912415594,0.0024999999639719363,0.003299133330496156,0.17039553447193703,2,252,200,CLARABEL,optimal
2010-05-28,development,assertive,500000000.0,50.0,0.007822561815351535,0.006123485427047314,0.8113683634492909,-0.0449561440042565,200,67,59,1.9999999784389868,7.26143829787862e-09,-0.0034532996432650037,-0.0499999917848957,0.03999999719140401,0.020000000172552653,108.45185803701754,4.737753583168883,40539100.0,0.00040815457740006405,0.0008742551502421681,0.00041666666066198936,0.0016990763883042213,0.851977672359685,42,252,200,CLARABEL,optimal
2010-05-28,development,assertive,500000000.0,150.0,0.007822561815351535,0.005290152105723335,0.8113683634492909,-0.0449561440042565,200,67,59,1.9999999784389868,7.26143829787862e-09,-0.0034532996432650037,-0.0499999917848957,0.03999999719140401,0.020000000172552653,108.45185803701754,4.737753583168883,40539100.0,0.00040815457740006405,0.0008742551502421681,0.0012499999819859681,0.0025324097096282,0.851977672359685,42,252,200,CLARABEL,optimal
2010-05-28,development,assertive,500000000.0,300.0,0.007822561815351535,0.004040152123737367,0.8113683634492909,-0.0449561440042565,200,67,59,1.9999999784389868,7.26143829787862e-09,-0.0034532996432650037,-0.0499999917848957,0.03999999719140401,0.020000000172552653,108.45185803701754,4.737753583168883,40539100.0,0.00040815457740006405,0.0008742551502421681,0.0024999999639719363,0.0037824096916141683,0.851977672359685,42,252,200,CLARABEL,optimal
2010-06-30,development,assertive,10000000.0,50.0,0.026724230059499903,0.0257711497168692,0.7842487903041552,0.06193339756637285,200,63,60,1.9999999879000885,1.4461437325419269e-09,-0.013002230477873078,-0.04999996128602732,0.03880071939757015,0.020000000293415733,107.80200285872417,4.574553228779827,49878353.0,0.0004178155892998909,0.00011859808948624103,0.0004166666638445719,0.0009530803426307038,0.020485616189290748,0,252,200,CLARABEL,optimal
2010-06-30,development,assertive,10000000.0,150.0,0.026724230059499903,0.024937816389180054,0.7842487903041552,0.06193339756637285,200,63,60,1.9999999879000885,1.4461437325419269e-09,-0.013002230477873078,-0.04999996128602732,0.03880071939757015,0.020000000293415733,107.80200285872417,4.574553228779827,49878353.0,0.0004178155892998909,0.00011859808948624103,0.0012499999915337157,0.0017864136703198475,0.020485616189290748,0,252,200,CLARABEL,optimal
2010-06-30,development,assertive,10000000.0,300.0,0.026724230059499903,0.02368781639764634,0.7842487903041552,0.06193339756637285,200,63,60,1.9999999879000885,1.4461437325419269e-09,-0.013002230477873078,-0.04999996128602732,0.03880071939757015,0.020000000293415733,107.80200285872417,4.574553228779827,49878353.0,0.0004178155892998909,0.00011859808948624103,0.0024999999830674314,0.0030364136618535632,0.020485616189290748,0,252,200,CLARABEL,optimal
2010-06-30,development,assertive,100000000.0,50.0,0.026724230059499903,0.02551470771743445,0.7842487903041552,0.06193339756637285,200,63,60,1.9999999879000885,1.4461437325419269e-09,-0.013002230477873078,-0.04999996128602732,0.03880071939757015,0.020000000293415733,107.80200285872417,4.574553228779827,49878353.0,0.0004178155892998909,0.0003750400889209903,0.0004166666638445719,0.0012095223420654532,0.20485616189290748,5,252,200,CLARABEL,optimal
2010-06-30,development,assertive,100000000.0,150.0,0.026724230059499903,0.024681374389745304,0.7842487903041552,0.06193339756637285,200,63,60,1.9999999879000885,1.4461437325419269e-09,-0.013002230477873078,-0.04999996128602732,0.03880071939757015,0.020000000293415733,107.80200285872417,4.574553228779827,49878353.0,0.0004178155892998909,0.0003750400889209903,0.0012499999915337157,0.002042855669754597,0.20485616189290748,5,252,200,CLARABEL,optimal
2010-06-30,development,assertive,100000000.0,300.0,0.026724230059499903,0.02343137439821159,0.7842487903041552,0.06193339756637285,200,63,60,1.9999999879000885,1.4461437325419269e-09,-0.013002230477873078,-0.04999996128602732,0.03880071939757015,0.020000000293415733,107.80200285872417,4.574553228779827,49878353.0,0.0004178155892998909,0.0003750400889209903,0.0024999999830674314,0.0032928556612883127,0.20485616189290748,5,252,200,CLARABEL,optimal
2010-06-30,development,assertive,500000000.0,50.0,0.026724230059499903,0.02505113267324054,0.7842487903041552,0.06193339756637285,200,63,60,1.9999999879000885,1.4461437325419269e-09,-0.013002230477873078,-0.04999996128602732,0.03880071939757015,0.020000000293415733,107.80200285872417,4.574553228779827,49878353.0,0.0004178155892998909,0.0008386151331149,0.0004166666638445719,0.001673097386259363,1.0242808094645375,35,252,200,CLARABEL,optimal
2010-06-30,development,assertive,500000000.0,150.0,0.026724230059499903,0.024217799345551398,0.7842487903041552,0.06193339756637285,200,63,60,1.9999999879000885,1.4461437325419269e-09,-0.013002230477873078,-0.04999996128602732,0.03880071939757015,0.020000000293415733,107.80200285872417,4.574553228779827,49878353.0,0.0004178155892998909,0.0008386151331149,0.0012499999915337157,0.0025064307139485067,1.0242808094645375,35,252,200,CLARABEL,optimal
2010-06-30,development,assertive,500000000.0,300.0,0.026724230059499903,0.02296779935401768,0.7842487903041552,0.06193339756637285,200,63,60,1.9999999879000885,1.4461437325419269e-09,-0.013002230477873078,-0.04999996128602732,0.03880071939757015,0.020000000293415733,107.80200285872417,4.574553228779827,49878353.0,0.0004178155892998909,0.0008386151331149,0.0024999999830674314,0.0037564307054822224,1.0242808094645375,35,252,200,CLARABEL,optimal
2010-07-30,development,assertive,10000000.0,50.0,-0.007921411934513886,-0.009034698062995693,0.9949227201321549,-0.04967173938836314,200,62,60,1.999999956988444,3.0106192538958965e-09,-0.0022553079888715244,-0.04999995897326588,0.039999996268211706,0.02000000033894121,105.79258346832275,4.530835594205138,54697502.695,0.0005492989466101648,0.00014732052479292786,0.0004166666570787135,0.0011132861284818061,0.02235934946766659,0,252,200,CLARABEL,optimal
2010-07-30,development,assertive,10000000.0,150.0,-0.007921411934513886,-0.009868031377153119,0.9949227201321549,-0.04967173938836314,200,62,60,1.999999956988444,3.0106192538958965e-09,-0.0022553079888715244,-0.04999995897326588,0.039999996268211706,0.02000000033894121,105.79258346832275,4.530835594205138,54697502.695,0.0005492989466101648,0.00014732052479292786,0.0012499999712361402,0.001946619442639233,0.02235934946766659,0,252,200,CLARABEL,optimal
2010-07-30,development,assertive,10000000.0,300.0,-0.007921411934513886,-0.011118031348389259,0.9949227201321549,-0.04967173938836314,200,62,60,1.999999956988444,3.0106192538958965e-09,-0.0022553079888715244,-0.04999995897326588,0.039999996268211706,0.02000000033894121,105.79258346832275,4.530835594205138,54697502.695,0.0005492989466101648,0.00014732052479292786,0.0024999999424722805,0.003196619413875373,0.02235934946766659,0,252,200,CLARABEL,optimal
2010-07-30,development,assertive,100000000.0,50.0,-0.007921411934513886,-0.009353245942639723,0.9949227201321549,-0.04967173938836314,200,62,60,1.999999956988444,3.0106192538958965e-09,-0.0022553079888715244,-0.04999995897326588,0.039999996268211706,0.02000000033894121,105.79258346832275,4.530835594205138,54697502.695,0.0005492989466101648,0.0004658684044369577,0.0004166666570787135,0.0014318340081258358,0.2235934946766659,2,252,200,CLARABEL,optimal
2010-07-30,development,assertive,100000000.0,150.0,-0.007921411934513886,-0.010186579256797149,0.9949227201321549,-0.04967173938836314,200,62,60,1.999999956988444,3.0106192538958965e-09,-0.0022553079888715244,-0.04999995897326588,0.039999996268211706,0.02000000033894121,105.79258346832275,4.530835594205138,54697502.695,0.0005492989466101648,0.0004658684044369577,0.0012499999712361402,0.002265167322283263,0.2235934946766659,2,252,200,CLARABEL,optimal
2010-07-30,development,assertive,100000000.0,300.0,-0.007921411934513886,-0.011436579228033289,0.9949227201321549,-0.04967173938836314,200,62,60,1.999999956988444,3.0106192538958965e-09,-0.0022553079888715244,-0.04999995897326588,0.039999996268211706,0.02000000033894121,105.79258346832275,4.530835594205138,54697502.695,0.0005492989466101648,0.0004658684044369577,0.0024999999424722805,0.003515167293519403,0.2235934946766659,2,252,200,CLARABEL,optimal
2010-07-30,development,assertive,500000000.0,50.0,-0.007921411934513886,-0.009929090959093168,0.9949227201321549,-0.04967173938836314,200,62,60,1.999999956988444,3.0106192538958965e-09,-0.0022553079888715244,-0.04999995897326588,0.039999996268211706,0.02000000033894121,105.79258346832275,4.530835594205138,54697502.695,0.0005492989466101648,0.001041713420890402,0.0004166666570787135,0.0020076790245792805,1.1179674733833296,43,252,200,CLARABEL,optimal
2010-07-30,development,assertive,500000000.0,150.0,-0.007921411934513886,-0.010762424273250594,0.9949227201321549,-0.04967173938836314,200,62,60,1.999999956988444,3.0106192538958965e-09,-0.0022553079888715244,-0.04999995897326588,0.039999996268211706,0.02000000033894121,105.79258346832275,4.530835594205138,54697502.695,0.0005492989466101648,0.001041713420890402,0.0012499999712361402,0.002841012338736707,1.1179674733833296,43,252,200,CLARABEL,optimal
2010-07-30,development,assertive,500000000.0,300.0,-0.007921411934513886,-0.012012424244486734,0.9949227201321549,-0.04967173938836314,200,62,60,1.999999956988444,3.0106192538958965e-09,-0.0022553079888715244,-0.04999995897326588,0.039999996268211706,0.02000000033894121,105.79258346832275,4.530835594205138,54697502.695,0.0005492989466101648,0.001041713420890402,0.0024999999424722805,0.0040910123099728475,1.1179674733833296,43,252,200,CLARABEL,optimal
2010-08-31,development,assertive,10000000.0,50.0,0.005021011805828385,0.004101121525753818,0.7174771182514375,0.09789567880984978,200,61,62,1.999999982380611,4.4393438924927864e-10,-0.05000000199674408,-0.04999999151198807,0.04000000055851988,0.020000000260063166,105.58379819186013,4.895731937486616,43197216.5,0.0003800995438385408,0.00012312407333255098,0.00041666666290347424,0.000919890280074566,0.013640119378482706,0,252,200,CLARABEL,optimal
2010-08-31,development,assertive,10000000.0,150.0,0.005021011805828385,0.00326778819994687,0.7174771182514375,0.09789567880984978,200,61,62,1.999999982380611,4.4393438924927864e-10,-0.05000000199674408,-0.04999999151198807,0.04000000055851988,0.020000000260063166,105.58379819186013,4.895731937486616,43197216.5,0.0003800995438385408,0.00012312407333255098,0.001249999988710423,0.0017532236058815146,0.013640119378482706,0,252,200,CLARABEL,optimal
2010-08-31,development,assertive,10000000.0,300.0,0.005021011805828385,0.002017788211236447,0.7174771182514375,0.09789567880984978,200,61,62,1.999999982380611,4.4393438924927864e-10,-0.05000000199674408,-0.04999999151198807,0.04000000055851988,0.020000000260063166,105.58379819186013,4.895731937486616,43197216.5,0.0003800995438385408,0.00012312407333255098,0.002499999977420846,0.0030032235945919375,0.013640119378482706,0,252,200,CLARABEL,optimal
2010-08-31,development,assertive,100000000.0,50.0,0.005021011805828385,0.00383489309255791,0.7174771182514375,0.09789567880984978,200,61,62,1.999999982380611,4.4393438924927864e-10,-0.05000000199674408,-0.04999999151198807,0.04000000055851988,0.020000000260063166,105.58379819186013,4.895731937486616,43197216.5,0.0003800995438385408,0.0003893525065284594,0.00041666666290347424,0.0011861187132704745,0.13640119378482707,2,252,200,CLARABEL,optimal
2010-08-31,development,assertive,100000000.0,150.0,0.005021011805828385,0.0030015597667509613,0.7174771182514375,0.09789567880984978,200,61,62,1.999999982380611,4.4393438924927864e-10,-0.05000000199674408,-0.04999999151198807,0.04000000055851988,0.020000000260063166,105.58379819186013,4.895731937486616,43197216.5,0.0003800995438385408,0.0003893525065284594,0.001249999988710423,0.0020194520390774233,0.13640119378482707,2,252,200,CLARABEL,optimal
2010-08-31,development,assertive,100000000.0,300.0,0.005021011805828385,0.0017515597780405389,0.7174771182514375,0.09789567880984978,200,61,62,1.999999982380611,4.4393438924927864e-10,-0.05000000199674408,-0.04999999151198807,0.04000000055851988,0.020000000260063166,105.58379819186013,4.895731937486616,43197216.5,0.0003800995438385408,0.0003893525065284594,0.002499999977420846,0.0032694520277878458,0.13640119378482707,2,252,200,CLARABEL,optimal
2010-08-31,development,assertive,500000000.0,50.0,0.005021011805828385,0.0033536269272788034,0.7174771182514375,0.09789567880984978,200,61,62,1.999999982380611,4.4393438924927864e-10,-0.05000000199674408,-0.04999999151198807,0.04000000055851988,0.020000000260063166,105.58379819186013,4.895731937486616,43197216.5,0.0003800995438385408,0.000870618671807566,0.00041666666290347424,0.0016673848785495812,0.6820059689241353,39,252,200,CLARABEL,optimal
2010-08-31,development,assertive,500000000.0,150.0,0.005021011805828385,0.002520293601471855,0.7174771182514375,0.09789567880984978,200,61,62,1.999999982380611,4.4393438924927864e-10,-0.05000000199674408,-0.04999999151198807,0.04000000055851988,0.020000000260063166,105.58379819186013,4.895731937486616,43197216.5,0.0003800995438385408,0.000870618671807566,0.001249999988710423,0.00250071820435653,0.6820059689241353,39,252,200,CLARABEL,optimal
2010-08-31,development,assertive,500000000.0,300.0,0.005021011805828385,0.001270293612761432,0.7174771182514375,0.09789567880984978,200,61,62,1.999999982380611,4.4393438924927864e-10,-0.05000000199674408,-0.04999999151198807,0.04000000055851988,0.020000000260063166,105.58379819186013,4.895731937486616,43197216.5,0.0003800995438385408,0.000870618671807566,0.002499999977420846,0.0037507181930669527,0.6820059689241353,39,252,200,CLARABEL,optimal
2010-09-30,development,assertive,10000000.0,50.0,0.03084662729717081,0.029974550103263428,0.605394385520048,0.041333896757655655,200,63,57,1.9999999836758342,-7.143004479570614e-09,-0.03240923654717617,-0.013158786464101561,0.04000000049656555,0.02000000022897234,105.871832118397,4.855265547896518,37022145.48925,0.0003525259024806126,0.0001028846266728443,0.0004166666647539248,0.0008720771939073817,0.030228497834166763,0,252,200,CLARABEL,optimal
2010-09-30,development,assertive,10000000.0,150.0,0.03084662729717081,0.029141216773755578,0.605394385520048,0.041333896757655655,200,63,57,1.9999999836758342,-7.143004479570614e-09,-0.03240923654717617,-0.013158786464101561,0.04000000049656555,0.02000000022897234,105.871832118397,4.855265547896518,37022145.48925,0.0003525259024806126,0.0001028846266728443,0.0012499999942617744,0.0017054105234152314,0.030228497834166763,0,252,200,CLARABEL,optimal
2010-09-30,development,assertive,10000000.0,300.0,0.03084662729717081,0.027891216779493806,0.605394385520048,0.041333896757655655,200,63,57,1.9999999836758342,-7.143004479570614e-09,-0.03240923654717617,-0.013158786464101561,0.04000000049656555,0.02000000022897234,105.871832118397,4.855265547896518,37022145.48925,0.0003525259024806126,0.0001028846266728443,0.0024999999885235488,0.0029554105176770058,0.030228497834166763,0,252,200,CLARABEL,optimal
2010-09-30,development,assertive,100000000.0,50.0,0.03084662729717081,0.029752084973433974,0.605394385520048,0.041333896757655655,200,63,57,1.9999999836758342,-7.143004479570614e-09,-0.03240923654717617,-0.013158786464101561,0.04000000049656555,0.02000000022897234,105.871832118397,4.855265547896518,37022145.48925,0.0003525259024806126,0.00032534975650229923,0.0004166666647539248,0.0010945423237368366,0.3022849783416676,5,252,200,CLARABEL,optimal
2010-09-30,development,assertive,100000000.0,150.0,0.03084662729717081,0.028918751643926124,0.605394385520048,0.041333896757655655,200,63,57,1.9999999836758342,-7.143004479570614e-09,-0.03240923654717617,-0.013158786464101561,0.04000000049656555,0.02000000022897234,105.871832118397,4.855265547896518,37022145.48925,0.0003525259024806126,0.00032534975650229923,0.0012499999942617744,0.0019278756532446861,0.3022849783416676,5,252,200,CLARABEL,optimal
2010-09-30,development,assertive,100000000.0,300.0,0.03084662729717081,0.02766875164966435,0.605394385520048,0.041333896757655655,200,63,57,1.9999999836758342,-7.143004479570614e-09,-0.03240923654717617,-0.013158786464101561,0.04000000049656555,0.02000000022897234,105.871832118397,4.855265547896518,37022145.48925,0.0003525259024806126,0.00032534975650229923,0.0024999999885235488,0.0031778756475064605,0.3022849783416676,5,252,200,CLARABEL,optimal
2010-09-30,development,assertive,500000000.0,50.0,0.03084662729717081,0.029349930557934126,0.605394385520048,0.041333896757655655,200,63,57,1.9999999836758342,-7.143004479570614e-09,-0.03240923654717617,-0.013158786464101561,0.04000000049656555,0.02000000022897234,105.871832118397,4.855265547896518,37022145.48925,0.0003525259024806126,0.0007275041720021453,0.0004166666647539248,0.0014966967392366828,1.511424891708338,35,252,200,CLARABEL,optimal
2010-09-30,development,assertive,500000000.0,150.0,0.03084662729717081,0.02851659722842628,0.605394385520048,0.041333896757655655,200,63,57,1.9999999836758342,-7.143004479570614e-09,-0.03240923654717617,-0.013158786464101561,0.04000000049656555,0.02000000022897234,105.871832118397,4.855265547896518,37022145.48925,0.0003525259024806126,0.0007275041720021453,0.0012499999942617744,0.002330030068744532,1.511424891708338,35,252,200,CLARABEL,optimal
2010-09-30,development,assertive,500000000.0,300.0,0.03084662729717081,0.027266597234164504,0.605394385520048,0.041333896757655655,200,63,57,1.9999999836758342,-7.143004479570614e-09,-0.03240923654717617,-0.013158786464101561,0.04000000049656555,0.02000000022897234,105.871832118397,4.855265547896518,37022145.48925,0.0003525259024806126,0.0007275041720021453,0.0024999999885235488,0.0035800300630063064,1.511424891708338,35,252,200,CLARABEL,optimal
2010-10-29,development,assertive,10000000.0,50.0,0.021381538217825524,0.020424344722553826,0.7990122299374005,-0.0040771788927991106,200,65,57,1.999999976172509,-3.762299624621157e-09,-0.04463747796634482,-0.04999999989622306,0.04000000201460349,0.020000000154082202,106.15255611396277,4.787001629219745,37209916.53,0.0004252847583621667,0.00011524207442311225,0.00041666666248641853,0.0009571934952716974,0.030983562688754344,0,252,200,CLARABEL,optimal
2010-10-29,development,assertive,10000000.0,150.0,0.021381538217825524,0.019591011397580987,0.7990122299374005,-0.0040771788927991106,200,65,57,1.999999976172509,-3.762299624621157e-09,-0.04463747796634482,-0.04999999989622306,0.04000000201460349,0.020000000154082202,106.15255611396277,4.787001629219745,37209916.53,0.0004252847583621667,0.00011524207442311225,0.0012499999874592555,0.0017905268202445344,0.030983562688754344,0,252,200,CLARABEL,optimal
2010-10-29,development,assertive,10000000.0,300.0,0.021381538217825524,0.018341011410121733,0.7990122299374005,-0.0040771788927991106,200,65,57,1.999999976172509,-3.762299624621157e-09,-0.04463747796634482,-0.04999999989622306,0.04000000201460349,0.020000000154082202,106.15255611396277,4.787001629219745,37209916.53,0.0004252847583621667,0.00011524207442311225,0.002499999974918511,0.00304052680770379,0.030983562688754344,0,252,200,CLARABEL,optimal
2010-10-29,development,assertive,100000000.0,50.0,0.021381538217825524,0.020175159359517268,0.7990122299374005,-0.0040771788927991106,200,65,57,1.999999976172509,-3.762299624621157e-09,-0.04463747796634482,-0.04999999989622306,0.04000000201460349,0.020000000154082202,106.15255611396277,4.787001629219745,37209916.53,0.0004252847583621667,0.0003644274374596696,0.00041666666248641853,0.001206378858308255,0.30983562688754346,7,252,200,CLARABEL,optimal
2010-10-29,development,assertive,100000000.0,150.0,0.021381538217825524,0.019341826034544433,0.7990122299374005,-0.0040771788927991106,200,65,57,1.999999976172509,-3.762299624621157e-09,-0.04463747796634482,-0.04999999989622306,0.04000000201460349,0.020000000154082202,106.15255611396277,4.787001629219745,37209916.53,0.0004252847583621667,0.0003644274374596696,0.0012499999874592555,0.0020397121832810916,0.30983562688754346,7,252,200,CLARABEL,optimal
2010-10-29,development,assertive,100000000.0,300.0,0.021381538217825524,0.018091826047085174,0.7990122299374005,-0.0040771788927991106,200,65,57,1.999999976172509,-3.762299624621157e-09,-0.04463747796634482,-0.04999999989622306,0.04000000201460349,0.020000000154082202,106.15255611396277,4.787001629219745,37209916.53,0.0004252847583621667,0.0003644274374596696,0.002499999974918511,0.0032897121707403474,0.30983562688754346,7,252,200,CLARABEL,optimal
2010-10-29,development,assertive,500000000.0,50.0,0.021381538217825524,0.019724702273951063,0.7990122299374005,-0.0040771788927991106,200,65,57,1.999999976172509,-3.762299624621157e-09,-0.04463747796634482,-0.04999999989622306,0.04000000201460349,0.020000000154082202,106.15255611396277,4.787001629219745,37209916.53,0.0004252847583621667,0.0008148845230258747,0.00041666666248641853,0.0016568359438744599,1.5491781344377171,43,252,200,CLARABEL,optimal
2010-10-29,development,assertive,500000000.0,150.0,0.021381538217825524,0.018891368948978228,0.7990122299374005,-0.0040771788927991106,200,65,57,1.999999976172509,-3.762299624621157e-09,-0.04463747796634482,-0.04999999989622306,0.04000000201460349,0.020000000154082202,106.15255611396277,4.787001629219745,37209916.53,0.0004252847583621667,0.0008148845230258747,0.0012499999874592555,0.002490169268847297,1.5491781344377171,43,252,200,CLARABEL,optimal
2010-10-29,development,assertive,500000000.0,300.0,0.021381538217825524,0.017641368961518973,0.7990122299374005,-0.0040771788927991106,200,65,57,1.999999976172509,-3.762299624621157e-09,-0.04463747796634482,-0.04999999989622306,0.04000000201460349,0.020000000154082202,106.15255611396277,4.787001629219745,37209916.53,0.0004252847583621667,0.0008148845230258747,0.002499999974918511,0.003740169256306552,1.5491781344377171,43,252,200,CLARABEL,optimal
2010-11-30,development,assertive,10000000.0,50.0,0.0009899487943324618,2.4948868704453863e-05,0.8120035766768465,0.07150743424105752,200,62,57,1.9999999674714242,9.553774660275849e-09,-0.011996378894593679,-0.04999998159728205,0.03999999944911703,0.02000000022480088,105.22470685054235,4.845612299204861,43866638.8775,0.0004422692567050106,0.00010606401102348686,0.0004166666578995105,0.000964999925628008,0.02257865909331143,0,252,200,CLARABEL,optimal
2010-11-30,development,assertive,10000000.0,150.0,0.0009899487943324618,-0.0008083844470945668,0.8120035766768465,0.07150743424105752,200,62,57,1.9999999674714242,9.553774660275849e-09,-0.011996378894593679,-0.04999998159728205,0.03999999944911703,0.02000000022480088,105.22470685054235,4.845612299204861,43866638.8775,0.0004422692567050106,0.00010606401102348686,0.0012499999736985312,0.0017983332414270286,0.02257865909331143,0,252,200,CLARABEL,optimal
2010-11-30,development,assertive,10000000.0,300.0,0.0009899487943324618,-0.002058384420793098,0.8120035766768465,0.07150743424105752,200,62,57,1.9999999674714242,9.553774660275849e-09,-0.011996378894593679,-0.04999998159728205,0.03999999944911703,0.02000000022480088,105.22470685054235,4.845612299204861,43866638.8775,0.0004422692567050106,0.00010606401102348686,0.0024999999473970624,0.00304833321512556,0.02257865909331143,0,252,200,CLARABEL,optimal
2010-11-30,development,assertive,100000000.0,50.0,0.0009899487943324618,-0.00020439097287948448,0.8120035766768465,0.07150743424105752,200,62,57,1.9999999674714242,9.553774660275849e-09,-0.011996378894593679,-0.04999998159728205,0.03999999944911703,0.02000000022480088,105.22470685054235,4.845612299204861,43866638.8775,0.0004422692567050106,0.0003354038526074252,0.0004166666578995105,0.0011943397672119463,0.2257865909331143,4,252,200,CLARABEL,optimal
2010-11-30,development,assertive,100000000.0,150.0,0.0009899487943324618,-0.001037724288678505,0.8120035766768465,0.07150743424105752,200,62,57,1.9999999674714242,9.553774660275849e-09,-0.011996378894593679,-0.04999998159728205,0.03999999944911703,0.02000000022480088,105.22470685054235,4.845612299204861,43866638.8775,0.0004422692567050106,0.0003354038526074252,0.0012499999736985312,0.002027673083010967,0.2257865909331143,4,252,200,CLARABEL,optimal
2010-11-30,development,assertive,100000000.0,300.0,0.0009899487943324618,-0.0022877242623770364,0.8120035766768465,0.07150743424105752,200,62,57,1.9999999674714242,9.553774660275849e-09,-0.011996378894593679,-0.04999998159728205,0.03999999944911703,0.02000000022480088,105.22470685054235,4.845612299204861,43866638.8775,0.0004422692567050106,0.0003354038526074252,0.0024999999473970624,0.0032776730567094983,0.2257865909331143,4,252,200,CLARABEL,optimal
2010-11-30,development,assertive,500000000.0,50.0,0.0009899487943324618,-0.0006189729346175819,0.8120035766768465,0.07150743424105752,200,62,57,1.9999999674714242,9.553774660275849e-09,-0.011996378894593679,-0.04999998159728205,0.03999999944911703,0.02000000022480088,105.22470685054235,4.845612299204861,43866638.8775,0.0004422692567050106,0.0007499858143455227,0.0004166666578995105,0.0016089217289500437,1.1289329546655715,46,252,200,CLARABEL,optimal
2010-11-30,development,assertive,500000000.0,150.0,0.0009899487943324618,-0.0014523062504166028,0.8120035766768465,0.07150743424105752,200,62,57,1.9999999674714242,9.553774660275849e-09,-0.011996378894593679,-0.04999998159728205,0.03999999944911703,0.02000000022480088,105.22470685054235,4.845612299204861,43866638.8775,0.0004422692567050106,0.0007499858143455227,0.0012499999736985312,0.0024422550447490646,1.1289329546655715,46,252,200,CLARABEL,optimal
2010-11-30,development,assertive,500000000.0,300.0,0.0009899487943324618,-0.002702306224115134,0.8120035766768465,0.07150743424105752,200,62,57,1.9999999674714242,9.553774660275849e-09,-0.011996378894593679,-0.04999998159728205,0.03999999944911703,0.02000000022480088,105.22470685054235,4.845612299204861,43866638.8775,0.0004422692567050106,0.0007499858143455227,0.0024999999473970624,0.0036922550184475956,1.1289329546655715,46,252,200,CLARABEL,optimal
2010-12-31,development,assertive,10000000.0,50.0,-0.0003901921135515598,-0.0013513018673040745,0.8148645265662788,0.03059396241162617,200,62,63,1.9999999529939603,8.402664283119199e-09,-0.020876602457521008,-0.050000009659447134,0.028780813250871277,0.020000000642368808,104.9360711099633,4.885743660376188,46324580.5,0.0004306350488278855,0.00011380804980144253,0.00041666665512318665,0.0009611097537525148,0.015380162944856519,0,252,200,CLARABEL,optimal
2010-12-31,development,assertive,10000000.0,150.0,-0.0003901921135515598,-0.0021846351775504477,0.8148645265662788,0.03059396241162617,200,62,63,1.9999999529939603,8.402664283119199e-09,-0.020876602457521008,-0.050000009659447134,0.028780813250871277,0.020000000642368808,104.9360711099633,4.885743660376188,46324580.5,0.0004306350488278855,0.00011380804980144253,0.00124999996536956,0.001794443063998888,0.015380162944856519,0,252,200,CLARABEL,optimal
2010-12-31,development,assertive,10000000.0,300.0,-0.0003901921135515598,-0.003434635142920008,0.8148645265662788,0.03059396241162617,200,62,63,1.9999999529939603,8.402664283119199e-09,-0.020876602457521008,-0.050000009659447134,0.028780813250871277,0.020000000642368808,104.9360711099633,4.885743660376188,46324580.5,0.0004306350488278855,0.00011380804980144253,0.00249999993073912,0.003044443029368448,0.015380162944856519,0,252,200,CLARABEL,optimal
2010-12-31,development,assertive,100000000.0,50.0,-0.0003901921135515598,-0.001597386470937064,0.8148645265662788,0.03059396241162617,200,62,63,1.9999999529939603,8.402664283119199e-09,-0.020876602457521008,-0.050000009659447134,0.028780813250871277,0.020000000642368808,104.9360711099633,4.885743660376188,46324580.5,0.0004306350488278855,0.000359892653434432,0.00041666665512318665,0.0012071943573855042,0.15380162944856518,2,252,200,CLARABEL,optimal
2010-12-31,development,assertive,100000000.0,150.0,-0.0003901921135515598,-0.0024307197811834374,0.8148645265662788,0.03059396241162617,200,62,63,1.9999999529939603,8.402664283119199e-09,-0.020876602457521008,-0.050000009659447134,0.028780813250871277,0.020000000642368808,104.9360711099633,4.885743660376188,46324580.5,0.0004306350488278855,0.000359892653434432,0.00124999996536956,0.0020405276676318776,0.15380162944856518,2,252,200,CLARABEL,optimal
2010-12-31,development,assertive,100000000.0,300.0,-0.0003901921135515598,-0.003680719746552997,0.8148645265662788,0.03059396241162617,200,62,63,1.9999999529939603,8.402664283119199e-09,-0.020876602457521008,-0.050000009659447134,0.028780813250871277,0.020000000642368808,104.9360711099633,4.885743660376188,46324580.5,0.0004306350488278855,0.000359892653434432,0.00249999993073912,0.0032905276330014374,0.15380162944856518,2,252,200,CLARABEL,optimal
2010-12-31,development,assertive,500000000.0,50.0,-0.0003901921135515598,-0.002042238255184795,0.8148645265662788,0.03059396241162617,200,62,63,1.9999999529939603,8.402664283119199e-09,-0.020876602457521008,-0.050000009659447134,0.028780813250871277,0.020000000642368808,104.9360711099633,4.885743660376188,46324580.5,0.0004306350488278855,0.0008047444376821633,0.00041666665512318665,0.0016520461416332354,0.7690081472428258,42,252,200,CLARABEL,optimal
2010-12-31,development,assertive,500000000.0,150.0,-0.0003901921135515598,-0.0028755715654311684,0.8148645265662788,0.03059396241162617,200,62,63,1.9999999529939603,8.402664283119199e-09,-0.020876602457521008,-0.050000009659447134,0.028780813250871277,0.020000000642368808,104.9360711099633,4.885743660376188,46324580.5,0.0004306350488278855,0.0008047444376821633,0.00124999996536956,0.0024853794518796086,0.7690081472428258,42,252,200,CLARABEL,optimal
2010-12-31,development,assertive,500000000.0,300.0,-0.0003901921135515598,-0.004125571530800729,0.8148645265662788,0.03059396241162617,200,62,63,1.9999999529939603,8.402664283119199e-09,-0.020876602457521008,-0.050000009659447134,0.028780813250871277,0.020000000642368808,104.9360711099633,4.885743660376188,46324580.5,0.0004306350488278855,0.0008047444376821633,0.00249999993073912,0.003735379417249169,0.7690081472428258,42,252,200,CLARABEL,optimal
2011-01-31,development,assertive,10000000.0,50.0,-0.022864051442860342,-0.02359686225911004,0.4602399657877997,0.02751813351422237,200,58,63,1.9999999741392922,4.91885147196891e-09,-0.03633892105752929,-0.049999999567511555,0.035819603664708675,0.02000000054246168,106.45545709521205,4.837061495753472,49959369.661249995,0.00025988703046203186,5.6257125533404865e-05,0.00041666666025425844,0.0007328108162496952,0.011147452020476066,0,252,200,CLARABEL,optimal
2011-01-31,development,assertive,10000000.0,150.0,-0.022864051442860342,-0.024430195579618553,0.4602399657877997,0.02751813351422237,200,58,63,1.9999999741392922,4.91885147196891e-09,-0.03633892105752929,-0.049999999567511555,0.035819603664708675,0.02000000054246168,106.45545709521205,4.837061495753472,49959369.661249995,0.00025988703046203186,5.6257125533404865e-05,0.0012499999807627754,0.0015661441367582122,0.011147452020476066,0,252,200,CLARABEL,optimal
2011-01-31,development,assertive,10000000.0,300.0,-0.022864051442860342,-0.025680195560381328,0.4602399657877997,0.02751813351422237,200,58,63,1.9999999741392922,4.91885147196891e-09,-0.03633892105752929,-0.049999999567511555,0.035819603664708675,0.02000000054246168,106.45545709521205,4.837061495753472,49959369.661249995,0.00025988703046203186,5.6257125533404865e-05,0.0024999999615255507,0.0028161441175209873,0.011147452020476066,0,252,200,CLARABEL,optimal
2011-01-31,development,assertive,100000000.0,50.0,-0.022864051442860342,-0.023718505784876207,0.4602399657877997,0.02751813351422237,200,58,63,1.9999999741392922,4.91885147196891e-09,-0.03633892105752929,-0.049999999567511555,0.035819603664708675,0.02000000054246168,106.45545709521205,4.837061495753472,49959369.661249995,0.00025988703046203186,0.00017790065129957437,0.00041666666025425844,0.0008544543420158647,0.11147452020476066,1,252,200,CLARABEL,optimal
2011-01-31,development,assertive,100000000.0,150.0,-0.022864051442860342,-0.024551839105384724,0.4602399657877997,0.02751813351422237,200,58,63,1.9999999741392922,4.91885147196891e-09,-0.03633892105752929,-0.049999999567511555,0.035819603664708675,0.02000000054246168,106.45545709521205,4.837061495753472,49959369.661249995,0.00025988703046203186,0.00017790065129957437,0.0012499999807627754,0.0016877876625243815,0.11147452020476066,1,252,200,CLARABEL,optimal
2011-01-31,development,assertive,100000000.0,300.0,-0.022864051442860342,-0.0258018390861475,0.4602399657877997,0.02751813351422237,200,58,63,1.9999999741392922,4.91885147196891e-09,-0.03633892105752929,-0.049999999567511555,0.035819603664708675,0.02000000054246168,106.45545709521205,4.837061495753472,49959369.661249995,0.00025988703046203186,0.00017790065129957437,0.0024999999615255507,0.002937787643287157,0.11147452020476066,1,252,200,CLARABEL,optimal
2011-01-31,development,assertive,500000000.0,50.0,-0.022864051442860342,-0.023938403083123967,0.4602399657877997,0.02751813351422237,200,58,63,1.9999999741392922,4.91885147196891e-09,-0.03633892105752929,-0.049999999567511555,0.035819603664708675,0.02000000054246168,106.45545709521205,4.837061495753472,49959369.661249995,0.00025988703046203186,0.0003977979495473346,0.00041666666025425844,0.001074351640263625,0.5573726010238033,20,252,200,CLARABEL,optimal
2011-01-31,development,assertive,500000000.0,150.0,-0.022864051442860342,-0.024771736403632484,0.4602399657877997,0.02751813351422237,200,58,63,1.9999999741392922,4.91885147196891e-09,-0.03633892105752929,-0.049999999567511555,0.035819603664708675,0.02000000054246168,106.45545709521205,4.837061495753472,49959369.661249995,0.00025988703046203186,0.0003977979495473346,0.0012499999807627754,0.0019076849607721417,0.5573726010238033,20,252,200,CLARABEL,optimal
2011-01-31,development,assertive,500000000.0,300.0,-0.022864051442860342,-0.02602173638439526,0.4602399657877997,0.02751813351422237,200,58,63,1.9999999741392922,4.91885147196891e-09,-0.03633892105752929,-0.049999999567511555,0.035819603664708675,0.02000000054246168,106.45545709521205,4.837061495753472,49959369.661249995,0.00025988703046203186,0.0003977979495473346,0.0024999999615255507,0.0031576849415349173,0.5573726010238033,20,252,200,CLARABEL,optimal
2011-02-28,development,assertive,10000000.0,50.0,-0.0014552595505617112,-0.0024957172429925702,1.1503910090575067,-0.010479774279317382,200,61,61,1.9999999813048974,1.8181871286326867e-10,-0.011011958611139211,-0.049999994293481106,0.03999999975848981,0.020000000482013804,105.79685741810555,4.193798516076895,55086948.0,0.0004787350166418658,0.00014505601305501867,0.00041666666273397474,0.0010404576924308592,0.019653166945787105,0,252,200,CLARABEL,optimal
2011-02-28,development,assertive,10000000.0,150.0,-0.0014552595505617112,-0.00332905056846052,1.1503910090575067,-0.010479774279317382,200,61,61,1.9999999813048974,1.8181871286326867e-10,-0.011011958611139211,-0.049999994293481106,0.03999999975848981,0.020000000482013804,105.79685741810555,4.193798516076895,55086948.0,0.0004787350166418658,0.00014505601305501867,0.001249999988201924,0.0018737910178988086,0.019653166945787105,0,252,200,CLARABEL,optimal
2011-02-28,development,assertive,10000000.0,300.0,-0.0014552595505617112,-0.004579050556662444,1.1503910090575067,-0.010479774279317382,200,61,61,1.9999999813048974,1.8181871286326867e-10,-0.011011958611139211,-0.049999994293481106,0.03999999975848981,0.020000000482013804,105.79685741810555,4.193798516076895,55086948.0,0.0004787350166418658,0.00014505601305501867,0.002499999976403848,0.0031237910061007327,0.019653166945787105,0,252,200,CLARABEL,optimal
2011-02-28,development,assertive,100000000.0,50.0,-0.0014552595505617112,-0.00280936861949453,1.1503910090575067,-0.010479774279317382,200,61,61,1.9999999813048974,1.8181871286326867e-10,-0.011011958611139211,-0.049999994293481106,0.03999999975848981,0.020000000482013804,105.79685741810555,4.193798516076895,55086948.0,0.0004787350166418658,0.00045870738955697835,0.00041666666273397474,0.001354109068932819,0.19653166945787107,3,252,200,CLARABEL,optimal
2011-02-28,development,assertive,100000000.0,150.0,-0.0014552595505617112,-0.0036427019449624797,1.1503910090575067,-0.010479774279317382,200,61,61,1.9999999813048974,1.8181871286326867e-10,-0.011011958611139211,-0.049999994293481106,0.03999999975848981,0.020000000482013804,105.79685741810555,4.193798516076895,55086948.0,0.0004787350166418658,0.00045870738955697835,0.001249999988201924,0.0021874423944007685,0.19653166945787107,3,252,200,CLARABEL,optimal
2011-02-28,development,assertive,100000000.0,300.0,-0.0014552595505617112,-0.0048927019331644036,1.1503910090575067,-0.010479774279317382,200,61,61,1.9999999813048974,1.8181871286326867e-10,-0.011011958611139211,-0.049999994293481106,0.03999999975848981,0.020000000482013804,105.79685741810555,4.193798516076895,55086948.0,0.0004787350166418658,0.00045870738955697835,0.002499999976403848,0.0034374423826026923,0.19653166945787107,3,252,200,CLARABEL,optimal
2011-02-28,development,assertive,500000000.0,50.0,-0.0014552595505617112,-0.0033763621347684325,1.1503910090575067,-0.010479774279317382,200,61,61,1.9999999813048974,1.8181871286326867e-10,-0.011011958611139211,-0.049999994293481106,0.03999999975848981,0.020000000482013804,105.79685741810555,4.193798516076895,55086948.0,0.0004787350166418658,0.0010257009048308808,0.00041666666273397474,0.0019211025842067215,0.9826583472893553,48,252,200,CLARABEL,optimal
2011-02-28,development,assertive,500000000.0,150.0,-0.0014552595505617112,-0.004209695460236382,1.1503910090575067,-0.010479774279317382,200,61,61,1.9999999813048974,1.8181871286326867e-10,-0.011011958611139211,-0.049999994293481106,0.03999999975848981,0.020000000482013804,105.79685741810555,4.193798516076895,55086948.0,0.0004787350166418658,0.0010257009048308808,0.001249999988201924,0.002754435909674671,0.9826583472893553,48,252,200,CLARABEL,optimal
2011-02-28,development,assertive,500000000.0,300.0,-0.0014552595505617112,-0.005459695448438306,1.1503910090575067,-0.010479774279317382,200,61,61,1.9999999813048974,1.8181871286326867e-10,-0.011011958611139211,-0.049999994293481106,0.03999999975848981,0.020000000482013804,105.79685741810555,4.193798516076895,55086948.0,0.0004787350166418658,0.0010257009048308808,0.002499999976403848,0.004004435897876595,0.9826583472893553,48,252,200,CLARABEL,optimal
2011-03-31,development,assertive,10000000.0,50.0,-0.002672766896871159,-0.0035714336433935023,0.9875939049965854,0.020897602573068275,200,62,59,1.9999999574904308,1.1521472526032639e-08,-0.03465500601705268,-0.04999999456256145,0.034638587923138175,0.020000000370434944,105.94117279401547,3.823396504160591,60594064.550000004,0.0003844646711090447,9.753542000309909e-05,0.00041666665541019964,0.0008986667465223434,0.027633595742531915,0,252,200,CLARABEL,optimal
2011-03-31,development,assertive,10000000.0,150.0,-0.002672766896871159,-0.0044047669542139015,0.9875939049965854,0.020897602573068275,200,62,59,1.9999999574904308,1.1521472526032639e-08,-0.03465500601705268,-0.04999999456256145,0.034638587923138175,0.020000000370434944,105.94117279401547,3.823396504160591,60594064.550000004,0.0003844646711090447,9.753542000309909e-05,0.001249999966230599,0.0017320000573427426,0.027633595742531915,0,252,200,CLARABEL,optimal
2011-03-31,development,assertive,10000000.0,300.0,-0.002672766896871159,-0.0056547669204445004,0.9875939049965854,0.020897602573068275,200,62,59,1.9999999574904308,1.1521472526032639e-08,-0.03465500601705268,-0.04999999456256145,0.034638587923138175,0.020000000370434944,105.94117279401547,3.823396504160591,60594064.550000004,0.0003844646711090447,9.753542000309909e-05,0.002499999932461198,0.0029820000235733415,0.027633595742531915,0,252,200,CLARABEL,optimal
2011-03-31,development,assertive,100000000.0,50.0,-0.002672766896871159,-0.003782332303141344,0.9875939049965854,0.020897602573068275,200,62,59,1.9999999574904308,1.1521472526032639e-08,-0.03465500601705268,-0.04999999456256145,0.034638587923138175,0.020000000370434944,105.94117279401547,3.823396504160591,60594064.550000004,0.0003844646711090447,0.00030843407975094034,0.00041666665541019964,0.0011095654062701847,0.2763359574253192,3,252,200,CLARABEL,optimal
2011-03-31,development,assertive,100000000.0,150.0,-0.002672766896871159,-0.004615665613961743,0.9875939049965854,0.020897602573068275,200,62,59,1.9999999574904308,1.1521472526032639e-08,-0.03465500601705268,-0.04999999456256145,0.034638587923138175,0.020000000370434944,105.94117279401547,3.823396504160591,60594064.550000004,0.0003844646711090447,0.00030843407975094034,0.001249999966230599,0.001942898717090584,0.2763359574253192,3,252,200,CLARABEL,optimal
2011-03-31,development,assertive,100000000.0,300.0,-0.002672766896871159,-0.005865665580192342,0.9875939049965854,0.020897602573068275,200,62,59,1.9999999574904308,1.1521472526032639e-08,-0.03465500601705268,-0.04999999456256145,0.034638587923138175,0.020000000370434944,105.94117279401547,3.823396504160591,60594064.550000004,0.0003844646711090447,0.00030843407975094034,0.002499999932461198,0.003192898683321183,0.2763359574253192,3,252,200,CLARABEL,optimal
2011-03-31,development,assertive,500000000.0,50.0,-0.002672766896871159,-0.004163577792291097,0.9875939049965854,0.020897602573068275,200,62,59,1.9999999574904308,1.1521472526032639e-08,-0.03465500601705268,-0.04999999456256145,0.034638587923138175,0.020000000370434944,105.94117279401547,3.823396504160591,60594064.550000004,0.0003844646711090447,0.000689679568900694,0.00041666665541019964,0.0014908108954199382,1.3816797871265956,41,252,200,CLARABEL,optimal
2011-03-31,development,assertive,500000000.0,150.0,-0.002672766896871159,-0.0049969111031114965,0.9875939049965854,0.020897602573068275,200,62,59,1.9999999574904308,1.1521472526032639e-08,-0.03465500601705268,-0.04999999456256145,0.034638587923138175,0.020000000370434944,105.94117279401547,3.823396504160591,60594064.550000004,0.0003844646711090447,0.000689679568900694,0.001249999966230599,0.0023241442062403375,1.3816797871265956,41,252,200,CLARABEL,optimal
2011-03-31,development,assertive,500000000.0,300.0,-0.002672766896871159,-0.006246911069342095,0.9875939049965854,0.020897602573068275,200,62,59,1.9999999574904308,1.1521472526032639e-08,-0.03465500601705268,-0.04999999456256145,0.034638587923138175,0.020000000370434944,105.94117279401547,3.823396504160591,60594064.550000004,0.0003844646711090447,0.000689679568900694,0.002499999932461198,0.0035741441724709364,1.3816797871265956,41,252,200,CLARABEL,optimal
2011-04-29,development,assertive,10000000.0,50.0,-0.00868496037627228,-0.009429594451120961,0.6073479064375451,-0.019397299186661193,200,62,61,1.9999999703473352,1.7620000375417888e-08,-0.03594264638342082,-0.04999998993061737,0.0400000033266061,0.020000000985719798,106.62949128475712,3.5314428931291926,53615870.5,0.0002473641598046459,8.060325822584097e-05,0.00041666665681819483,0.0007446340748486816,0.02835153548477303,0,252,200,CLARABEL,optimal
2011-04-29,development,assertive,10000000.0,150.0,-0.00868496037627228,-0.010262927764757351,0.6073479064375451,-0.019397299186661193,200,62,61,1.9999999703473352,1.7620000375417888e-08,-0.03594264638342082,-0.04999998993061737,0.0400000033266061,0.020000000985719798,106.62949128475712,3.5314428931291926,53615870.5,0.0002473641598046459,8.060325822584097e-05,0.0012499999704545846,0.0015779673884850714,0.02835153548477303,0,252,200,CLARABEL,optimal
2011-04-29,development,assertive,10000000.0,300.0,-0.00868496037627228,-0.011512927735211936,0.6073479064375451,-0.019397299186661193,200,62,61,1.9999999703473352,1.7620000375417888e-08,-0.03594264638342082,-0.04999998993061737,0.0400000033266061,0.020000000985719798,106.62949128475712,3.5314428931291926,53615870.5,0.0002473641598046459,8.060325822584097e-05,0.0024999999409091693,0.002827967358939656,0.02835153548477303,0,252,200,CLARABEL,optimal
2011-04-29,development,assertive,100000000.0,50.0,-0.00868496037627228,-0.009603881075719481,0.6073479064375451,-0.019397299186661193,200,62,61,1.9999999703473352,1.7620000375417888e-08,-0.03594264638342082,-0.04999998993061737,0.0400000033266061,0.020000000985719798,106.62949128475712,3.5314428931291926,53615870.5,0.0002473641598046459,0.00025488988282436006,0.00041666665681819483,0.0009189206994472008,0.2835153548477303,4,252,200,CLARABEL,optimal
2011-04-29,development,assertive,100000000.0,150.0,-0.00868496037627228,-0.01043721438935587,0.6073479064375451,-0.019397299186661193,200,62,61,1.9999999703473352,1.7620000375417888e-08,-0.03594264638342082,-0.04999998993061737,0.0400000033266061,0.020000000985719798,106.62949128475712,3.5314428931291926,53615870.5,0.0002473641598046459,0.00025488988282436006,0.0012499999704545846,0.0017522540130835906,0.2835153548477303,4,252,200,CLARABEL,optimal
2011-04-29,development,assertive,100000000.0,300.0,-0.00868496037627228,-0.011687214359810454,0.6073479064375451,-0.019397299186661193,200,62,61,1.9999999703473352,1.7620000375417888e-08,-0.03594264638342082,-0.04999998993061737,0.0400000033266061,0.020000000985719798,106.62949128475712,3.5314428931291926,53615870.5,0.0002473641598046459,0.00025488988282436006,0.0024999999409091693,0.0030022539835381752,0.2835153548477303,4,252,200,CLARABEL,optimal
2011-04-29,development,assertive,500000000.0,50.0,-0.00868496037627228,-0.009918942297667346,0.6073479064375451,-0.019397299186661193,200,62,61,1.9999999703473352,1.7620000375417888e-08,-0.03594264638342082,-0.04999998993061737,0.0400000033266061,0.020000000985719798,106.62949128475712,3.5314428931291926,53615870.5,0.0002473641598046459,0.000569951104772225,0.00041666665681819483,0.0012339819213950658,1.4175767742386516,37,252,200,CLARABEL,optimal
2011-04-29,development,assertive,500000000.0,150.0,-0.00868496037627228,-0.010752275611303735,0.6073479064375451,-0.019397299186661193,200,62,61,1.9999999703473352,1.7620000375417888e-08,-0.03594264638342082,-0.04999998993061737,0.0400000033266061,0.020000000985719798,106.62949128475712,3.5314428931291926,53615870.5,0.0002473641598046459,0.000569951104772225,0.0012499999704545846,0.0020673152350314554,1.4175767742386516,37,252,200,CLARABEL,optimal
2011-04-29,development,assertive,500000000.0,300.0,-0.00868496037627228,-0.012002275581758318,0.6073479064375451,-0.019397299186661193,200,62,61,1.9999999703473352,1.7620000375417888e-08,-0.03594264638342082,-0.04999998993061737,0.0400000033266061,0.020000000985719798,106.62949128475712,3.5314428931291926,53615870.5,0.0002473641598046459,0.000569951104772225,0.0024999999409091693,0.00331731520548604,1.4175767742386516,37,252,200,CLARABEL,optimal
2011-05-31,development,assertive,10000000.0,50.0,0.03157564721721169,0.03078333008046788,0.757936616961013,-0.016802651753580384,200,59,66,1.9999999609228007,-1.8069763851880083e-08,-0.023403574149239104,-0.019464164919838017,0.03862666700958809,0.02000000080811344,105.49687566953195,3.2721830960374145,50325083.5,0.0002733569520043768,0.00010229352244931517,0.00041666666229011766,0.0007923171367438097,0.014287067710983257,0,252,200,CLARABEL,optimal
2011-05-31,development,assertive,10000000.0,150.0,0.03157564721721169,0.029949996755887647,0.757936616961013,-0.016802651753580384,200,59,66,1.9999999609228007,-1.8069763851880083e-08,-0.023403574149239104,-0.019464164919838017,0.03862666700958809,0.02000000080811344,105.49687566953195,3.2721830960374145,50325083.5,0.0002733569520043768,0.00010229352244931517,0.001249999986870353,0.001625650461324045,0.014287067710983257,0,252,200,CLARABEL,optimal
2011-05-31,development,assertive,10000000.0,300.0,0.03157564721721169,0.028699996769017293,0.757936616961013,-0.016802651753580384,200,59,66,1.9999999609228007,-1.8069763851880083e-08,-0.023403574149239104,-0.019464164919838017,0.03862666700958809,0.02000000080811344,105.49687566953195,3.2721830960374145,50325083.5,0.0002733569520043768,0.00010229352244931517,0.002499999973740706,0.002875650448194398,0.014287067710983257,0,252,200,CLARABEL,optimal
2011-05-31,development,assertive,100000000.0,50.0,0.03157564721721169,0.030562143082095795,0.757936616961013,-0.016802651753580384,200,59,66,1.9999999609228007,-1.8069763851880083e-08,-0.023403574149239104,-0.019464164919838017,0.03862666700958809,0.02000000080811344,105.49687566953195,3.2721830960374145,50325083.5,0.0002733569520043768,0.00032348052082140186,0.00041666666229011766,0.0010135041351158963,0.14287067710983256,4,252,200,CLARABEL,optimal
2011-05-31,development,assertive,100000000.0,150.0,0.03157564721721169,0.02972880975751556,0.757936616961013,-0.016802651753580384,200,59,66,1.9999999609228007,-1.8069763851880083e-08,-0.023403574149239104,-0.019464164919838017,0.03862666700958809,0.02000000080811344,105.49687566953195,3.2721830960374145,50325083.5,0.0002733569520043768,0.00032348052082140186,0.001249999986870353,0.0018468374596961315,0.14287067710983256,4,252,200,CLARABEL,optimal
2011-05-31,development,assertive,100000000.0,300.0,0.03157564721721169,0.028478809770645208,0.757936616961013,-0.016802651753580384,200,59,66,1.9999999609228007,-1.8069763851880083e-08,-0.023403574149239104,-0.019464164919838017,0.03862666700958809,0.02000000080811344,105.49687566953195,3.2721830960374145,50325083.5,0.0002733569520043768,0.00032348052082140186,0.002499999973740706,0.0030968374465664846,0.14287067710983256,4,252,200,CLARABEL,optimal
2011-05-31,development,assertive,500000000.0,50.0,0.03157564721721169,0.030162299168963506,0.757936616961013,-0.016802651753580384,200,59,66,1.9999999609228007,-1.8069763851880083e-08,-0.023403574149239104,-0.019464164919838017,0.03862666700958809,0.02000000080811344,105.49687566953195,3.2721830960374145,50325083.5,0.0002733569520043768,0.0007233244339536907,0.00041666666229011766,0.0014133480482481852,0.7143533855491628,34,252,200,CLARABEL,optimal
2011-05-31,development,assertive,500000000.0,150.0,0.03157564721721169,0.02932896584438327,0.757936616961013,-0.016802651753580384,200,59,66,1.9999999609228007,-1.8069763851880083e-08,-0.023403574149239104,-0.019464164919838017,0.03862666700958809,0.02000000080811344,105.49687566953195,3.2721830960374145,50325083.5,0.0002733569520043768,0.0007233244339536907,0.001249999986870353,0.0022466813728284204,0.7143533855491628,34,252,200,CLARABEL,optimal
2011-05-31,development,assertive,500000000.0,300.0,0.03157564721721169,0.02807896585751292,0.757936616961013,-0.016802651753580384,200,59,66,1.9999999609228007,-1.8069763851880083e-08,-0.023403574149239104,-0.019464164919838017,0.03862666700958809,0.02000000080811344,105.49687566953195,3.2721830960374145,50325083.5,0.0002733569520043768,0.0007233244339536907,0.002499999973740706,0.003496681359698773,0.7143533855491628,34,252,200,CLARABEL,optimal
2011-06-30,development,assertive,10000000.0,50.0,-0.012777505212037627,-0.013656253923195166,0.8971897032210475,0.0038882034904011518,200,64,63,1.999999967527374,-1.860754877958115e-08,0.0048002804397510035,-0.04929717726586705,0.03999999149020084,0.020000000787767175,107.52176180087118,3.5074847277207457,47909820.15,0.0003581267805401735,0.00010395526683925665,0.00041666666377810903,0.0008787487111575393,0.017356787264796728,0,252,200,CLARABEL,optimal
2011-06-30,development,assertive,10000000.0,150.0,-0.012777505212037627,-0.014489587250751385,0.8971897032210475,0.0038882034904011518,200,64,63,1.999999967527374,-1.860754877958115e-08,0.0048002804397510035,-0.04929717726586705,0.03999999149020084,0.020000000787767175,107.52176180087118,3.5074847277207457,47909820.15,0.0003581267805401735,0.00010395526683925665,0.0012499999913343272,0.0017120820387137574,0.017356787264796728,0,252,200,CLARABEL,optimal
2011-06-30,development,assertive,10000000.0,300.0,-0.012777505212037627,-0.015739587242085712,0.8971897032210475,0.0038882034904011518,200,64,63,1.999999967527374,-1.860754877958115e-08,0.0048002804397510035,-0.04929717726586705,0.03999999149020084,0.020000000787767175,107.52176180087118,3.5074847277207457,47909820.15,0.0003581267805401735,0.00010395526683925665,0.0024999999826686545,0.0029620820300480847,0.017356787264796728,0,252,200,CLARABEL,optimal
2011-06-30,development,assertive,100000000.0,50.0,-0.012777505212037627,-0.013881034074338534,0.8971897032210475,0.0038882034904011518,200,64,63,1.999999967527374,-1.860754877958115e-08,0.0048002804397510035,-0.04929717726586705,0.03999999149020084,0.020000000787767175,107.52176180087118,3.5074847277207457,47909820.15,0.0003581267805401735,0.00032873541798262397,0.00041666666377810903,0.0011035288623009066,0.17356787264796728,2,252,200,CLARABEL,optimal
2011-06-30,development,assertive,100000000.0,150.0,-0.012777505212037627,-0.014714367401894751,0.8971897032210475,0.0038882034904011518,200,64,63,1.999999967527374,-1.860754877958115e-08,0.0048002804397510035,-0.04929717726586705,0.03999999149020084,0.020000000787767175,107.52176180087118,3.5074847277207457,47909820.15,0.0003581267805401735,0.00032873541798262397,0.0012499999913343272,0.0019368621898571247,0.17356787264796728,2,252,200,CLARABEL,optimal
2011-06-30,development,assertive,100000000.0,300.0,-0.012777505212037627,-0.015964367393229078,0.8971897032210475,0.0038882034904011518,200,64,63,1.999999967527374,-1.860754877958115e-08,0.0048002804397510035,-0.04929717726586705,0.03999999149020084,0.020000000787767175,107.52176180087118,3.5074847277207457,47909820.15,0.0003581267805401735,0.00032873541798262397,0.0024999999826686545,0.003186862181191452,0.17356787264796728,2,252,200,CLARABEL,optimal
2011-06-30,development,assertive,500000000.0,50.0,-0.012777505212037627,-0.014287373397576863,0.8971897032210475,0.0038882034904011518,200,64,63,1.999999967527374,-1.860754877958115e-08,0.0048002804397510035,-0.04929717726586705,0.03999999149020084,0.020000000787767175,107.52176180087118,3.5074847277207457,47909820.15,0.0003581267805401735,0.0007350747412209539,0.00041666666377810903,0.0015098681855392365,0.8678393632398363,40,252,200,CLARABEL,optimal
2011-06-30,development,assertive,500000000.0,150.0,-0.012777505212037627,-0.015120706725133081,0.8971897032210475,0.0038882034904011518,200,64,63,1.999999967527374,-1.860754877958115e-08,0.0048002804397510035,-0.04929717726586705,0.03999999149020084,0.020000000787767175,107.52176180087118,3.5074847277207457,47909820.15,0.0003581267805401735,0.0007350747412209539,0.0012499999913343272,0.0023432015130954546,0.8678393632398363,40,252,200,CLARABEL,optimal
2011-06-30,development,assertive,500000000.0,300.0,-0.012777505212037627,-0.01637070671646741,0.8971897032210475,0.0038882034904011518,200,64,63,1.999999967527374,-1.860754877958115e-08,0.0048002804397510035,-0.04929717726586705,0.03999999149020084,0.020000000787767175,107.52176180087118,3.5074847277207457,47909820.15,0.0003581267805401735,0.0007350747412209539,0.0024999999826686545,0.0035932015044297817,0.8678393632398363,40,252,200,CLARABEL,optimal
2011-07-29,development,assertive,10000000.0,50.0,0.02382086539751139,0.023028606357355694,0.8045818283760453,-0.04915752908358098,200,63,58,1.999999975503607,9.282243973451898e-09,-0.017658985874329403,-0.050000004523841325,0.025047471297582516,0.020000000590090317,106.03450777316829,3.0231540844795366,54666211.0,0.0002835659428511493,9.202643767509494e-05,0.0004166666596294507,0.000792259040155695,0.02450525740605503,0,252,200,CLARABEL,optimal
2011-07-29,development,assertive,10000000.0,150.0,0.02382086539751139,0.02219527303809679,0.8045818283760453,-0.04915752908358098,200,63,58,1.999999975503607,9.282243973451898e-09,-0.017658985874329403,-0.050000004523841325,0.025047471297582516,0.020000000590090317,106.03450777316829,3.0231540844795366,54666211.0,0.0002835659428511493,9.202643767509494e-05,0.0012499999788883522,0.0016255923594145965,0.02450525740605503,0,252,200,CLARABEL,optimal
2011-07-29,development,assertive,10000000.0,300.0,0.02382086539751139,0.02094527305920844,0.8045818283760453,-0.04915752908358098,200,63,58,1.999999975503607,9.282243973451898e-09,-0.017658985874329403,-0.050000004523841325,0.025047471297582516,0.020000000590090317,106.03450777316829,3.0231540844795366,54666211.0,0.0002835659428511493,9.202643767509494e-05,0.0024999999577767044,0.0028755923383029488,0.02450525740605503,0,252,200,CLARABEL,optimal
2011-07-29,development,assertive,100000000.0,50.0,0.02382086539751139,0.02282961964702596,0.8045818283760453,-0.04915752908358098,200,63,58,1.999999975503607,9.282243973451898e-09,-0.017658985874329403,-0.050000004523841325,0.025047471297582516,0.020000000590090317,106.03450777316829,3.0231540844795366,54666211.0,0.0002835659428511493,0.0002910131480048304,0.0004166666596294507,0.0009912457504854305,0.24505257406055028,1,252,200,CLARABEL,optimal
2011-07-29,development,assertive,100000000.0,150.0,0.02382086539751139,0.021996286327767057,0.8045818283760453,-0.04915752908358098,200,63,58,1.999999975503607,9.282243973451898e-09,-0.017658985874329403,-0.050000004523841325,0.025047471297582516,0.020000000590090317,106.03450777316829,3.0231540844795366,54666211.0,0.0002835659428511493,0.0002910131480048304,0.0012499999788883522,0.001824579069744332,0.24505257406055028,1,252,200,CLARABEL,optimal
2011-07-29,development,assertive,100000000.0,300.0,0.02382086539751139,0.020746286348878703,0.8045818283760453,-0.04915752908358098,200,63,58,1.999999975503607,9.282243973451898e-09,-0.017658985874329403,-0.050000004523841325,0.025047471297582516,0.020000000590090317,106.03450777316829,3.0231540844795366,54666211.0,0.0002835659428511493,0.0002910131480048304,0.0024999999577767044,0.0030745790486326843,0.24505257406055028,1,252,200,CLARABEL,optimal
2011-07-29,development,assertive,500000000.0,50.0,0.02382086539751139,0.02246990761374578,0.8045818283760453,-0.04915752908358098,200,63,58,1.999999975503607,9.282243973451898e-09,-0.017658985874329403,-0.050000004523841325,0.025047471297582516,0.020000000590090317,106.03450777316829,3.0231540844795366,54666211.0,0.0002835659428511493,0.0006507251812850083,0.0004166666596294507,0.0013509577837656083,1.2252628703027515,37,252,200,CLARABEL,optimal
2011-07-29,development,assertive,500000000.0,150.0,0.02382086539751139,0.021636574294486878,0.8045818283760453,-0.04915752908358098,200,63,58,1.999999975503607,9.282243973451898e-09,-0.017658985874329403,-0.050000004523841325,0.025047471297582516,0.020000000590090317,106.03450777316829,3.0231540844795366,54666211.0,0.0002835659428511493,0.0006507251812850083,0.0012499999788883522,0.0021842911030245096,1.2252628703027515,37,252,200,CLARABEL,optimal
2011-07-29,development,assertive,500000000.0,300.0,0.02382086539751139,0.020386574315598528,0.8045818283760453,-0.04915752908358098,200,63,58,1.999999975503607,9.282243973451898e-09,-0.017658985874329403,-0.050000004523841325,0.025047471297582516,0.020000000590090317,106.03450777316829,3.0231540844795366,54666211.0,0.0002835659428511493,0.0006507251812850083,0.0024999999577767044,0.003434291081912862,1.2252628703027515,37,252,200,CLARABEL,optimal
2011-08-31,development,assertive,10000000.0,50.0,0.0010191818122237996,0.00018535950467336903,0.7773468661824154,-0.06087090425655259,200,61,59,1.9999999768569603,8.069409196398425e-09,-0.0052092106488381695,-0.0499998861693321,0.03738518420296997,0.02000000055831728,106.6006448509006,3.428534098427798,60051832.2825,0.00028602864253802037,0.000131127004848337,0.0004166666601640732,0.0008338223075504306,0.012126216486691122,0,252,200,CLARABEL,optimal
2011-08-31,development,assertive,10000000.0,150.0,0.0010191818122237996,-0.0006479738156547775,0.7773468661824154,-0.06087090425655259,200,61,59,1.9999999768569603,8.069409196398425e-09,-0.0052092106488381695,-0.0499998861693321,0.03738518420296997,0.02000000055831728,106.6006448509006,3.428534098427798,60051832.2825,0.00028602864253802037,0.000131127004848337,0.0012499999804922197,0.001667155627878577,0.012126216486691122,0,252,200,CLARABEL,optimal
2011-08-31,development,assertive,10000000.0,300.0,0.0010191818122237996,-0.0018979737961469971,0.7773468661824154,-0.06087090425655259,200,61,59,1.9999999768569603,8.069409196398425e-09,-0.0052092106488381695,-0.0499998861693321,0.03738518420296997,0.02000000055831728,106.6006448509006,3.428534098427798,60051832.2825,0.00028602864253802037,0.000131127004848337,0.0024999999609844393,0.0029171556083707967,0.012126216486691122,0,252,200,CLARABEL,optimal
2011-08-31,development,assertive,100000000.0,50.0,0.0010191818122237996,-9.817348855498077e-05,0.7773468661824154,-0.06087090425655259,200,61,59,1.9999999768569603,8.069409196398425e-09,-0.0052092106488381695,-0.0499998861693321,0.03738518420296997,0.02000000055831728,106.6006448509006,3.428534098427798,60051832.2825,0.00028602864253802037,0.0004146599980766868,0.0004166666601640732,0.0011173553007787804,0.12126216486691122,2,252,200,CLARABEL,optimal
2011-08-31,development,assertive,100000000.0,150.0,0.0010191818122237996,-0.0009315068088831273,0.7773468661824154,-0.06087090425655259,200,61,59,1.9999999768569603,8.069409196398425e-09,-0.0052092106488381695,-0.0499998861693321,0.03738518420296997,0.02000000055831728,106.6006448509006,3.428534098427798,60051832.2825,0.00028602864253802037,0.0004146599980766868,0.0012499999804922197,0.0019506886211069269,0.12126216486691122,2,252,200,CLARABEL,optimal
2011-08-31,development,assertive,100000000.0,300.0,0.0010191818122237996,-0.002181506789375347,0.7773468661824154,-0.06087090425655259,200,61,59,1.9999999768569603,8.069409196398425e-09,-0.0052092106488381695,-0.0499998861693321,0.03738518420296997,0.02000000055831728,106.6006448509006,3.428534098427798,60051832.2825,0.00028602864253802037,0.0004146599980766868,0.0024999999609844393,0.0032006886015991465,0.12126216486691122,2,252,200,CLARABEL,optimal
2011-08-31,development,assertive,500000000.0,50.0,0.0010191818122237996,-0.0006107214337276977,0.7773468661824154,-0.06087090425655259,200,61,59,1.9999999768569603,8.069409196398425e-09,-0.0052092106488381695,-0.0499998861693321,0.03738518420296997,0.02000000055831728,106.6006448509006,3.428534098427798,60051832.2825,0.00028602864253802037,0.0009272079432494038,0.0004166666601640732,0.0016299032459514973,0.6063108243345561,34,252,200,CLARABEL,optimal
2011-08-31,development,assertive,500000000.0,150.0,0.0010191818122237996,-0.001444054754055844,0.7773468661824154,-0.06087090425655259,200,61,59,1.9999999768569603,8.069409196398425e-09,-0.0052092106488381695,-0.0499998861693321,0.03738518420296997,0.02000000055831728,106.6006448509006,3.428534098427798,60051832.2825,0.00028602864253802037,0.0009272079432494038,0.0012499999804922197,0.0024632365662796436,0.6063108243345561,34,252,200,CLARABEL,optimal
2011-08-31,development,assertive,500000000.0,300.0,0.0010191818122237996,-0.002694054734548064,0.7773468661824154,-0.06087090425655259,200,61,59,1.9999999768569603,8.069409196398425e-09,-0.0052092106488381695,-0.0499998861693321,0.03738518420296997,0.02000000055831728,106.6006448509006,3.428534098427798,60051832.2825,0.00028602864253802037,0.0009272079432494038,0.0024999999609844393,0.0037132365467718634,0.6063108243345561,34,252,200,CLARABEL,optimal
2011-09-30,development,assertive,10000000.0,50.0,0.02714064004510359,0.02606828566121115,1.1037970320610273,0.09651547588735168,200,65,62,1.9999999710706082,-1.1484943551742788e-08,0.007359997706084226,-0.04107224439685725,0.03897130774853438,0.02000000044573283,107.90468136361983,3.549329689780733,55265173.0,0.00042536162697915617,0.00023032609388087927,0.0004166666630324067,0.0010723543838924421,0.04094609991415436,0,252,200,CLARABEL,optimal
2011-09-30,development,assertive,10000000.0,150.0,0.02714064004510359,0.025234952335146336,1.1037970320610273,0.09651547588735168,200,65,62,1.9999999710706082,-1.1484943551742788e-08,0.007359997706084226,-0.04107224439685725,0.03897130774853438,0.02000000044573283,107.90468136361983,3.549329689780733,55265173.0,0.00042536162697915617,0.00023032609388087927,0.00124999998909722,0.0019056877099572554,0.04094609991415436,0,252,200,CLARABEL,optimal
2011-09-30,development,assertive,10000000.0,300.0,0.02714064004510359,0.023984952346049117,1.1037970320610273,0.09651547588735168,200,65,62,1.9999999710706082,-1.1484943551742788e-08,0.007359997706084226,-0.04107224439685725,0.03897130774853438,0.02000000044573283,107.90468136361983,3.549329689780733,55265173.0,0.00042536162697915617,0.00023032609388087927,0.00249999997819444,0.0031556876990544757,0.04094609991415436,0,252,200,CLARABEL,optimal
2011-09-30,development,assertive,100000000.0,50.0,0.02714064004510359,0.02557025669385868,1.1037970320610273,0.09651547588735168,200,65,62,1.9999999710706082,-1.1484943551742788e-08,0.007359997706084226,-0.04107224439685725,0.03897130774853438,0.02000000044573283,107.90468136361983,3.549329689780733,55265173.0,0.00042536162697915617,0.0007283550612333494,0.0004166666630324067,0.0015703833512449123,0.4094609991415436,4,252,200,CLARABEL,optimal
2011-09-30,development,assertive,100000000.0,150.0,0.02714064004510359,0.024736923367793866,1.1037970320610273,0.09651547588735168,200,65,62,1.9999999710706082,-1.1484943551742788e-08,0.007359997706084226,-0.04107224439685725,0.03897130774853438,0.02000000044573283,107.90468136361983,3.549329689780733,55265173.0,0.00042536162697915617,0.0007283550612333494,0.00124999998909722,0.002403716677309726,0.4094609991415436,4,252,200,CLARABEL,optimal
2011-09-30,development,assertive,100000000.0,300.0,0.02714064004510359,0.023486923378696647,1.1037970320610273,0.09651547588735168,200,65,62,1.9999999710706082,-1.1484943551742788e-08,0.007359997706084226,-0.04107224439685725,0.03897130774853438,0.02000000044573283,107.90468136361983,3.549329689780733,55265173.0,0.00042536162697915617,0.0007283550612333494,0.00249999997819444,0.0036537166664069457,0.4094609991415436,4,252,200,CLARABEL,optimal
2011-09-30,development,assertive,500000000.0,50.0,0.02714064004510359,0.024669960326418237,1.1037970320610273,0.09651547588735168,200,65,62,1.9999999710706082,-1.1484943551742788e-08,0.007359997706084226,-0.04107224439685725,0.03897130774853438,0.02000000044573283,107.90468136361983,3.549329689780733,55265173.0,0.00042536162697915617,0.0016286514286737912,0.0004166666630324067,0.002470679718685354,2.047304995707718,56,252,200,CLARABEL,optimal
2011-09-30,development,assertive,500000000.0,150.0,0.02714064004510359,0.023836627000353425,1.1037970320610273,0.09651547588735168,200,65,62,1.9999999710706082,-1.1484943551742788e-08,0.007359997706084226,-0.04107224439685725,0.03897130774853438,0.02000000044573283,107.90468136361983,3.549329689780733,55265173.0,0.00042536162697915617,0.0016286514286737912,0.00124999998909722,0.0033040130447501677,2.047304995707718,56,252,200,CLARABEL,optimal
2011-09-30,development,assertive,500000000.0,300.0,0.02714064004510359,0.022586627011256202,1.1037970320610273,0.09651547588735168,200,65,62,1.9999999710706082,-1.1484943551742788e-08,0.007359997706084226,-0.04107224439685725,0.03897130774853438,0.02000000044573283,107.90468136361983,3.549329689780733,55265173.0,0.00042536162697915617,0.0016286514286737912,0.00249999997819444,0.0045540130338473876,2.047304995707718,56,252,200,CLARABEL,optimal
2011-10-31,development,assertive,10000000.0,50.0,0.00799907443728478,0.006922372776062889,1.1504621339672947,-0.007398870815382571,200,61,62,1.9999999862112086,-2.3928569403697253e-09,-0.01946524734405128,-0.049999988790472294,0.033146311758115235,0.020000000404286913,106.26194421702492,3.7502496411117408,62981297.75,0.000439653032016269,0.00022038196491310852,0.00041666666429251363,0.001076701661221891,0.060494071741319225,0,252,200,CLARABEL,optimal
2011-10-31,development,assertive,10000000.0,150.0,0.00799907443728478,0.006089039447477861,1.1504621339672947,-0.007398870815382571,200,61,62,1.9999999862112086,-2.3928569403697253e-09,-0.01946524734405128,-0.049999988790472294,0.033146311758115235,0.020000000404286913,106.26194421702492,3.7502496411117408,62981297.75,0.000439653032016269,0.00022038196491310852,0.001249999992877541,0.0019100349898069184,0.060494071741319225,0,252,200,CLARABEL,optimal
2011-10-31,development,assertive,10000000.0,300.0,0.00799907443728478,0.004839039454600321,1.1504621339672947,-0.007398870815382571,200,61,62,1.9999999862112086,-2.3928569403697253e-09,-0.01946524734405128,-0.049999988790472294,0.033146311758115235,0.020000000404286913,106.26194421702492,3.7502496411117408,62981297.75,0.000439653032016269,0.00022038196491310852,0.002499999985755082,0.0031600349826844593,0.060494071741319225,0,252,200,CLARABEL,optimal
2011-10-31,development,assertive,100000000.0,50.0,0.00799907443728478,0.006445845776627263,1.1504621339672947,-0.007398870815382571,200,61,62,1.9999999862112086,-2.3928569403697253e-09,-0.01946524734405128,-0.049999988790472294,0.033146311758115235,0.020000000404286913,106.26194421702492,3.7502496411117408,62981297.75,0.000439653032016269,0.0006969089643487346,0.00041666666429251363,0.0015532286606575172,0.6049407174131922,2,252,200,CLARABEL,optimal
2011-10-31,development,assertive,100000000.0,150.0,0.00799907443728478,0.005612512448042235,1.1504621339672947,-0.007398870815382571,200,61,62,1.9999999862112086,-2.3928569403697253e-09,-0.01946524734405128,-0.049999988790472294,0.033146311758115235,0.020000000404286913,106.26194421702492,3.7502496411117408,62981297.75,0.000439653032016269,0.0006969089643487346,0.001249999992877541,0.0023865619892425444,0.6049407174131922,2,252,200,CLARABEL,optimal
2011-10-31,development,assertive,100000000.0,300.0,0.00799907443728478,0.004362512455164694,1.1504621339672947,-0.007398870815382571,200,61,62,1.9999999862112086,-2.3928569403697253e-09,-0.01946524734405128,-0.049999988790472294,0.033146311758115235,0.020000000404286913,106.26194421702492,3.7502496411117408,62981297.75,0.000439653032016269,0.0006969089643487346,0.002499999985755082,0.0036365619821200857,0.6049407174131922,2,252,200,CLARABEL,optimal
2011-10-31,development,assertive,500000000.0,50.0,0.00799907443728478,0.005584418922563249,1.1504621339672947,-0.007398870815382571,200,61,62,1.9999999862112086,-2.3928569403697253e-09,-0.01946524734405128,-0.049999988790472294,0.033146311758115235,0.020000000404286913,106.26194421702492,3.7502496411117408,62981297.75,0.000439653032016269,0.0015583358184127483,0.00041666666429251363,0.002414655514721531,3.024703587065961,45,252,200,CLARABEL,optimal
2011-10-31,development,assertive,500000000.0,150.0,0.00799907443728478,0.004751085593978221,1.1504621339672947,-0.007398870815382571,200,61,62,1.9999999862112086,-2.3928569403697253e-09,-0.01946524734405128,-0.049999988790472294,0.033146311758115235,0.020000000404286913,106.26194421702492,3.7502496411117408,62981297.75,0.000439653032016269,0.0015583358184127483,0.001249999992877541,0.003247988843306558,3.024703587065961,45,252,200,CLARABEL,optimal
2011-10-31,development,assertive,500000000.0,300.0,0.00799907443728478,0.0035010856011006806,1.1504621339672947,-0.007398870815382571,200,61,62,1.9999999862112086,-2.3928569403697253e-09,-0.01946524734405128,-0.049999988790472294,0.033146311758115235,0.020000000404286913,106.26194421702492,3.7502496411117408,62981297.75,0.000439653032016269,0.0015583358184127483,0.002499999985755082,0.004497988836184099,3.024703587065961,45,252,200,CLARABEL,optimal
2011-11-30,development,assertive,10000000.0,50.0,-0.01699158833168169,-0.017972042900960914,1.0194788756245152,0.00688585627944846,200,61,63,1.9999999786285545,5.4321161388481976e-09,-0.0035387145529332947,-0.050000001265640776,0.03999999743806677,0.02000000070465209,107.74108335987752,3.600910081713901,61484687.235,0.00041092823699909507,0.0001528596711975373,0.0004166666610825914,0.0009804545692792238,0.016587588194258276,0,252,200,CLARABEL,optimal
2011-11-30,development,assertive,10000000.0,150.0,-0.01699158833168169,-0.018805376223126096,1.0194788756245152,0.00688585627944846,200,61,63,1.9999999786285545,5.4321161388481976e-09,-0.0035387145529332947,-0.050000001265640776,0.03999999743806677,0.02000000070465209,107.74108335987752,3.600910081713901,61484687.235,0.00041092823699909507,0.0001528596711975373,0.0012499999832477741,0.0018137878914444064,0.016587588194258276,0,252,200,CLARABEL,optimal
2011-11-30,development,assertive,10000000.0,300.0,-0.01699158833168169,-0.020055376206373873,1.0194788756245152,0.00688585627944846,200,61,63,1.9999999786285545,5.4321161388481976e-09,-0.0035387145529332947,-0.050000001265640776,0.03999999743806677,0.02000000070465209,107.74108335987752,3.600910081713901,61484687.235,0.00041092823699909507,0.0001528596711975373,0.0024999999664955482,0.0030637878746921808,0.016587588194258276,0,252,200,CLARABEL,optimal
2011-11-30,development,assertive,100000000.0,50.0,-0.01699158833168169,-0.018302567953132034,1.0194788756245152,0.00688585627944846,200,61,63,1.9999999786285545,5.4321161388481976e-09,-0.0035387145529332947,-0.050000001265640776,0.03999999743806677,0.02000000070465209,107.74108335987752,3.600910081713901,61484687.235,0.00041092823699909507,0.0004833847233686562,0.0004166666610825914,0.0013109796214503427,0.16587588194258274,2,252,200,CLARABEL,optimal
2011-11-30,development,assertive,100000000.0,150.0,-0.01699158833168169,-0.019135901275297216,1.0194788756245152,0.00688585627944846,200,61,63,1.9999999786285545,5.4321161388481976e-09,-0.0035387145529332947,-0.050000001265640776,0.03999999743806677,0.02000000070465209,107.74108335987752,3.600910081713901,61484687.235,0.00041092823699909507,0.0004833847233686562,0.0012499999832477741,0.0021443129436155253,0.16587588194258274,2,252,200,CLARABEL,optimal
2011-11-30,development,assertive,100000000.0,300.0,-0.01699158833168169,-0.02038590125854499,1.0194788756245152,0.00688585627944846,200,61,63,1.9999999786285545,5.4321161388481976e-09,-0.0035387145529332947,-0.050000001265640776,0.03999999743806677,0.02000000070465209,107.74108335987752,3.600910081713901,61484687.235,0.00041092823699909507,0.0004833847233686562,0.0024999999664955482,0.0033943129268632997,0.16587588194258274,2,252,200,CLARABEL,optimal
2011-11-30,development,assertive,500000000.0,50.0,-0.01699158833168169,-0.018900064330500625,1.0194788756245152,0.00688585627944846,200,61,63,1.9999999786285545,5.4321161388481976e-09,-0.0035387145529332947,-0.050000001265640776,0.03999999743806677,0.02000000070465209,107.74108335987752,3.600910081713901,61484687.235,0.00041092823699909507,0.0010808811007372464,0.0004166666610825914,0.001908475998818933,0.8293794097129138,40,252,200,CLARABEL,optimal
2011-11-30,development,assertive,500000000.0,150.0,-0.01699158833168169,-0.019733397652665807,1.0194788756245152,0.00688585627944846,200,61,63,1.9999999786285545,5.4321161388481976e-09,-0.0035387145529332947,-0.050000001265640776,0.03999999743806677,0.02000000070465209,107.74108335987752,3.600910081713901,61484687.235,0.00041092823699909507,0.0010808811007372464,0.0012499999832477741,0.0027418093209841156,0.8293794097129138,40,252,200,CLARABEL,optimal
2011-11-30,development,assertive,500000000.0,300.0,-0.01699158833168169,-0.02098339763591358,1.0194788756245152,0.00688585627944846,200,61,63,1.9999999786285545,5.4321161388481976e-09,-0.0035387145529332947,-0.050000001265640776,0.03999999743806677,0.02000000070465209,107.74108335987752,3.600910081713901,61484687.235,0.00041092823699909507,0.0010808811007372464,0.0024999999664955482,0.0039918093042318895,0.8293794097129138,40,252,200,CLARABEL,optimal
2011-12-30,development,assertive,10000000.0,50.0,0.0019656460482634225,0.0011945480977096567,0.6535092680350257,0.05769489675840325,200,63,63,1.9999999670259236,1.007007405240401e-08,0.020493701059827535,-0.04999999374077011,0.037062228180729725,0.020000000655736403,107.761409085048,3.40485964194024,55927199.75,0.00025136465656502773,0.0001030666362896027,0.00041666665769913544,0.0007710979505537658,0.02332465470227886,0,252,200,CLARABEL,optimal
2011-12-30,development,assertive,10000000.0,150.0,0.0019656460482634225,0.0003612147823113857,0.6535092680350257,0.05769489675840325,200,63,63,1.9999999670259236,1.007007405240401e-08,0.020493701059827535,-0.04999999374077011,0.037062228180729725,0.020000000655736403,107.761409085048,3.40485964194024,55927199.75,0.00025136465656502773,0.0001030666362896027,0.0012499999730974064,0.0016044312659520368,0.02332465470227886,0,252,200,CLARABEL,optimal
2011-12-30,development,assertive,10000000.0,300.0,0.0019656460482634225,-0.0008887851907860207,0.6535092680350257,0.05769489675840325,200,63,63,1.9999999670259236,1.007007405240401e-08,0.020493701059827535,-0.04999999374077011,0.037062228180729725,0.020000000655736403,107.761409085048,3.40485964194024,55927199.75,0.00025136465656502773,0.0001030666362896027,0.0024999999461948127,0.002854431239049443,0.02332465470227886,0,252,200,CLARABEL,optimal
2011-12-30,development,assertive,100000000.0,50.0,0.0019656460482634225,0.0009716894125519492,0.6535092680350257,0.05769489675840325,200,63,63,1.9999999670259236,1.007007405240401e-08,0.020493701059827535,-0.04999999374077011,0.037062228180729725,0.020000000655736403,107.761409085048,3.40485964194024,55927199.75,0.00025136465656502773,0.0003259253214473102,0.00041666665769913544,0.0009939566357114733,0.23324654702278858,1,252,200,CLARABEL,optimal
2011-12-30,development,assertive,100000000.0,150.0,0.0019656460482634225,0.00013835609715367818,0.6535092680350257,0.05769489675840325,200,63,63,1.9999999670259236,1.007007405240401e-08,0.020493701059827535,-0.04999999374077011,0.037062228180729725,0.020000000655736403,107.761409085048,3.40485964194024,55927199.75,0.00025136465656502773,0.0003259253214473102,0.0012499999730974064,0.0018272899511097443,0.23324654702278858,1,252,200,CLARABEL,optimal
2011-12-30,development,assertive,100000000.0,300.0,0.0019656460482634225,-0.001111643875943728,0.6535092680350257,0.05769489675840325,200,63,63,1.9999999670259236,1.007007405240401e-08,0.020493701059827535,-0.04999999374077011,0.037062228180729725,0.020000000655736403,107.761409085048,3.40485964194024,55927199.75,0.00025136465656502773,0.0003259253214473102,0.0024999999461948127,0.0030772899242071505,0.23324654702278858,1,252,200,CLARABEL,optimal
2011-12-30,development,assertive,500000000.0,50.0,0.0019656460482634225,0.0005688235596546037,0.6535092680350257,0.05769489675840325,200,63,63,1.9999999670259236,1.007007405240401e-08,0.020493701059827535,-0.04999999374077011,0.037062228180729725,0.020000000655736403,107.761409085048,3.40485964194024,55927199.75,0.00025136465656502773,0.0007287911743446558,0.00041666665769913544,0.0013968224886088188,1.166232735113943,31,252,200,CLARABEL,optimal
2011-12-30,development,assertive,500000000.0,150.0,0.0019656460482634225,-0.0002645097557436673,0.6535092680350257,0.05769489675840325,200,63,63,1.9999999670259236,1.007007405240401e-08,0.020493701059827535,-0.04999999374077011,0.037062228180729725,0.020000000655736403,107.761409085048,3.40485964194024,55927199.75,0.00025136465656502773,0.0007287911743446558,0.0012499999730974064,0.00223015580400709,1.166232735113943,31,252,200,CLARABEL,optimal
2011-12-30,development,assertive,500000000.0,300.0,0.0019656460482634225,-0.0015145097288410737,0.6535092680350257,0.05769489675840325,200,63,63,1.9999999670259236,1.007007405240401e-08,0.020493701059827535,-0.04999999374077011,0.037062228180729725,0.020000000655736403,107.761409085048,3.40485964194024,55927199.75,0.00025136465656502773,0.0007287911743446558,0.0024999999461948127,0.003480155777104496,1.166232735113943,31,252,200,CLARABEL,optimal
2012-01-31,development,assertive,10000000.0,50.0,0.01824949151551658,0.017282661682795294,0.9817267327016218,0.04888246955221489,200,63,63,1.9999999712081964,-6.597618319725829e-09,0.009005360061650994,-0.0020300557709554135,0.028913038498354197,0.020000000525924298,108.13866782469744,3.414538524272092,48188078.8,0.0003823908688503426,0.0001677723018280644,0.00041666666204287815,0.0009668298327212852,0.020515524041831632,0,252,200,CLARABEL,optimal
2012-01-31,development,assertive,10000000.0,150.0,0.01824949151551658,0.01644932835870954,0.9817267327016218,0.04888246955221489,200,63,63,1.9999999712081964,-6.597618319725829e-09,0.009005360061650994,-0.0020300557709554135,0.028913038498354197,0.020000000525924298,108.13866782469744,3.414538524272092,48188078.8,0.0003823908688503426,0.0001677723018280644,0.0012499999861286344,0.0018001631568070413,0.020515524041831632,0,252,200,CLARABEL,optimal
2012-01-31,development,assertive,10000000.0,300.0,0.01824949151551658,0.015199328372580905,0.9817267327016218,0.04888246955221489,200,63,63,1.9999999712081964,-6.597618319725829e-09,0.009005360061650994,-0.0020300557709554135,0.028913038498354197,0.020000000525924298,108.13866782469744,3.414538524272092,48188078.8,0.0003823908688503426,0.0001677723018280644,0.0024999999722572688,0.0030501631429356757,0.020515524041831632,0,252,200,CLARABEL,optimal
2012-01-31,development,assertive,100000000.0,50.0,0.01824949151551658,0.016919891382557443,0.9817267327016218,0.04888246955221489,200,63,63,1.9999999712081964,-6.597618319725829e-09,0.009005360061650994,-0.0020300557709554135,0.028913038498354197,0.020000000525924298,108.13866782469744,3.414538524272092,48188078.8,0.0003823908688503426,0.0005305426020659144,0.00041666666204287815,0.0013296001329591352,0.20515524041831631,5,252,200,CLARABEL,optimal
2012-01-31,development,assertive,100000000.0,150.0,0.01824949151551658,0.01608655805847169,0.9817267327016218,0.04888246955221489,200,63,63,1.9999999712081964,-6.597618319725829e-09,0.009005360061650994,-0.0020300557709554135,0.028913038498354197,0.020000000525924298,108.13866782469744,3.414538524272092,48188078.8,0.0003823908688503426,0.0005305426020659144,0.0012499999861286344,0.002162933457044891,0.20515524041831631,5,252,200,CLARABEL,optimal
2012-01-31,development,assertive,100000000.0,300.0,0.01824949151551658,0.014836558072343055,0.9817267327016218,0.04888246955221489,200,63,63,1.9999999712081964,-6.597618319725829e-09,0.009005360061650994,-0.0020300557709554135,0.028913038498354197,0.020000000525924298,108.13866782469744,3.414538524272092,48188078.8,0.0003823908688503426,0.0005305426020659144,0.0024999999722572688,0.0034129334431735256,0.20515524041831631,5,252,200,CLARABEL,optimal
2012-01-31,development,assertive,500000000.0,50.0,0.01824949151551658,0.016264104661444356,0.9817267327016218,0.04888246955221489,200,63,63,1.9999999712081964,-6.597618319725829e-09,0.009005360061650994,-0.0020300557709554135,0.028913038498354197,0.020000000525924298,108.13866782469744,3.414538524272092,48188078.8,0.0003823908688503426,0.0011863293231790051,0.00041666666204287815,0.0019853868540722257,1.0257762020915817,46,252,200,CLARABEL,optimal
2012-01-31,development,assertive,500000000.0,150.0,0.01824949151551658,0.015430771337358599,0.9817267327016218,0.04888246955221489,200,63,63,1.9999999712081964,-6.597618319725829e-09,0.009005360061650994,-0.0020300557709554135,0.028913038498354197,0.020000000525924298,108.13866782469744,3.414538524272092,48188078.8,0.0003823908688503426,0.0011863293231790051,0.0012499999861286344,0.002818720178157982,1.0257762020915817,46,252,200,CLARABEL,optimal
2012-01-31,development,assertive,500000000.0,300.0,0.01824949151551658,0.014180771351229964,0.9817267327016218,0.04888246955221489,200,63,63,1.9999999712081964,-6.597618319725829e-09,0.009005360061650994,-0.0020300557709554135,0.028913038498354197,0.020000000525924298,108.13866782469744,3.414538524272092,48188078.8,0.0003823908688503426,0.0011863293231790051,0.0024999999722572688,0.004068720164286617,1.0257762020915817,46,252,200,CLARABEL,optimal
2012-02-29,development,assertive,10000000.0,50.0,-0.004622838379457714,-0.005719465608997517,1.3288826460590641,0.04546221828760704,200,60,66,1.9999999580873848,-7.55004333358178e-10,0.013965837376212945,0.050000000481208534,0.02812389341651474,0.020000000369019423,106.96666905789759,3.2774086252502457,46473944.0,0.0005098389901094636,0.0001701215813381752,0.00041666665809216437,0.0010966272295398032,0.011389930468439774,0,252,200,CLARABEL,optimal
2012-02-29,development,assertive,10000000.0,150.0,-0.004622838379457714,-0.006552798925181846,1.3288826460590641,0.04546221828760704,200,60,66,1.9999999580873848,-7.55004333358178e-10,0.013965837376212945,0.050000000481208534,0.02812389341651474,0.020000000369019423,106.96666905789759,3.2774086252502457,46473944.0,0.0005098389901094636,0.0001701215813381752,0.0012499999742764934,0.0019299605457241322,0.011389930468439774,0,252,200,CLARABEL,optimal
2012-02-29,development,assertive,10000000.0,300.0,-0.004622838379457714,-0.00780279889945834,1.3288826460590641,0.04546221828760704,200,60,66,1.9999999580873848,-7.55004333358178e-10,0.013965837376212945,0.050000000481208534,0.02812389341651474,0.020000000369019423,106.96666905789759,3.2774086252502457,46473944.0,0.0005098389901094636,0.0001701215813381752,0.0024999999485529867,0.003179960520000626,0.011389930468439774,0,252,200,CLARABEL,optimal
2012-02-29,development,assertive,100000000.0,50.0,-0.004622838379457714,-0.006087315703837571,1.3288826460590641,0.04546221828760704,200,60,66,1.9999999580873848,-7.55004333358178e-10,0.013965837376212945,0.050000000481208534,0.02812389341651474,0.020000000369019423,106.96666905789759,3.2774086252502457,46473944.0,0.0005098389901094636,0.0005379716761782292,0.00041666665809216437,0.001464477324379857,0.11389930468439775,6,252,200,CLARABEL,optimal
2012-02-29,development,assertive,100000000.0,150.0,-0.004622838379457714,-0.0069206490200219,1.3288826460590641,0.04546221828760704,200,60,66,1.9999999580873848,-7.55004333358178e-10,0.013965837376212945,0.050000000481208534,0.02812389341651474,0.020000000369019423,106.96666905789759,3.2774086252502457,46473944.0,0.0005098389901094636,0.0005379716761782292,0.0012499999742764934,0.002297810640564186,0.11389930468439775,6,252,200,CLARABEL,optimal
2012-02-29,development,assertive,100000000.0,300.0,-0.004622838379457714,-0.008170648994298393,1.3288826460590641,0.04546221828760704,200,60,66,1.9999999580873848,-7.55004333358178e-10,0.013965837376212945,0.050000000481208534,0.02812389341651474,0.020000000369019423,106.96666905789759,3.2774086252502457,46473944.0,0.0005098389901094636,0.0005379716761782292,0.0024999999485529867,0.0035478106148406794,0.11389930468439775,6,252,200,CLARABEL,optimal
2012-02-29,development,assertive,500000000.0,50.0,-0.004622838379457714,-0.006752285265563367,1.3288826460590641,0.04546221828760704,200,60,66,1.9999999580873848,-7.55004333358178e-10,0.013965837376212945,0.050000000481208534,0.02812389341651474,0.020000000369019423,106.96666905789759,3.2774086252502457,46473944.0,0.0005098389901094636,0.001202941237904025,0.00041666665809216437,0.002129446886105653,0.5694965234219888,56,252,200,CLARABEL,optimal
2012-02-29,development,assertive,500000000.0,150.0,-0.004622838379457714,-0.007585618581747696,1.3288826460590641,0.04546221828760704,200,60,66,1.9999999580873848,-7.55004333358178e-10,0.013965837376212945,0.050000000481208534,0.02812389341651474,0.020000000369019423,106.96666905789759,3.2774086252502457,46473944.0,0.0005098389901094636,0.001202941237904025,0.0012499999742764934,0.0029627802022899816,0.5694965234219888,56,252,200,CLARABEL,optimal
2012-02-29,development,assertive,500000000.0,300.0,-0.004622838379457714,-0.008835618556024188,1.3288826460590641,0.04546221828760704,200,60,66,1.9999999580873848,-7.55004333358178e-10,0.013965837376212945,0.050000000481208534,0.02812389341651474,0.020000000369019423,106.96666905789759,3.2774086252502457,46473944.0,0.0005098389901094636,0.001202941237904025,0.0024999999485529867,0.004212780176566475,0.5694965234219888,56,252,200,CLARABEL,optimal
2012-03-30,development,assertive,10000000.0,50.0,0.04188502388890955,0.040843721161213965,1.2016233163295253,-0.01698220009900509,200,61,58,1.9999999774536517,4.202991898960562e-09,-0.0037315882600154893,-0.010480445601071864,0.04000000102143522,0.02000000036124343,106.51369420632673,3.268804881209471,44781178.3225,0.0004700351139023619,0.00015460095269933304,0.0004166666610938875,0.0010413027276955824,0.024906188660445302,0,252,200,CLARABEL,optimal
2012-03-30,development,assertive,10000000.0,150.0,0.04188502388890955,0.04001038783902619,1.2016233163295253,-0.01698220009900509,200,61,58,1.9999999774536517,4.202991898960562e-09,-0.0037315882600154893,-0.010480445601071864,0.04000000102143522,0.02000000036124343,106.51369420632673,3.268804881209471,44781178.3225,0.0004700351139023619,0.00015460095269933304,0.0012499999832816624,0.0018746360498833573,0.024906188660445302,0,252,200,CLARABEL,optimal
2012-03-30,development,assertive,10000000.0,300.0,0.04188502388890955,0.03876038785574453,1.2016233163295253,-0.01698220009900509,200,61,58,1.9999999774536517,4.202991898960562e-09,-0.0037315882600154893,-0.010480445601071864,0.04000000102143522,0.02000000036124343,106.51369420632673,3.268804881209471,44781178.3225,0.0004700351139023619,0.00015460095269933304,0.0024999999665633247,0.0031246360331650194,0.024906188660445302,0,252,200,CLARABEL,optimal
2012-03-30,development,assertive,100000000.0,50.0,0.04188502388890955,0.04050943097495145,1.2016233163295253,-0.01698220009900509,200,61,58,1.9999999774536517,4.202991898960562e-09,-0.0037315882600154893,-0.010480445601071864,0.04000000102143522,0.02000000036124343,106.51369420632673,3.268804881209471,44781178.3225,0.0004700351139023619,0.0004888911389618493,0.0004166666610938875,0.0013755929139580986,0.249061886604453,6,252,200,CLARABEL,optimal
2012-03-30,development,assertive,100000000.0,150.0,0.04188502388890955,0.03967609765276368,1.2016233163295253,-0.01698220009900509,200,61,58,1.9999999774536517,4.202991898960562e-09,-0.0037315882600154893,-0.010480445601071864,0.04000000102143522,0.02000000036124343,106.51369420632673,3.268804881209471,44781178.3225,0.0004700351139023619,0.0004888911389618493,0.0012499999832816624,0.0022089262361458736,0.249061886604453,6,252,200,CLARABEL,optimal
2012-03-30,development,assertive,100000000.0,300.0,0.04188502388890955,0.03842609766948202,1.2016233163295253,-0.01698220009900509,200,61,58,1.9999999774536517,4.202991898960562e-09,-0.0037315882600154893,-0.010480445601071864,0.04000000102143522,0.02000000036124343,106.51369420632673,3.268804881209471,44781178.3225,0.0004700351139023619,0.0004888911389618493,0.0024999999665633247,0.003458926219427536,0.249061886604453,6,252,200,CLARABEL,optimal
2012-03-30,development,assertive,500000000.0,50.0,0.04188502388890955,0.03990512829359731,1.2016233163295253,-0.01698220009900509,200,61,58,1.9999999774536517,4.202991898960562e-09,-0.0037315882600154893,-0.010480445601071864,0.04000000102143522,0.02000000036124343,106.51369420632673,3.268804881209471,44781178.3225,0.0004700351139023619,0.0010931938203159908,0.0004166666610938875,0.0019798955953122402,1.2453094330222652,57,252,200,CLARABEL,optimal
2012-03-30,development,assertive,500000000.0,150.0,0.04188502388890955,0.039071794971409536,1.2016233163295253,-0.01698220009900509,200,61,58,1.9999999774536517,4.202991898960562e-09,-0.0037315882600154893,-0.010480445601071864,0.04000000102143522,0.02000000036124343,106.51369420632673,3.268804881209471,44781178.3225,0.0004700351139023619,0.0010931938203159908,0.0012499999832816624,0.0028132289175000153,1.2453094330222652,57,252,200,CLARABEL,optimal
2012-03-30,development,assertive,500000000.0,300.0,0.04188502388890955,0.03782179498812788,1.2016233163295253,-0.01698220009900509,200,61,58,1.9999999774536517,4.202991898960562e-09,-0.0037315882600154893,-0.010480445601071864,0.04000000102143522,0.02000000036124343,106.51369420632673,3.268804881209471,44781178.3225,0.0004700351139023619,0.0010931938203159908,0.0024999999665633247,0.004063228900781677,1.2453094330222652,57,252,200,CLARABEL,optimal
2012-04-30,development,assertive,10000000.0,50.0,0.038448737433059266,0.03756705237834611,0.9444607650983129,-0.05379975545976604,200,58,59,1.9999999503671542,-4.292191213561836e-09,0.004355694009060662,-0.04792142525995936,0.03217258724868013,0.020000000378213537,105.62217330149961,3.083566433158556,50131770.0,0.0003495091217706863,0.00011550927572177581,0.0004166666572206969,0.000881685054713159,0.009475513478254528,0,252,200,CLARABEL,optimal
2012-04-30,development,assertive,10000000.0,150.0,0.038448737433059266,0.03673371906390471,0.9444607650983129,-0.05379975545976604,200,58,59,1.9999999503671542,-4.292191213561836e-09,0.004355694009060662,-0.04792142525995936,0.03217258724868013,0.020000000378213537,105.62217330149961,3.083566433158556,50131770.0,0.0003495091217706863,0.00011550927572177581,0.0012499999716620907,0.0017150183691545529,0.009475513478254528,0,252,200,CLARABEL,optimal
2012-04-30,development,assertive,10000000.0,300.0,0.038448737433059266,0.03548371909224262,0.9444607650983129,-0.05379975545976604,200,58,59,1.9999999503671542,-4.292191213561836e-09,0.004355694009060662,-0.04792142525995936,0.03217258724868013,0.020000000378213537,105.62217330149961,3.083566433158556,50131770.0,0.0003495091217706863,0.00011550927572177581,0.0024999999433241815,0.002965018340816644,0.009475513478254528,0,252,200,CLARABEL,optimal
2012-04-30,development,assertive,100000000.0,50.0,0.038448737433059266,0.03731728925191068,0.9444607650983129,-0.05379975545976604,200,58,59,1.9999999503671542,-4.292191213561836e-09,0.004355694009060662,-0.04792142525995936,0.03217258724868013,0.020000000378213537,105.62217330149961,3.083566433158556,50131770.0,0.0003495091217706863,0.00036527240215720135,0.0004166666572206969,0.0011314481811485846,0.09475513478254527,0,252,200,CLARABEL,optimal
2012-04-30,development,assertive,100000000.0,150.0,0.038448737433059266,0.03648395593746929,0.9444607650983129,-0.05379975545976604,200,58,59,1.9999999503671542,-4.292191213561836e-09,0.004355694009060662,-0.04792142525995936,0.03217258724868013,0.020000000378213537,105.62217330149961,3.083566433158556,50131770.0,0.0003495091217706863,0.00036527240215720135,0.0012499999716620907,0.0019647814955899784,0.09475513478254527,0,252,200,CLARABEL,optimal
2012-04-30,development,assertive,100000000.0,300.0,0.038448737433059266,0.035233955965807195,0.9444607650983129,-0.05379975545976604,200,58,59,1.9999999503671542,-4.292191213561836e-09,0.004355694009060662,-0.04792142525995936,0.03217258724868013,0.020000000378213537,105.62217330149961,3.083566433158556,50131770.0,0.0003495091217706863,0.00036527240215720135,0.0024999999433241815,0.0032147814672520694,0.09475513478254527,0,252,200,CLARABEL,optimal
2012-04-30,development,assertive,500000000.0,50.0,0.038448737433059266,0.03686578773253974,0.9444607650983129,-0.05379975545976604,200,58,59,1.9999999503671542,-4.292191213561836e-09,0.004355694009060662,-0.04792142525995936,0.03217258724868013,0.020000000378213537,105.62217330149961,3.083566433158556,50131770.0,0.0003495091217706863,0.0008167739215281431,0.0004166666572206969,0.0015829497005195264,0.4737756739127264,46,252,200,CLARABEL,optimal
2012-04-30,development,assertive,500000000.0,150.0,0.038448737433059266,0.036032454418098346,0.9444607650983129,-0.05379975545976604,200,58,59,1.9999999503671542,-4.292191213561836e-09,0.004355694009060662,-0.04792142525995936,0.03217258724868013,0.020000000378213537,105.62217330149961,3.083566433158556,50131770.0,0.0003495091217706863,0.0008167739215281431,0.0012499999716620907,0.0024162830149609205,0.4737756739127264,46,252,200,CLARABEL,optimal
2012-04-30,development,assertive,500000000.0,300.0,0.038448737433059266,0.03478245444643625,0.9444607650983129,-0.05379975545976604,200,58,59,1.9999999503671542,-4.292191213561836e-09,0.004355694009060662,-0.04792142525995936,0.03217258724868013,0.020000000378213537,105.62217330149961,3.083566433158556,50131770.0,0.0003495091217706863,0.0008167739215281431,0.0024999999433241815,0.003666282986623011,0.4737756739127264,46,252,200,CLARABEL,optimal
2012-05-31,development,assertive,10000000.0,50.0,-0.0063014941566855685,-0.007080027852099134,0.8995937929112316,0.03667316469970923,200,57,58,1.99999996273825,-4.466009159709294e-09,0.016131365516817625,0.0500000137479788,0.04000000010675758,0.020000000404956156,106.21385089664466,2.996268530021278,53055486.815,0.000275828147593067,8.603888798627788e-05,0.00041666665983422073,0.0007785336954135656,0.011536069986586924,0,252,200,CLARABEL,optimal
2012-05-31,development,assertive,10000000.0,150.0,-0.0063014941566855685,-0.007913361171767577,0.8995937929112316,0.03667316469970923,200,57,58,1.99999996273825,-4.466009159709294e-09,0.016131365516817625,0.0500000137479788,0.04000000010675758,0.020000000404956156,106.21385089664466,2.996268530021278,53055486.815,0.000275828147593067,8.603888798627788e-05,0.0012499999795026623,0.0016118670150820072,0.011536069986586924,0,252,200,CLARABEL,optimal
2012-05-31,development,assertive,10000000.0,300.0,-0.0063014941566855685,-0.009163361151270238,0.8995937929112316,0.03667316469970923,200,57,58,1.99999996273825,-4.466009159709294e-09,0.016131365516817625,0.0500000137479788,0.04000000010675758,0.020000000404956156,106.21385089664466,2.996268530021278,53055486.815,0.000275828147593067,8.603888798627788e-05,0.0024999999590053245,0.002861866994584669,0.011536069986586924,0,252,200,CLARABEL,optimal
2012-05-31,development,assertive,100000000.0,50.0,-0.0063014941566855685,-0.007266067817497592,0.8995937929112316,0.03667316469970923,200,57,58,1.99999996273825,-4.466009159709294e-09,0.016131365516817625,0.0500000137479788,0.04000000010675758,0.020000000404956156,106.21385089664466,2.996268530021278,53055486.815,0.000275828147593067,0.00027207885338473607,0.00041666665983422073,0.0009645736608120238,0.11536069986586926,2,252,200,CLARABEL,optimal
2012-05-31,development,assertive,100000000.0,150.0,-0.0063014941566855685,-0.008099401137166035,0.8995937929112316,0.03667316469970923,200,57,58,1.99999996273825,-4.466009159709294e-09,0.016131365516817625,0.0500000137479788,0.04000000010675758,0.020000000404956156,106.21385089664466,2.996268530021278,53055486.815,0.000275828147593067,0.00027207885338473607,0.0012499999795026623,0.0017979069804804652,0.11536069986586926,2,252,200,CLARABEL,optimal
2012-05-31,development,assertive,100000000.0,300.0,-0.0063014941566855685,-0.009349401116668696,0.8995937929112316,0.03667316469970923,200,57,58,1.99999996273825,-4.466009159709294e-09,0.016131365516817625,0.0500000137479788,0.04000000010675758,0.020000000404956156,106.21385089664466,2.996268530021278,53055486.815,0.000275828147593067,0.00027207885338473607,0.0024999999590053245,0.0030479069599831277,0.11536069986586926,2,252,200,CLARABEL,optimal
2012-05-31,development,assertive,500000000.0,50.0,-0.0063014941566855685,-0.007602375775521325,0.8995937929112316,0.03667316469970923,200,57,58,1.99999996273825,-4.466009159709294e-09,0.016131365516817625,0.0500000137479788,0.04000000010675758,0.020000000404956156,106.21385089664466,2.996268530021278,53055486.815,0.000275828147593067,0.0006083868114084687,0.00041666665983422073,0.0013008816188357563,0.5768034993293463,35,252,200,CLARABEL,optimal
2012-05-31,development,assertive,500000000.0,150.0,-0.0063014941566855685,-0.008435709095189765,0.8995937929112316,0.03667316469970923,200,57,58,1.99999996273825,-4.466009159709294e-09,0.016131365516817625,0.0500000137479788,0.04000000010675758,0.020000000404956156,106.21385089664466,2.996268530021278,53055486.815,0.000275828147593067,0.0006083868114084687,0.0012499999795026623,0.0021342149385041977,0.5768034993293463,35,252,200,CLARABEL,optimal
2012-05-31,development,assertive,500000000.0,300.0,-0.0063014941566855685,-0.009685709074692428,0.8995937929112316,0.03667316469970923,200,57,58,1.99999996273825,-4.466009159709294e-09,0.016131365516817625,0.0500000137479788,0.04000000010675758,0.020000000404956156,106.21385089664466,2.996268530021278,53055486.815,0.000275828147593067,0.0006083868114084687,0.0024999999590053245,0.00338421491800686,0.5768034993293463,35,252,200,CLARABEL,optimal
2012-06-29,development,assertive,10000000.0,50.0,0.019780921706601905,0.01902909982397918,0.6601274087466344,0.009484395432138866,200,59,59,1.999999960663595,-4.57224130778755e-09,-0.00021978183039822463,-0.049973508651502685,0.03572825867418989,0.020000000331117256,105.1782429802965,3.254589128156003,50344835.019999996,0.000263764159025115,7.139106417347825e-05,0.00041666665942413254,0.0007518218826227257,0.010845043962676626,0,252,200,CLARABEL,optimal
2012-06-29,development,assertive,10000000.0,150.0,0.019780921706601905,0.018195766505130915,0.6601274087466344,0.009484395432138866,200,59,59,1.999999960663595,-4.57224130778755e-09,-0.00021978183039822463,-0.049973508651502685,0.03572825867418989,0.020000000331117256,105.1782429802965,3.254589128156003,50344835.019999996,0.000263764159025115,7.139106417347825e-05,0.0012499999782723977,0.001585155201470991,0.010845043962676626,0,252,200,CLARABEL,optimal
2012-06-29,development,assertive,10000000.0,300.0,0.019780921706601905,0.016945766526858516,0.6601274087466344,0.009484395432138866,200,59,59,1.999999960663595,-4.57224130778755e-09,-0.00021978183039822463,-0.049973508651502685,0.03572825867418989,0.020000000331117256,105.1782429802965,3.254589128156003,50344835.019999996,0.000263764159025115,7.139106417347825e-05,0.0024999999565447953,0.0028351551797433884,0.010845043962676626,0,252,200,CLARABEL,optimal
2012-06-29,development,assertive,100000000.0,50.0,0.019780921706601905,0.018874732520781222,0.6601274087466344,0.009484395432138866,200,59,59,1.999999960663595,-4.57224130778755e-09,-0.00021978183039822463,-0.049973508651502685,0.03572825867418989,0.020000000331117256,105.1782429802965,3.254589128156003,50344835.019999996,0.000263764159025115,0.00022575836737143745,0.00041666665942413254,0.000906189185820685,0.10845043962676626,1,252,200,CLARABEL,optimal
2012-06-29,development,assertive,100000000.0,150.0,0.019780921706601905,0.018041399201932956,0.6601274087466344,0.009484395432138866,200,59,59,1.999999960663595,-4.57224130778755e-09,-0.00021978183039822463,-0.049973508651502685,0.03572825867418989,0.020000000331117256,105.1782429802965,3.254589128156003,50344835.019999996,0.000263764159025115,0.00022575836737143745,0.0012499999782723977,0.0017395225046689501,0.10845043962676626,1,252,200,CLARABEL,optimal
2012-06-29,development,assertive,100000000.0,300.0,0.019780921706601905,0.016791399223660557,0.6601274087466344,0.009484395432138866,200,59,59,1.999999960663595,-4.57224130778755e-09,-0.00021978183039822463,-0.049973508651502685,0.03572825867418989,0.020000000331117256,105.1782429802965,3.254589128156003,50344835.019999996,0.000263764159025115,0.00022575836737143745,0.0024999999565447953,0.002989522482941348,0.10845043962676626,1,252,200,CLARABEL,optimal
2012-06-29,development,assertive,500000000.0,50.0,0.019780921706601905,0.018595679832220754,0.6601274087466344,0.009484395432138866,200,59,59,1.999999960663595,-4.57224130778755e-09,-0.00021978183039822463,-0.049973508651502685,0.03572825867418989,0.020000000331117256,105.1782429802965,3.254589128156003,50344835.019999996,0.000263764159025115,0.0005048110559319046,0.00041666665942413254,0.0011852418743811522,0.5422521981338313,27,252,200,CLARABEL,optimal
2012-06-29,development,assertive,500000000.0,150.0,0.019780921706601905,0.01776234651337249,0.6601274087466344,0.009484395432138866,200,59,59,1.999999960663595,-4.57224130778755e-09,-0.00021978183039822463,-0.049973508651502685,0.03572825867418989,0.020000000331117256,105.1782429802965,3.254589128156003,50344835.019999996,0.000263764159025115,0.0005048110559319046,0.0012499999782723977,0.002018575193229417,0.5422521981338313,27,252,200,CLARABEL,optimal
2012-06-29,development,assertive,500000000.0,300.0,0.019780921706601905,0.01651234653510009,0.6601274087466344,0.009484395432138866,200,59,59,1.999999960663595,-4.57224130778755e-09,-0.00021978183039822463,-0.049973508651502685,0.03572825867418989,0.020000000331117256,105.1782429802965,3.254589128156003,50344835.019999996,0.000263764159025115,0.0005048110559319046,0.0024999999565447953,0.003268575171501815,0.5422521981338313,27,252,200,CLARABEL,optimal
2012-07-31,development,assertive,10000000.0,50.0,-0.024823294582640924,-0.025621970308581887,0.7719749811819606,0.024570241958666503,200,61,59,1.999999984158558,-8.745119406405877e-09,0.0192371449483493,-0.04999999898390581,0.032258201279717943,0.02000000026923403,106.42133731903671,3.3159355724755835,42392198.56,0.00027892789857696733,0.00010308116217572746,0.0004166666651882662,0.000798675725940961,0.055686415063553915,0,252,200,CLARABEL,optimal
2012-07-31,development,assertive,10000000.0,150.0,-0.024823294582640924,-0.026455303638958417,0.7719749811819606,0.024570241958666503,200,61,59,1.999999984158558,-8.745119406405877e-09,0.0192371449483493,-0.04999999898390581,0.032258201279717943,0.02000000026923403,106.42133731903671,3.3159355724755835,42392198.56,0.00027892789857696733,0.00010308116217572746,0.0012499999955647985,0.0016320090563174932,0.055686415063553915,0,252,200,CLARABEL,optimal
2012-07-31,development,assertive,10000000.0,300.0,-0.024823294582640924,-0.027705303634523216,0.7719749811819606,0.024570241958666503,200,61,59,1.999999984158558,-8.745119406405877e-09,0.0192371449483493,-0.04999999898390581,0.032258201279717943,0.02000000026923403,106.42133731903671,3.3159355724755835,42392198.56,0.00027892789857696733,0.00010308116217572746,0.002499999991129597,0.002882009051882292,0.055686415063553915,0,252,200,CLARABEL,optimal
2012-07-31,development,assertive,100000000.0,50.0,-0.024823294582640924,-0.025844860402738656,0.7719749811819606,0.024570241958666503,200,61,59,1.999999984158558,-8.745119406405877e-09,0.0192371449483493,-0.04999999898390581,0.032258201279717943,0.02000000026923403,106.42133731903671,3.3159355724755835,42392198.56,0.00027892789857696733,0.0003259712563324968,0.0004166666651882662,0.0010215658200977303,0.5568641506355392,5,252,200,CLARABEL,optimal
2012-07-31,development,assertive,100000000.0,150.0,-0.024823294582640924,-0.026678193733115186,0.7719749811819606,0.024570241958666503,200,61,59,1.999999984158558,-8.745119406405877e-09,0.0192371449483493,-0.04999999898390581,0.032258201279717943,0.02000000026923403,106.42133731903671,3.3159355724755835,42392198.56,0.00027892789857696733,0.0003259712563324968,0.0012499999955647985,0.0018548991504742625,0.5568641506355392,5,252,200,CLARABEL,optimal
2012-07-31,development,assertive,100000000.0,300.0,-0.024823294582640924,-0.027928193728679985,0.7719749811819606,0.024570241958666503,200,61,59,1.999999984158558,-8.745119406405877e-09,0.0192371449483493,-0.04999999898390581,0.032258201279717943,0.02000000026923403,106.42133731903671,3.3159355724755835,42392198.56,0.00027892789857696733,0.0003259712563324968,0.002499999991129597,0.003104899146039061,0.5568641506355392,5,252,200,CLARABEL,optimal
2012-07-31,development,assertive,500000000.0,50.0,-0.024823294582640924,-0.02624778303427663,0.7719749811819606,0.024570241958666503,200,61,59,1.999999984158558,-8.745119406405877e-09,0.0192371449483493,-0.04999999898390581,0.032258201279717943,0.02000000026923403,106.42133731903671,3.3159355724755835,42392198.56,0.00027892789857696733,0.0007288938878704716,0.0004166666651882662,0.0014244884516357052,2.784320753177696,37,252,200,CLARABEL,optimal
2012-07-31,development,assertive,500000000.0,150.0,-0.024823294582640924,-0.02708111636465316,0.7719749811819606,0.024570241958666503,200,61,59,1.999999984158558,-8.745119406405877e-09,0.0192371449483493,-0.04999999898390581,0.032258201279717943,0.02000000026923403,106.42133731903671,3.3159355724755835,42392198.56,0.00027892789857696733,0.0007288938878704716,0.0012499999955647985,0.0022578217820122372,2.784320753177696,37,252,200,CLARABEL,optimal
2012-07-31,development,assertive,500000000.0,300.0,-0.024823294582640924,-0.02833111636021796,0.7719749811819606,0.024570241958666503,200,61,59,1.999999984158558,-8.745119406405877e-09,0.0192371449483493,-0.04999999898390581,0.032258201279717943,0.02000000026923403,106.42133731903671,3.3159355724755835,42392198.56,0.00027892789857696733,0.0007288938878704716,0.002499999991129597,0.003507821777577036,2.784320753177696,37,252,200,CLARABEL,optimal
2012-08-31,development,assertive,10000000.0,50.0,0.008918250820911296,0.008083346562567062,0.8345154625610586,0.02075784062598218,200,62,58,1.9999999817799237,-1.0213710432971368e-10,0.011596530994707338,-0.04038480513715538,0.04000000032846103,0.02000000025778611,106.51636505020542,3.528615212160956,37520438.25,0.00031360124455125197,0.00010463635090088671,0.000416666662892096,0.0008349042583442347,0.015087976966164785,0,252,200,CLARABEL,optimal
2012-08-31,development,assertive,10000000.0,150.0,0.008918250820911296,0.00725001323678287,0.8345154625610586,0.02075784062598218,200,62,58,1.9999999817799237,-1.0213710432971368e-10,0.011596530994707338,-0.04038480513715538,0.04000000032846103,0.02000000025778611,106.51636505020542,3.528615212160956,37520438.25,0.00031360124455125197,0.00010463635090088671,0.001249999988676288,0.0016682375841284268,0.015087976966164785,0,252,200,CLARABEL,optimal
2012-08-31,development,assertive,10000000.0,300.0,0.008918250820911296,0.0060000132481065815,0.8345154625610586,0.02075784062598218,200,62,58,1.9999999817799237,-1.0213710432971368e-10,0.011596530994707338,-0.04038480513715538,0.04000000032846103,0.02000000025778611,106.51636505020542,3.528615212160956,37520438.25,0.00031360124455125197,0.00010463635090088671,0.002499999977352576,0.002918237572804715,0.015087976966164785,0,252,200,CLARABEL,optimal
2012-08-31,development,assertive,100000000.0,50.0,0.008918250820911296,0.007857093718572536,0.8345154625610586,0.02075784062598218,200,62,58,1.9999999817799237,-1.0213710432971368e-10,0.011596530994707338,-0.04038480513715538,0.04000000032846103,0.02000000025778611,106.51636505020542,3.528615212160956,37520438.25,0.00031360124455125197,0.0003308891948954134,0.000416666662892096,0.0010611571023387615,0.15087976966164784,2,252,200,CLARABEL,optimal
2012-08-31,development,assertive,100000000.0,150.0,0.008918250820911296,0.007023760392788343,0.8345154625610586,0.02075784062598218,200,62,58,1.9999999817799237,-1.0213710432971368e-10,0.011596530994707338,-0.04038480513715538,0.04000000032846103,0.02000000025778611,106.51636505020542,3.528615212160956,37520438.25,0.00031360124455125197,0.0003308891948954134,0.001249999988676288,0.0018944904281229535,0.15087976966164784,2,252,200,CLARABEL,optimal
2012-08-31,development,assertive,100000000.0,300.0,0.008918250820911296,0.005773760404112055,0.8345154625610586,0.02075784062598218,200,62,58,1.9999999817799237,-1.0213710432971368e-10,0.011596530994707338,-0.04038480513715538,0.04000000032846103,0.02000000025778611,106.51636505020542,3.528615212160956,37520438.25,0.00031360124455125197,0.0003308891948954134,0.002499999977352576,0.0031444904167992416,0.15087976966164784,2,252,200,CLARABEL,optimal
2012-08-31,development,assertive,500000000.0,50.0,0.008918250820911296,0.007448092180661628,0.8345154625610586,0.02075784062598218,200,62,58,1.9999999817799237,-1.0213710432971368e-10,0.011596530994707338,-0.04038480513715538,0.04000000032846103,0.02000000025778611,106.51636505020542,3.528615212160956,37520438.25,0.00031360124455125197,0.0007398907328063209,0.000416666662892096,0.0014701586402496689,0.7543988483082392,41,252,200,CLARABEL,optimal
2012-08-31,development,assertive,500000000.0,150.0,0.008918250820911296,0.006614758854877435,0.8345154625610586,0.02075784062598218,200,62,58,1.9999999817799237,-1.0213710432971368e-10,0.011596530994707338,-0.04038480513715538,0.04000000032846103,0.02000000025778611,106.51636505020542,3.528615212160956,37520438.25,0.00031360124455125197,0.0007398907328063209,0.001249999988676288,0.002303491966033861,0.7543988483082392,41,252,200,CLARABEL,optimal
2012-08-31,development,assertive,500000000.0,300.0,0.008918250820911296,0.005364758866201147,0.8345154625610586,0.02075784062598218,200,62,58,1.9999999817799237,-1.0213710432971368e-10,0.011596530994707338,-0.04038480513715538,0.04000000032846103,0.02000000025778611,106.51636505020542,3.528615212160956,37520438.25,0.00031360124455125197,0.0007398907328063209,0.002499999977352576,0.0035534919547101492,0.7543988483082392,41,252,200,CLARABEL,optimal
2012-09-28,development,assertive,10000000.0,50.0,-0.011512592512831042,-0.012402216218503232,0.9444367705235776,-0.025102438295999202,200,66,60,1.9999999545974763,-2.1859452220551745e-08,0.01988530534317684,-0.04535513743714692,0.04000000489758853,0.020000000718177417,107.12154152592488,3.303359169132282,43272394.75,0.0003664170585387326,0.00010653998537159749,0.0004166666617618601,0.0008896237056721901,0.013580821403986374,0,252,200,CLARABEL,optimal
2012-09-28,development,assertive,10000000.0,150.0,-0.011512592512831042,-0.013235549542026952,0.9444367705235776,-0.025102438295999202,200,66,60,1.9999999545974763,-2.1859452220551745e-08,0.01988530534317684,-0.04535513743714692,0.04000000489758853,0.020000000718177417,107.12154152592488,3.303359169132282,43272394.75,0.0003664170585387326,0.00010653998537159749,0.0012499999852855805,0.0017229570291959105,0.013580821403986374,0,252,200,CLARABEL,optimal
2012-09-28,development,assertive,10000000.0,300.0,-0.011512592512831042,-0.014485549527312533,0.9444367705235776,-0.025102438295999202,200,66,60,1.9999999545974763,-2.1859452220551745e-08,0.01988530534317684,-0.04535513743714692,0.04000000489758853,0.020000000718177417,107.12154152592488,3.303359169132282,43272394.75,0.0003664170585387326,0.00010653998537159749,0.002499999970571161,0.002972957014481491,0.013580821403986374,0,252,200,CLARABEL,optimal
2012-09-28,development,assertive,100000000.0,50.0,-0.011512592512831042,-0.012632585248786903,0.9444367705235776,-0.025102438295999202,200,66,60,1.9999999545974763,-2.1859452220551745e-08,0.01988530534317684,-0.04535513743714692,0.04000000489758853,0.020000000718177417,107.12154152592488,3.303359169132282,43272394.75,0.0003664170585387326,0.0003369090156552687,0.0004166666617618601,0.0011199927359558613,0.13580821403986373,1,252,200,CLARABEL,optimal
2012-09-28,development,assertive,100000000.0,150.0,-0.011512592512831042,-0.013465918572310623,0.9444367705235776,-0.025102438295999202,200,66,60,1.9999999545974763,-2.1859452220551745e-08,0.01988530534317684,-0.04535513743714692,0.04000000489758853,0.020000000718177417,107.12154152592488,3.303359169132282,43272394.75,0.0003664170585387326,0.0003369090156552687,0.0012499999852855805,0.001953326059479582,0.13580821403986373,1,252,200,CLARABEL,optimal
2012-09-28,development,assertive,100000000.0,300.0,-0.011512592512831042,-0.014715918557596203,0.9444367705235776,-0.025102438295999202,200,66,60,1.9999999545974763,-2.1859452220551745e-08,0.01988530534317684,-0.04535513743714692,0.04000000489758853,0.020000000718177417,107.12154152592488,3.303359169132282,43272394.75,0.0003664170585387326,0.0003369090156552687,0.002499999970571161,0.0032033260447651623,0.13580821403986373,1,252,200,CLARABEL,optimal
2012-09-28,development,assertive,500000000.0,50.0,-0.011512592512831042,-0.013049027694369357,0.9444367705235776,-0.025102438295999202,200,66,60,1.9999999545974763,-2.1859452220551745e-08,0.01988530534317684,-0.04535513743714692,0.04000000489758853,0.020000000718177417,107.12154152592488,3.303359169132282,43272394.75,0.0003664170585387326,0.0007533514612377216,0.0004166666617618601,0.0015364351815383144,0.6790410701993187,46,252,200,CLARABEL,optimal
2012-09-28,development,assertive,500000000.0,150.0,-0.011512592512831042,-0.013882361017893077,0.9444367705235776,-0.025102438295999202,200,66,60,1.9999999545974763,-2.1859452220551745e-08,0.01988530534317684,-0.04535513743714692,0.04000000489758853,0.020000000718177417,107.12154152592488,3.303359169132282,43272394.75,0.0003664170585387326,0.0007533514612377216,0.0012499999852855805,0.0023697685050620347,0.6790410701993187,46,252,200,CLARABEL,optimal
2012-09-28,development,assertive,500000000.0,300.0,-0.011512592512831042,-0.015132361003178657,0.9444367705235776,-0.025102438295999202,200,66,60,1.9999999545974763,-2.1859452220551745e-08,0.01988530534317684,-0.04535513743714692,0.04000000489758853,0.020000000718177417,107.12154152592488,3.303359169132282,43272394.75,0.0003664170585387326,0.0007533514612377216,0.002499999970571161,0.003619768490347615,0.6790410701993187,46,252,200,CLARABEL,optimal
2012-10-31,development,assertive,10000000.0,50.0,-0.0023201105270566407,-0.0030979239745226577,0.658414994710138,0.007187866178877717,200,62,59,1.9999999698653768,1.194179943819762e-08,-0.011150407285281994,-0.050000006857042756,0.040000006884356225,0.020000000583247614,106.06151350024699,3.3613491902008796,53350823.0,0.00029520309949308994,6.59436900721818e-05,0.0004166666579007452,0.000777813447466017,0.025983474818502314,0,252,200,CLARABEL,optimal
2012-10-31,development,assertive,10000000.0,150.0,-0.0023201105270566407,-0.003931257290324148,0.658414994710138,0.007187866178877717,200,62,59,1.9999999698653768,1.194179943819762e-08,-0.011150407285281994,-0.050000006857042756,0.040000006884356225,0.020000000583247614,106.06151350024699,3.3613491902008796,53350823.0,0.00029520309949308994,6.59436900721818e-05,0.0012499999737022357,0.0016111467632675075,0.025983474818502314,0,252,200,CLARABEL,optimal
2012-10-31,development,assertive,10000000.0,300.0,-0.0023201105270566407,-0.005181257264026384,0.658414994710138,0.007187866178877717,200,62,59,1.9999999698653768,1.194179943819762e-08,-0.011150407285281994,-0.050000006857042756,0.040000006884356225,0.020000000583247614,106.06151350024699,3.3613491902008796,53350823.0,0.00029520309949308994,6.59436900721818e-05,0.0024999999474044714,0.0028611467369697432,0.025983474818502314,0,252,200,CLARABEL,optimal
2012-10-31,development,assertive,100000000.0,50.0,-0.0023201105270566407,-0.0032405125423948036,0.658414994710138,0.007187866178877717,200,62,59,1.9999999698653768,1.194179943819762e-08,-0.011150407285281994,-0.050000006857042756,0.040000006884356225,0.020000000583247614,106.06151350024699,3.3613491902008796,53350823.0,0.00029520309949308994,0.00020853225794432783,0.0004166666579007452,0.0009204020153381629,0.25983474818502317,4,252,200,CLARABEL,optimal
2012-10-31,development,assertive,100000000.0,150.0,-0.0023201105270566407,-0.004073845858196294,0.658414994710138,0.007187866178877717,200,62,59,1.9999999698653768,1.194179943819762e-08,-0.011150407285281994,-0.050000006857042756,0.040000006884356225,0.020000000583247614,106.06151350024699,3.3613491902008796,53350823.0,0.00029520309949308994,0.00020853225794432783,0.0012499999737022357,0.0017537353311396534,0.25983474818502317,4,252,200,CLARABEL,optimal
2012-10-31,development,assertive,100000000.0,300.0,-0.0023201105270566407,-0.00532384583189853,0.658414994710138,0.007187866178877717,200,62,59,1.9999999698653768,1.194179943819762e-08,-0.011150407285281994,-0.050000006857042756,0.040000006884356225,0.020000000583247614,106.06151350024699,3.3613491902008796,53350823.0,0.00029520309949308994,0.00020853225794432783,0.0024999999474044714,0.003003735304841889,0.25983474818502317,4,252,200,CLARABEL,optimal
2012-10-31,development,assertive,500000000.0,50.0,-0.0023201105270566407,-0.003498272588715513,0.658414994710138,0.007187866178877717,200,62,59,1.9999999698653768,1.194179943819762e-08,-0.011150407285281994,-0.050000006857042756,0.040000006884356225,0.020000000583247614,106.06151350024699,3.3613491902008796,53350823.0,0.00029520309949308994,0.0004662923042650376,0.0004166666579007452,0.0011781620616588726,1.2991737409251158,30,252,200,CLARABEL,optimal
2012-10-31,development,assertive,500000000.0,150.0,-0.0023201105270566407,-0.0043316059045170035,0.658414994710138,0.007187866178877717,200,62,59,1.9999999698653768,1.194179943819762e-08,-0.011150407285281994,-0.050000006857042756,0.040000006884356225,0.020000000583247614,106.06151350024699,3.3613491902008796,53350823.0,0.00029520309949308994,0.0004662923042650376,0.0012499999737022357,0.002011495377460363,1.2991737409251158,30,252,200,CLARABEL,optimal
2012-10-31,development,assertive,500000000.0,300.0,-0.0023201105270566407,-0.005581605878219239,0.658414994710138,0.007187866178877717,200,62,59,1.9999999698653768,1.194179943819762e-08,-0.011150407285281994,-0.050000006857042756,0.040000006884356225,0.020000000583247614,106.06151350024699,3.3613491902008796,53350823.0,0.00029520309949308994,0.0004662923042650376,0.0024999999474044714,0.0032614953511625987,1.2991737409251158,30,252,200,CLARABEL,optimal
2012-11-30,development,assertive,10000000.0,50.0,-0.021002009391133603,-0.021731513753512153,0.5433325100946517,0.007921481690769236,200,59,64,1.9999999852201487,-1.0347878109939757e-09,-0.028130450730723178,-0.03724620575404941,0.03863427482602047,0.020000000494300025,107.11504768450708,3.5665468799197977,40862168.25,0.0002461828830683788,6.665481550706043e-05,0.00041666666380311187,0.0007295043623785511,0.01777703150280782,0,252,200,CLARABEL,optimal
2012-11-30,development,assertive,10000000.0,150.0,-0.021002009391133603,-0.02256484708111838,0.5433325100946517,0.007921481690769236,200,59,64,1.9999999852201487,-1.0347878109939757e-09,-0.028130450730723178,-0.03724620575404941,0.03863427482602047,0.020000000494300025,107.11504768450708,3.5665468799197977,40862168.25,0.0002461828830683788,6.665481550706043e-05,0.0012499999914093354,0.0015628376899847747,0.01777703150280782,0,252,200,CLARABEL,optimal
2012-11-30,development,assertive,10000000.0,300.0,-0.021002009391133603,-0.023814847072527713,0.5433325100946517,0.007921481690769236,200,59,64,1.9999999852201487,-1.0347878109939757e-09,-0.028130450730723178,-0.03724620575404941,0.03863427482602047,0.020000000494300025,107.11504768450708,3.5665468799197977,40862168.25,0.0002461828830683788,6.665481550706043e-05,0.0024999999828186708,0.00281283768139411,0.01777703150280782,0,252,200,CLARABEL,optimal
2012-11-30,development,assertive,100000000.0,50.0,-0.021002009391133603,-0.021875639972025716,0.5433325100946517,0.007921481690769236,200,59,64,1.9999999852201487,-1.0347878109939757e-09,-0.028130450730723178,-0.03724620575404941,0.03863427482602047,0.020000000494300025,107.11504768450708,3.5665468799197977,40862168.25,0.0002461828830683788,0.00021078103402062207,0.00041666666380311187,0.0008736305808921128,0.1777703150280782,3,252,200,CLARABEL,optimal
2012-11-30,development,assertive,100000000.0,150.0,-0.021002009391133603,-0.022708973299631938,0.5433325100946517,0.007921481690769236,200,59,64,1.9999999852201487,-1.0347878109939757e-09,-0.028130450730723178,-0.03724620575404941,0.03863427482602047,0.020000000494300025,107.11504768450708,3.5665468799197977,40862168.25,0.0002461828830683788,0.00021078103402062207,0.0012499999914093354,0.0017069639084983362,0.1777703150280782,3,252,200,CLARABEL,optimal
2012-11-30,development,assertive,100000000.0,300.0,-0.021002009391133603,-0.023958973291041276,0.5433325100946517,0.007921481690769236,200,59,64,1.9999999852201487,-1.0347878109939757e-09,-0.028130450730723178,-0.03724620575404941,0.03863427482602047,0.020000000494300025,107.11504768450708,3.5665468799197977,40862168.25,0.0002461828830683788,0.00021078103402062207,0.0024999999828186708,0.0029569638999076718,0.1777703150280782,3,252,200,CLARABEL,optimal
2012-11-30,development,assertive,500000000.0,50.0,-0.021002009391133603,-0.0221361796584429,0.5433325100946517,0.007921481690769236,200,59,64,1.9999999852201487,-1.0347878109939757e-09,-0.028130450730723178,-0.03724620575404941,0.03863427482602047,0.020000000494300025,107.11504768450708,3.5665468799197977,40862168.25,0.0002461828830683788,0.00047132072043780675,0.00041666666380311187,0.0011341702673092974,0.8888515751403909,31,252,200,CLARABEL,optimal
2012-11-30,development,assertive,500000000.0,150.0,-0.021002009391133603,-0.022969512986049125,0.5433325100946517,0.007921481690769236,200,59,64,1.9999999852201487,-1.0347878109939757e-09,-0.028130450730723178,-0.03724620575404941,0.03863427482602047,0.020000000494300025,107.11504768450708,3.5665468799197977,40862168.25,0.0002461828830683788,0.00047132072043780675,0.0012499999914093354,0.001967503594915521,0.8888515751403909,31,252,200,CLARABEL,optimal
2012-11-30,development,assertive,500000000.0,300.0,-0.021002009391133603,-0.02421951297745846,0.5433325100946517,0.007921481690769236,200,59,64,1.9999999852201487,-1.0347878109939757e-09,-0.028130450730723178,-0.03724620575404941,0.03863427482602047,0.020000000494300025,107.11504768450708,3.5665468799197977,40862168.25,0.0002461828830683788,0.00047132072043780675,0.0024999999828186708,0.0032175035863248563,0.8888515751403909,31,252,200,CLARABEL,optimal
2012-12-31,development,assertive,10000000.0,50.0,0.004601688530033812,0.003723122833555619,0.8766531190747047,0.03438297679509663,200,60,68,1.999999946515347,1.3935878007131919e-09,-0.05000000905913499,-0.050000017200305086,0.04000000364297299,0.02000000039410888,108.5629243838839,3.6151200364377636,35267072.5,0.000368204494145041,9.369454709945137e-05,0.0004166666552336999,0.0008785656964781923,0.02886811868839678,0,252,200,CLARABEL,optimal
2012-12-31,development,assertive,10000000.0,150.0,0.004601688530033812,0.0028897895230882197,0.8766531190747047,0.03438297679509663,200,60,68,1.999999946515347,1.3935878007131919e-09,-0.05000000905913499,-0.050000017200305086,0.04000000364297299,0.02000000039410888,108.5629243838839,3.6151200364377636,35267072.5,0.000368204494145041,9.369454709945137e-05,0.0012499999657010995,0.001711899006945592,0.02886811868839678,0,252,200,CLARABEL,optimal
2012-12-31,development,assertive,10000000.0,300.0,0.004601688530033812,0.0016397895573871204,0.8766531190747047,0.03438297679509663,200,60,68,1.999999946515347,1.3935878007131919e-09,-0.05000000905913499,-0.050000017200305086,0.04000000364297299,0.02000000039410888,108.5629243838839,3.6151200364377636,35267072.5,0.000368204494145041,9.369454709945137e-05,0.002499999931402199,0.002961898972646691,0.02886811868839678,0,252,200,CLARABEL,optimal
2012-12-31,development,assertive,100000000.0,50.0,0.004601688530033812,0.0035205292074828817,0.8766531190747047,0.03438297679509663,200,60,68,1.999999946515347,1.3935878007131919e-09,-0.05000000905913499,-0.050000017200305086,0.04000000364297299,0.02000000039410888,108.5629243838839,3.6151200364377636,35267072.5,0.000368204494145041,0.00029628817317218907,0.0004166666552336999,0.00108115932255093,0.2886811868839678,5,252,200,CLARABEL,optimal
2012-12-31,development,assertive,100000000.0,150.0,0.004601688530033812,0.002687195897015482,0.8766531190747047,0.03438297679509663,200,60,68,1.999999946515347,1.3935878007131919e-09,-0.05000000905913499,-0.050000017200305086,0.04000000364297299,0.02000000039410888,108.5629243838839,3.6151200364377636,35267072.5,0.000368204494145041,0.00029628817317218907,0.0012499999657010995,0.0019144926330183294,0.2886811868839678,5,252,200,CLARABEL,optimal
2012-12-31,development,assertive,100000000.0,300.0,0.004601688530033812,0.0014371959313143824,0.8766531190747047,0.03438297679509663,200,60,68,1.999999946515347,1.3935878007131919e-09,-0.05000000905913499,-0.050000017200305086,0.04000000364297299,0.02000000039410888,108.5629243838839,3.6151200364377636,35267072.5,0.000368204494145041,0.00029628817317218907,0.002499999931402199,0.003164492598719429,0.2886811868839678,5,252,200,CLARABEL,optimal
2012-12-31,development,assertive,500000000.0,50.0,0.004601688530033812,0.0031542968845128267,0.8766531190747047,0.03438297679509663,200,60,68,1.999999946515347,1.3935878007131919e-09,-0.05000000905913499,-0.050000017200305086,0.04000000364297299,0.02000000039410888,108.5629243838839,3.6151200364377636,35267072.5,0.000368204494145041,0.0006625204961422443,0.0004166666552336999,0.001447391645520985,1.4434059344198389,40,252,200,CLARABEL,optimal
2012-12-31,development,assertive,500000000.0,150.0,0.004601688530033812,0.002320963574045427,0.8766531190747047,0.03438297679509663,200,60,68,1.999999946515347,1.3935878007131919e-09,-0.05000000905913499,-0.050000017200305086,0.04000000364297299,0.02000000039410888,108.5629243838839,3.6151200364377636,35267072.5,0.000368204494145041,0.0006625204961422443,0.0012499999657010995,0.0022807249559883844,1.4434059344198389,40,252,200,CLARABEL,optimal
2012-12-31,development,assertive,500000000.0,300.0,0.004601688530033812,0.0010709636083443275,0.8766531190747047,0.03438297679509663,200,60,68,1.999999946515347,1.3935878007131919e-09,-0.05000000905913499,-0.050000017200305086,0.04000000364297299,0.02000000039410888,108.5629243838839,3.6151200364377636,35267072.5,0.000368204494145041,0.0006625204961422443,0.002499999931402199,0.003530724921689484,1.4434059344198389,40,252,200,CLARABEL,optimal
2013-01-31,development,assertive,10000000.0,50.0,0.01811070677761529,0.01728256982645242,0.7019457344165689,0.008264317828557171,200,63,63,1.999999992443955,-1.2702651153162492e-09,-0.03806875060501036,-0.04999999300217274,0.04000000100918444,0.02000000031837081,108.97631419535509,3.6473122030992955,41403632.6,0.00033410821375925255,7.73620720464848e-05,0.00041666666535712936,0.0008281369511628667,0.03154991686870137,0,252,200,CLARABEL,optimal
2013-01-31,development,assertive,10000000.0,150.0,0.01811070677761529,0.016449236495738165,0.7019457344165689,0.008264317828557171,200,63,63,1.999999992443955,-1.2702651153162492e-09,-0.03806875060501036,-0.04999999300217274,0.04000000100918444,0.02000000031837081,108.97631419535509,3.6473122030992955,41403632.6,0.00033410821375925255,7.73620720464848e-05,0.0012499999960713878,0.0016614702818771251,0.03154991686870137,0,252,200,CLARABEL,optimal
2013-01-31,development,assertive,10000000.0,300.0,0.01811070677761529,0.015199236499666776,0.7019457344165689,0.008264317828557171,200,63,63,1.999999992443955,-1.2702651153162492e-09,-0.03806875060501036,-0.04999999300217274,0.04000000100918444,0.02000000031837081,108.97631419535509,3.6473122030992955,41403632.6,0.00033410821375925255,7.73620720464848e-05,0.0024999999921427756,0.002911470277948513,0.03154991686870137,0,252,200,CLARABEL,optimal
2013-01-31,development,assertive,100000000.0,50.0,0.01811070677761529,0.01711529154632197,0.7019457344165689,0.008264317828557171,200,63,63,1.999999992443955,-1.2702651153162492e-09,-0.03806875060501036,-0.04999999300217274,0.04000000100918444,0.02000000031837081,108.97631419535509,3.6473122030992955,41403632.6,0.00033410821375925255,0.0002446403521769355,0.00041666666535712936,0.0009954152312933175,0.31549916868701366,2,252,200,CLARABEL,optimal
2013-01-31,development,assertive,100000000.0,150.0,0.01811070677761529,0.01628195821560771,0.7019457344165689,0.008264317828557171,200,63,63,1.999999992443955,-1.2702651153162492e-09,-0.03806875060501036,-0.04999999300217274,0.04000000100918444,0.02000000031837081,108.97631419535509,3.6473122030992955,41403632.6,0.00033410821375925255,0.0002446403521769355,0.0012499999960713878,0.001828748562007576,0.31549916868701366,2,252,200,CLARABEL,optimal
2013-01-31,development,assertive,100000000.0,300.0,0.01811070677761529,0.015031958219536325,0.7019457344165689,0.008264317828557171,200,63,63,1.999999992443955,-1.2702651153162492e-09,-0.03806875060501036,-0.04999999300217274,0.04000000100918444,0.02000000031837081,108.97631419535509,3.6473122030992955,41403632.6,0.00033410821375925255,0.0002446403521769355,0.0024999999921427756,0.0030787485580789638,0.31549916868701366,2,252,200,CLARABEL,optimal
2013-01-31,development,assertive,500000000.0,50.0,0.01811070677761529,0.01681289944099179,0.7019457344165689,0.008264317828557171,200,63,63,1.999999992443955,-1.2702651153162492e-09,-0.03806875060501036,-0.04999999300217274,0.04000000100918444,0.02000000031837081,108.97631419535509,3.6473122030992955,41403632.6,0.00033410821375925255,0.0005470324575071164,0.00041666666535712936,0.0012978073366234984,1.5774958434350683,36,252,200,CLARABEL,optimal
2013-01-31,development,assertive,500000000.0,150.0,0.01811070677761529,0.01597956611027753,0.7019457344165689,0.008264317828557171,200,63,63,1.999999992443955,-1.2702651153162492e-09,-0.03806875060501036,-0.04999999300217274,0.04000000100918444,0.02000000031837081,108.97631419535509,3.6473122030992955,41403632.6,0.00033410821375925255,0.0005470324575071164,0.0012499999960713878,0.002131140667337757,1.5774958434350683,36,252,200,CLARABEL,optimal
2013-01-31,development,assertive,500000000.0,300.0,0.01811070677761529,0.014729566114206144,0.7019457344165689,0.008264317828557171,200,63,63,1.999999992443955,-1.2702651153162492e-09,-0.03806875060501036,-0.04999999300217274,0.04000000100918444,0.02000000031837081,108.97631419535509,3.6473122030992955,41403632.6,0.00033410821375925255,0.0005470324575071164,0.0024999999921427756,0.003381140663409145,1.5774958434350683,36,252,200,CLARABEL,optimal
2013-02-28,development,assertive,10000000.0,50.0,-0.012453529269199636,-0.013398087561143843,1.027981037086175,0.029766274086741453,200,63,62,1.9999999578022778,3.851641110219628e-09,-0.009891533596708274,-0.05000000002457,0.03999999849625882,0.020000000651591646,108.10658656775037,3.30394702550553,40226708.688,0.0004234901080207538,0.00010440152685040426,0.00041666665707304934,0.0009445582919442074,0.04805894842082398,0,252,200,CLARABEL,optimal
2013-02-28,development,assertive,10000000.0,150.0,-0.012453529269199636,-0.014231420875289943,1.027981037086175,0.029766274086741453,200,63,62,1.9999999578022778,3.851641110219628e-09,-0.009891533596708274,-0.05000000002457,0.03999999849625882,0.020000000651591646,108.10658656775037,3.30394702550553,40226708.688,0.0004234901080207538,0.00010440152685040426,0.001249999971219148,0.0017778916060903062,0.04805894842082398,0,252,200,CLARABEL,optimal
2013-02-28,development,assertive,10000000.0,300.0,-0.012453529269199636,-0.015481420846509091,1.027981037086175,0.029766274086741453,200,63,62,1.9999999578022778,3.851641110219628e-09,-0.009891533596708274,-0.05000000002457,0.03999999849625882,0.020000000651591646,108.10658656775037,3.30394702550553,40226708.688,0.0004234901080207538,0.00010440152685040426,0.002499999942438296,0.003027891577309454,0.04805894842082398,0,252,200,CLARABEL,optimal
2013-02-28,development,assertive,100000000.0,50.0,-0.012453529269199636,-0.013623832650339942,1.027981037086175,0.029766274086741453,200,63,62,1.9999999578022778,3.851641110219628e-09,-0.009891533596708274,-0.05000000002457,0.03999999849625882,0.020000000651591646,108.10658656775037,3.30394702550553,40226708.688,0.0004234901080207538,0.0003301466160465027,0.00041666665707304934,0.0011703033811403059,0.4805894842082398,4,252,200,CLARABEL,optimal
2013-02-28,development,assertive,100000000.0,150.0,-0.012453529269199636,-0.01445716596448604,1.027981037086175,0.029766274086741453,200,63,62,1.9999999578022778,3.851641110219628e-09,-0.009891533596708274,-0.05000000002457,0.03999999849625882,0.020000000651591646,108.10658656775037,3.30394702550553,40226708.688,0.0004234901080207538,0.0003301466160465027,0.001249999971219148,0.0020036366952864045,0.4805894842082398,4,252,200,CLARABEL,optimal
2013-02-28,development,assertive,100000000.0,300.0,-0.012453529269199636,-0.01570716593570519,1.027981037086175,0.029766274086741453,200,63,62,1.9999999578022778,3.851641110219628e-09,-0.009891533596708274,-0.05000000002457,0.03999999849625882,0.020000000651591646,108.10658656775037,3.30394702550553,40226708.688,0.0004234901080207538,0.0003301466160465027,0.002499999942438296,0.0032536366665055524,0.4805894842082398,4,252,200,CLARABEL,optimal
2013-02-28,development,assertive,500000000.0,50.0,-0.012453529269199636,-0.014031916310314942,1.027981037086175,0.029766274086741453,200,63,62,1.9999999578022778,3.851641110219628e-09,-0.009891533596708274,-0.05000000002457,0.03999999849625882,0.020000000651591646,108.10658656775037,3.30394702550553,40226708.688,0.0004234901080207538,0.0007382302760215028,0.00041666665707304934,0.001578387041115306,2.402947421041199,56,252,200,CLARABEL,optimal
2013-02-28,development,assertive,500000000.0,150.0,-0.012453529269199636,-0.01486524962446104,1.027981037086175,0.029766274086741453,200,63,62,1.9999999578022778,3.851641110219628e-09,-0.009891533596708274,-0.05000000002457,0.03999999849625882,0.020000000651591646,108.10658656775037,3.30394702550553,40226708.688,0.0004234901080207538,0.0007382302760215028,0.001249999971219148,0.0024117203552614045,2.402947421041199,56,252,200,CLARABEL,optimal
2013-02-28,development,assertive,500000000.0,300.0,-0.012453529269199636,-0.016115249595680187,1.027981037086175,0.029766274086741453,200,63,62,1.9999999578022778,3.851641110219628e-09,-0.009891533596708274,-0.05000000002457,0.03999999849625882,0.020000000651591646,108.10658656775037,3.30394702550553,40226708.688,0.0004234901080207538,0.0007382302760215028,0.002499999942438296,0.0036617203264805525,2.402947421041199,56,252,200,CLARABEL,optimal
2013-03-28,development,assertive,10000000.0,50.0,-0.04402992956856892,-0.04490141424422421,0.9548697568929824,0.02014948543918336,200,61,62,1.9999999637899664,-1.7824758058448964e-08,-0.012540682809441928,-0.04999999334473346,0.032959559764373765,0.020000000695120472,107.60825192372381,3.1839970677694094,38441935.8425,0.0003461817219137463,0.00010863629090514365,0.000416666662836401,0.000871484675655291,0.02837670001337139,0,252,200,CLARABEL,optimal
2013-03-28,development,assertive,10000000.0,150.0,-0.04402992956856892,-0.04573474756989701,0.9548697568929824,0.02014948543918336,200,61,62,1.9999999637899664,-1.7824758058448964e-08,-0.012540682809441928,-0.04999999334473346,0.032959559764373765,0.020000000695120472,107.60825192372381,3.1839970677694094,38441935.8425,0.0003461817219137463,0.00010863629090514365,0.001249999988509203,0.0017048180013280929,0.02837670001337139,0,252,200,CLARABEL,optimal
2013-03-28,development,assertive,10000000.0,300.0,-0.04402992956856892,-0.04698474755840621,0.9548697568929824,0.02014948543918336,200,61,62,1.9999999637899664,-1.7824758058448964e-08,-0.012540682809441928,-0.04999999334473346,0.032959559764373765,0.020000000695120472,107.60825192372381,3.1839970677694094,38441935.8425,0.0003461817219137463,0.00010863629090514365,0.002499999977018406,0.002954817989837296,0.02837670001337139,0,252,200,CLARABEL,optimal
2013-03-28,development,assertive,100000000.0,50.0,-0.04402992956856892,-0.04513631606913195,0.9548697568929824,0.02014948543918336,200,61,62,1.9999999637899664,-1.7824758058448964e-08,-0.012540682809441928,-0.04999999334473346,0.032959559764373765,0.020000000695120472,107.60825192372381,3.1839970677694094,38441935.8425,0.0003461817219137463,0.00034353811581288907,0.000416666662836401,0.0011063865005630363,0.2837670001337139,6,252,200,CLARABEL,optimal
2013-03-28,development,assertive,100000000.0,150.0,-0.04402992956856892,-0.04596964939480475,0.9548697568929824,0.02014948543918336,200,61,62,1.9999999637899664,-1.7824758058448964e-08,-0.012540682809441928,-0.04999999334473346,0.032959559764373765,0.020000000695120472,107.60825192372381,3.1839970677694094,38441935.8425,0.0003461817219137463,0.00034353811581288907,0.001249999988509203,0.0019397198262358383,0.2837670001337139,6,252,200,CLARABEL,optimal
2013-03-28,development,assertive,100000000.0,300.0,-0.04402992956856892,-0.04721964938331396,0.9548697568929824,0.02014948543918336,200,61,62,1.9999999637899664,-1.7824758058448964e-08,-0.012540682809441928,-0.04999999334473346,0.032959559764373765,0.020000000695120472,107.60825192372381,3.1839970677694094,38441935.8425,0.0003461817219137463,0.00034353811581288907,0.002499999977018406,0.003189719814745041,0.2837670001337139,6,252,200,CLARABEL,optimal
2013-03-28,development,assertive,500000000.0,50.0,-0.04402992956856892,-0.04556095253313888,0.9548697568929824,0.02014948543918336,200,61,62,1.9999999637899664,-1.7824758058448964e-08,-0.012540682809441928,-0.04999999334473346,0.032959559764373765,0.020000000695120472,107.60825192372381,3.1839970677694094,38441935.8425,0.0003461817219137463,0.0007681745798198154,0.000416666662836401,0.0015310229645699627,1.4188350006685695,49,252,200,CLARABEL,optimal
2013-03-28,development,assertive,500000000.0,150.0,-0.04402992956856892,-0.04639428585881168,0.9548697568929824,0.02014948543918336,200,61,62,1.9999999637899664,-1.7824758058448964e-08,-0.012540682809441928,-0.04999999334473346,0.032959559764373765,0.020000000695120472,107.60825192372381,3.1839970677694094,38441935.8425,0.0003461817219137463,0.0007681745798198154,0.001249999988509203,0.0023643562902427645,1.4188350006685695,49,252,200,CLARABEL,optimal
2013-03-28,development,assertive,500000000.0,300.0,-0.04402992956856892,-0.04764428584732088,0.9548697568929824,0.02014948543918336,200,61,62,1.9999999637899664,-1.7824758058448964e-08,-0.012540682809441928,-0.04999999334473346,0.032959559764373765,0.020000000695120472,107.60825192372381,3.1839970677694094,38441935.8425,0.0003461817219137463,0.0007681745798198154,0.002499999977018406,0.0036143562787519677,1.4188350006685695,49,252,200,CLARABEL,optimal
2013-04-30,development,assertive,10000000.0,50.0,0.00492417869933392,0.004234738626851994,0.6404637604925778,0.03884722788876191,200,61,60,1.9999999733564278,-1.2526881337793228e-08,0.012860543276890457,-0.04999999221437937,0.03347353953585962,0.020000000631718393,107.63975259389869,3.028501932895504,41637370.254999995,0.00020641594639795615,6.635746235828054e-05,0.00041666666372568937,0.000689440072481926,0.015548587407685072,0,252,200,CLARABEL,optimal
2013-04-30,development,assertive,10000000.0,150.0,0.00492417869933392,0.003401405299400615,0.6404637604925778,0.03884722788876191,200,61,60,1.9999999733564278,-1.2526881337793228e-08,0.012860543276890457,-0.04999999221437937,0.03347353953585962,0.020000000631718393,107.63975259389869,3.028501932895504,41637370.254999995,0.00020641594639795615,6.635746235828054e-05,0.0012499999911770683,0.001522773399933305,0.015548587407685072,0,252,200,CLARABEL,optimal
2013-04-30,development,assertive,10000000.0,300.0,0.00492417869933392,0.002151405308223547,0.6404637604925778,0.03884722788876191,200,61,60,1.9999999733564278,-1.2526881337793228e-08,0.012860543276890457,-0.04999999221437937,0.03347353953585962,0.020000000631718393,107.63975259389869,3.028501932895504,41637370.254999995,0.00020641594639795615,6.635746235828054e-05,0.0024999999823541365,0.0027727733911103733,0.015548587407685072,0,252,200,CLARABEL,optimal
2013-04-30,development,assertive,100000000.0,50.0,0.00492417869933392,0.00409125536840922,0.6404637604925778,0.03884722788876191,200,61,60,1.9999999733564278,-1.2526881337793228e-08,0.012860543276890457,-0.04999999221437937,0.03347353953585962,0.020000000631718393,107.63975259389869,3.028501932895504,41637370.254999995,0.00020641594639795615,0.00020984072080105468,0.00041666666372568937,0.0008329233309247001,0.15548587407685072,2,252,200,CLARABEL,optimal
2013-04-30,development,assertive,100000000.0,150.0,0.00492417869933392,0.003257922040957841,0.6404637604925778,0.03884722788876191,200,61,60,1.9999999733564278,-1.2526881337793228e-08,0.012860543276890457,-0.04999999221437937,0.03347353953585962,0.020000000631718393,107.63975259389869,3.028501932895504,41637370.254999995,0.00020641594639795615,0.00020984072080105468,0.0012499999911770683,0.001666256658376079,0.15548587407685072,2,252,200,CLARABEL,optimal
2013-04-30,development,assertive,100000000.0,300.0,0.00492417869933392,0.002007922049780773,0.6404637604925778,0.03884722788876191,200,61,60,1.9999999733564278,-1.2526881337793228e-08,0.012860543276890457,-0.04999999221437937,0.03347353953585962,0.020000000631718393,107.63975259389869,3.028501932895504,41637370.254999995,0.00020641594639795615,0.00020984072080105468,0.0024999999823541365,0.0029162566495531473,0.15548587407685072,2,252,200,CLARABEL,optimal
2013-04-30,development,assertive,500000000.0,50.0,0.00492417869933392,0.003831877973051562,0.6404637604925778,0.03884722788876191,200,61,60,1.9999999733564278,-1.2526881337793228e-08,0.012860543276890457,-0.04999999221437937,0.03347353953585962,0.020000000631718393,107.63975259389869,3.028501932895504,41637370.254999995,0.00020641594639795615,0.00046921811615871246,0.00041666666372568937,0.001092300726282358,0.7774293703842536,25,252,200,CLARABEL,optimal
2013-04-30,development,assertive,500000000.0,150.0,0.00492417869933392,0.0029985446456001832,0.6404637604925778,0.03884722788876191,200,61,60,1.9999999733564278,-1.2526881337793228e-08,0.012860543276890457,-0.04999999221437937,0.03347353953585962,0.020000000631718393,107.63975259389869,3.028501932895504,41637370.254999995,0.00020641594639795615,0.00046921811615871246,0.0012499999911770683,0.001925634053733737,0.7774293703842536,25,252,200,CLARABEL,optimal
2013-04-30,development,assertive,500000000.0,300.0,0.00492417869933392,0.001748544654423115,0.6404637604925778,0.03884722788876191,200,61,60,1.9999999733564278,-1.2526881337793228e-08,0.012860543276890457,-0.04999999221437937,0.03347353953585962,0.020000000631718393,107.63975259389869,3.028501932895504,41637370.254999995,0.00020641594639795615,0.00046921811615871246,0.0024999999823541365,0.003175634044910805,0.7774293703842536,25,252,200,CLARABEL,optimal
2013-05-31,development,assertive,10000000.0,50.0,-0.011354362689805799,-0.012052735296058548,0.5893819132813093,-0.016668207838051445,200,66,60,1.9999999623690445,9.578509554963865e-09,-0.017874971216873203,-0.049999994482656934,0.04000000589681943,0.02000000045884352,107.15667090204863,3.155780342507566,44776829.85,0.00022568150301793702,5.602444640345043e-05,0.0004166666568313615,0.000698372606252749,0.015428076451905142,0,252,200,CLARABEL,optimal
2013-05-31,development,assertive,10000000.0,150.0,-0.011354362689805799,-0.01288606860972127,0.5893819132813093,-0.016668207838051445,200,66,60,1.9999999623690445,9.578509554963865e-09,-0.017874971216873203,-0.049999994482656934,0.04000000589681943,0.02000000045884352,107.15667090204863,3.155780342507566,44776829.85,0.00022568150301793702,5.602444640345043e-05,0.0012499999704940845,0.0015317059199154719,0.015428076451905142,0,252,200,CLARABEL,optimal
2013-05-31,development,assertive,10000000.0,300.0,-0.011354362689805799,-0.014136068580215357,0.5893819132813093,-0.016668207838051445,200,66,60,1.9999999623690445,9.578509554963865e-09,-0.017874971216873203,-0.049999994482656934,0.04000000589681943,0.02000000045884352,107.15667090204863,3.155780342507566,44776829.85,0.00022568150301793702,5.602444640345043e-05,0.002499999940988169,0.0027817058904095566,0.015428076451905142,0,252,200,CLARABEL,optimal
2013-05-31,development,assertive,100000000.0,50.0,-0.011354362689805799,-0.012173875704940029,0.5893819132813093,-0.016668207838051445,200,66,60,1.9999999623690445,9.578509554963865e-09,-0.017874971216873203,-0.049999994482656934,0.04000000589681943,0.02000000045884352,107.15667090204863,3.155780342507566,44776829.85,0.00022568150301793702,0.000177164855284932,0.0004166666568313615,0.0008195130151342305,0.15428076451905143,3,252,200,CLARABEL,optimal
2013-05-31,development,assertive,100000000.0,150.0,-0.011354362689805799,-0.013007209018602753,0.5893819132813093,-0.016668207838051445,200,66,60,1.9999999623690445,9.578509554963865e-09,-0.017874971216873203,-0.049999994482656934,0.04000000589681943,0.02000000045884352,107.15667090204863,3.155780342507566,44776829.85,0.00022568150301793702,0.000177164855284932,0.0012499999704940845,0.0016528463287969536,0.15428076451905143,3,252,200,CLARABEL,optimal
2013-05-31,development,assertive,100000000.0,300.0,-0.011354362689805799,-0.014257208989096836,0.5893819132813093,-0.016668207838051445,200,66,60,1.9999999623690445,9.578509554963865e-09,-0.017874971216873203,-0.049999994482656934,0.04000000589681943,0.02000000045884352,107.15667090204863,3.155780342507566,44776829.85,0.00022568150301793702,0.000177164855284932,0.002499999940988169,0.002902846299291038,0.15428076451905143,3,252,200,CLARABEL,optimal
2013-05-31,development,assertive,500000000.0,50.0,-0.011354362689805799,-0.012392863509296118,0.5893819132813093,-0.016668207838051445,200,66,60,1.9999999623690445,9.578509554963865e-09,-0.017874971216873203,-0.049999994482656934,0.04000000589681943,0.02000000045884352,107.15667090204863,3.155780342507566,44776829.85,0.00022568150301793702,0.0003961526596410208,0.0004166666568313615,0.0010385008194903193,0.7714038225952572,27,252,200,CLARABEL,optimal
2013-05-31,development,assertive,500000000.0,150.0,-0.011354362689805799,-0.01322619682295884,0.5893819132813093,-0.016668207838051445,200,66,60,1.9999999623690445,9.578509554963865e-09,-0.017874971216873203,-0.049999994482656934,0.04000000589681943,0.02000000045884352,107.15667090204863,3.155780342507566,44776829.85,0.00022568150301793702,0.0003961526596410208,0.0012499999704940845,0.0018718341331530424,0.7714038225952572,27,252,200,CLARABEL,optimal
2013-05-31,development,assertive,500000000.0,300.0,-0.011354362689805799,-0.014476196793452925,0.5893819132813093,-0.016668207838051445,200,66,60,1.9999999623690445,9.578509554963865e-09,-0.017874971216873203,-0.049999994482656934,0.04000000589681943,0.02000000045884352,107.15667090204863,3.155780342507566,44776829.85,0.00022568150301793702,0.0003961526596410208,0.002499999940988169,0.003121834103647127,0.7714038225952572,27,252,200,CLARABEL,optimal
2013-06-28,development,assertive,10000000.0,50.0,-0.029086660353419495,-0.030017605738748215,1.0452128677754957,0.0496007938476223,200,64,60,1.9999999877733523,-6.151062104109428e-09,0.009933232876428347,0.04999984917732919,0.039999999714334974,0.020000000384238322,108.15959972468723,3.021975227962204,48911937.3425,0.000400909453120771,0.00011336926680702784,0.00041666666540091964,0.0009309453853287184,0.015375989701381522,0,252,200,CLARABEL,optimal
2013-06-28,development,assertive,10000000.0,150.0,-0.029086660353419495,-0.030850939069550054,1.0452128677754957,0.0496007938476223,200,64,60,1.9999999877733523,-6.151062104109428e-09,0.009933232876428347,0.04999984917732919,0.039999999714334974,0.020000000384238322,108.15959972468723,3.021975227962204,48911937.3425,0.000400909453120771,0.00011336926680702784,0.001249999996202759,0.0017642787161305578,0.015375989701381522,0,252,200,CLARABEL,optimal
2013-06-28,development,assertive,10000000.0,300.0,-0.029086660353419495,-0.032100939065752815,1.0452128677754957,0.0496007938476223,200,64,60,1.9999999877733523,-6.151062104109428e-09,0.009933232876428347,0.04999984917732919,0.039999999714334974,0.020000000384238322,108.15959972468723,3.021975227962204,48911937.3425,0.000400909453120771,0.00011336926680702784,0.002499999992405518,0.003014278712333317,0.015375989701381522,0,252,200,CLARABEL,optimal
2013-06-28,development,assertive,100000000.0,50.0,-0.029086660353419495,-0.03026274157171472,1.0452128677754957,0.0496007938476223,200,64,60,1.9999999877733523,-6.151062104109428e-09,0.009933232876428347,0.04999984917732919,0.039999999714334974,0.020000000384238322,108.15959972468723,3.021975227962204,48911937.3425,0.000400909453120771,0.00035850509977353265,0.00041666666540091964,0.0011760812182952233,0.1537598970138152,7,252,200,CLARABEL,optimal
2013-06-28,development,assertive,100000000.0,150.0,-0.029086660353419495,-0.03109607490251656,1.0452128677754957,0.0496007938476223,200,64,60,1.9999999877733523,-6.151062104109428e-09,0.009933232876428347,0.04999984917732919,0.039999999714334974,0.020000000384238322,108.15959972468723,3.021975227962204,48911937.3425,0.000400909453120771,0.00035850509977353265,0.001249999996202759,0.0020094145490970627,0.1537598970138152,7,252,200,CLARABEL,optimal
2013-06-28,development,assertive,100000000.0,300.0,-0.029086660353419495,-0.03234607489871932,1.0452128677754957,0.0496007938476223,200,64,60,1.9999999877733523,-6.151062104109428e-09,0.009933232876428347,0.04999984917732919,0.039999999714334974,0.020000000384238322,108.15959972468723,3.021975227962204,48911937.3425,0.000400909453120771,0.00035850509977353265,0.002499999992405518,0.0032594145452998218,0.1537598970138152,7,252,200,CLARABEL,optimal
2013-06-28,development,assertive,500000000.0,50.0,-0.029086660353419495,-0.03070587824531515,1.0452128677754957,0.0496007938476223,200,64,60,1.9999999877733523,-6.151062104109428e-09,0.009933232876428347,0.04999984917732919,0.039999999714334974,0.020000000384238322,108.15959972468723,3.021975227962204,48911937.3425,0.000400909453120771,0.0008016417733739635,0.00041666666540091964,0.0016192178918956542,0.7687994850690761,46,252,200,CLARABEL,optimal
2013-06-28,development,assertive,500000000.0,150.0,-0.029086660353419495,-0.03153921157611699,1.0452128677754957,0.0496007938476223,200,64,60,1.9999999877733523,-6.151062104109428e-09,0.009933232876428347,0.04999984917732919,0.039999999714334974,0.020000000384238322,108.15959972468723,3.021975227962204,48911937.3425,0.000400909453120771,0.0008016417733739635,0.001249999996202759,0.0024525512226974936,0.7687994850690761,46,252,200,CLARABEL,optimal
2013-06-28,development,assertive,500000000.0,300.0,-0.029086660353419495,-0.032789211572319746,1.0452128677754957,0.0496007938476223,200,64,60,1.9999999877733523,-6.151062104109428e-09,0.009933232876428347,0.04999984917732919,0.039999999714334974,0.020000000384238322,108.15959972468723,3.021975227962204,48911937.3425,0.000400909453120771,0.0008016417733739635,0.002499999992405518,0.0037025512189002526,0.7687994850690761,46,252,200,CLARABEL,optimal
2013-07-31,development,assertive,10000000.0,50.0,-0.02171039861116232,-0.022423986305501933,0.5925093955535373,-0.02076229897383601,200,68,60,1.9999999853697503,-6.668485069694086e-10,7.669841957856638e-05,0.02346328591532071,0.04000000108573148,0.020000000315662944,107.44837300631482,3.047182145788918,50456795.80375,0.00022627809952539314,7.064293105659472e-05,0.0004166666637576248,0.0007135876943396126,0.01861230889879932,0,252,200,CLARABEL,optimal
2013-07-31,development,assertive,10000000.0,150.0,-0.02171039861116232,-0.023257319633017182,0.5925093955535373,-0.02076229897383601,200,68,60,1.9999999853697503,-6.668485069694086e-10,7.669841957856638e-05,0.02346328591532071,0.04000000108573148,0.020000000315662944,107.44837300631482,3.047182145788918,50456795.80375,0.00022627809952539314,7.064293105659472e-05,0.0012499999912728744,0.0015469210218548623,0.01861230889879932,0,252,200,CLARABEL,optimal
2013-07-31,development,assertive,10000000.0,300.0,-0.02171039861116232,-0.024507319624290057,0.5925093955535373,-0.02076229897383601,200,68,60,1.9999999853697503,-6.668485069694086e-10,7.669841957856638e-05,0.02346328591532071,0.04000000108573148,0.020000000315662944,107.44837300631482,3.047182145788918,50456795.80375,0.00022627809952539314,7.064293105659472e-05,0.002499999982545749,0.0027969210131277367,0.01861230889879932,0,252,200,CLARABEL,optimal
2013-07-31,development,assertive,100000000.0,50.0,-0.02171039861116232,-0.022576735937174422,0.5925093955535373,-0.02076229897383601,200,68,60,1.9999999853697503,-6.668485069694086e-10,7.669841957856638e-05,0.02346328591532071,0.04000000108573148,0.020000000315662944,107.44837300631482,3.047182145788918,50456795.80375,0.00022627809952539314,0.0002233925627290844,0.0004166666637576248,0.0008663373260121023,0.1861230889879932,2,252,200,CLARABEL,optimal
2013-07-31,development,assertive,100000000.0,150.0,-0.02171039861116232,-0.02341006926468967,0.5925093955535373,-0.02076229897383601,200,68,60,1.9999999853697503,-6.668485069694086e-10,7.669841957856638e-05,0.02346328591532071,0.04000000108573148,0.020000000315662944,107.44837300631482,3.047182145788918,50456795.80375,0.00022627809952539314,0.0002233925627290844,0.0012499999912728744,0.001699670653527352,0.1861230889879932,2,252,200,CLARABEL,optimal
2013-07-31,development,assertive,100000000.0,300.0,-0.02171039861116232,-0.024660069255962546,0.5925093955535373,-0.02076229897383601,200,68,60,1.9999999853697503,-6.668485069694086e-10,7.669841957856638e-05,0.02346328591532071,0.04000000108573148,0.020000000315662944,107.44837300631482,3.047182145788918,50456795.80375,0.00022627809952539314,0.0002233925627290844,0.002499999982545749,0.0029496706448002264,0.1861230889879932,2,252,200,CLARABEL,optimal
2013-07-31,development,assertive,500000000.0,50.0,-0.02171039861116232,-0.022852864330375457,0.5925093955535373,-0.02076229897383601,200,68,60,1.9999999853697503,-6.668485069694086e-10,7.669841957856638e-05,0.02346328591532071,0.04000000108573148,0.020000000315662944,107.44837300631482,3.047182145788918,50456795.80375,0.00022627809952539314,0.0004995209559301187,0.0004166666637576248,0.0011424657192131366,0.930615444939966,31,252,200,CLARABEL,optimal
2013-07-31,development,assertive,500000000.0,150.0,-0.02171039861116232,-0.023686197657890706,0.5925093955535373,-0.02076229897383601,200,68,60,1.9999999853697503,-6.668485069694086e-10,7.669841957856638e-05,0.02346328591532071,0.04000000108573148,0.020000000315662944,107.44837300631482,3.047182145788918,50456795.80375,0.00022627809952539314,0.0004995209559301187,0.0012499999912728744,0.0019757990467283862,0.930615444939966,31,252,200,CLARABEL,optimal
2013-07-31,development,assertive,500000000.0,300.0,-0.02171039861116232,-0.02493619764916358,0.5925093955535373,-0.02076229897383601,200,68,60,1.9999999853697503,-6.668485069694086e-10,7.669841957856638e-05,0.02346328591532071,0.04000000108573148,0.020000000315662944,107.44837300631482,3.047182145788918,50456795.80375,0.00022627809952539314,0.0004995209559301187,0.002499999982545749,0.0032257990380012607,0.930615444939966,31,252,200,CLARABEL,optimal
2013-08-30,development,assertive,10000000.0,50.0,0.0021351301355691382,0.0013373458165790036,0.8150902010307775,0.03044559679566628,200,68,60,1.9999999667860637,-1.0927966836993264e-08,0.03428621161587281,0.00805097970885671,0.04000000016030426,0.020000000260022084,106.50550540759055,3.242463624777398,38411924.22,0.0002830130386143907,9.810461835198751e-05,0.0004166666620237564,0.0007977843189901346,0.011904924200870009,0,252,200,CLARABEL,optimal
2013-08-30,development,assertive,10000000.0,150.0,0.0021351301355691382,0.0005040124925314907,0.8150902010307775,0.03044559679566628,200,68,60,1.9999999667860637,-1.0927966836993264e-08,0.03428621161587281,0.00805097970885671,0.04000000016030426,0.020000000260022084,106.50550540759055,3.242463624777398,38411924.22,0.0002830130386143907,9.810461835198751e-05,0.0012499999860712692,0.0016311176430376475,0.011904924200870009,0,252,200,CLARABEL,optimal
2013-08-30,development,assertive,10000000.0,300.0,0.0021351301355691382,-0.0007459874935397785,0.8150902010307775,0.03044559679566628,200,68,60,1.9999999667860637,-1.0927966836993264e-08,0.03428621161587281,0.00805097970885671,0.04000000016030426,0.020000000260022084,106.50550540759055,3.242463624777398,38411924.22,0.0002830130386143907,9.810461835198751e-05,0.0024999999721425385,0.0028811176291089168,0.011904924200870009,0,252,200,CLARABEL,optimal
2013-08-30,development,assertive,100000000.0,50.0,0.0021351301355691382,0.0011252163919571562,0.8150902010307775,0.03044559679566628,200,68,60,1.9999999667860637,-1.0927966836993264e-08,0.03428621161587281,0.00805097970885671,0.04000000016030426,0.020000000260022084,106.50550540759055,3.242463624777398,38411924.22,0.0002830130386143907,0.0003102340429738349,0.0004166666620237564,0.001009913743611982,0.11904924200870008,4,252,200,CLARABEL,optimal
2013-08-30,development,assertive,100000000.0,150.0,0.0021351301355691382,0.00029188306790964335,0.8150902010307775,0.03044559679566628,200,68,60,1.9999999667860637,-1.0927966836993264e-08,0.03428621161587281,0.00805097970885671,0.04000000016030426,0.020000000260022084,106.50550540759055,3.242463624777398,38411924.22,0.0002830130386143907,0.0003102340429738349,0.0012499999860712692,0.0018432470676594949,0.11904924200870008,4,252,200,CLARABEL,optimal
2013-08-30,development,assertive,100000000.0,300.0,0.0021351301355691382,-0.0009581169181616259,0.8150902010307775,0.03044559679566628,200,68,60,1.9999999667860637,-1.0927966836993264e-08,0.03428621161587281,0.00805097970885671,0.04000000016030426,0.020000000260022084,106.50550540759055,3.242463624777398,38411924.22,0.0002830130386143907,0.0003102340429738349,0.0024999999721425385,0.003093247053730764,0.11904924200870008,4,252,200,CLARABEL,optimal
2013-08-30,development,assertive,500000000.0,50.0,0.0021351301355691382,0.0007417460259069053,0.8150902010307775,0.03044559679566628,200,68,60,1.9999999667860637,-1.0927966836993264e-08,0.03428621161587281,0.00805097970885671,0.04000000016030426,0.020000000260022084,106.50550540759055,3.242463624777398,38411924.22,0.0002830130386143907,0.0006937044090240859,0.0004166666620237564,0.001393384109662233,0.5952462100435005,43,252,200,CLARABEL,optimal
2013-08-30,development,assertive,500000000.0,150.0,0.0021351301355691382,-9.158729814060743e-05,0.8150902010307775,0.03044559679566628,200,68,60,1.9999999667860637,-1.0927966836993264e-08,0.03428621161587281,0.00805097970885671,0.04000000016030426,0.020000000260022084,106.50550540759055,3.242463624777398,38411924.22,0.0002830130386143907,0.0006937044090240859,0.0012499999860712692,0.0022267174337097457,0.5952462100435005,43,252,200,CLARABEL,optimal
2013-08-30,development,assertive,500000000.0,300.0,0.0021351301355691382,-0.0013415872842118771,0.8150902010307775,0.03044559679566628,200,68,60,1.9999999667860637,-1.0927966836993264e-08,0.03428621161587281,0.00805097970885671,0.04000000016030426,0.020000000260022084,106.50550540759055,3.242463624777398,38411924.22,0.0002830130386143907,0.0006937044090240859,0.0024999999721425385,0.0034767174197810153,0.5952462100435005,43,252,200,CLARABEL,optimal
2013-09-30,development,assertive,10000000.0,50.0,0.02695276675392305,0.02629079574560603,0.5177564040431808,0.04333836312290847,200,66,57,1.9999999793740315,-7.0520242839711145e-09,0.00966819947175699,0.005414480415902229,0.040000002775066636,0.02000000045553061,106.04416090605862,3.2467465895759795,40766860.685,0.00019284083831101864,5.2463506167239317e-05,0.0004166666638387617,0.0006619710083170196,0.035425363153685066,0,252,200,CLARABEL,optimal
2013-09-30,development,assertive,10000000.0,150.0,0.02695276675392305,0.025457462417928504,0.5177564040431808,0.04333836312290847,200,66,57,1.9999999793740315,-7.0520242839711145e-09,0.00966819947175699,0.005414480415902229,0.040000002775066636,0.02000000045553061,106.04416090605862,3.2467465895759795,40766860.685,0.00019284083831101864,5.2463506167239317e-05,0.001249999991516285,0.001495304335994543,0.035425363153685066,0,252,200,CLARABEL,optimal
2013-09-30,development,assertive,10000000.0,300.0,0.02695276675392305,0.02420746242641222,0.5177564040431808,0.04333836312290847,200,66,57,1.9999999793740315,-7.0520242839711145e-09,0.00966819947175699,0.005414480415902229,0.040000002775066636,0.02000000045553061,106.04416090605862,3.2467465895759795,40766860.685,0.00019284083831101864,5.2463506167239317e-05,0.00249999998303257,0.002745304327510828,0.035425363153685066,0,252,200,CLARABEL,optimal
2013-09-30,development,assertive,100000000.0,50.0,0.02695276675392305,0.026177355078246502,0.5177564040431808,0.04333836312290847,200,66,57,1.9999999793740315,-7.0520242839711145e-09,0.00966819947175699,0.005414480415902229,0.040000002775066636,0.02000000045553061,106.04416090605862,3.2467465895759795,40766860.685,0.00019284083831101864,0.00016590417352676688,0.0004166666638387617,0.0007754116756765472,0.35425363153685063,2,252,200,CLARABEL,optimal
2013-09-30,development,assertive,100000000.0,150.0,0.02695276675392305,0.025344021750568976,0.5177564040431808,0.04333836312290847,200,66,57,1.9999999793740315,-7.0520242839711145e-09,0.00966819947175699,0.005414480415902229,0.040000002775066636,0.02000000045553061,106.04416090605862,3.2467465895759795,40766860.685,0.00019284083831101864,0.00016590417352676688,0.001249999991516285,0.0016087450033540705,0.35425363153685063,2,252,200,CLARABEL,optimal
2013-09-30,development,assertive,100000000.0,300.0,0.02695276675392305,0.024094021759052692,0.5177564040431808,0.04333836312290847,200,66,57,1.9999999793740315,-7.0520242839711145e-09,0.00966819947175699,0.005414480415902229,0.040000002775066636,0.02000000045553061,106.04416090605862,3.2467465895759795,40766860.685,0.00019284083831101864,0.00016590417352676688,0.00249999998303257,0.0028587449948703557,0.35425363153685063,2,252,200,CLARABEL,optimal
2013-09-30,development,assertive,500000000.0,50.0,0.02695276675392305,0.025972286242016498,0.5177564040431808,0.04333836312290847,200,66,57,1.9999999793740315,-7.0520242839711145e-09,0.00966819947175699,0.005414480415902229,0.040000002775066636,0.02000000045553061,106.04416090605862,3.2467465895759795,40766860.685,0.00019284083831101864,0.0003709730097567717,0.0004166666638387617,0.000980480511906552,1.7712681576842533,27,252,200,CLARABEL,optimal
2013-09-30,development,assertive,500000000.0,150.0,0.02695276675392305,0.02513895291433897,0.5177564040431808,0.04333836312290847,200,66,57,1.9999999793740315,-7.0520242839711145e-09,0.00966819947175699,0.005414480415902229,0.040000002775066636,0.02000000045553061,106.04416090605862,3.2467465895759795,40766860.685,0.00019284083831101864,0.0003709730097567717,0.001249999991516285,0.0018138138395840753,1.7712681576842533,27,252,200,CLARABEL,optimal
2013-09-30,development,assertive,500000000.0,300.0,0.02695276675392305,0.023888952922822688,0.5177564040431808,0.04333836312290847,200,66,57,1.9999999793740315,-7.0520242839711145e-09,0.00966819947175699,0.005414480415902229,0.040000002775066636,0.02000000045553061,106.04416090605862,3.2467465895759795,40766860.685,0.00019284083831101864,0.0003709730097567717,0.00249999998303257,0.0030638138311003603,1.7712681576842533,27,252,200,CLARABEL,optimal
2013-10-31,development,assertive,10000000.0,50.0,0.011514821177027106,0.010620939785541378,0.8029009349762324,0.031062586171340528,200,66,59,1.999999967112827,-1.0514588172361172e-08,0.01826411965022974,0.009525583615510064,0.039999997780367766,0.02000000045586783,105.64520470404186,3.4193883293627296,44361353.5,0.00039244975942180876,8.476497005820846e-05,0.00041666666200571153,0.0008938813914857287,0.02681108805393567,0,252,200,CLARABEL,optimal
2013-10-31,development,assertive,10000000.0,150.0,0.011514821177027106,0.009787606461529954,0.8029009349762324,0.031062586171340528,200,66,59,1.999999967112827,-1.0514588172361172e-08,0.01826411965022974,0.009525583615510064,0.039999997780367766,0.02000000045586783,105.64520470404186,3.4193883293627296,44361353.5,0.00039244975942180876,8.476497005820846e-05,0.0012499999860171346,0.001727214715497152,0.02681108805393567,0,252,200,CLARABEL,optimal
2013-10-31,development,assertive,10000000.0,300.0,0.011514821177027106,0.00853760647551282,0.8029009349762324,0.031062586171340528,200,66,59,1.999999967112827,-1.0514588172361172e-08,0.01826411965022974,0.009525583615510064,0.039999997780367766,0.02000000045586783,105.64520470404186,3.4193883293627296,44361353.5,0.00039244975942180876,8.476497005820846e-05,0.002499999972034269,0.0029772147015142865,0.02681108805393567,0,252,200,CLARABEL,optimal
2013-10-31,development,assertive,100000000.0,50.0,0.011514821177027106,0.01043765438441967,0.8029009349762324,0.031062586171340528,200,66,59,1.999999967112827,-1.0514588172361172e-08,0.01826411965022974,0.009525583615510064,0.039999997780367766,0.02000000045586783,105.64520470404186,3.4193883293627296,44361353.5,0.00039244975942180876,0.0002680503711799142,0.00041666666200571153,0.0010771667926074346,0.2681108805393567,2,252,200,CLARABEL,optimal
2013-10-31,development,assertive,100000000.0,150.0,0.011514821177027106,0.009604321060408249,0.8029009349762324,0.031062586171340528,200,66,59,1.999999967112827,-1.0514588172361172e-08,0.01826411965022974,0.009525583615510064,0.039999997780367766,0.02000000045586783,105.64520470404186,3.4193883293627296,44361353.5,0.00039244975942180876,0.0002680503711799142,0.0012499999860171346,0.0019105001166188577,0.2681108805393567,2,252,200,CLARABEL,optimal
2013-10-31,development,assertive,100000000.0,300.0,0.011514821177027106,0.008354321074391114,0.8029009349762324,0.031062586171340528,200,66,59,1.999999967112827,-1.0514588172361172e-08,0.01826411965022974,0.009525583615510064,0.039999997780367766,0.02000000045586783,105.64520470404186,3.4193883293627296,44361353.5,0.00039244975942180876,0.0002680503711799142,0.002499999972034269,0.0031605001026359923,0.2681108805393567,2,252,200,CLARABEL,optimal
2013-10-31,development,assertive,500000000.0,50.0,0.011514821177027106,0.010106325904247248,0.8029009349762324,0.031062586171340528,200,66,59,1.999999967112827,-1.0514588172361172e-08,0.01826411965022974,0.009525583615510064,0.039999997780367766,0.02000000045586783,105.64520470404186,3.4193883293627296,44361353.5,0.00039244975942180876,0.0005993788513523385,0.00041666666200571153,0.0014084952727798587,1.3405544026967837,39,252,200,CLARABEL,optimal
2013-10-31,development,assertive,500000000.0,150.0,0.011514821177027106,0.009272992580235825,0.8029009349762324,0.031062586171340528,200,66,59,1.999999967112827,-1.0514588172361172e-08,0.01826411965022974,0.009525583615510064,0.039999997780367766,0.02000000045586783,105.64520470404186,3.4193883293627296,44361353.5,0.00039244975942180876,0.0005993788513523385,0.0012499999860171346,0.0022418285967912817,1.3405544026967837,39,252,200,CLARABEL,optimal
2013-10-31,development,assertive,500000000.0,300.0,0.011514821177027106,0.00802299259421869,0.8029009349762324,0.031062586171340528,200,66,59,1.999999967112827,-1.0514588172361172e-08,0.01826411965022974,0.009525583615510064,0.039999997780367766,0.02000000045586783,105.64520470404186,3.4193883293627296,44361353.5,0.00039244975942180876,0.0005993788513523385,0.002499999972034269,0.0034918285828084163,1.3405544026967837,39,252,200,CLARABEL,optimal
2013-11-29,development,assertive,10000000.0,50.0,0.01760916929691089,0.01688457130141856,0.7626055469640962,0.029658799300324314,200,65,59,1.9999999781613453,-8.802842454969095e-09,0.01614997208880875,-0.04999998773106226,0.03999999980804215,0.02000000037830569,104.62373765746874,2.9137655203775203,50434263.1775,0.00024108296945948745,6.684836208196651e-05,0.0004166666639508724,0.0007245979954923264,0.011208399028336535,0,252,200,CLARABEL,optimal
2013-11-29,development,assertive,10000000.0,150.0,0.01760916929691089,0.01605123797351682,0.7626055469640962,0.029658799300324314,200,65,59,1.9999999781613453,-8.802842454969095e-09,0.01614997208880875,-0.04999998773106226,0.03999999980804215,0.02000000037830569,104.62373765746874,2.9137655203775203,50434263.1775,0.00024108296945948745,6.684836208196651e-05,0.001249999991852617,0.001557931323394071,0.011208399028336535,0,252,200,CLARABEL,optimal
2013-11-29,development,assertive,10000000.0,300.0,0.01760916929691089,0.014801237981664201,0.7626055469640962,0.029658799300324314,200,65,59,1.9999999781613453,-8.802842454969095e-09,0.01614997208880875,-0.04999998773106226,0.03999999980804215,0.02000000037830569,104.62373765746874,2.9137655203775203,50434263.1775,0.00024108296945948745,6.684836208196651e-05,0.002499999983705234,0.002807931315246688,0.011208399028336535,0,252,200,CLARABEL,optimal
2013-11-29,development,assertive,100000000.0,50.0,0.01760916929691089,0.01674002658146988,0.7626055469640962,0.029658799300324314,200,65,59,1.9999999781613453,-8.802842454969095e-09,0.01614997208880875,-0.04999998773106226,0.03999999980804215,0.02000000037830569,104.62373765746874,2.9137655203775203,50434263.1775,0.00024108296945948745,0.00021139308203064968,0.0004166666639508724,0.0008691427154410095,0.11208399028336534,1,252,200,CLARABEL,optimal
2013-11-29,development,assertive,100000000.0,150.0,0.01760916929691089,0.015906693253568135,0.7626055469640962,0.029658799300324314,200,65,59,1.9999999781613453,-8.802842454969095e-09,0.01614997208880875,-0.04999998773106226,0.03999999980804215,0.02000000037830569,104.62373765746874,2.9137655203775203,50434263.1775,0.00024108296945948745,0.00021139308203064968,0.001249999991852617,0.0017024760433427542,0.11208399028336534,1,252,200,CLARABEL,optimal
2013-11-29,development,assertive,100000000.0,300.0,0.01760916929691089,0.014656693261715517,0.7626055469640962,0.029658799300324314,200,65,59,1.9999999781613453,-8.802842454969095e-09,0.01614997208880875,-0.04999998773106226,0.03999999980804215,0.02000000037830569,104.62373765746874,2.9137655203775203,50434263.1775,0.00024108296945948745,0.00021139308203064968,0.002499999983705234,0.0029524760351953712,0.11208399028336534,1,252,200,CLARABEL,optimal
2013-11-29,development,assertive,500000000.0,50.0,0.01760916929691089,0.016478730362106807,0.7626055469640962,0.029658799300324314,200,65,59,1.9999999781613453,-8.802842454969095e-09,0.01614997208880875,-0.04999998773106226,0.03999999980804215,0.02000000037830569,104.62373765746874,2.9137655203775203,50434263.1775,0.00024108296945948745,0.00047268930139372187,0.0004166666639508724,0.0011304389348040817,0.5604199514168268,35,252,200,CLARABEL,optimal
2013-11-29,development,assertive,500000000.0,150.0,0.01760916929691089,0.01564539703420506,0.7626055469640962,0.029658799300324314,200,65,59,1.9999999781613453,-8.802842454969095e-09,0.01614997208880875,-0.04999998773106226,0.03999999980804215,0.02000000037830569,104.62373765746874,2.9137655203775203,50434263.1775,0.00024108296945948745,0.00047268930139372187,0.001249999991852617,0.0019637722627058266,0.5604199514168268,35,252,200,CLARABEL,optimal
2013-11-29,development,assertive,500000000.0,300.0,0.01760916929691089,0.014395397042352445,0.7626055469640962,0.029658799300324314,200,65,59,1.9999999781613453,-8.802842454969095e-09,0.01614997208880875,-0.04999998773106226,0.03999999980804215,0.02000000037830569,104.62373765746874,2.9137655203775203,50434263.1775,0.00024108296945948745,0.00047268930139372187,0.002499999983705234,0.0032137722545584435,0.5604199514168268,35,252,200,CLARABEL,optimal
2013-12-31,development,assertive,10000000.0,50.0,-0.02417955390915081,-0.02490444280866439,0.7179015183402531,-0.028246746360920012,200,64,59,1.9999999744034613,-1.1041074096662662e-08,-0.0014186104955763723,-0.04999998610683912,0.04000000013109706,0.020000000333285528,104.96257390126243,2.872743751839568,49362644.74,0.00023647998206513814,7.174225381416594e-05,0.0004166666636342782,0.0007248888995135822,0.015196482680996668,0,252,200,CLARABEL,optimal
2013-12-31,development,assertive,10000000.0,150.0,-0.02417955390915081,-0.02573777613593295,0.7179015183402531,-0.028246746360920012,200,64,59,1.9999999744034613,-1.1041074096662662e-08,-0.0014186104955763723,-0.04999998610683912,0.04000000013109706,0.020000000333285528,104.96257390126243,2.872743751839568,49362644.74,0.00023647998206513814,7.174225381416594e-05,0.0012499999909028347,0.0015582222267821388,0.015196482680996668,0,252,200,CLARABEL,optimal
2013-12-31,development,assertive,10000000.0,300.0,-0.02417955390915081,-0.026987776126835783,0.7179015183402531,-0.028246746360920012,200,64,59,1.9999999744034613,-1.1041074096662662e-08,-0.0014186104955763723,-0.04999998610683912,0.04000000013109706,0.020000000333285528,104.96257390126243,2.872743751839568,49362644.74,0.00023647998206513814,7.174225381416594e-05,0.0024999999818056695,0.0028082222176849733,0.015196482680996668,0,252,200,CLARABEL,optimal
2013-12-31,development,assertive,100000000.0,50.0,-0.02417955390915081,-0.025059569481376893,0.7179015183402531,-0.028246746360920012,200,64,59,1.9999999744034613,-1.1041074096662662e-08,-0.0014186104955763723,-0.04999998610683912,0.04000000013109706,0.020000000333285528,104.96257390126243,2.872743751839568,49362644.74,0.00023647998206513814,0.0002268689265266666,0.0004166666636342782,0.000880015572226083,0.1519648268099667,3,252,200,CLARABEL,optimal
2013-12-31,development,assertive,100000000.0,150.0,-0.02417955390915081,-0.025892902808645448,0.7179015183402531,-0.028246746360920012,200,64,59,1.9999999744034613,-1.1041074096662662e-08,-0.0014186104955763723,-0.04999998610683912,0.04000000013109706,0.020000000333285528,104.96257390126243,2.872743751839568,49362644.74,0.00023647998206513814,0.0002268689265266666,0.0012499999909028347,0.0017133488994946395,0.1519648268099667,3,252,200,CLARABEL,optimal
2013-12-31,development,assertive,100000000.0,300.0,-0.02417955390915081,-0.027142902799548285,0.7179015183402531,-0.028246746360920012,200,64,59,1.9999999744034613,-1.1041074096662662e-08,-0.0014186104955763723,-0.04999998610683912,0.04000000013109706,0.020000000333285528,104.96257390126243,2.872743751839568,49362644.74,0.00023647998206513814,0.0002268689265266666,0.0024999999818056695,0.0029633488903974743,0.1519648268099667,3,252,200,CLARABEL,optimal
2013-12-31,development,assertive,500000000.0,50.0,-0.02417955390915081,-0.02533999489654626,0.7179015183402531,-0.028246746360920012,200,64,59,1.9999999744034613,-1.1041074096662662e-08,-0.0014186104955763723,-0.04999998610683912,0.04000000013109706,0.020000000333285528,104.96257390126243,2.872743751839568,49362644.74,0.00023647998206513814,0.0005072943416960319,0.0004166666636342782,0.0011604409873954482,0.7598241340498335,33,252,200,CLARABEL,optimal
2013-12-31,development,assertive,500000000.0,150.0,-0.02417955390915081,-0.026173328223814813,0.7179015183402531,-0.028246746360920012,200,64,59,1.9999999744034613,-1.1041074096662662e-08,-0.0014186104955763723,-0.04999998610683912,0.04000000013109706,0.020000000333285528,104.96257390126243,2.872743751839568,49362644.74,0.00023647998206513814,0.0005072943416960319,0.0012499999909028347,0.0019937743146640047,0.7598241340498335,33,252,200,CLARABEL,optimal
2013-12-31,development,assertive,500000000.0,300.0,-0.02417955390915081,-0.02742332821471765,0.7179015183402531,-0.028246746360920012,200,64,59,1.9999999744034613,-1.1041074096662662e-08,-0.0014186104955763723,-0.04999998610683912,0.04000000013109706,0.020000000333285528,104.96257390126243,2.872743751839568,49362644.74,0.00023647998206513814,0.0005072943416960319,0.0024999999818056695,0.0032437743055668397,0.7598241340498335,33,252,200,CLARABEL,optimal
2014-01-31,development,assertive,10000000.0,50.0,-0.008736760284095625,-0.009595474717289207,0.8649032669581546,0.038372234759018055,200,63,57,1.9999999551498653,-2.0943713124887964e-08,0.0024479011565862185,-0.050000036117491514,0.040000001141594174,0.02000000087864735,105.18512051869381,2.8947024037083735,58871521.195,0.00030711826289754894,0.00013492950860987077,0.0004166666616861622,0.0008587144331935819,0.020261185390318286,0,252,200,CLARABEL,optimal
2014-01-31,development,assertive,10000000.0,150.0,-0.008736760284095625,-0.010428808040661531,0.8649032669581546,0.038372234759018055,200,63,57,1.9999999551498653,-2.0943713124887964e-08,0.0024479011565862185,-0.050000036117491514,0.040000001141594174,0.02000000087864735,105.18512051869381,2.8947024037083735,58871521.195,0.00030711826289754894,0.00013492950860987077,0.0012499999850584865,0.0016920477565659062,0.020261185390318286,0,252,200,CLARABEL,optimal
2014-01-31,development,assertive,10000000.0,300.0,-0.008736760284095625,-0.011678808025720019,0.8649032669581546,0.038372234759018055,200,63,57,1.9999999551498653,-2.0943713124887964e-08,0.0024479011565862185,-0.050000036117491514,0.040000001141594174,0.02000000087864735,105.18512051869381,2.8947024037083735,58871521.195,0.00030711826289754894,0.00013492950860987077,0.002499999970116973,0.0029420477416243927,0.020261185390318286,0,252,200,CLARABEL,optimal
2014-01-31,development,assertive,100000000.0,50.0,-0.008736760284095625,-0.009887229779453827,0.8649032669581546,0.038372234759018055,200,63,57,1.9999999551498653,-2.0943713124887964e-08,0.0024479011565862185,-0.050000036117491514,0.040000001141594174,0.02000000087864735,105.18512051869381,2.8947024037083735,58871521.195,0.00030711826289754894,0.0004266845707744914,0.0004166666616861622,0.0011504694953582025,0.20261185390318287,4,252,200,CLARABEL,optimal
2014-01-31,development,assertive,100000000.0,150.0,-0.008736760284095625,-0.010720563102826153,0.8649032669581546,0.038372234759018055,200,63,57,1.9999999551498653,-2.0943713124887964e-08,0.0024479011565862185,-0.050000036117491514,0.040000001141594174,0.02000000087864735,105.18512051869381,2.8947024037083735,58871521.195,0.00030711826289754894,0.0004266845707744914,0.0012499999850584865,0.0019838028187305267,0.20261185390318287,4,252,200,CLARABEL,optimal
2014-01-31,development,assertive,100000000.0,300.0,-0.008736760284095625,-0.011970563087884639,0.8649032669581546,0.038372234759018055,200,63,57,1.9999999551498653,-2.0943713124887964e-08,0.0024479011565862185,-0.050000036117491514,0.040000001141594174,0.02000000087864735,105.18512051869381,2.8947024037083735,58871521.195,0.00030711826289754894,0.0004266845707744914,0.002499999970116973,0.0032338028037890132,0.20261185390318287,4,252,200,CLARABEL,optimal
2014-01-31,development,assertive,500000000.0,50.0,-0.008736760284095625,-0.01041464091388142,0.8649032669581546,0.038372234759018055,200,63,57,1.9999999551498653,-2.0943713124887964e-08,0.0024479011565862185,-0.050000036117491514,0.040000001141594174,0.02000000087864735,105.18512051869381,2.8947024037083735,58871521.195,0.00030711826289754894,0.0009540957052020827,0.0004166666616861622,0.001677880629785794,1.0130592695159144,33,252,200,CLARABEL,optimal
2014-01-31,development,assertive,500000000.0,150.0,-0.008736760284095625,-0.011247974237253744,0.8649032669581546,0.038372234759018055,200,63,57,1.9999999551498653,-2.0943713124887964e-08,0.0024479011565862185,-0.050000036117491514,0.040000001141594174,0.02000000087864735,105.18512051869381,2.8947024037083735,58871521.195,0.00030711826289754894,0.0009540957052020827,0.0012499999850584865,0.0025112139531581184,1.0130592695159144,33,252,200,CLARABEL,optimal
2014-01-31,development,assertive,500000000.0,300.0,-0.008736760284095625,-0.01249797422231223,0.8649032669581546,0.038372234759018055,200,63,57,1.9999999551498653,-2.0943713124887964e-08,0.0024479011565862185,-0.050000036117491514,0.040000001141594174,0.02000000087864735,105.18512051869381,2.8947024037083735,58871521.195,0.00030711826289754894,0.0009540957052020827,0.002499999970116973,0.0037612139382166045,1.0130592695159144,33,252,200,CLARABEL,optimal
2014-02-28,development,assertive,10000000.0,50.0,0.027008533186383087,0.025990668995326375,1.4296842725002126,0.005721472983491743,200,61,58,1.9999999599270992,-9.337730366709707e-09,0.013644716985494854,-0.04999999549198733,0.0399999987422117,0.02000000083583564,105.48636519456022,3.0307900760839854,53000909.5,0.0004563944267415985,0.00014480310405160765,0.0004166666602635062,0.0010178641910567124,0.013935040174283273,0,252,200,CLARABEL,optimal
2014-02-28,development,assertive,10000000.0,150.0,0.027008533186383087,0.02515733567479936,1.4296842725002126,0.005721472983491743,200,61,58,1.9999999599270992,-9.337730366709707e-09,0.013644716985494854,-0.04999999549198733,0.0399999987422117,0.02000000083583564,105.48636519456022,3.0307900760839854,53000909.5,0.0004563944267415985,0.00014480310405160765,0.0012499999807905186,0.0018511975115837248,0.013935040174283273,0,252,200,CLARABEL,optimal
2014-02-28,development,assertive,10000000.0,300.0,0.027008533186383087,0.023907335694008845,1.4296842725002126,0.005721472983491743,200,61,58,1.9999999599270992,-9.337730366709707e-09,0.013644716985494854,-0.04999999549198733,0.0399999987422117,0.02000000083583564,105.48636519456022,3.0307900760839854,53000909.5,0.0004563944267415985,0.00014480310405160765,0.002499999961581037,0.0031011974923742434,0.013935040174283273,0,252,200,CLARABEL,optimal
2014-02-28,development,assertive,100000000.0,50.0,0.027008533186383087,0.025677564478312546,1.4296842725002126,0.005721472983491743,200,61,58,1.9999999599270992,-9.337730366709707e-09,0.013644716985494854,-0.04999999549198733,0.0399999987422117,0.02000000083583564,105.48636519456022,3.0307900760839854,53000909.5,0.0004563944267415985,0.00045790762106543613,0.0004166666602635062,0.0013309687080705409,0.13935040174283275,1,252,200,CLARABEL,optimal
2014-02-28,development,assertive,100000000.0,150.0,0.027008533186383087,0.024844231157785536,1.4296842725002126,0.005721472983491743,200,61,58,1.9999999599270992,-9.337730366709707e-09,0.013644716985494854,-0.04999999549198733,0.0399999987422117,0.02000000083583564,105.48636519456022,3.0307900760839854,53000909.5,0.0004563944267415985,0.00045790762106543613,0.0012499999807905186,0.002164302028597553,0.13935040174283275,1,252,200,CLARABEL,optimal
2014-02-28,development,assertive,100000000.0,300.0,0.027008533186383087,0.023594231176995016,1.4296842725002126,0.005721472983491743,200,61,58,1.9999999599270992,-9.337730366709707e-09,0.013644716985494854,-0.04999999549198733,0.0399999987422117,0.02000000083583564,105.48636519456022,3.0307900760839854,53000909.5,0.0004563944267415985,0.00045790762106543613,0.002499999961581037,0.003414302009388072,0.13935040174283275,1,252,200,CLARABEL,optimal
2014-02-28,development,assertive,500000000.0,50.0,0.027008533186383087,0.02511155953126045,1.4296842725002126,0.005721472983491743,200,61,58,1.9999999599270992,-9.337730366709707e-09,0.013644716985494854,-0.04999999549198733,0.0399999987422117,0.02000000083583564,105.48636519456022,3.0307900760839854,53000909.5,0.0004563944267415985,0.0010239125681175299,0.0004166666602635062,0.0018969736551226347,0.6967520087141637,57,252,200,CLARABEL,optimal
2014-02-28,development,assertive,500000000.0,150.0,0.027008533186383087,0.02427822621073344,1.4296842725002126,0.005721472983491743,200,61,58,1.9999999599270992,-9.337730366709707e-09,0.013644716985494854,-0.04999999549198733,0.0399999987422117,0.02000000083583564,105.48636519456022,3.0307900760839854,53000909.5,0.0004563944267415985,0.0010239125681175299,0.0012499999807905186,0.002730306975649647,0.6967520087141637,57,252,200,CLARABEL,optimal
2014-02-28,development,assertive,500000000.0,300.0,0.027008533186383087,0.02302822622994292,1.4296842725002126,0.005721472983491743,200,61,58,1.9999999599270992,-9.337730366709707e-09,0.013644716985494854,-0.04999999549198733,0.0399999987422117,0.02000000083583564,105.48636519456022,3.0307900760839854,53000909.5,0.0004563944267415985,0.0010239125681175299,0.002499999961581037,0.003980306956440166,0.6967520087141637,57,252,200,CLARABEL,optimal
2014-03-31,development,assertive,10000000.0,50.0,0.02779645402405828,0.026819077560999938,1.3138496763734122,0.006633986338570966,200,62,60,1.9999999332294442,-3.40865433795523e-08,0.0058740068749739,-0.04996723123040324,0.03999999801460292,0.020000000763101607,105.23328087939184,2.862526635950095,51654590.875,0.0004461765290721669,0.00011453327412867811,0.00041666665985749747,0.0009773764630583424,0.039423336428637636,0,252,200,CLARABEL,optimal
2014-03-31,development,assertive,10000000.0,150.0,0.02779645402405828,0.025985744241284945,1.3138496763734122,0.006633986338570966,200,62,60,1.9999999332294442,-3.40865433795523e-08,0.0058740068749739,-0.04996723123040324,0.03999999801460292,0.020000000763101607,105.23328087939184,2.862526635950095,51654590.875,0.0004461765290721669,0.00011453327412867811,0.0012499999795724923,0.0018107097827733372,0.039423336428637636,0,252,200,CLARABEL,optimal
2014-03-31,development,assertive,10000000.0,300.0,0.02779645402405828,0.02473574426171245,1.3138496763734122,0.006633986338570966,200,62,60,1.9999999332294442,-3.40865433795523e-08,0.0058740068749739,-0.04996723123040324,0.03999999801460292,0.020000000763101607,105.23328087939184,2.862526635950095,51654590.875,0.0004461765290721669,0.00011453327412867811,0.0024999999591449845,0.0030607097623458297,0.039423336428637636,0,252,200,CLARABEL,optimal
2014-03-31,development,assertive,100000000.0,50.0,0.02779645402405828,0.02657142482100556,1.3138496763734122,0.006633986338570966,200,62,60,1.9999999332294442,-3.40865433795523e-08,0.0058740068749739,-0.04996723123040324,0.03999999801460292,0.020000000763101607,105.23328087939184,2.862526635950095,51654590.875,0.0004461765290721669,0.00036218601412305984,0.00041666665985749747,0.0012250292030527242,0.3942333642863763,2,252,200,CLARABEL,optimal
2014-03-31,development,assertive,100000000.0,150.0,0.02779645402405828,0.025738091501290562,1.3138496763734122,0.006633986338570966,200,62,60,1.9999999332294442,-3.40865433795523e-08,0.0058740068749739,-0.04996723123040324,0.03999999801460292,0.020000000763101607,105.23328087939184,2.862526635950095,51654590.875,0.0004461765290721669,0.00036218601412305984,0.0012499999795724923,0.002058362522767719,0.3942333642863763,2,252,200,CLARABEL,optimal
2014-03-31,development,assertive,100000000.0,300.0,0.02779645402405828,0.02448809152171807,1.3138496763734122,0.006633986338570966,200,62,60,1.9999999332294442,-3.40865433795523e-08,0.0058740068749739,-0.04996723123040324,0.03999999801460292,0.020000000763101607,105.23328087939184,2.862526635950095,51654590.875,0.0004461765290721669,0.00036218601412305984,0.0024999999591449845,0.003308362502340211,0.3942333642863763,2,252,200,CLARABEL,optimal
2014-03-31,development,assertive,500000000.0,50.0,0.02779645402405828,0.026123738287049756,1.3138496763734122,0.006633986338570966,200,62,60,1.9999999332294442,-3.40865433795523e-08,0.0058740068749739,-0.04996723123040324,0.03999999801460292,0.020000000763101607,105.23328087939184,2.862526635950095,51654590.875,0.0004461765290721669,0.0008098725480788606,0.00041666665985749747,0.001672715737008525,1.9711668214318816,51,252,200,CLARABEL,optimal
2014-03-31,development,assertive,500000000.0,150.0,0.02779645402405828,0.025290404967334763,1.3138496763734122,0.006633986338570966,200,62,60,1.9999999332294442,-3.40865433795523e-08,0.0058740068749739,-0.04996723123040324,0.03999999801460292,0.020000000763101607,105.23328087939184,2.862526635950095,51654590.875,0.0004461765290721669,0.0008098725480788606,0.0012499999795724923,0.0025060490567235198,1.9711668214318816,51,252,200,CLARABEL,optimal
2014-03-31,development,assertive,500000000.0,300.0,0.02779645402405828,0.02404040498776227,1.3138496763734122,0.006633986338570966,200,62,60,1.9999999332294442,-3.40865433795523e-08,0.0058740068749739,-0.04996723123040324,0.03999999801460292,0.020000000763101607,105.23328087939184,2.862526635950095,51654590.875,0.0004461765290721669,0.0008098725480788606,0.0024999999591449845,0.0037560490362960122,1.9711668214318816,51,252,200,CLARABEL,optimal
2014-04-30,development,assertive,10000000.0,50.0,-0.019478161855289826,-0.020195991323325436,0.6595829793411268,0.022690877997125356,200,64,59,1.999999957840593,1.825607695571385e-08,0.012623678762542168,-0.045529721730109454,0.0400000029852199,0.020000000660542618,107.08052997380307,2.928402156075615,54697851.5625,0.00022811986615568812,7.304294779981524e-05,0.0004166666540801075,0.0007178294680356108,0.037497965174961054,0,252,200,CLARABEL,optimal
2014-04-30,development,assertive,10000000.0,150.0,-0.019478161855289826,-0.02102932463148565,0.6595829793411268,0.022690877997125356,200,64,59,1.999999957840593,1.825607695571385e-08,0.012623678762542168,-0.045529721730109454,0.0400000029852199,0.020000000660542618,107.08052997380307,2.928402156075615,54697851.5625,0.00022811986615568812,7.304294779981524e-05,0.0012499999622403227,0.001551162776195826,0.037497965174961054,0,252,200,CLARABEL,optimal
2014-04-30,development,assertive,10000000.0,300.0,-0.019478161855289826,-0.022279324593725974,0.6595829793411268,0.022690877997125356,200,64,59,1.999999957840593,1.825607695571385e-08,0.012623678762542168,-0.045529721730109454,0.0400000029852199,0.020000000660542618,107.08052997380307,2.928402156075615,54697851.5625,0.00022811986615568812,7.304294779981524e-05,0.0024999999244806454,0.002801162738436149,0.037497965174961054,0,252,200,CLARABEL,optimal
2014-04-30,development,assertive,100000000.0,50.0,-0.019478161855289826,-0.020353930457585823,0.6595829793411268,0.022690877997125356,200,64,59,1.999999957840593,1.825607695571385e-08,0.012623678762542168,-0.045529721730109454,0.0400000029852199,0.020000000660542618,107.08052997380307,2.928402156075615,54697851.5625,0.00022811986615568812,0.00023098208206020083,0.0004166666540801075,0.0008757686022959965,0.3749796517496105,2,252,200,CLARABEL,optimal
2014-04-30,development,assertive,100000000.0,150.0,-0.019478161855289826,-0.021187263765746037,0.6595829793411268,0.022690877997125356,200,64,59,1.999999957840593,1.825607695571385e-08,0.012623678762542168,-0.045529721730109454,0.0400000029852199,0.020000000660542618,107.08052997380307,2.928402156075615,54697851.5625,0.00022811986615568812,0.00023098208206020083,0.0012499999622403227,0.0017091019104562117,0.3749796517496105,2,252,200,CLARABEL,optimal
2014-04-30,development,assertive,100000000.0,300.0,-0.019478161855289826,-0.02243726372798636,0.6595829793411268,0.022690877997125356,200,64,59,1.999999957840593,1.825607695571385e-08,0.012623678762542168,-0.045529721730109454,0.0400000029852199,0.020000000660542618,107.08052997380307,2.928402156075615,54697851.5625,0.00022811986615568812,0.00023098208206020083,0.0024999999244806454,0.0029591018726965344,0.3749796517496105,2,252,200,CLARABEL,optimal
2014-04-30,development,assertive,500000000.0,50.0,-0.019478161855289826,-0.020639440012596665,0.6595829793411268,0.022690877997125356,200,64,59,1.999999957840593,1.825607695571385e-08,0.012623678762542168,-0.045529721730109454,0.0400000029852199,0.020000000660542618,107.08052997380307,2.928402156075615,54697851.5625,0.00022811986615568812,0.0005164916370710437,0.0004166666540801075,0.0011612781573068394,1.8748982587480527,31,252,200,CLARABEL,optimal
2014-04-30,development,assertive,500000000.0,150.0,-0.019478161855289826,-0.02147277332075688,0.6595829793411268,0.022690877997125356,200,64,59,1.999999957840593,1.825607695571385e-08,0.012623678762542168,-0.045529721730109454,0.0400000029852199,0.020000000660542618,107.08052997380307,2.928402156075615,54697851.5625,0.00022811986615568812,0.0005164916370710437,0.0012499999622403227,0.0019946114654670545,1.8748982587480527,31,252,200,CLARABEL,optimal
2014-04-30,development,assertive,500000000.0,300.0,-0.019478161855289826,-0.022722773282997204,0.6595829793411268,0.022690877997125356,200,64,59,1.999999957840593,1.825607695571385e-08,0.012623678762542168,-0.045529721730109454,0.0400000029852199,0.020000000660542618,107.08052997380307,2.928402156075615,54697851.5625,0.00022811986615568812,0.0005164916370710437,0.0024999999244806454,0.003244611427707377,1.8748982587480527,31,252,200,CLARABEL,optimal
2014-05-30,development,assertive,10000000.0,50.0,-0.025126581168581474,-0.025937870581195052,0.7649876958958733,0.021682659197357304,200,61,57,1.9999999755618347,6.738631944114282e-09,0.017540346231258552,-0.04999986639940207,0.04000000065795464,0.020000000547824477,105.01073128882867,3.018289852901887,56585176.8,0.00032161866517096754,7.300408727110871e-05,0.00041666666017150063,0.000811289412613577,0.008861968203410888,0,252,200,CLARABEL,optimal
2014-05-30,development,assertive,10000000.0,150.0,-0.025126581168581474,-0.026771203901538053,0.7649876958958733,0.021682659197357304,200,61,57,1.9999999755618347,6.738631944114282e-09,0.017540346231258552,-0.04999986639940207,0.04000000065795464,0.020000000547824477,105.01073128882867,3.018289852901887,56585176.8,0.00032161866517096754,7.300408727110871e-05,0.0012499999805145022,0.0016446227329565783,0.008861968203410888,0,252,200,CLARABEL,optimal
2014-05-30,development,assertive,10000000.0,300.0,-0.025126581168581474,-0.028021203882052554,0.7649876958958733,0.021682659197357304,200,61,57,1.9999999755618347,6.738631944114282e-09,0.017540346231258552,-0.04999986639940207,0.04000000065795464,0.020000000547824477,105.01073128882867,3.018289852901887,56585176.8,0.00032161866517096754,7.300408727110871e-05,0.0024999999610290044,0.0028946227134710807,0.008861968203410888,0,252,200,CLARABEL,optimal
2014-05-30,development,assertive,100000000.0,50.0,-0.025126581168581474,-0.026095725688202353,0.7649876958958733,0.021682659197357304,200,61,57,1.9999999755618347,6.738631944114282e-09,0.017540346231258552,-0.04999986639940207,0.04000000065795464,0.020000000547824477,105.01073128882867,3.018289852901887,56585176.8,0.00032161866517096754,0.00023085919427840983,0.00041666666017150063,0.0009691445196208779,0.08861968203410889,0,252,200,CLARABEL,optimal
2014-05-30,development,assertive,100000000.0,150.0,-0.025126581168581474,-0.026929059008545354,0.7649876958958733,0.021682659197357304,200,61,57,1.9999999755618347,6.738631944114282e-09,0.017540346231258552,-0.04999986639940207,0.04000000065795464,0.020000000547824477,105.01073128882867,3.018289852901887,56585176.8,0.00032161866517096754,0.00023085919427840983,0.0012499999805145022,0.0018024778399638795,0.08861968203410889,0,252,200,CLARABEL,optimal
2014-05-30,development,assertive,100000000.0,300.0,-0.025126581168581474,-0.028179058989059855,0.7649876958958733,0.021682659197357304,200,61,57,1.9999999755618347,6.738631944114282e-09,0.017540346231258552,-0.04999986639940207,0.04000000065795464,0.020000000547824477,105.01073128882867,3.018289852901887,56585176.8,0.00032161866517096754,0.00023085919427840983,0.0024999999610290044,0.003052477820478382,0.08861968203410889,0,252,200,CLARABEL,optimal
2014-05-30,development,assertive,500000000.0,50.0,-0.025126581168581474,-0.026381083345561298,0.7649876958958733,0.021682659197357304,200,61,57,1.9999999755618347,6.738631944114282e-09,0.017540346231258552,-0.04999986639940207,0.04000000065795464,0.020000000547824477,105.01073128882867,3.018289852901887,56585176.8,0.00032161866517096754,0.0005162168516373548,0.00041666666017150063,0.001254502176979823,0.4430984101705444,29,252,200,CLARABEL,optimal
2014-05-30,development,assertive,500000000.0,150.0,-0.025126581168581474,-0.0272144166659043,0.7649876958958733,0.021682659197357304,200,61,57,1.9999999755618347,6.738631944114282e-09,0.017540346231258552,-0.04999986639940207,0.04000000065795464,0.020000000547824477,105.01073128882867,3.018289852901887,56585176.8,0.00032161866517096754,0.0005162168516373548,0.0012499999805145022,0.0020878354973228245,0.4430984101705444,29,252,200,CLARABEL,optimal
2014-05-30,development,assertive,500000000.0,300.0,-0.025126581168581474,-0.0284644166464188,0.7649876958958733,0.021682659197357304,200,61,57,1.9999999755618347,6.738631944114282e-09,0.017540346231258552,-0.04999986639940207,0.04000000065795464,0.020000000547824477,105.01073128882867,3.018289852901887,56585176.8,0.00032161866517096754,0.0005162168516373548,0.0024999999610290044,0.003337835477837327,0.4430984101705444,29,252,200,CLARABEL,optimal
2014-06-30,development,assertive,10000000.0,50.0,0.008978477172449251,0.008315859731740207,0.6546209930598783,-0.01233421934618033,200,64,62,1.9999999458442508,-2.514384270235759e-09,0.025407469091277363,-0.05000000438334304,0.039999998136126355,0.020000000585485327,107.2911020431607,2.898248525125435,51091112.76,0.00019369865851559753,5.225212628539814e-05,0.000416666655908049,0.0006626174407090447,0.013635838652671525,0,252,200,CLARABEL,optimal
2014-06-30,development,assertive,10000000.0,150.0,0.008978477172449251,0.007482526419924108,0.6546209930598783,-0.01233421934618033,200,64,62,1.9999999458442508,-2.514384270235759e-09,0.025407469091277363,-0.05000000438334304,0.039999998136126355,0.020000000585485327,107.2911020431607,2.898248525125435,51091112.76,0.00019369865851559753,5.225212628539814e-05,0.0012499999677241472,0.001495950752525143,0.013635838652671525,0,252,200,CLARABEL,optimal
2014-06-30,development,assertive,10000000.0,300.0,0.008978477172449251,0.006232526452199961,0.6546209930598783,-0.01233421934618033,200,64,62,1.9999999458442508,-2.514384270235759e-09,0.025407469091277363,-0.05000000438334304,0.039999998136126355,0.020000000585485327,107.2911020431607,2.898248525125435,51091112.76,0.00019369865851559753,5.225212628539814e-05,0.0024999999354482945,0.0027459507202492904,0.013635838652671525,0,252,200,CLARABEL,optimal
2014-06-30,development,assertive,100000000.0,50.0,0.008978477172449251,0.008202876126376994,0.6546209930598783,-0.01233421934618033,200,64,62,1.9999999458442508,-2.514384270235759e-09,0.025407469091277363,-0.05000000438334304,0.039999998136126355,0.020000000585485327,107.2911020431607,2.898248525125435,51091112.76,0.00019369865851559753,0.00016523573164861153,0.000416666655908049,0.0007756010460722581,0.13635838652671525,1,252,200,CLARABEL,optimal
2014-06-30,development,assertive,100000000.0,150.0,0.008978477172449251,0.007369542814560895,0.6546209930598783,-0.01233421934618033,200,64,62,1.9999999458442508,-2.514384270235759e-09,0.025407469091277363,-0.05000000438334304,0.039999998136126355,0.020000000585485327,107.2911020431607,2.898248525125435,51091112.76,0.00019369865851559753,0.00016523573164861153,0.0012499999677241472,0.0016089343578883563,0.13635838652671525,1,252,200,CLARABEL,optimal
2014-06-30,development,assertive,100000000.0,300.0,0.008978477172449251,0.006119542846836748,0.6546209930598783,-0.01233421934618033,200,64,62,1.9999999458442508,-2.514384270235759e-09,0.025407469091277363,-0.05000000438334304,0.039999998136126355,0.020000000585485327,107.2911020431607,2.898248525125435,51091112.76,0.00019369865851559753,0.00016523573164861153,0.0024999999354482945,0.0028589343256125036,0.13635838652671525,1,252,200,CLARABEL,optimal
2014-06-30,development,assertive,500000000.0,50.0,0.008978477172449251,0.007998633529747397,0.6546209930598783,-0.01233421934618033,200,64,62,1.9999999458442508,-2.514384270235759e-09,0.025407469091277363,-0.05000000438334304,0.039999998136126355,0.020000000585485327,107.2911020431607,2.898248525125435,51091112.76,0.00019369865851559753,0.0003694783282782088,0.000416666655908049,0.0009798436427018553,0.6817919326335763,26,252,200,CLARABEL,optimal
2014-06-30,development,assertive,500000000.0,150.0,0.008978477172449251,0.0071653002179312975,0.6546209930598783,-0.01233421934618033,200,64,62,1.9999999458442508,-2.514384270235759e-09,0.025407469091277363,-0.05000000438334304,0.039999998136126355,0.020000000585485327,107.2911020431607,2.898248525125435,51091112.76,0.00019369865851559753,0.0003694783282782088,0.0012499999677241472,0.0018131769545179535,0.6817919326335763,26,252,200,CLARABEL,optimal
2014-06-30,development,assertive,500000000.0,300.0,0.008978477172449251,0.00591530025020715,0.6546209930598783,-0.01233421934618033,200,64,62,1.9999999458442508,-2.514384270235759e-09,0.025407469091277363,-0.05000000438334304,0.039999998136126355,0.020000000585485327,107.2911020431607,2.898248525125435,51091112.76,0.00019369865851559753,0.0003694783282782088,0.0024999999354482945,0.0030631769222421007,0.6817919326335763,26,252,200,CLARABEL,optimal
2014-07-31,development,assertive,10000000.0,50.0,0.014022211112831898,0.013188768364006365,1.012237819961407,0.04136283356309009,200,63,61,1.9999999662115506,-8.34557867951391e-09,0.031370289183001,-0.04999999325832463,0.03999999839361776,0.02000000049868475,107.09118367861537,2.8559250701337344,51114883.1575,0.00029683221054755836,0.00011994387691190579,0.0004166666613660686,0.0008334427488255328,0.01771569744753695,0,252,200,CLARABEL,optimal
2014-07-31,development,assertive,10000000.0,150.0,0.014022211112831898,0.012355435041274229,1.012237819961407,0.04136283356309009,200,63,61,1.9999999662115506,-8.34557867951391e-09,0.031370289183001,-0.04999999325832463,0.03999999839361776,0.02000000049868475,107.09118367861537,2.8559250701337344,51114883.1575,0.00029683221054755836,0.00011994387691190579,0.0012499999840982058,0.00166677607155767,0.01771569744753695,0,252,200,CLARABEL,optimal
2014-07-31,development,assertive,10000000.0,300.0,0.014022211112831898,0.011105435057176021,1.012237819961407,0.04136283356309009,200,63,61,1.9999999662115506,-8.34557867951391e-09,0.031370289183001,-0.04999999325832463,0.03999999839361776,0.02000000049868475,107.09118367861537,2.8559250701337344,51114883.1575,0.00029683221054755836,0.00011994387691190579,0.0024999999681964116,0.002916776055655876,0.01771569744753695,0,252,200,CLARABEL,optimal
2014-07-31,development,assertive,100000000.0,50.0,0.014022211112831898,0.012929416398485766,1.012237819961407,0.04136283356309009,200,63,61,1.9999999662115506,-8.34557867951391e-09,0.031370289183001,-0.04999999325832463,0.03999999839361776,0.02000000049868475,107.09118367861537,2.8559250701337344,51114883.1575,0.00029683221054755836,0.00037929584243250546,0.0004166666613660686,0.0010927947143461324,0.1771569744753695,2,252,200,CLARABEL,optimal
2014-07-31,development,assertive,100000000.0,150.0,0.014022211112831898,0.012096083075753628,1.012237819961407,0.04136283356309009,200,63,61,1.9999999662115506,-8.34557867951391e-09,0.031370289183001,-0.04999999325832463,0.03999999839361776,0.02000000049868475,107.09118367861537,2.8559250701337344,51114883.1575,0.00029683221054755836,0.00037929584243250546,0.0012499999840982058,0.0019261280370782697,0.1771569744753695,2,252,200,CLARABEL,optimal
2014-07-31,development,assertive,100000000.0,300.0,0.014022211112831898,0.010846083091655422,1.012237819961407,0.04136283356309009,200,63,61,1.9999999662115506,-8.34557867951391e-09,0.031370289183001,-0.04999999325832463,0.03999999839361776,0.02000000049868475,107.09118367861537,2.8559250701337344,51114883.1575,0.00029683221054755836,0.00037929584243250546,0.0024999999681964116,0.0031761280211764754,0.1771569744753695,2,252,200,CLARABEL,optimal
2014-07-31,development,assertive,500000000.0,50.0,0.014022211112831898,0.012460580953656139,1.012237819961407,0.04136283356309009,200,63,61,1.9999999662115506,-8.34557867951391e-09,0.031370289183001,-0.04999999325832463,0.03999999839361776,0.02000000049868475,107.09118367861537,2.8559250701337344,51114883.1575,0.00029683221054755836,0.0008481312872621314,0.0004166666613660686,0.0015616301591757586,0.8857848723768474,40,252,200,CLARABEL,optimal
2014-07-31,development,assertive,500000000.0,150.0,0.014022211112831898,0.011627247630924003,1.012237819961407,0.04136283356309009,200,63,61,1.9999999662115506,-8.34557867951391e-09,0.031370289183001,-0.04999999325832463,0.03999999839361776,0.02000000049868475,107.09118367861537,2.8559250701337344,51114883.1575,0.00029683221054755836,0.0008481312872621314,0.0012499999840982058,0.0023949634819078955,0.8857848723768474,40,252,200,CLARABEL,optimal
2014-07-31,development,assertive,500000000.0,300.0,0.014022211112831898,0.010377247646825797,1.012237819961407,0.04136283356309009,200,63,61,1.9999999662115506,-8.34557867951391e-09,0.031370289183001,-0.04999999325832463,0.03999999839361776,0.02000000049868475,107.09118367861537,2.8559250701337344,51114883.1575,0.00029683221054755836,0.0008481312872621314,0.0024999999681964116,0.0036449634660061015,0.8857848723768474,40,252,200,CLARABEL,optimal
2014-08-29,development,assertive,10000000.0,50.0,0.0064702338319151485,0.005740371476959863,0.8766717901514401,-0.016621940902573868,200,61,65,1.9999999862555158,4.791323449104823e-10,0.04999999923159404,-0.05000000613266724,0.04000000148761623,0.020000000443618646,106.58145968409072,2.4692492995704063,49461590.34374999,0.00023725563897675697,7.594005227511502e-05,0.0004166666637034132,0.0007298623549552852,0.06294269821901909,0,252,200,CLARABEL,optimal
2014-08-29,development,assertive,10000000.0,150.0,0.0064702338319151485,0.0049070381495530365,0.8766717901514401,-0.016621940902573868,200,61,65,1.9999999862555158,4.791323449104823e-10,0.04999999923159404,-0.05000000613266724,0.04000000148761623,0.020000000443618646,106.58145968409072,2.4692492995704063,49461590.34374999,0.00023725563897675697,7.594005227511502e-05,0.0012499999911102398,0.0015631956823621118,0.06294269821901909,0,252,200,CLARABEL,optimal
2014-08-29,development,assertive,10000000.0,300.0,0.0064702338319151485,0.0036570381584427967,0.8766717901514401,-0.016621940902573868,200,61,65,1.9999999862555158,4.791323449104823e-10,0.04999999923159404,-0.05000000613266724,0.04000000148761623,0.020000000443618646,106.58145968409072,2.4692492995704063,49461590.34374999,0.00023725563897675697,7.594005227511502e-05,0.0024999999822204796,0.0028131956734723518,0.06294269821901909,0,252,200,CLARABEL,optimal
2014-08-29,development,assertive,100000000.0,50.0,0.0064702338319151485,0.005576167998413363,0.8766717901514401,-0.016621940902573868,200,61,65,1.9999999862555158,4.791323449104823e-10,0.04999999923159404,-0.05000000613266724,0.04000000148761623,0.020000000443618646,106.58145968409072,2.4692492995704063,49461590.34374999,0.00023725563897675697,0.0002401435308216151,0.0004166666637034132,0.0008940658335017853,0.6294269821901909,2,252,200,CLARABEL,optimal
2014-08-29,development,assertive,100000000.0,150.0,0.0064702338319151485,0.004742834671006536,0.8766717901514401,-0.016621940902573868,200,61,65,1.9999999862555158,4.791323449104823e-10,0.04999999923159404,-0.05000000613266724,0.04000000148761623,0.020000000443618646,106.58145968409072,2.4692492995704063,49461590.34374999,0.00023725563897675697,0.0002401435308216151,0.0012499999911102398,0.0017273991609086119,0.6294269821901909,2,252,200,CLARABEL,optimal
2014-08-29,development,assertive,100000000.0,300.0,0.0064702338319151485,0.0034928346798962966,0.8766717901514401,-0.016621940902573868,200,61,65,1.9999999862555158,4.791323449104823e-10,0.04999999923159404,-0.05000000613266724,0.04000000148761623,0.020000000443618646,106.58145968409072,2.4692492995704063,49461590.34374999,0.00023725563897675697,0.0002401435308216151,0.0024999999822204796,0.002977399152018852,0.6294269821901909,2,252,200,CLARABEL,optimal
2014-08-29,development,assertive,500000000.0,50.0,0.0064702338319151485,0.005279334269961031,0.8766717901514401,-0.016621940902573868,200,61,65,1.9999999862555158,4.791323449104823e-10,0.04999999923159404,-0.05000000613266724,0.04000000148761623,0.020000000443618646,106.58145968409072,2.4692492995704063,49461590.34374999,0.00023725563897675697,0.0005369772592739473,0.0004166666637034132,0.0011908995619541174,3.1471349109509545,39,252,200,CLARABEL,optimal
2014-08-29,development,assertive,500000000.0,150.0,0.0064702338319151485,0.004446000942554204,0.8766717901514401,-0.016621940902573868,200,61,65,1.9999999862555158,4.791323449104823e-10,0.04999999923159404,-0.05000000613266724,0.04000000148761623,0.020000000443618646,106.58145968409072,2.4692492995704063,49461590.34374999,0.00023725563897675697,0.0005369772592739473,0.0012499999911102398,0.002024232889360944,3.1471349109509545,39,252,200,CLARABEL,optimal
2014-08-29,development,assertive,500000000.0,300.0,0.0064702338319151485,0.0031960009514439645,0.8766717901514401,-0.016621940902573868,200,61,65,1.9999999862555158,4.791323449104823e-10,0.04999999923159404,-0.05000000613266724,0.04000000148761623,0.020000000443618646,106.58145968409072,2.4692492995704063,49461590.34374999,0.00023725563897675697,0.0005369772592739473,0.0024999999822204796,0.003274232880471184,3.1471349109509545,39,252,200,CLARABEL,optimal
2014-09-30,development,assertive,10000000.0,50.0,0.001566894918577903,0.0007054994280419117,1.091095360576731,0.022356499873493783,200,60,60,1.999999977986393,-8.994509123616545e-09,0.03162221299953159,-0.049999987800237414,0.04000000001395817,0.02000000035014277,106.39899238939302,2.559179910314737,46709153.082499996,0.00033865280041362725,0.00010607602616800947,0.00041666666395435466,0.0008613954905359914,0.012220188241539663,0,252,200,CLARABEL,optimal
2014-09-30,development,assertive,10000000.0,150.0,0.001566894918577903,-0.00012783389986679734,1.091095360576731,0.022356499873493783,200,60,60,1.999999977986393,-8.994509123616545e-09,0.03162221299953159,-0.049999987800237414,0.04000000001395817,0.02000000035014277,106.39899238939302,2.559179910314737,46709153.082499996,0.00033865280041362725,0.00010607602616800947,0.0012499999918630638,0.0016947288184447004,0.012220188241539663,0,252,200,CLARABEL,optimal
2014-09-30,development,assertive,10000000.0,300.0,0.001566894918577903,-0.0013778338917298611,1.091095360576731,0.022356499873493783,200,60,60,1.999999977986393,-8.994509123616545e-09,0.03162221299953159,-0.049999987800237414,0.04000000001395817,0.02000000035014277,106.39899238939302,2.559179910314737,46709153.082499996,0.00033865280041362725,0.00010607602616800947,0.0024999999837261276,0.0029447288103077642,0.012220188241539663,0,252,200,CLARABEL,optimal
2014-09-30,development,assertive,100000000.0,50.0,0.001566894918577903,0.00047613360637938844,1.091095360576731,0.022356499873493783,200,60,60,1.999999977986393,-8.994509123616545e-09,0.03162221299953159,-0.049999987800237414,0.04000000001395817,0.02000000035014277,106.39899238939302,2.559179910314737,46709153.082499996,0.00033865280041362725,0.0003354418478305327,0.00041666666395435466,0.0010907613121985146,0.12220188241539666,3,252,200,CLARABEL,optimal
2014-09-30,development,assertive,100000000.0,150.0,0.001566894918577903,-0.00035719972152932055,1.091095360576731,0.022356499873493783,200,60,60,1.999999977986393,-8.994509123616545e-09,0.03162221299953159,-0.049999987800237414,0.04000000001395817,0.02000000035014277,106.39899238939302,2.559179910314737,46709153.082499996,0.00033865280041362725,0.0003354418478305327,0.0012499999918630638,0.0019240946401072236,0.12220188241539666,3,252,200,CLARABEL,optimal
2014-09-30,development,assertive,100000000.0,300.0,0.001566894918577903,-0.0016071997133923844,1.091095360576731,0.022356499873493783,200,60,60,1.999999977986393,-8.994509123616545e-09,0.03162221299953159,-0.049999987800237414,0.04000000001395817,0.02000000035014277,106.39899238939302,2.559179910314737,46709153.082499996,0.00033865280041362725,0.0003354418478305327,0.0024999999837261276,0.0031740946319702874,0.12220188241539666,3,252,200,CLARABEL,optimal
2014-09-30,development,assertive,500000000.0,50.0,0.001566894918577903,6.150467996270982e-05,1.091095360576731,0.022356499873493783,200,60,60,1.999999977986393,-8.994509123616545e-09,0.03162221299953159,-0.049999987800237414,0.04000000001395817,0.02000000035014277,106.39899238939302,2.559179910314737,46709153.082499996,0.00033865280041362725,0.0007500707742472115,0.00041666666395435466,0.0015053902386151933,0.6110094120769832,43,252,200,CLARABEL,optimal
2014-09-30,development,assertive,500000000.0,150.0,0.001566894918577903,-0.0007718286479459994,1.091095360576731,0.022356499873493783,200,60,60,1.999999977986393,-8.994509123616545e-09,0.03162221299953159,-0.049999987800237414,0.04000000001395817,0.02000000035014277,106.39899238939302,2.559179910314737,46709153.082499996,0.00033865280041362725,0.0007500707742472115,0.0012499999918630638,0.0023387235665239025,0.6110094120769832,43,252,200,CLARABEL,optimal
2014-09-30,development,assertive,500000000.0,300.0,0.001566894918577903,-0.002021828639809063,1.091095360576731,0.022356499873493783,200,60,60,1.999999977986393,-8.994509123616545e-09,0.03162221299953159,-0.049999987800237414,0.04000000001395817,0.02000000035014277,106.39899238939302,2.559179910314737,46709153.082499996,0.00033865280041362725,0.0007500707742472115,0.0024999999837261276,0.0035887235583869663,0.6110094120769832,43,252,200,CLARABEL,optimal
2014-10-31,development,assertive,10000000.0,50.0,0.022301989051784394,0.02151748322315583,0.8827549802087539,0.03022987369883794,200,59,65,1.9999999809889726,5.145488946381449e-09,0.047552899705975135,-0.05000000532386651,0.03999999968581624,0.02000000028674517,106.06436594246595,2.4671454383304634,51931066.69,0.0002840364573873748,8.380270960712735e-05,0.0004166666616340591,0.0007845058286285613,0.024952212592106053,0,252,200,CLARABEL,optimal
2014-10-31,development,assertive,10000000.0,150.0,0.022301989051784394,0.020684149899887715,0.8827549802087539,0.03022987369883794,200,59,65,1.9999999809889726,5.145488946381449e-09,0.047552899705975135,-0.05000000532386651,0.03999999968581624,0.02000000028674517,106.06436594246595,2.4671454383304634,51931066.69,0.0002840364573873748,8.380270960712735e-05,0.0012499999849021775,0.0016178391518966797,0.024952212592106053,0,252,200,CLARABEL,optimal
2014-10-31,development,assertive,10000000.0,300.0,0.022301989051784394,0.019434149914985537,0.8827549802087539,0.03022987369883794,200,59,65,1.9999999809889726,5.145488946381449e-09,0.047552899705975135,-0.05000000532386651,0.03999999968581624,0.02000000028674517,106.06436594246595,2.4671454383304634,51931066.69,0.0002840364573873748,8.380270960712735e-05,0.002499999969804355,0.002867839136798857,0.024952212592106053,0,252,200,CLARABEL,optimal
2014-10-31,development,assertive,100000000.0,50.0,0.022301989051784394,0.021336278496310764,0.8827549802087539,0.03022987369883794,200,59,65,1.9999999809889726,5.145488946381449e-09,0.047552899705975135,-0.05000000532386651,0.03999999968581624,0.02000000028674517,106.06436594246595,2.4671454383304634,51931066.69,0.0002840364573873748,0.0002650074364521968,0.0004166666616340591,0.0009657105554736307,0.24952212592106052,2,252,200,CLARABEL,optimal
2014-10-31,development,assertive,100000000.0,150.0,0.022301989051784394,0.020502945173042644,0.8827549802087539,0.03022987369883794,200,59,65,1.9999999809889726,5.145488946381449e-09,0.047552899705975135,-0.05000000532386651,0.03999999968581624,0.02000000028674517,106.06436594246595,2.4671454383304634,51931066.69,0.0002840364573873748,0.0002650074364521968,0.0012499999849021775,0.0017990438787417492,0.24952212592106052,2,252,200,CLARABEL,optimal
2014-10-31,development,assertive,100000000.0,300.0,0.022301989051784394,0.01925294518814047,0.8827549802087539,0.03022987369883794,200,59,65,1.9999999809889726,5.145488946381449e-09,0.047552899705975135,-0.05000000532386651,0.03999999968581624,0.02000000028674517,106.06436594246595,2.4671454383304634,51931066.69,0.0002840364573873748,0.0002650074364521968,0.002499999969804355,0.0030490438636439268,0.24952212592106052,2,252,200,CLARABEL,optimal
2014-10-31,development,assertive,500000000.0,50.0,0.022301989051784394,0.02100871129031289,0.8827549802087539,0.03022987369883794,200,59,65,1.9999999809889726,5.145488946381449e-09,0.047552899705975135,-0.05000000532386651,0.03999999968581624,0.02000000028674517,106.06436594246595,2.4671454383304634,51931066.69,0.0002840364573873748,0.0005925746424500678,0.0004166666616340591,0.0012932777614715018,1.2476106296053027,35,252,200,CLARABEL,optimal
2014-10-31,development,assertive,500000000.0,150.0,0.022301989051784394,0.020175377967044772,0.8827549802087539,0.03022987369883794,200,59,65,1.9999999809889726,5.145488946381449e-09,0.047552899705975135,-0.05000000532386651,0.03999999968581624,0.02000000028674517,106.06436594246595,2.4671454383304634,51931066.69,0.0002840364573873748,0.0005925746424500678,0.0012499999849021775,0.0021266110847396203,1.2476106296053027,35,252,200,CLARABEL,optimal
2014-10-31,development,assertive,500000000.0,300.0,0.022301989051784394,0.018925377982142597,0.8827549802087539,0.03022987369883794,200,59,65,1.9999999809889726,5.145488946381449e-09,0.047552899705975135,-0.05000000532386651,0.03999999968581624,0.02000000028674517,106.06436594246595,2.4671454383304634,51931066.69,0.0002840364573873748,0.0005925746424500678,0.002499999969804355,0.0033766110696417974,1.2476106296053027,35,252,200,CLARABEL,optimal
2014-11-28,development,assertive,10000000.0,50.0,0.017547255999455686,0.01672229407713814,0.8370999998276583,-0.015552921329852044,200,57,63,1.9999999868950762,1.0352818421988097e-08,0.03834901213962677,-0.05000000210912299,0.03427500445960402,0.02000000027099557,105.47225416000406,2.641922084508334,52324475.182500005,0.0003027948143636873,0.00010550044617422215,0.0004166666617796371,0.0008249619223175466,0.013784567139810293,0,252,200,CLARABEL,optimal
2014-11-28,development,assertive,10000000.0,150.0,0.017547255999455686,0.015888960753578867,0.8370999998276583,-0.015552921329852044,200,57,63,1.9999999868950762,1.0352818421988097e-08,0.03834901213962677,-0.05000000210912299,0.03427500445960402,0.02000000027099557,105.47225416000406,2.641922084508334,52324475.182500005,0.0003027948143636873,0.00010550044617422215,0.001249999985338911,0.0016582952458768206,0.013784567139810293,0,252,200,CLARABEL,optimal
2014-11-28,development,assertive,10000000.0,300.0,0.017547255999455686,0.014638960768239954,0.8370999998276583,-0.015552921329852044,200,57,63,1.9999999868950762,1.0352818421988097e-08,0.03834901213962677,-0.05000000210912299,0.03427500445960402,0.02000000027099557,105.47225416000406,2.641922084508334,52324475.182500005,0.0003027948143636873,0.00010550044617422215,0.002499999970677822,0.0029082952312157314,0.013784567139810293,0,252,200,CLARABEL,optimal
2014-11-28,development,assertive,100000000.0,50.0,0.017547255999455686,0.01649417281923782,0.8370999998276583,-0.015552921329852044,200,57,63,1.9999999868950762,1.0352818421988097e-08,0.03834901213962677,-0.05000000210912299,0.03427500445960402,0.02000000027099557,105.47225416000406,2.641922084508334,52324475.182500005,0.0003027948143636873,0.0003336217040745392,0.0004166666617796371,0.0010530831802178636,0.13784567139810294,3,252,200,CLARABEL,optimal
2014-11-28,development,assertive,100000000.0,150.0,0.017547255999455686,0.01566083949567855,0.8370999998276583,-0.015552921329852044,200,57,63,1.9999999868950762,1.0352818421988097e-08,0.03834901213962677,-0.05000000210912299,0.03427500445960402,0.02000000027099557,105.47225416000406,2.641922084508334,52324475.182500005,0.0003027948143636873,0.0003336217040745392,0.001249999985338911,0.0018864165037771375,0.13784567139810294,3,252,200,CLARABEL,optimal
2014-11-28,development,assertive,100000000.0,300.0,0.017547255999455686,0.014410839510339637,0.8370999998276583,-0.015552921329852044,200,57,63,1.9999999868950762,1.0352818421988097e-08,0.03834901213962677,-0.05000000210912299,0.03427500445960402,0.02000000027099557,105.47225416000406,2.641922084508334,52324475.182500005,0.0003027948143636873,0.0003336217040745392,0.002499999970677822,0.0031364164891160484,0.13784567139810294,3,252,200,CLARABEL,optimal
2014-11-28,development,assertive,500000000.0,50.0,0.017547255999455686,0.01608179371423237,0.8370999998276583,-0.015552921329852044,200,57,63,1.9999999868950762,1.0352818421988097e-08,0.03834901213962677,-0.05000000210912299,0.03427500445960402,0.02000000027099557,105.47225416000406,2.641922084508334,52324475.182500005,0.0003027948143636873,0.0007460008090799883,0.0004166666617796371,0.0014654622852233127,0.6892283569905147,33,252,200,CLARABEL,optimal
2014-11-28,development,assertive,500000000.0,150.0,0.017547255999455686,0.0152484603906731,0.8370999998276583,-0.015552921329852044,200,57,63,1.9999999868950762,1.0352818421988097e-08,0.03834901213962677,-0.05000000210912299,0.03427500445960402,0.02000000027099557,105.47225416000406,2.641922084508334,52324475.182500005,0.0003027948143636873,0.0007460008090799883,0.001249999985338911,0.0022987956087825866,0.6892283569905147,33,252,200,CLARABEL,optimal
2014-11-28,development,assertive,500000000.0,300.0,0.017547255999455686,0.013998460405334189,0.8370999998276583,-0.015552921329852044,200,57,63,1.9999999868950762,1.0352818421988097e-08,0.03834901213962677,-0.05000000210912299,0.03427500445960402,0.02000000027099557,105.47225416000406,2.641922084508334,52324475.182500005,0.0003027948143636873,0.0007460008090799883,0.002499999970677822,0.0035487955941214976,0.6892283569905147,33,252,200,CLARABEL,optimal
2014-12-31,development,assertive,10000000.0,50.0,-0.006447504904541379,-0.007185369417845213,0.7384487058137976,-0.025478725533172635,200,58,62,1.9999999829677795,-3.1946141287875207e-09,0.04102398834782234,-0.05000000540281137,0.03999998792801679,0.0200000004560081,105.98924824595609,2.5100741126071373,58154119.5825,0.0002481586330567822,7.303921646321986e-05,0.000416666663783832,0.0007378645133038341,0.019933500813713253,0,252,200,CLARABEL,optimal
2014-12-31,development,assertive,10000000.0,150.0,-0.006447504904541379,-0.008018702745412876,0.7384487058137976,-0.025478725533172635,200,58,62,1.9999999829677795,-3.1946141287875207e-09,0.04102398834782234,-0.05000000540281137,0.03999998792801679,0.0200000004560081,105.98924824595609,2.5100741126071373,58154119.5825,0.0002481586330567822,7.303921646321986e-05,0.001249999991351496,0.0015711978408714982,0.019933500813713253,0,252,200,CLARABEL,optimal
2014-12-31,development,assertive,10000000.0,300.0,-0.006447504904541379,-0.009268702736764374,0.7384487058137976,-0.025478725533172635,200,58,62,1.9999999829677795,-3.1946141287875207e-09,0.04102398834782234,-0.05000000540281137,0.03999998792801679,0.0200000004560081,105.98924824595609,2.5100741126071373,58154119.5825,0.0002481586330567822,7.303921646321986e-05,0.002499999982702992,0.002821197832222994,0.019933500813713253,0,252,200,CLARABEL,optimal
2014-12-31,development,assertive,100000000.0,50.0,-0.006447504904541379,-0.007343300483919836,0.7384487058137976,-0.025478725533172635,200,58,62,1.9999999829677795,-3.1946141287875207e-09,0.04102398834782234,-0.05000000540281137,0.03999998792801679,0.0200000004560081,105.98924824595609,2.5100741126071373,58154119.5825,0.0002481586330567822,0.00023097028253784267,0.000416666663783832,0.0008957955793784569,0.19933500813713256,2,252,200,CLARABEL,optimal
2014-12-31,development,assertive,100000000.0,150.0,-0.006447504904541379,-0.0081766338114875,0.7384487058137976,-0.025478725533172635,200,58,62,1.9999999829677795,-3.1946141287875207e-09,0.04102398834782234,-0.05000000540281137,0.03999998792801679,0.0200000004560081,105.98924824595609,2.5100741126071373,58154119.5825,0.0002481586330567822,0.00023097028253784267,0.001249999991351496,0.001729128906946121,0.19933500813713256,2,252,200,CLARABEL,optimal
2014-12-31,development,assertive,100000000.0,300.0,-0.006447504904541379,-0.009426633802838997,0.7384487058137976,-0.025478725533172635,200,58,62,1.9999999829677795,-3.1946141287875207e-09,0.04102398834782234,-0.05000000540281137,0.03999998792801679,0.0200000004560081,105.98924824595609,2.5100741126071373,58154119.5825,0.0002481586330567822,0.00023097028253784267,0.002499999982702992,0.002979128898297617,0.19933500813713256,2,252,200,CLARABEL,optimal
2014-12-31,development,assertive,500000000.0,50.0,-0.006447504904541379,-0.007628795453918942,0.7384487058137976,-0.025478725533172635,200,58,62,1.9999999829677795,-3.1946141287875207e-09,0.04102398834782234,-0.05000000540281137,0.03999998792801679,0.0200000004560081,105.98924824595609,2.5100741126071373,58154119.5825,0.0002481586330567822,0.0005164652525369488,0.000416666663783832,0.001181290549377563,0.9966750406856628,28,252,200,CLARABEL,optimal
2014-12-31,development,assertive,500000000.0,150.0,-0.006447504904541379,-0.008462128781486606,0.7384487058137976,-0.025478725533172635,200,58,62,1.9999999829677795,-3.1946141287875207e-09,0.04102398834782234,-0.05000000540281137,0.03999998792801679,0.0200000004560081,105.98924824595609,2.5100741126071373,58154119.5825,0.0002481586330567822,0.0005164652525369488,0.001249999991351496,0.002014623876945227,0.9966750406856628,28,252,200,CLARABEL,optimal
2014-12-31,development,assertive,500000000.0,300.0,-0.006447504904541379,-0.009712128772838103,0.7384487058137976,-0.025478725533172635,200,58,62,1.9999999829677795,-3.1946141287875207e-09,0.04102398834782234,-0.05000000540281137,0.03999998792801679,0.0200000004560081,105.98924824595609,2.5100741126071373,58154119.5825,0.0002481586330567822,0.0005164652525369488,0.002499999982702992,0.003264623868296723,0.9966750406856628,28,252,200,CLARABEL,optimal
2015-01-30,development,assertive,10000000.0,50.0,0.0042445874203745,0.00341210431765416,0.9913594783228977,0.06347530708841988,200,59,60,1.9999999703466638,-1.1436607549875077e-08,0.027610411956005887,-0.042222943971752885,0.03318501401315078,0.020000000616178147,105.52522407493394,2.5185766419563675,55849516.472500004,0.00031530020325107365,0.00010051623659775176,0.0004166666628715149,0.0008324831027203402,0.008458614842353343,0,252,200,CLARABEL,optimal
2015-01-30,development,assertive,10000000.0,150.0,0.0042445874203745,0.0025787709919111302,0.9913594783228977,0.06347530708841988,200,59,60,1.9999999703466638,-1.1436607549875077e-08,0.027610411956005887,-0.042222943971752885,0.03318501401315078,0.020000000616178147,105.52522407493394,2.5185766419563675,55849516.472500004,0.00031530020325107365,0.00010051623659775176,0.0012499999886145445,0.00166581642846337,0.008458614842353343,0,252,200,CLARABEL,optimal
2015-01-30,development,assertive,10000000.0,300.0,0.0042445874203745,0.0013287710032965855,0.9913594783228977,0.06347530708841988,200,59,60,1.9999999703466638,-1.1436607549875077e-08,0.027610411956005887,-0.042222943971752885,0.03318501401315078,0.020000000616178147,105.52522407493394,2.5185766419563675,55849516.472500004,0.00031530020325107365,0.00010051623659775176,0.002499999977229089,0.0029158164170779146,0.008458614842353343,0,252,200,CLARABEL,optimal
2015-01-30,development,assertive,100000000.0,50.0,0.0042445874203745,0.0031947603047746418,0.9913594783228977,0.06347530708841988,200,59,60,1.9999999703466638,-1.1436607549875077e-08,0.027610411956005887,-0.042222943971752885,0.03318501401315078,0.020000000616178147,105.52522407493394,2.5185766419563675,55849516.472500004,0.00031530020325107365,0.0003178602494772697,0.0004166666628715149,0.0010498271155998582,0.08458614842353343,0,252,200,CLARABEL,optimal
2015-01-30,development,assertive,100000000.0,150.0,0.0042445874203745,0.0023614269790316125,0.9913594783228977,0.06347530708841988,200,59,60,1.9999999703466638,-1.1436607549875077e-08,0.027610411956005887,-0.042222943971752885,0.03318501401315078,0.020000000616178147,105.52522407493394,2.5185766419563675,55849516.472500004,0.00031530020325107365,0.0003178602494772697,0.0012499999886145445,0.0018831604413428878,0.08458614842353343,0,252,200,CLARABEL,optimal
2015-01-30,development,assertive,100000000.0,300.0,0.0042445874203745,0.0011114269904170678,0.9913594783228977,0.06347530708841988,200,59,60,1.9999999703466638,-1.1436607549875077e-08,0.027610411956005887,-0.042222943971752885,0.03318501401315078,0.020000000616178147,105.52522407493394,2.5185766419563675,55849516.472500004,0.00031530020325107365,0.0003178602494772697,0.002499999977229089,0.0031331604299574324,0.08458614842353343,0,252,200,CLARABEL,optimal
2015-01-30,development,assertive,500000000.0,50.0,0.0042445874203745,0.002801863429075695,0.9913594783228977,0.06347530708841988,200,59,60,1.9999999703466638,-1.1436607549875077e-08,0.027610411956005887,-0.042222943971752885,0.03318501401315078,0.020000000616178147,105.52522407493394,2.5185766419563675,55849516.472500004,0.00031530020325107365,0.000710757125176217,0.0004166666628715149,0.0014427239912988053,0.4229307421176671,36,252,200,CLARABEL,optimal
2015-01-30,development,assertive,500000000.0,150.0,0.0042445874203745,0.001968530103332665,0.9913594783228977,0.06347530708841988,200,59,60,1.9999999703466638,-1.1436607549875077e-08,0.027610411956005887,-0.042222943971752885,0.03318501401315078,0.020000000616178147,105.52522407493394,2.5185766419563675,55849516.472500004,0.00031530020325107365,0.000710757125176217,0.0012499999886145445,0.0022760573170418352,0.4229307421176671,36,252,200,CLARABEL,optimal
2015-01-30,development,assertive,500000000.0,300.0,0.0042445874203745,0.0007185301147181206,0.9913594783228977,0.06347530708841988,200,59,60,1.9999999703466638,-1.1436607549875077e-08,0.027610411956005887,-0.042222943971752885,0.03318501401315078,0.020000000616178147,105.52522407493394,2.5185766419563675,55849516.472500004,0.00031530020325107365,0.000710757125176217,0.002499999977229089,0.0035260573056563795,0.4229307421176671,36,252,200,CLARABEL,optimal
2015-02-27,development,assertive,10000000.0,50.0,-0.014044917607506726,-0.015052309458100554,1.4503082536200012,-0.02090627800348543,200,64,57,1.9999999596155158,-6.250081979741751e-09,0.04552406881397458,-0.049999997985413755,0.04000000068312704,0.020000000557688396,106.49215523970565,2.7601149880093083,55792367.89,0.00044204239305730423,0.00014868279798119037,0.0004166666595553329,0.0010073918505938274,0.009514771707157282,0,252,200,CLARABEL,optimal
2015-02-27,development,assertive,10000000.0,150.0,-0.014044917607506726,-0.015885642777211217,1.4503082536200012,-0.02090627800348543,200,64,57,1.9999999596155158,-6.250081979741751e-09,0.04552406881397458,-0.049999997985413755,0.04000000068312704,0.020000000557688396,106.49215523970565,2.7601149880093083,55792367.89,0.00044204239305730423,0.00014868279798119037,0.0012499999786659986,0.0018407251697044932,0.009514771707157282,0,252,200,CLARABEL,optimal
2015-02-27,development,assertive,10000000.0,300.0,-0.014044917607506726,-0.017135642755877218,1.4503082536200012,-0.02090627800348543,200,64,57,1.9999999596155158,-6.250081979741751e-09,0.04552406881397458,-0.049999997985413755,0.04000000068312704,0.020000000557688396,106.49215523970565,2.7601149880093083,55792367.89,0.00044204239305730423,0.00014868279798119037,0.0024999999573319972,0.003090725148370492,0.009514771707157282,0,252,200,CLARABEL,optimal
2015-02-27,development,assertive,100000000.0,50.0,-0.014044917607506726,-0.01537380295062661,1.4503082536200012,-0.02090627800348543,200,64,57,1.9999999596155158,-6.250081979741751e-09,0.04552406881397458,-0.049999997985413755,0.04000000068312704,0.020000000557688396,106.49215523970565,2.7601149880093083,55792367.89,0.00044204239305730423,0.0004701762905072466,0.0004166666595553329,0.0013288853431198838,0.09514771707157281,0,252,200,CLARABEL,optimal
2015-02-27,development,assertive,100000000.0,150.0,-0.014044917607506726,-0.016207136269737275,1.4503082536200012,-0.02090627800348543,200,64,57,1.9999999596155158,-6.250081979741751e-09,0.04552406881397458,-0.049999997985413755,0.04000000068312704,0.020000000557688396,106.49215523970565,2.7601149880093083,55792367.89,0.00044204239305730423,0.0004701762905072466,0.0012499999786659986,0.0021622186622305495,0.09514771707157281,0,252,200,CLARABEL,optimal
2015-02-27,development,assertive,100000000.0,300.0,-0.014044917607506726,-0.017457136248403275,1.4503082536200012,-0.02090627800348543,200,64,57,1.9999999596155158,-6.250081979741751e-09,0.04552406881397458,-0.049999997985413755,0.04000000068312704,0.020000000557688396,106.49215523970565,2.7601149880093083,55792367.89,0.00044204239305730423,0.0004701762905072466,0.0024999999573319972,0.0034122186408965484,0.09514771707157281,0,252,200,CLARABEL,optimal
2015-02-27,development,assertive,500000000.0,50.0,-0.014044917607506726,-0.015954972807102254,1.4503082536200012,-0.02090627800348543,200,64,57,1.9999999596155158,-6.250081979741751e-09,0.04552406881397458,-0.049999997985413755,0.04000000068312704,0.020000000557688396,106.49215523970565,2.7601149880093083,55792367.89,0.00044204239305730423,0.0010513461469828923,0.0004166666595553329,0.0019100551995955295,0.47573858535786406,52,252,200,CLARABEL,optimal
2015-02-27,development,assertive,500000000.0,150.0,-0.014044917607506726,-0.01678830612621292,1.4503082536200012,-0.02090627800348543,200,64,57,1.9999999596155158,-6.250081979741751e-09,0.04552406881397458,-0.049999997985413755,0.04000000068312704,0.020000000557688396,106.49215523970565,2.7601149880093083,55792367.89,0.00044204239305730423,0.0010513461469828923,0.0012499999786659986,0.0027433885187061954,0.47573858535786406,52,252,200,CLARABEL,optimal
2015-02-27,development,assertive,500000000.0,300.0,-0.014044917607506726,-0.018038306104878922,1.4503082536200012,-0.02090627800348543,200,64,57,1.9999999596155158,-6.250081979741751e-09,0.04552406881397458,-0.049999997985413755,0.04000000068312704,0.020000000557688396,106.49215523970565,2.7601149880093083,55792367.89,0.00044204239305730423,0.0010513461469828923,0.0024999999573319972,0.003993388497372194,0.47573858535786406,52,252,200,CLARABEL,optimal
2015-03-31,development,assertive,10000000.0,50.0,-0.009696822371117284,-0.010705434774067248,1.2608164075942514,0.02584722841171128,200,62,58,1.9999999607406522,1.1127098464847052e-08,0.036918571335838424,-0.05000000234711091,0.039999998792593,0.020000000479502882,106.81773100180315,2.800998623365799,61413672.295,0.00045145669434027065,0.00014048905244020408,0.0004166666561694903,0.001008612402949965,0.010382854764507685,0,252,200,CLARABEL,optimal
2015-03-31,development,assertive,10000000.0,150.0,-0.009696822371117284,-0.011538768086406229,1.2608164075942514,0.02584722841171128,200,62,58,1.9999999607406522,1.1127098464847052e-08,0.036918571335838424,-0.05000000234711091,0.039999998792593,0.020000000479502882,106.81773100180315,2.800998623365799,61413672.295,0.00045145669434027065,0.00014048905244020408,0.001249999968508471,0.0018419457152889457,0.010382854764507685,0,252,200,CLARABEL,optimal
2015-03-31,development,assertive,10000000.0,300.0,-0.009696822371117284,-0.0127887680549147,1.2608164075942514,0.02584722841171128,200,62,58,1.9999999607406522,1.1127098464847052e-08,0.036918571335838424,-0.05000000234711091,0.039999998792593,0.020000000479502882,106.81773100180315,2.800998623365799,61413672.295,0.00045145669434027065,0.00014048905244020408,0.002499999937016942,0.0030919456837974167,0.010382854764507685,0,252,200,CLARABEL,optimal
2015-03-31,development,assertive,100000000.0,50.0,-0.009696822371117284,-0.011009211113656926,1.2608164075942514,0.02584722841171128,200,62,58,1.9999999607406522,1.1127098464847052e-08,0.036918571335838424,-0.05000000234711091,0.039999998792593,0.020000000479502882,106.81773100180315,2.800998623365799,61413672.295,0.00045145669434027065,0.0004442653920298812,0.0004166666561694903,0.0013123887425396422,0.10382854764507686,1,252,200,CLARABEL,optimal
2015-03-31,development,assertive,100000000.0,150.0,-0.009696822371117284,-0.011842544425995907,1.2608164075942514,0.02584722841171128,200,62,58,1.9999999607406522,1.1127098464847052e-08,0.036918571335838424,-0.05000000234711091,0.039999998792593,0.020000000479502882,106.81773100180315,2.800998623365799,61413672.295,0.00045145669434027065,0.0004442653920298812,0.001249999968508471,0.002145722054878623,0.10382854764507686,1,252,200,CLARABEL,optimal
2015-03-31,development,assertive,100000000.0,300.0,-0.009696822371117284,-0.013092544394504378,1.2608164075942514,0.02584722841171128,200,62,58,1.9999999607406522,1.1127098464847052e-08,0.036918571335838424,-0.05000000234711091,0.039999998792593,0.020000000479502882,106.81773100180315,2.800998623365799,61413672.295,0.00045145669434027065,0.0004442653920298812,0.002499999937016942,0.003395722023387094,0.10382854764507686,1,252,200,CLARABEL,optimal
2015-03-31,development,assertive,500000000.0,50.0,-0.009696822371117284,-0.011558353338256453,1.2608164075942514,0.02584722841171128,200,62,58,1.9999999607406522,1.1127098464847052e-08,0.036918571335838424,-0.05000000234711091,0.039999998792593,0.020000000479502882,106.81773100180315,2.800998623365799,61413672.295,0.00045145669434027065,0.0009934076166294077,0.0004166666561694903,0.0018615309671391686,0.5191427382253843,50,252,200,CLARABEL,optimal
2015-03-31,development,assertive,500000000.0,150.0,-0.009696822371117284,-0.012391686650595432,1.2608164075942514,0.02584722841171128,200,62,58,1.9999999607406522,1.1127098464847052e-08,0.036918571335838424,-0.05000000234711091,0.039999998792593,0.020000000479502882,106.81773100180315,2.800998623365799,61413672.295,0.00045145669434027065,0.0009934076166294077,0.001249999968508471,0.0026948642794781493,0.5191427382253843,50,252,200,CLARABEL,optimal
2015-03-31,development,assertive,500000000.0,300.0,-0.009696822371117284,-0.013641686619103904,1.2608164075942514,0.02584722841171128,200,62,58,1.9999999607406522,1.1127098464847052e-08,0.036918571335838424,-0.05000000234711091,0.039999998792593,0.020000000479502882,106.81773100180315,2.800998623365799,61413672.295,0.00045145669434027065,0.0009934076166294077,0.002499999937016942,0.00394486424798662,0.5191427382253843,50,252,200,CLARABEL,optimal
2015-04-30,development,assertive,10000000.0,50.0,-0.01922674564773886,-0.019948529514038672,0.7435275149790486,0.005865675159977003,200,64,59,1.9999999537383817,-1.213653105791579e-08,0.039230693998212884,-0.04196585928112527,0.03999999882713198,0.02000000048776622,106.14268921112692,2.8210600769501393,57388693.03,0.00023527771769144614,6.983948905109303e-05,0.00041666665955727354,0.0007217838662998126,0.010791914170694403,0,252,200,CLARABEL,optimal
2015-04-30,development,assertive,10000000.0,150.0,-0.01922674564773886,-0.020781862833153218,0.7435275149790486,0.005865675159977003,200,64,59,1.9999999537383817,-1.213653105791579e-08,0.039230693998212884,-0.04196585928112527,0.03999999882713198,0.02000000048776622,106.14268921112692,2.8210600769501393,57388693.03,0.00023527771769144614,6.983948905109303e-05,0.0012499999786718208,0.00155511718541436,0.010791914170694403,0,252,200,CLARABEL,optimal
2015-04-30,development,assertive,10000000.0,300.0,-0.01922674564773886,-0.02203186281182504,0.7435275149790486,0.005865675159977003,200,64,59,1.9999999537383817,-1.213653105791579e-08,0.039230693998212884,-0.04196585928112527,0.03999999882713198,0.02000000048776622,106.14268921112692,2.8210600769501393,57388693.03,0.00023527771769144614,6.983948905109303e-05,0.0024999999573436416,0.0028051171640861806,0.010791914170694403,0,252,200,CLARABEL,optimal
2015-04-30,development,assertive,100000000.0,50.0,-0.01922674564773886,-0.020099541881011426,0.7435275149790486,0.005865675159977003,200,64,59,1.9999999537383817,-1.213653105791579e-08,0.039230693998212884,-0.04196585928112527,0.03999999882713198,0.02000000048776622,106.14268921112692,2.8210600769501393,57388693.03,0.00023527771769144614,0.00022085185602384563,0.00041666665955727354,0.0008727962332725652,0.10791914170694403,1,252,200,CLARABEL,optimal
2015-04-30,development,assertive,100000000.0,150.0,-0.01922674564773886,-0.02093287520012597,0.7435275149790486,0.005865675159977003,200,64,59,1.9999999537383817,-1.213653105791579e-08,0.039230693998212884,-0.04196585928112527,0.03999999882713198,0.02000000048776622,106.14268921112692,2.8210600769501393,57388693.03,0.00023527771769144614,0.00022085185602384563,0.0012499999786718208,0.0017061295523871124,0.10791914170694403,1,252,200,CLARABEL,optimal
2015-04-30,development,assertive,100000000.0,300.0,-0.01922674564773886,-0.022182875178797794,0.7435275149790486,0.005865675159977003,200,64,59,1.9999999537383817,-1.213653105791579e-08,0.039230693998212884,-0.04196585928112527,0.03999999882713198,0.02000000048776622,106.14268921112692,2.8210600769501393,57388693.03,0.00023527771769144614,0.00022085185602384563,0.0024999999573436416,0.0029561295310589334,0.10791914170694403,1,252,200,CLARABEL,optimal
2015-04-30,development,assertive,500000000.0,50.0,-0.01922674564773886,-0.020372529788013894,0.7435275149790486,0.005865675159977003,200,64,59,1.9999999537383817,-1.213653105791579e-08,0.039230693998212884,-0.04196585928112527,0.03999999882713198,0.02000000048776622,106.14268921112692,2.8210600769501393,57388693.03,0.00023527771769144614,0.0004938397630263152,0.00041666665955727354,0.001145784140275035,0.5395957085347202,34,252,200,CLARABEL,optimal
2015-04-30,development,assertive,500000000.0,150.0,-0.01922674564773886,-0.02120586310712844,0.7435275149790486,0.005865675159977003,200,64,59,1.9999999537383817,-1.213653105791579e-08,0.039230693998212884,-0.04196585928112527,0.03999999882713198,0.02000000048776622,106.14268921112692,2.8210600769501393,57388693.03,0.00023527771769144614,0.0004938397630263152,0.0012499999786718208,0.0019791174593895822,0.5395957085347202,34,252,200,CLARABEL,optimal
2015-04-30,development,assertive,500000000.0,300.0,-0.01922674564773886,-0.022455863085800262,0.7435275149790486,0.005865675159977003,200,64,59,1.9999999537383817,-1.213653105791579e-08,0.039230693998212884,-0.04196585928112527,0.03999999882713198,0.02000000048776622,106.14268921112692,2.8210600769501393,57388693.03,0.00023527771769144614,0.0004938397630263152,0.0024999999573436416,0.0032291174380614032,0.5395957085347202,34,252,200,CLARABEL,optimal
2015-05-29,development,assertive,10000000.0,50.0,-0.0009564488515963754,-0.0018583507184702628,1.039348741373069,-0.023014408671146465,200,65,59,1.9999999410643068,6.078445302648561e-09,0.050000006209382386,-0.04999999063140509,0.03999999984829675,0.02000000035034818,106.51893396462181,2.711139168537246,59971167.66,0.0003916237304473342,9.361148330449862e-05,0.00041666665312205454,0.0009019018668738874,0.010353941790911834,0,252,200,CLARABEL,optimal
2015-05-29,development,assertive,10000000.0,150.0,-0.0009564488515963754,-0.002691684024714372,1.039348741373069,-0.023014408671146465,200,65,59,1.9999999410643068,6.078445302648561e-09,0.050000006209382386,-0.04999999063140509,0.03999999984829675,0.02000000035034818,106.51893396462181,2.711139168537246,59971167.66,0.0003916237304473342,9.361148330449862e-05,0.0012499999593661637,0.0017352351731179964,0.010353941790911834,0,252,200,CLARABEL,optimal
2015-05-29,development,assertive,10000000.0,300.0,-0.0009564488515963754,-0.0039416839840805355,1.039348741373069,-0.023014408671146465,200,65,59,1.9999999410643068,6.078445302648561e-09,0.050000006209382386,-0.04999999063140509,0.03999999984829675,0.02000000035034818,106.51893396462181,2.711139168537246,59971167.66,0.0003916237304473342,9.361148330449862e-05,0.0024999999187323273,0.00298523513248416,0.010353941790911834,0,252,200,CLARABEL,optimal
2015-05-29,development,assertive,100000000.0,50.0,-0.0009564488515963754,-0.002060764737554805,1.039348741373069,-0.023014408671146465,200,65,59,1.9999999410643068,6.078445302648561e-09,0.050000006209382386,-0.04999999063140509,0.03999999984829675,0.02000000035034818,106.51893396462181,2.711139168537246,59971167.66,0.0003916237304473342,0.0002960255023890413,0.00041666665312205454,0.00110431588595843,0.10353941790911836,1,252,200,CLARABEL,optimal
2015-05-29,development,assertive,100000000.0,150.0,-0.0009564488515963754,-0.0028940980437989145,1.039348741373069,-0.023014408671146465,200,65,59,1.9999999410643068,6.078445302648561e-09,0.050000006209382386,-0.04999999063140509,0.03999999984829675,0.02000000035034818,106.51893396462181,2.711139168537246,59971167.66,0.0003916237304473342,0.0002960255023890413,0.0012499999593661637,0.001937649192202539,0.10353941790911836,1,252,200,CLARABEL,optimal
2015-05-29,development,assertive,100000000.0,300.0,-0.0009564488515963754,-0.004144098003165078,1.039348741373069,-0.023014408671146465,200,65,59,1.9999999410643068,6.078445302648561e-09,0.050000006209382386,-0.04999999063140509,0.03999999984829675,0.02000000035034818,106.51893396462181,2.711139168537246,59971167.66,0.0003916237304473342,0.0002960255023890413,0.0024999999187323273,0.0031876491515687028,0.10353941790911836,1,252,200,CLARABEL,optimal
2015-05-29,development,assertive,500000000.0,50.0,-0.0009564488515963754,-0.0024266723815811867,1.039348741373069,-0.023014408671146465,200,65,59,1.9999999410643068,6.078445302648561e-09,0.050000006209382386,-0.04999999063140509,0.03999999984829675,0.02000000035034818,106.51893396462181,2.711139168537246,59971167.66,0.0003916237304473342,0.0006619331464154226,0.00041666665312205454,0.0014702235299848113,0.5176970895455918,47,252,200,CLARABEL,optimal
2015-05-29,development,assertive,500000000.0,150.0,-0.0009564488515963754,-0.0032600056878252957,1.039348741373069,-0.023014408671146465,200,65,59,1.9999999410643068,6.078445302648561e-09,0.050000006209382386,-0.04999999063140509,0.03999999984829675,0.02000000035034818,106.51893396462181,2.711139168537246,59971167.66,0.0003916237304473342,0.0006619331464154226,0.0012499999593661637,0.0023035568362289203,0.5176970895455918,47,252,200,CLARABEL,optimal
2015-05-29,development,assertive,500000000.0,300.0,-0.0009564488515963754,-0.004510005647191459,1.039348741373069,-0.023014408671146465,200,65,59,1.9999999410643068,6.078445302648561e-09,0.050000006209382386,-0.04999999063140509,0.03999999984829675,0.02000000035034818,106.51893396462181,2.711139168537246,59971167.66,0.0003916237304473342,0.0006619331464154226,0.0024999999187323273,0.003553556795595084,0.5176970895455918,47,252,200,CLARABEL,optimal
2015-06-30,development,assertive,10000000.0,50.0,0.018089930403667343,0.017282536897177972,0.9124263264046986,0.01870170248130501,200,64,60,1.9999999559759096,-4.285717798008237e-09,0.03752491572087523,-0.05000000220174333,0.036255297989961924,0.0200000003032417,106.24298307269312,2.8529543972275295,55760493.875,0.00028512562251686624,0.00010560122558466567,0.00041666665838783904,0.000807393506489371,0.01209873507937608,0,252,200,CLARABEL,optimal
2015-06-30,development,assertive,10000000.0,150.0,0.018089930403667343,0.016449203580402295,0.9124263264046986,0.01870170248130501,200,64,60,1.9999999559759096,-4.285717798008237e-09,0.03752491572087523,-0.05000000220174333,0.036255297989961924,0.0200000003032417,106.24298307269312,2.8529543972275295,55760493.875,0.00028512562251686624,0.00010560122558466567,0.0012499999751635171,0.001640726823265049,0.01209873507937608,0,252,200,CLARABEL,optimal
2015-06-30,development,assertive,10000000.0,300.0,0.018089930403667343,0.015199203605238777,0.9124263264046986,0.01870170248130501,200,64,60,1.9999999559759096,-4.285717798008237e-09,0.03752491572087523,-0.05000000220174333,0.036255297989961924,0.0200000003032417,106.24298307269312,2.8529543972275295,55760493.875,0.00028512562251686624,0.00010560122558466567,0.0024999999503270342,0.002890726798428566,0.01209873507937608,0,252,200,CLARABEL,optimal
2015-06-30,development,assertive,100000000.0,50.0,0.018089930403667343,0.01705419772620985,0.9124263264046986,0.01870170248130501,200,64,60,1.9999999559759096,-4.285717798008237e-09,0.03752491572087523,-0.05000000220174333,0.036255297989961924,0.0200000003032417,106.24298307269312,2.8529543972275295,55760493.875,0.00028512562251686624,0.0003339403965527897,0.00041666665838783904,0.001035732677457495,0.1209873507937608,2,252,200,CLARABEL,optimal
2015-06-30,development,assertive,100000000.0,150.0,0.018089930403667343,0.01622086440943417,0.9124263264046986,0.01870170248130501,200,64,60,1.9999999559759096,-4.285717798008237e-09,0.03752491572087523,-0.05000000220174333,0.036255297989961924,0.0200000003032417,106.24298307269312,2.8529543972275295,55760493.875,0.00028512562251686624,0.0003339403965527897,0.0012499999751635171,0.001869065994233173,0.1209873507937608,2,252,200,CLARABEL,optimal
2015-06-30,development,assertive,100000000.0,300.0,0.018089930403667343,0.014970864434270653,0.9124263264046986,0.01870170248130501,200,64,60,1.9999999559759096,-4.285717798008237e-09,0.03752491572087523,-0.05000000220174333,0.036255297989961924,0.0200000003032417,106.24298307269312,2.8529543972275295,55760493.875,0.00028512562251686624,0.0003339403965527897,0.0024999999503270342,0.0031190659693966904,0.1209873507937608,2,252,200,CLARABEL,optimal
2015-06-30,development,assertive,500000000.0,50.0,0.018089930403667343,0.016641424695637362,0.9124263264046986,0.01870170248130501,200,64,60,1.9999999559759096,-4.285717798008237e-09,0.03752491572087523,-0.05000000220174333,0.036255297989961924,0.0200000003032417,106.24298307269312,2.8529543972275295,55760493.875,0.00028512562251686624,0.0007467134271252743,0.00041666665838783904,0.0014485057080299796,0.6049367539688041,34,252,200,CLARABEL,optimal
2015-06-30,development,assertive,500000000.0,150.0,0.018089930403667343,0.015808091378861685,0.9124263264046986,0.01870170248130501,200,64,60,1.9999999559759096,-4.285717798008237e-09,0.03752491572087523,-0.05000000220174333,0.036255297989961924,0.0200000003032417,106.24298307269312,2.8529543972275295,55760493.875,0.00028512562251686624,0.0007467134271252743,0.0012499999751635171,0.0022818390248056574,0.6049367539688041,34,252,200,CLARABEL,optimal
2015-06-30,development,assertive,500000000.0,300.0,0.018089930403667343,0.014558091403698167,0.9124263264046986,0.01870170248130501,200,64,60,1.9999999559759096,-4.285717798008237e-09,0.03752491572087523,-0.05000000220174333,0.036255297989961924,0.0200000003032417,106.24298307269312,2.8529543972275295,55760493.875,0.00028512562251686624,0.0007467134271252743,0.0024999999503270342,0.003531838999969175,0.6049367539688041,34,252,200,CLARABEL,optimal
2015-07-31,development,assertive,10000000.0,50.0,0.014892261237972512,0.014163165904407186,0.7376785265105674,-0.06654213602396433,200,63,58,1.9999999505252561,2.1508307641859847e-08,0.007746931960611048,-0.049999993868791184,0.03999999922613179,0.020000000830998496,106.64005474675562,2.8398346467316076,54472914.2175,0.0002460012411351609,6.642744055163272e-05,0.00041666665187853097,0.0007290953335653246,0.013322309108097726,0,252,200,CLARABEL,optimal
2015-07-31,development,assertive,10000000.0,150.0,0.014892261237972512,0.013329832600650125,0.7376785265105674,-0.06654213602396433,200,63,58,1.9999999505252561,2.1508307641859847e-08,0.007746931960611048,-0.049999993868791184,0.03999999922613179,0.020000000830998496,106.64005474675562,2.8398346467316076,54472914.2175,0.0002460012411351609,6.642744055163272e-05,0.001249999955635593,0.0015624286373223865,0.013322309108097726,0,252,200,CLARABEL,optimal
2015-07-31,development,assertive,10000000.0,300.0,0.014892261237972512,0.012079832645014534,0.7376785265105674,-0.06654213602396433,200,63,58,1.9999999505252561,2.1508307641859847e-08,0.007746931960611048,-0.049999993868791184,0.03999999922613179,0.020000000830998496,106.64005474675562,2.8398346467316076,54472914.2175,0.0002460012411351609,6.642744055163272e-05,0.002499999911271186,0.0028124285929579792,0.013322309108097726,0,252,200,CLARABEL,optimal
2015-07-31,development,assertive,100000000.0,50.0,0.014892261237972512,0.01401953133368023,0.7376785265105674,-0.06654213602396433,200,63,58,1.9999999505252561,2.1508307641859847e-08,0.007746931960611048,-0.049999993868791184,0.03999999922613179,0.020000000830998496,106.64005474675562,2.8398346467316076,54472914.2175,0.0002460012411351609,0.00021006201127859124,0.00041666665187853097,0.0008727299042922831,0.13322309108097727,3,252,200,CLARABEL,optimal
2015-07-31,development,assertive,100000000.0,150.0,0.014892261237972512,0.013186198029923168,0.7376785265105674,-0.06654213602396433,200,63,58,1.9999999505252561,2.1508307641859847e-08,0.007746931960611048,-0.049999993868791184,0.03999999922613179,0.020000000830998496,106.64005474675562,2.8398346467316076,54472914.2175,0.0002460012411351609,0.00021006201127859124,0.001249999955635593,0.001706063208049345,0.13322309108097727,3,252,200,CLARABEL,optimal
2015-07-31,development,assertive,100000000.0,300.0,0.014892261237972512,0.011936198074287575,0.7376785265105674,-0.06654213602396433,200,63,58,1.9999999505252561,2.1508307641859847e-08,0.007746931960611048,-0.049999993868791184,0.03999999922613179,0.020000000830998496,106.64005474675562,2.8398346467316076,54472914.2175,0.0002460012411351609,0.00021006201127859124,0.002499999911271186,0.002956063163684938,0.13322309108097727,3,252,200,CLARABEL,optimal
2015-07-31,development,assertive,500000000.0,50.0,0.014892261237972512,0.013759880408249563,0.7376785265105674,-0.06654213602396433,200,63,58,1.9999999505252561,2.1508307641859847e-08,0.007746931960611048,-0.049999993868791184,0.03999999922613179,0.020000000830998496,106.64005474675562,2.8398346467316076,54472914.2175,0.0002460012411351609,0.00046971293670925753,0.00041666665187853097,0.0011323808297229493,0.6661154554048863,27,252,200,CLARABEL,optimal
2015-07-31,development,assertive,500000000.0,150.0,0.014892261237972512,0.012926547104492501,0.7376785265105674,-0.06654213602396433,200,63,58,1.9999999505252561,2.1508307641859847e-08,0.007746931960611048,-0.049999993868791184,0.03999999922613179,0.020000000830998496,106.64005474675562,2.8398346467316076,54472914.2175,0.0002460012411351609,0.00046971293670925753,0.001249999955635593,0.0019657141334800112,0.6661154554048863,27,252,200,CLARABEL,optimal
2015-07-31,development,assertive,500000000.0,300.0,0.014892261237972512,0.011676547148856908,0.7376785265105674,-0.06654213602396433,200,63,58,1.9999999505252561,2.1508307641859847e-08,0.007746931960611048,-0.049999993868791184,0.03999999922613179,0.020000000830998496,106.64005474675562,2.8398346467316076,54472914.2175,0.0002460012411351609,0.00046971293670925753,0.002499999911271186,0.0032157140891156044,0.6661154554048863,27,252,200,CLARABEL,optimal
2015-08-31,development,assertive,10000000.0,50.0,0.022496176340673735,0.021724906931705375,0.7927879324904512,-0.02568444046186189,200,63,55,1.9999999656923493,8.223522446337839e-09,0.041820266063053155,-0.018971903320254765,0.039999998532251724,0.020000000824168966,104.98449182455042,2.972654823102035,59531586.445,0.0002611357846049404,9.346696655741642e-05,0.00041666665780600563,0.0007712694089683624,0.014088185596581638,0,252,200,CLARABEL,optimal
2015-08-31,development,assertive,10000000.0,150.0,0.022496176340673735,0.02089157361609336,0.7927879324904512,-0.02568444046186189,200,63,55,1.9999999656923493,8.223522446337839e-09,0.041820266063053155,-0.018971903320254765,0.039999998532251724,0.020000000824168966,104.98449182455042,2.972654823102035,59531586.445,0.0002611357846049404,9.346696655741642e-05,0.0012499999734180169,0.0016046027245803737,0.014088185596581638,0,252,200,CLARABEL,optimal
2015-08-31,development,assertive,10000000.0,300.0,0.022496176340673735,0.019641573642675346,0.7927879324904512,-0.02568444046186189,200,63,55,1.9999999656923493,8.223522446337839e-09,0.041820266063053155,-0.018971903320254765,0.039999998532251724,0.020000000824168966,104.98449182455042,2.972654823102035,59531586.445,0.0002611357846049404,9.346696655741642e-05,0.0024999999468360338,0.0028546026979983903,0.014088185596581638,0,252,200,CLARABEL,optimal
2015-08-31,development,assertive,100000000.0,50.0,0.022496176340673735,0.021522805397954568,0.7927879324904512,-0.02568444046186189,200,63,55,1.9999999656923493,8.223522446337839e-09,0.041820266063053155,-0.018971903320254765,0.039999998532251724,0.020000000824168966,104.98449182455042,2.972654823102035,59531586.445,0.0002611357846049404,0.0002955685003082229,0.00041666665780600563,0.0009733709427191689,0.14088185596581637,3,252,200,CLARABEL,optimal
2015-08-31,development,assertive,100000000.0,150.0,0.022496176340673735,0.020689472082342557,0.7927879324904512,-0.02568444046186189,200,63,55,1.9999999656923493,8.223522446337839e-09,0.041820266063053155,-0.018971903320254765,0.039999998532251724,0.020000000824168966,104.98449182455042,2.972654823102035,59531586.445,0.0002611357846049404,0.0002955685003082229,0.0012499999734180169,0.0018067042583311801,0.14088185596581637,3,252,200,CLARABEL,optimal
2015-08-31,development,assertive,100000000.0,300.0,0.022496176340673735,0.01943947210892454,0.7927879324904512,-0.02568444046186189,200,63,55,1.9999999656923493,8.223522446337839e-09,0.041820266063053155,-0.018971903320254765,0.039999998532251724,0.020000000824168966,104.98449182455042,2.972654823102035,59531586.445,0.0002611357846049404,0.0002955685003082229,0.0024999999468360338,0.003056704231749197,0.14088185596581637,3,252,200,CLARABEL,optimal
2015-08-31,development,assertive,500000000.0,50.0,0.022496176340673735,0.021157462639565937,0.7927879324904512,-0.02568444046186189,200,63,55,1.9999999656923493,8.223522446337839e-09,0.041820266063053155,-0.018971903320254765,0.039999998532251724,0.020000000824168966,104.98449182455042,2.972654823102035,59531586.445,0.0002611357846049404,0.000660911258696854,0.00041666665780600563,0.0013387137011078,0.7044092798290819,26,252,200,CLARABEL,optimal
2015-08-31,development,assertive,500000000.0,150.0,0.022496176340673735,0.020324129323953923,0.7927879324904512,-0.02568444046186189,200,63,55,1.9999999656923493,8.223522446337839e-09,0.041820266063053155,-0.018971903320254765,0.039999998532251724,0.020000000824168966,104.98449182455042,2.972654823102035,59531586.445,0.0002611357846049404,0.000660911258696854,0.0012499999734180169,0.002172047016719811,0.7044092798290819,26,252,200,CLARABEL,optimal
2015-08-31,development,assertive,500000000.0,300.0,0.022496176340673735,0.019074129350535908,0.7927879324904512,-0.02568444046186189,200,63,55,1.9999999656923493,8.223522446337839e-09,0.041820266063053155,-0.018971903320254765,0.039999998532251724,0.020000000824168966,104.98449182455042,2.972654823102035,59531586.445,0.0002611357846049404,0.000660911258696854,0.0024999999468360338,0.0034220469901378283,0.7044092798290819,26,252,200,CLARABEL,optimal
2015-09-30,development,assertive,10000000.0,50.0,0.01686456617677278,0.01611504909190381,0.7282566252923328,0.08388447557017314,200,62,54,1.9999999739540941,-6.72759226105768e-09,0.04999998966439945,-0.05000001111614862,0.04000000009338342,0.020000000763742903,104.66439835796433,3.0635254617420293,61372398.2825,0.0002545832071710793,7.826721505587448e-05,0.0004166666626420181,0.0007495170848689719,0.00932029496639996,0,252,200,CLARABEL,optimal
2015-09-30,development,assertive,10000000.0,150.0,0.01686456617677278,0.015281715766619772,0.7282566252923328,0.08388447557017314,200,62,54,1.9999999739540941,-6.72759226105768e-09,0.04999998966439945,-0.05000001111614862,0.04000000009338342,0.020000000763742903,104.66439835796433,3.0635254617420293,61372398.2825,0.0002545832071710793,7.826721505587448e-05,0.0012499999879260545,0.0015828504101530081,0.00932029496639996,0,252,200,CLARABEL,optimal
2015-09-30,development,assertive,10000000.0,300.0,0.01686456617677278,0.014031715778693719,0.7282566252923328,0.08388447557017314,200,62,54,1.9999999739540941,-6.72759226105768e-09,0.04999998966439945,-0.05000001111614862,0.04000000009338342,0.020000000763742903,104.66439835796433,3.0635254617420293,61372398.2825,0.0002545832071710793,7.826721505587448e-05,0.002499999975852109,0.002832850398079063,0.00932029496639996,0,252,200,CLARABEL,optimal
2015-09-30,development,assertive,100000000.0,50.0,0.01686456617677278,0.0159458136412649,0.7282566252923328,0.08388447557017314,200,62,54,1.9999999739540941,-6.72759226105768e-09,0.04999998966439945,-0.05000001111614862,0.04000000009338342,0.020000000763742903,104.66439835796433,3.0635254617420293,61372398.2825,0.0002545832071710793,0.0002475026656947861,0.0004166666626420181,0.0009187525355078835,0.09320294966399961,0,252,200,CLARABEL,optimal
2015-09-30,development,assertive,100000000.0,150.0,0.01686456617677278,0.01511248031598086,0.7282566252923328,0.08388447557017314,200,62,54,1.9999999739540941,-6.72759226105768e-09,0.04999998966439945,-0.05000001111614862,0.04000000009338342,0.020000000763742903,104.66439835796433,3.0635254617420293,61372398.2825,0.0002545832071710793,0.0002475026656947861,0.0012499999879260545,0.00175208586079192,0.09320294966399961,0,252,200,CLARABEL,optimal
2015-09-30,development,assertive,100000000.0,300.0,0.01686456617677278,0.013862480328054807,0.7282566252923328,0.08388447557017314,200,62,54,1.9999999739540941,-6.72759226105768e-09,0.04999998966439945,-0.05000001111614862,0.04000000009338342,0.020000000763742903,104.66439835796433,3.0635254617420293,61372398.2825,0.0002545832071710793,0.0002475026656947861,0.002499999975852109,0.003002085848717974,0.09320294966399961,0,252,200,CLARABEL,optimal
2015-09-30,development,assertive,500000000.0,50.0,0.01686456617677278,0.015639883521853738,0.7282566252923328,0.08388447557017314,200,62,54,1.9999999739540941,-6.72759226105768e-09,0.04999998966439945,-0.05000001111614862,0.04000000009338342,0.020000000763742903,104.66439835796433,3.0635254617420293,61372398.2825,0.0002545832071710793,0.000553432785105947,0.0004166666626420181,0.0012246826549190443,0.4660147483199981,32,252,200,CLARABEL,optimal
2015-09-30,development,assertive,500000000.0,150.0,0.01686456617677278,0.0148065501965697,0.7282566252923328,0.08388447557017314,200,62,54,1.9999999739540941,-6.72759226105768e-09,0.04999998966439945,-0.05000001111614862,0.04000000009338342,0.020000000763742903,104.66439835796433,3.0635254617420293,61372398.2825,0.0002545832071710793,0.000553432785105947,0.0012499999879260545,0.002058015980203081,0.4660147483199981,32,252,200,CLARABEL,optimal
2015-09-30,development,assertive,500000000.0,300.0,0.01686456617677278,0.013556550208643646,0.7282566252923328,0.08388447557017314,200,62,54,1.9999999739540941,-6.72759226105768e-09,0.04999998966439945,-0.05000001111614862,0.04000000009338342,0.020000000763742903,104.66439835796433,3.0635254617420293,61372398.2825,0.0002545832071710793,0.000553432785105947,0.002499999975852109,0.003308015968129135,0.4660147483199981,32,252,200,CLARABEL,optimal
2015-10-30,development,assertive,10000000.0,50.0,-0.01646187600250488,-0.017259508452064812,0.752532526322495,0.004856064444110764,200,59,53,1.999999938837523,-5.178364154145854e-09,0.008875969371955839,0.050000021214845626,0.03999999891774816,0.02000000072374816,103.01522485532291,3.2537268189275146,57658906.35,0.00029240691467486,8.855887988176469e-05,0.00041666665500330984,0.0007976324495599346,0.013175550443544364,0,252,200,CLARABEL,optimal
2015-10-30,development,assertive,10000000.0,150.0,-0.01646187600250488,-0.018092841762071432,0.752532526322495,0.004856064444110764,200,59,53,1.999999938837523,-5.178364154145854e-09,0.008875969371955839,0.050000021214845626,0.03999999891774816,0.02000000072374816,103.01522485532291,3.2537268189275146,57658906.35,0.00029240691467486,8.855887988176469e-05,0.0012499999650099297,0.0016309657595665545,0.013175550443544364,0,252,200,CLARABEL,optimal
2015-10-30,development,assertive,10000000.0,300.0,-0.01646187600250488,-0.019342841727081363,0.752532526322495,0.004856064444110764,200,59,53,1.999999938837523,-5.178364154145854e-09,0.008875969371955839,0.050000021214845626,0.03999999891774816,0.02000000072374816,103.01522485532291,3.2537268189275146,57658906.35,0.00029240691467486,8.855887988176469e-05,0.0024999999300198594,0.002880965724576484,0.013175550443544364,0,252,200,CLARABEL,optimal
2015-10-30,development,assertive,100000000.0,50.0,-0.01646187600250488,-0.01745099733964269,0.752532526322495,0.004856064444110764,200,59,53,1.999999938837523,-5.178364154145854e-09,0.008875969371955839,0.050000021214845626,0.03999999891774816,0.02000000072374816,103.01522485532291,3.2537268189275146,57658906.35,0.00029240691467486,0.00028004776745963936,0.00041666665500330984,0.0009891213371378091,0.13175550443544365,1,252,200,CLARABEL,optimal
2015-10-30,development,assertive,100000000.0,150.0,-0.01646187600250488,-0.018284330649649308,0.752532526322495,0.004856064444110764,200,59,53,1.999999938837523,-5.178364154145854e-09,0.008875969371955839,0.050000021214845626,0.03999999891774816,0.02000000072374816,103.01522485532291,3.2537268189275146,57658906.35,0.00029240691467486,0.00028004776745963936,0.0012499999650099297,0.001822454647144429,0.13175550443544365,1,252,200,CLARABEL,optimal
2015-10-30,development,assertive,100000000.0,300.0,-0.01646187600250488,-0.019534330614659236,0.752532526322495,0.004856064444110764,200,59,53,1.999999938837523,-5.178364154145854e-09,0.008875969371955839,0.050000021214845626,0.03999999891774816,0.02000000072374816,103.01522485532291,3.2537268189275146,57658906.35,0.00029240691467486,0.00028004776745963936,0.0024999999300198594,0.003072454612154359,0.13175550443544365,1,252,200,CLARABEL,optimal
2015-10-30,development,assertive,500000000.0,50.0,-0.01646187600250488,-0.017797155417169856,0.752532526322495,0.004856064444110764,200,59,53,1.999999938837523,-5.178364154145854e-09,0.008875969371955839,0.050000021214845626,0.03999999891774816,0.02000000072374816,103.01522485532291,3.2537268189275146,57658906.35,0.00029240691467486,0.0006262058449868073,0.00041666665500330984,0.0013352794146649772,0.6587775221772182,29,252,200,CLARABEL,optimal
2015-10-30,development,assertive,500000000.0,150.0,-0.01646187600250488,-0.018630488727176476,0.752532526322495,0.004856064444110764,200,59,53,1.999999938837523,-5.178364154145854e-09,0.008875969371955839,0.050000021214845626,0.03999999891774816,0.02000000072374816,103.01522485532291,3.2537268189275146,57658906.35,0.00029240691467486,0.0006262058449868073,0.0012499999650099297,0.002168612724671597,0.6587775221772182,29,252,200,CLARABEL,optimal
2015-10-30,development,assertive,500000000.0,300.0,-0.01646187600250488,-0.019880488692186407,0.752532526322495,0.004856064444110764,200,59,53,1.999999938837523,-5.178364154145854e-09,0.008875969371955839,0.050000021214845626,0.03999999891774816,0.02000000072374816,103.01522485532291,3.2537268189275146,57658906.35,0.00029240691467486,0.0006262058449868073,0.0024999999300198594,0.003418612689681527,0.6587775221772182,29,252,200,CLARABEL,optimal
2015-11-30,development,assertive,10000000.0,50.0,-0.03519763040021298,-0.03606445737816071,0.949935487479026,-0.0278380463060976,200,62,54,1.999999967547061,-1.7860983275719278e-08,0.03721196448393886,0.050000003414432094,0.039999994840324814,0.02000000065277028,104.90853383871253,3.349526075157269,54678492.885000005,0.0003297497206860067,0.00012041059363504856,0.0004166666636266758,0.000866826977947731,0.01650387033999623,0,252,200,CLARABEL,optimal
2015-11-30,development,assertive,10000000.0,150.0,-0.03519763040021298,-0.03689779070541407,0.949935487479026,-0.0278380463060976,200,62,54,1.999999967547061,-1.7860983275719278e-08,0.03721196448393886,0.050000003414432094,0.039999994840324814,0.02000000065277028,104.90853383871253,3.349526075157269,54678492.885000005,0.0003297497206860067,0.00012041059363504856,0.0012499999908800275,0.0017001603052010828,0.01650387033999623,0,252,200,CLARABEL,optimal
2015-11-30,development,assertive,10000000.0,300.0,-0.03519763040021298,-0.03814779069629409,0.949935487479026,-0.0278380463060976,200,62,54,1.999999967547061,-1.7860983275719278e-08,0.03721196448393886,0.050000003414432094,0.039999994840324814,0.02000000065277028,104.90853383871253,3.349526075157269,54678492.885000005,0.0003297497206860067,0.00012041059363504856,0.002499999981760055,0.00295016029608111,0.01650387033999623,0,252,200,CLARABEL,optimal
2015-11-30,development,assertive,100000000.0,50.0,-0.03519763040021298,-0.03632481851482539,0.949935487479026,-0.0278380463060976,200,62,54,1.999999967547061,-1.7860983275719278e-08,0.03721196448393886,0.050000003414432094,0.039999994840324814,0.02000000065277028,104.90853383871253,3.349526075157269,54678492.885000005,0.0003297497206860067,0.00038077173029972685,0.0004166666636266758,0.0011271881146124093,0.1650387033999623,1,252,200,CLARABEL,optimal
2015-11-30,development,assertive,100000000.0,150.0,-0.03519763040021298,-0.03715815184207874,0.949935487479026,-0.0278380463060976,200,62,54,1.999999967547061,-1.7860983275719278e-08,0.03721196448393886,0.050000003414432094,0.039999994840324814,0.02000000065277028,104.90853383871253,3.349526075157269,54678492.885000005,0.0003297497206860067,0.00038077173029972685,0.0012499999908800275,0.001960521441865761,0.1650387033999623,1,252,200,CLARABEL,optimal
2015-11-30,development,assertive,100000000.0,300.0,-0.03519763040021298,-0.03840815183295877,0.949935487479026,-0.0278380463060976,200,62,54,1.999999967547061,-1.7860983275719278e-08,0.03721196448393886,0.050000003414432094,0.039999994840324814,0.02000000065277028,104.90853383871253,3.349526075157269,54678492.885000005,0.0003297497206860067,0.00038077173029972685,0.002499999981760055,0.0032105214327457885,0.1650387033999623,1,252,200,CLARABEL,optimal
2015-11-30,development,assertive,500000000.0,50.0,-0.03519763040021298,-0.03679547825738607,0.949935487479026,-0.0278380463060976,200,62,54,1.999999967547061,-1.7860983275719278e-08,0.03721196448393886,0.050000003414432094,0.039999994840324814,0.02000000065277028,104.90853383871253,3.349526075157269,54678492.885000005,0.0003297497206860067,0.0008514314728604057,0.0004166666636266758,0.001597847857173088,0.8251935169998114,38,252,200,CLARABEL,optimal
2015-11-30,development,assertive,500000000.0,150.0,-0.03519763040021298,-0.03762881158463942,0.949935487479026,-0.0278380463060976,200,62,54,1.999999967547061,-1.7860983275719278e-08,0.03721196448393886,0.050000003414432094,0.039999994840324814,0.02000000065277028,104.90853383871253,3.349526075157269,54678492.885000005,0.0003297497206860067,0.0008514314728604057,0.0012499999908800275,0.0024311811844264395,0.8251935169998114,38,252,200,CLARABEL,optimal
2015-11-30,development,assertive,500000000.0,300.0,-0.03519763040021298,-0.03887881157551945,0.949935487479026,-0.0278380463060976,200,62,54,1.999999967547061,-1.7860983275719278e-08,0.03721196448393886,0.050000003414432094,0.039999994840324814,0.02000000065277028,104.90853383871253,3.349526075157269,54678492.885000005,0.0003297497206860067,0.0008514314728604057,0.002499999981760055,0.003681181175306467,0.8251935169998114,38,252,200,CLARABEL,optimal
2015-12-31,development,assertive,10000000.0,50.0,0.030915703823565243,0.03007482551939277,0.8140704309452226,-0.05687829066016688,200,66,54,1.9999999429503905,1.1413236938873084e-08,0.05000001381912486,0.028398826120522844,0.026812178870577907,0.02000000078462109,105.74461211631655,3.355077733210609,50120500.215,0.0003120257848192203,0.00011218586694967692,0.00041666665240357365,0.0008408783041724708,0.016472477936005495,0,252,200,CLARABEL,optimal
2015-12-31,development,assertive,10000000.0,150.0,0.030915703823565243,0.029241492214585624,0.8140704309452226,-0.05687829066016688,200,66,54,1.9999999429503905,1.1413236938873084e-08,0.05000001381912486,0.028398826120522844,0.026812178870577907,0.02000000078462109,105.74461211631655,3.355077733210609,50120500.215,0.0003120257848192203,0.00011218586694967692,0.001249999957210721,0.0016742116089796181,0.016472477936005495,0,252,200,CLARABEL,optimal
2015-12-31,development,assertive,10000000.0,300.0,0.030915703823565243,0.027991492257374902,0.8140704309452226,-0.05687829066016688,200,66,54,1.9999999429503905,1.1413236938873084e-08,0.05000001381912486,0.028398826120522844,0.026812178870577907,0.02000000078462109,105.74461211631655,3.355077733210609,50120500.215,0.0003120257848192203,0.00011218586694967692,0.002499999914421442,0.0029242115661903393,0.016472477936005495,0,252,200,CLARABEL,optimal
2015-12-31,development,assertive,100000000.0,50.0,0.030915703823565243,0.029832248525500864,0.8140704309452226,-0.05687829066016688,200,66,54,1.9999999429503905,1.1413236938873084e-08,0.05000001381912486,0.028398826120522844,0.026812178870577907,0.02000000078462109,105.74461211631655,3.355077733210609,50120500.215,0.0003120257848192203,0.0003547628608415854,0.00041666665240357365,0.0010834552980643793,0.16472477936005495,3,252,200,CLARABEL,optimal
2015-12-31,development,assertive,100000000.0,150.0,0.030915703823565243,0.028998915220693717,0.8140704309452226,-0.05687829066016688,200,66,54,1.9999999429503905,1.1413236938873084e-08,0.05000001381912486,0.028398826120522844,0.026812178870577907,0.02000000078462109,105.74461211631655,3.355077733210609,50120500.215,0.0003120257848192203,0.0003547628608415854,0.001249999957210721,0.0019167886028715266,0.16472477936005495,3,252,200,CLARABEL,optimal
2015-12-31,development,assertive,100000000.0,300.0,0.030915703823565243,0.027748915263482995,0.8140704309452226,-0.05687829066016688,200,66,54,1.9999999429503905,1.1413236938873084e-08,0.05000001381912486,0.028398826120522844,0.026812178870577907,0.02000000078462109,105.74461211631655,3.355077733210609,50120500.215,0.0003120257848192203,0.0003547628608415854,0.002499999914421442,0.0031667885600822477,0.16472477936005495,3,252,200,CLARABEL,optimal
2015-12-31,development,assertive,500000000.0,50.0,0.030915703823565243,0.029393737513608367,0.8140704309452226,-0.05687829066016688,200,66,54,1.9999999429503905,1.1413236938873084e-08,0.05000001381912486,0.028398826120522844,0.026812178870577907,0.02000000078462109,105.74461211631655,3.355077733210609,50120500.215,0.0003120257848192203,0.0007932738727340833,0.00041666665240357365,0.0015219663099568773,0.8236238968002747,37,252,200,CLARABEL,optimal
2015-12-31,development,assertive,500000000.0,150.0,0.030915703823565243,0.028560404208801217,0.8140704309452226,-0.05687829066016688,200,66,54,1.9999999429503905,1.1413236938873084e-08,0.05000001381912486,0.028398826120522844,0.026812178870577907,0.02000000078462109,105.74461211631655,3.355077733210609,50120500.215,0.0003120257848192203,0.0007932738727340833,0.001249999957210721,0.0023552996147640243,0.8236238968002747,37,252,200,CLARABEL,optimal
2015-12-31,development,assertive,500000000.0,300.0,0.030915703823565243,0.0273104042515905,0.8140704309452226,-0.05687829066016688,200,66,54,1.9999999429503905,1.1413236938873084e-08,0.05000001381912486,0.028398826120522844,0.026812178870577907,0.02000000078462109,105.74461211631655,3.355077733210609,50120500.215,0.0003120257848192203,0.0007932738727340833,0.002499999914421442,0.0036052995719747455,0.8236238968002747,37,252,200,CLARABEL,optimal
2016-01-29,development,assertive,10000000.0,50.0,-0.00407924103304835,-0.005027567383223163,1.0693000326406392,-0.004654863857107106,200,65,57,1.9999999772109616,-4.643405826509905e-09,0.04999999710486147,0.017727158517629273,0.03999999954106146,0.020000000686147202,106.35452647492508,3.341577092795237,57329545.5025,0.0004046581139336414,0.00012700157335484555,0.0004166666628863265,0.0009483263501748134,0.016529842918839573,0,252,200,CLARABEL,optimal
2016-01-29,development,assertive,10000000.0,150.0,-0.00407924103304835,-0.005860900708995816,1.0693000326406392,-0.004654863857107106,200,65,57,1.9999999772109616,-4.643405826509905e-09,0.04999999710486147,0.017727158517629273,0.03999999954106146,0.020000000686147202,106.35452647492508,3.341577092795237,57329545.5025,0.0004046581139336414,0.00012700157335484555,0.0012499999886589797,0.0017816596759474665,0.016529842918839573,0,252,200,CLARABEL,optimal
2016-01-29,development,assertive,10000000.0,300.0,-0.00407924103304835,-0.007110900697654796,1.0693000326406392,-0.004654863857107106,200,65,57,1.9999999772109616,-4.643405826509905e-09,0.04999999710486147,0.017727158517629273,0.03999999954106146,0.020000000686147202,106.35452647492508,3.341577092795237,57329545.5025,0.0004046581139336414,0.00012700157335484555,0.0024999999773179593,0.003031659664606446,0.016529842918839573,0,252,200,CLARABEL,optimal
2016-01-29,development,assertive,100000000.0,50.0,-0.00407924103304835,-0.005302180048094581,1.0693000326406392,-0.004654863857107106,200,65,57,1.9999999772109616,-4.643405826509905e-09,0.04999999710486147,0.017727158517629273,0.03999999954106146,0.020000000686147202,106.35452647492508,3.341577092795237,57329545.5025,0.0004046581139336414,0.0004016142382262636,0.0004166666628863265,0.0012229390150462315,0.1652984291883957,2,252,200,CLARABEL,optimal
2016-01-29,development,assertive,100000000.0,150.0,-0.00407924103304835,-0.0061355133738672345,1.0693000326406392,-0.004654863857107106,200,65,57,1.9999999772109616,-4.643405826509905e-09,0.04999999710486147,0.017727158517629273,0.03999999954106146,0.020000000686147202,106.35452647492508,3.341577092795237,57329545.5025,0.0004046581139336414,0.0004016142382262636,0.0012499999886589797,0.002056272340818885,0.1652984291883957,2,252,200,CLARABEL,optimal
2016-01-29,development,assertive,100000000.0,300.0,-0.00407924103304835,-0.007385513362526214,1.0693000326406392,-0.004654863857107106,200,65,57,1.9999999772109616,-4.643405826509905e-09,0.04999999710486147,0.017727158517629273,0.03999999954106146,0.020000000686147202,106.35452647492508,3.341577092795237,57329545.5025,0.0004046581139336414,0.0004016142382262636,0.0024999999773179593,0.003306272329477864,0.1652984291883957,2,252,200,CLARABEL,optimal
2016-01-29,development,assertive,500000000.0,50.0,-0.00407924103304835,-0.005798602547274038,1.0693000326406392,-0.004654863857107106,200,65,57,1.9999999772109616,-4.643405826509905e-09,0.04999999710486147,0.017727158517629273,0.03999999954106146,0.020000000686147202,106.35452647492508,3.341577092795237,57329545.5025,0.0004046581139336414,0.0008980367374057203,0.0004166666628863265,0.0017193615142256883,0.8264921459419785,45,252,200,CLARABEL,optimal
2016-01-29,development,assertive,500000000.0,150.0,-0.00407924103304835,-0.006631935873046691,1.0693000326406392,-0.004654863857107106,200,65,57,1.9999999772109616,-4.643405826509905e-09,0.04999999710486147,0.017727158517629273,0.03999999954106146,0.020000000686147202,106.35452647492508,3.341577092795237,57329545.5025,0.0004046581139336414,0.0008980367374057203,0.0012499999886589797,0.002552694839998341,0.8264921459419785,45,252,200,CLARABEL,optimal
2016-01-29,development,assertive,500000000.0,300.0,-0.00407924103304835,-0.007881935861705672,1.0693000326406392,-0.004654863857107106,200,65,57,1.9999999772109616,-4.643405826509905e-09,0.04999999710486147,0.017727158517629273,0.03999999954106146,0.020000000686147202,106.35452647492508,3.341577092795237,57329545.5025,0.0004046581139336414,0.0008980367374057203,0.0024999999773179593,0.0038026948286573213,0.8264921459419785,45,252,200,CLARABEL,optimal
2016-02-29,development,assertive,10000000.0,50.0,0.02206463997232408,0.02080901925568359,1.6647940735158546,0.07334733031636287,200,72,59,1.999999968537469,-6.5558767720075295e-09,0.02012477134612383,-0.04999997037706126,0.0399999967962239,0.020000000525382138,109.50451711663692,3.444998184926806,61992124.855,0.0006377297939297896,0.00020122426123291882,0.00041666666147778037,0.0012556207166404887,0.023135116421541847,0,252,200,CLARABEL,optimal
2016-02-29,development,assertive,10000000.0,150.0,0.02206463997232408,0.01997568593272803,1.6647940735158546,0.07334733031636287,200,72,59,1.999999968537469,-6.5558767720075295e-09,0.02012477134612383,-0.04999997037706126,0.0399999967962239,0.020000000525382138,109.50451711663692,3.444998184926806,61992124.855,0.0006377297939297896,0.00020122426123291882,0.0012499999844333412,0.0020889540395960496,0.023135116421541847,0,252,200,CLARABEL,optimal
2016-02-29,development,assertive,10000000.0,300.0,0.02206463997232408,0.018725685948294688,1.6647940735158546,0.07334733031636287,200,72,59,1.999999968537469,-6.5558767720075295e-09,0.02012477134612383,-0.04999997037706126,0.0399999967962239,0.020000000525382138,109.50451711663692,3.444998184926806,61992124.855,0.0006377297939297896,0.00020122426123291882,0.0024999999688666823,0.0033389540240293908,0.023135116421541847,0,252,200,CLARABEL,optimal
2016-02-29,development,assertive,100000000.0,50.0,0.02206463997232408,0.020373916530935763,1.6647940735158546,0.07334733031636287,200,72,59,1.999999968537469,-6.5558767720075295e-09,0.02012477134612383,-0.04999997037706126,0.0399999967962239,0.020000000525382138,109.50451711663692,3.444998184926806,61992124.855,0.0006377297939297896,0.0006363269859807453,0.00041666666147778037,0.0016907234413883153,0.2313511642154185,5,252,200,CLARABEL,optimal
2016-02-29,development,assertive,100000000.0,150.0,0.02206463997232408,0.019540583207980203,1.6647940735158546,0.07334733031636287,200,72,59,1.999999968537469,-6.5558767720075295e-09,0.02012477134612383,-0.04999997037706126,0.0399999967962239,0.020000000525382138,109.50451711663692,3.444998184926806,61992124.855,0.0006377297939297896,0.0006363269859807453,0.0012499999844333412,0.002524056764343876,0.2313511642154185,5,252,200,CLARABEL,optimal
2016-02-29,development,assertive,100000000.0,300.0,0.02206463997232408,0.01829058322354686,1.6647940735158546,0.07334733031636287,200,72,59,1.999999968537469,-6.5558767720075295e-09,0.02012477134612383,-0.04999997037706126,0.0399999967962239,0.020000000525382138,109.50451711663692,3.444998184926806,61992124.855,0.0006377297939297896,0.0006363269859807453,0.0024999999688666823,0.0037740567487772173,0.2313511642154185,5,252,200,CLARABEL,optimal
2016-02-29,development,assertive,500000000.0,50.0,0.02206463997232408,0.019587373120346006,1.6647940735158546,0.07334733031636287,200,72,59,1.999999968537469,-6.5558767720075295e-09,0.02012477134612383,-0.04999997037706126,0.0399999967962239,0.020000000525382138,109.50451711663692,3.444998184926806,61992124.855,0.0006377297939297896,0.0014228703965705023,0.00041666666147778037,0.0024772668519780724,1.1567558210770925,66,252,200,CLARABEL,optimal
2016-02-29,development,assertive,500000000.0,150.0,0.02206463997232408,0.018754039797390445,1.6647940735158546,0.07334733031636287,200,72,59,1.999999968537469,-6.5558767720075295e-09,0.02012477134612383,-0.04999997037706126,0.0399999967962239,0.020000000525382138,109.50451711663692,3.444998184926806,61992124.855,0.0006377297939297896,0.0014228703965705023,0.0012499999844333412,0.003310600174933633,1.1567558210770925,66,252,200,CLARABEL,optimal
2016-02-29,development,assertive,500000000.0,300.0,0.02206463997232408,0.017504039812957103,1.6647940735158546,0.07334733031636287,200,72,59,1.999999968537469,-6.5558767720075295e-09,0.02012477134612383,-0.04999997037706126,0.0399999967962239,0.020000000525382138,109.50451711663692,3.444998184926806,61992124.855,0.0006377297939297896,0.0014228703965705023,0.0024999999688666823,0.004560600159366974,1.1567558210770925,66,252,200,CLARABEL,optimal
2016-03-31,development,assertive,10000000.0,50.0,-0.02481374323543075,-0.025793857322576552,1.053339633907974,-0.010952371383406682,200,66,63,1.9999999570947684,1.0111213241681405e-08,0.0031592419044402936,-0.050000001707438256,0.040000002595087465,0.02000000044426919,108.21410457514034,3.3438363840703498,54922843.224999994,0.00042398822513647243,0.00013945920638775653,0.0004166666556215741,0.0009801140871458032,0.013521786889001835,0,252,200,CLARABEL,optimal
2016-03-31,development,assertive,10000000.0,150.0,-0.02481374323543075,-0.0266271906338197,1.053339633907974,-0.010952371383406682,200,66,63,1.9999999570947684,1.0111213241681405e-08,0.0031592419044402936,-0.050000001707438256,0.040000002595087465,0.02000000044426919,108.21410457514034,3.3438363840703498,54922843.224999994,0.00042398822513647243,0.00013945920638775653,0.0012499999668647223,0.0018134473983889513,0.013521786889001835,0,252,200,CLARABEL,optimal
2016-03-31,development,assertive,10000000.0,300.0,-0.02481374323543075,-0.027877190600684425,1.053339633907974,-0.010952371383406682,200,66,63,1.9999999570947684,1.0111213241681405e-08,0.0031592419044402936,-0.050000001707438256,0.040000002595087465,0.02000000044426919,108.21410457514034,3.3438363840703498,54922843.224999994,0.00042398822513647243,0.00013945920638775653,0.0024999999337294446,0.0030634473652536736,0.013521786889001835,0,252,200,CLARABEL,optimal
2016-03-31,development,assertive,100000000.0,50.0,-0.02481374323543075,-0.02609540684905361,1.053339633907974,-0.010952371383406682,200,66,63,1.9999999570947684,1.0111213241681405e-08,0.0031592419044402936,-0.050000001707438256,0.040000002595087465,0.02000000044426919,108.21410457514034,3.3438363840703498,54922843.224999994,0.00042398822513647243,0.0004410087328648139,0.0004166666556215741,0.0012816636136228606,0.13521786889001836,2,252,200,CLARABEL,optimal
2016-03-31,development,assertive,100000000.0,150.0,-0.02481374323543075,-0.026928740160296758,1.053339633907974,-0.010952371383406682,200,66,63,1.9999999570947684,1.0111213241681405e-08,0.0031592419044402936,-0.050000001707438256,0.040000002595087465,0.02000000044426919,108.21410457514034,3.3438363840703498,54922843.224999994,0.00042398822513647243,0.0004410087328648139,0.0012499999668647223,0.0021149969248660085,0.13521786889001836,2,252,200,CLARABEL,optimal
2016-03-31,development,assertive,100000000.0,300.0,-0.02481374323543075,-0.028178740127161483,1.053339633907974,-0.010952371383406682,200,66,63,1.9999999570947684,1.0111213241681405e-08,0.0031592419044402936,-0.050000001707438256,0.040000002595087465,0.02000000044426919,108.21410457514034,3.3438363840703498,54922843.224999994,0.00042398822513647243,0.0004410087328648139,0.0024999999337294446,0.0033649968917307312,0.13521786889001836,2,252,200,CLARABEL,optimal
2016-03-31,development,assertive,500000000.0,50.0,-0.02481374323543075,-0.026640523621545568,1.053339633907974,-0.010952371383406682,200,66,63,1.9999999570947684,1.0111213241681405e-08,0.0031592419044402936,-0.050000001707438256,0.040000002595087465,0.02000000044426919,108.21410457514034,3.3438363840703498,54922843.224999994,0.00042398822513647243,0.0009861255053567695,0.0004166666556215741,0.0018267803861148162,0.6760893444500917,41,252,200,CLARABEL,optimal
2016-03-31,development,assertive,500000000.0,150.0,-0.02481374323543075,-0.027473856932788716,1.053339633907974,-0.010952371383406682,200,66,63,1.9999999570947684,1.0111213241681405e-08,0.0031592419044402936,-0.050000001707438256,0.040000002595087465,0.02000000044426919,108.21410457514034,3.3438363840703498,54922843.224999994,0.00042398822513647243,0.0009861255053567695,0.0012499999668647223,0.0026601136973579643,0.6760893444500917,41,252,200,CLARABEL,optimal
2016-03-31,development,assertive,500000000.0,300.0,-0.02481374323543075,-0.028723856899653438,1.053339633907974,-0.010952371383406682,200,66,63,1.9999999570947684,1.0111213241681405e-08,0.0031592419044402936,-0.050000001707438256,0.040000002595087465,0.02000000044426919,108.21410457514034,3.3438363840703498,54922843.224999994,0.00042398822513647243,0.0009861255053567695,0.0024999999337294446,0.003910113664222687,0.6760893444500917,41,252,200,CLARABEL,optimal
2016-04-29,development,assertive,10000000.0,50.0,-0.0003765826482631969,-0.0012947331430450274,0.7717986564157509,0.021005995829445838,200,69,63,1.99999997154598,-4.096803493669476e-09,0.01933479074572067,-0.050000002899098256,0.03999999993201348,0.02000000042082424,110.09201724669768,3.5913166757792427,50227774.9625,0.00037905715380518454,0.0001224266793843992,0.00041666666159224664,0.0009181504947818305,0.02814899576565378,0,252,200,CLARABEL,optimal
2016-04-29,development,assertive,10000000.0,150.0,-0.0003765826482631969,-0.0021280664662295208,0.7717986564157509,0.021005995829445838,200,69,63,1.99999997154598,-4.096803493669476e-09,0.01933479074572067,-0.050000002899098256,0.03999999993201348,0.02000000042082424,110.09201724669768,3.5913166757792427,50227774.9625,0.00037905715380518454,0.0001224266793843992,0.0012499999847767399,0.0017514838179663237,0.02814899576565378,0,252,200,CLARABEL,optimal
2016-04-29,development,assertive,10000000.0,300.0,-0.0003765826482631969,-0.0033780664510062604,0.7717986564157509,0.021005995829445838,200,69,63,1.99999997154598,-4.096803493669476e-09,0.01933479074572067,-0.050000002899098256,0.03999999993201348,0.02000000042082424,110.09201724669768,3.5913166757792427,50227774.9625,0.00037905715380518454,0.0001224266793843992,0.0024999999695534797,0.0030014838027430635,0.02814899576565378,0,252,200,CLARABEL,optimal
2016-04-29,development,assertive,100000000.0,50.0,-0.0003765826482631969,-0.0015594536168865103,0.7717986564157509,0.021005995829445838,200,69,63,1.99999997154598,-4.096803493669476e-09,0.01933479074572067,-0.050000002899098256,0.03999999993201348,0.02000000042082424,110.09201724669768,3.5913166757792427,50227774.9625,0.00037905715380518454,0.0003871471532258823,0.00041666666159224664,0.0011828709686233134,0.2814899576565377,3,252,200,CLARABEL,optimal
2016-04-29,development,assertive,100000000.0,150.0,-0.0003765826482631969,-0.0023927869400710037,0.7717986564157509,0.021005995829445838,200,69,63,1.99999997154598,-4.096803493669476e-09,0.01933479074572067,-0.050000002899098256,0.03999999993201348,0.02000000042082424,110.09201724669768,3.5913166757792427,50227774.9625,0.00037905715380518454,0.0003871471532258823,0.0012499999847767399,0.002016204291807807,0.2814899576565377,3,252,200,CLARABEL,optimal
2016-04-29,development,assertive,100000000.0,300.0,-0.0003765826482631969,-0.0036427869248477434,0.7717986564157509,0.021005995829445838,200,69,63,1.99999997154598,-4.096803493669476e-09,0.01933479074572067,-0.050000002899098256,0.03999999993201348,0.02000000042082424,110.09201724669768,3.5913166757792427,50227774.9625,0.00037905715380518454,0.0003871471532258823,0.0024999999695534797,0.0032662042765845465,0.2814899576565377,3,252,200,CLARABEL,optimal
2016-04-29,development,assertive,500000000.0,50.0,-0.0003765826482631969,-0.002037993815569228,0.7717986564157509,0.021005995829445838,200,69,63,1.99999997154598,-4.096803493669476e-09,0.01933479074572067,-0.050000002899098256,0.03999999993201348,0.02000000042082424,110.09201724669768,3.5913166757792427,50227774.9625,0.00037905715380518454,0.0008656873519085999,0.00041666666159224664,0.0016614111673060312,1.4074497882826889,39,252,200,CLARABEL,optimal
2016-04-29,development,assertive,500000000.0,150.0,-0.0003765826482631969,-0.002871327138753721,0.7717986564157509,0.021005995829445838,200,69,63,1.99999997154598,-4.096803493669476e-09,0.01933479074572067,-0.050000002899098256,0.03999999993201348,0.02000000042082424,110.09201724669768,3.5913166757792427,50227774.9625,0.00037905715380518454,0.0008656873519085999,0.0012499999847767399,0.002494744490490524,1.4074497882826889,39,252,200,CLARABEL,optimal
2016-04-29,development,assertive,500000000.0,300.0,-0.0003765826482631969,-0.004121327123530461,0.7717986564157509,0.021005995829445838,200,69,63,1.99999997154598,-4.096803493669476e-09,0.01933479074572067,-0.050000002899098256,0.03999999993201348,0.02000000042082424,110.09201724669768,3.5913166757792427,50227774.9625,0.00037905715380518454,0.0008656873519085999,0.0024999999695534797,0.0037447444752672643,1.4074497882826889,39,252,200,CLARABEL,optimal
2016-05-31,development,assertive,10000000.0,50.0,-0.004500121867599851,-0.005251048731874646,0.7412644077367259,-0.00992779962544599,200,68,63,1.9999999508072364,1.3306286336667306e-08,0.03652329180766986,-0.011953598981450875,0.04000000329643904,0.020000000660485934,109.92956854682036,3.257102761752007,45630179.8925,0.00025365052168236903,8.06096889463955e-05,0.00041666665364603123,0.0007509268642747957,0.020364036333781702,0,252,200,CLARABEL,optimal
2016-05-31,development,assertive,10000000.0,150.0,-0.004500121867599851,-0.006084382039166709,0.7412644077367259,-0.00992779962544599,200,68,63,1.9999999508072364,1.3306286336667306e-08,0.03652329180766986,-0.011953598981450875,0.04000000329643904,0.020000000660485934,109.92956854682036,3.257102761752007,45630179.8925,0.00025365052168236903,8.06096889463955e-05,0.001249999960938094,0.0015842601715668585,0.020364036333781702,0,252,200,CLARABEL,optimal
2016-05-31,development,assertive,10000000.0,300.0,-0.004500121867599851,-0.007334382000104803,0.7412644077367259,-0.00992779962544599,200,68,63,1.9999999508072364,1.3306286336667306e-08,0.03652329180766986,-0.011953598981450875,0.04000000329643904,0.020000000660485934,109.92956854682036,3.257102761752007,45630179.8925,0.00025365052168236903,8.06096889463955e-05,0.002499999921876188,0.0028342601325049522,0.020364036333781702,0,252,200,CLARABEL,optimal
2016-05-31,development,assertive,100000000.0,50.0,-0.004500121867599851,-0.0054253492614765595,0.7412644077367259,-0.00992779962544599,200,68,63,1.9999999508072364,1.3306286336667306e-08,0.03652329180766986,-0.011953598981450875,0.04000000329643904,0.020000000660485934,109.92956854682036,3.257102761752007,45630179.8925,0.00025365052168236903,0.0002549102185483085,0.00041666665364603123,0.0009252273938767086,0.20364036333781707,4,252,200,CLARABEL,optimal
2016-05-31,development,assertive,100000000.0,150.0,-0.004500121867599851,-0.006258682568768622,0.7412644077367259,-0.00992779962544599,200,68,63,1.9999999508072364,1.3306286336667306e-08,0.03652329180766986,-0.011953598981450875,0.04000000329643904,0.020000000660485934,109.92956854682036,3.257102761752007,45630179.8925,0.00025365052168236903,0.0002549102185483085,0.001249999960938094,0.0017585607011687714,0.20364036333781707,4,252,200,CLARABEL,optimal
2016-05-31,development,assertive,100000000.0,300.0,-0.004500121867599851,-0.007508682529706716,0.7412644077367259,-0.00992779962544599,200,68,63,1.9999999508072364,1.3306286336667306e-08,0.03652329180766986,-0.011953598981450875,0.04000000329643904,0.020000000660485934,109.92956854682036,3.257102761752007,45630179.8925,0.00025365052168236903,0.0002549102185483085,0.002499999921876188,0.0030085606621068654,0.20364036333781707,4,252,200,CLARABEL,optimal
2016-05-31,development,assertive,500000000.0,50.0,-0.004500121867599851,-0.0057404356197615965,0.7412644077367259,-0.00992779962544599,200,68,63,1.9999999508072364,1.3306286336667306e-08,0.03652329180766986,-0.011953598981450875,0.04000000329643904,0.020000000660485934,109.92956854682036,3.257102761752007,45630179.8925,0.00025365052168236903,0.0005699965768333454,0.00041666665364603123,0.0012403137521617457,1.0182018166890852,31,252,200,CLARABEL,optimal
2016-05-31,development,assertive,500000000.0,150.0,-0.004500121867599851,-0.006573768927053659,0.7412644077367259,-0.00992779962544599,200,68,63,1.9999999508072364,1.3306286336667306e-08,0.03652329180766986,-0.011953598981450875,0.04000000329643904,0.020000000660485934,109.92956854682036,3.257102761752007,45630179.8925,0.00025365052168236903,0.0005699965768333454,0.001249999960938094,0.0020736470594538087,1.0182018166890852,31,252,200,CLARABEL,optimal
2016-05-31,development,assertive,500000000.0,300.0,-0.004500121867599851,-0.007823768887991753,0.7412644077367259,-0.00992779962544599,200,68,63,1.9999999508072364,1.3306286336667306e-08,0.03652329180766986,-0.011953598981450875,0.04000000329643904,0.020000000660485934,109.92956854682036,3.257102761752007,45630179.8925,0.00025365052168236903,0.0005699965768333454,0.002499999921876188,0.0033236470203919025,1.0182018166890852,31,252,200,CLARABEL,optimal
2016-06-30,development,assertive,10000000.0,50.0,0.014591542974129904,0.013980883565901256,0.47244467107069854,0.04249715692356557,200,62,60,1.9999999708125908,1.0921722290446745e-08,0.017496911259077985,-0.04999999686261486,0.04000000359013878,0.02000000060616691,105.8021938664975,3.1488217669198337,47880169.6925,0.0001483697021226281,4.562304779542267e-05,0.00041666665831059766,0.0006106594082286484,0.007381543048331498,0,252,200,CLARABEL,optimal
2016-06-30,development,assertive,10000000.0,150.0,0.014591542974129904,0.013147550249280061,0.47244467107069854,0.04249715692356557,200,62,60,1.9999999708125908,1.0921722290446745e-08,0.017496911259077985,-0.04999999686261486,0.04000000359013878,0.02000000060616691,105.8021938664975,3.1488217669198337,47880169.6925,0.0001483697021226281,4.562304779542267e-05,0.001249999974931793,0.0014439927248498436,0.007381543048331498,0,252,200,CLARABEL,optimal
2016-06-30,development,assertive,10000000.0,300.0,0.014591542974129904,0.011897550274348268,0.47244467107069854,0.04249715692356557,200,62,60,1.9999999708125908,1.0921722290446745e-08,0.017496911259077985,-0.04999999686261486,0.04000000359013878,0.02000000060616691,105.8021938664975,3.1488217669198337,47880169.6925,0.0001483697021226281,4.562304779542267e-05,0.002499999949863586,0.002693992699781637,0.007381543048331498,0,252,200,CLARABEL,optimal
2016-06-30,development,assertive,100000000.0,50.0,0.014591542974129904,0.013882233868864419,0.47244467107069854,0.04249715692356557,200,62,60,1.9999999708125908,1.0921722290446745e-08,0.017496911259077985,-0.04999999686261486,0.04000000359013878,0.02000000060616691,105.8021938664975,3.1488217669198337,47880169.6925,0.0001483697021226281,0.00014427274483225935,0.00041666665831059766,0.0007093091052654851,0.07381543048331499,0,252,200,CLARABEL,optimal
2016-06-30,development,assertive,100000000.0,150.0,0.014591542974129904,0.013048900552243224,0.47244467107069854,0.04249715692356557,200,62,60,1.9999999708125908,1.0921722290446745e-08,0.017496911259077985,-0.04999999686261486,0.04000000359013878,0.02000000060616691,105.8021938664975,3.1488217669198337,47880169.6925,0.0001483697021226281,0.00014427274483225935,0.001249999974931793,0.0015426424218866804,0.07381543048331499,0,252,200,CLARABEL,optimal
2016-06-30,development,assertive,100000000.0,300.0,0.014591542974129904,0.01179890057731143,0.47244467107069854,0.04249715692356557,200,62,60,1.9999999708125908,1.0921722290446745e-08,0.017496911259077985,-0.04999999686261486,0.04000000359013878,0.02000000060616691,105.8021938664975,3.1488217669198337,47880169.6925,0.0001483697021226281,0.00014427274483225935,0.002499999949863586,0.0027926423968184736,0.07381543048331499,0,252,200,CLARABEL,optimal
2016-06-30,development,assertive,500000000.0,50.0,0.014591542974129904,0.013703902948951265,0.47244467107069854,0.04249715692356557,200,62,60,1.9999999708125908,1.0921722290446745e-08,0.017496911259077985,-0.04999999686261486,0.04000000359013878,0.02000000060616691,105.8021938664975,3.1488217669198337,47880169.6925,0.0001483697021226281,0.0003226036647454134,0.00041666665831059766,0.0008876400251786392,0.36907715241657496,24,252,200,CLARABEL,optimal
2016-06-30,development,assertive,500000000.0,150.0,0.014591542974129904,0.01287056963233007,0.47244467107069854,0.04249715692356557,200,62,60,1.9999999708125908,1.0921722290446745e-08,0.017496911259077985,-0.04999999686261486,0.04000000359013878,0.02000000060616691,105.8021938664975,3.1488217669198337,47880169.6925,0.0001483697021226281,0.0003226036647454134,0.001249999974931793,0.0017209733417998345,0.36907715241657496,24,252,200,CLARABEL,optimal
2016-06-30,development,assertive,500000000.0,300.0,0.014591542974129904,0.011620569657398277,0.47244467107069854,0.04249715692356557,200,62,60,1.9999999708125908,1.0921722290446745e-08,0.017496911259077985,-0.04999999686261486,0.04000000359013878,0.02000000060616691,105.8021938664975,3.1488217669198337,47880169.6925,0.0001483697021226281,0.0003226036647454134,0.002499999949863586,0.0029709733167316275,0.36907715241657496,24,252,200,CLARABEL,optimal
2016-07-29,development,assertive,10000000.0,50.0,0.017643895563086674,0.01697892840288169,0.4897297896513153,0.009101102430423915,200,64,58,1.9999999574784075,-5.040605599582193e-09,0.02352133674157622,-0.020056260256038266,0.040000000014127415,0.020000000468728338,106.56136300756782,3.0386005448971702,52535474.7675,0.00019136818296328146,5.693231838357527e-05,0.0004166666588581277,0.0006649671602049845,0.010161872581559515,0,252,200,CLARABEL,optimal
2016-07-29,development,assertive,10000000.0,150.0,0.017643895563086674,0.016145595085165436,0.4897297896513153,0.009101102430423915,200,64,58,1.9999999574784075,-5.040605599582193e-09,0.02352133674157622,-0.020056260256038266,0.040000000014127415,0.020000000468728338,106.56136300756782,3.0386005448971702,52535474.7675,0.00019136818296328146,5.693231838357527e-05,0.0012499999765743831,0.0014983004779212398,0.010161872581559515,0,252,200,CLARABEL,optimal
2016-07-29,development,assertive,10000000.0,300.0,0.017643895563086674,0.01489559510859105,0.4897297896513153,0.009101102430423915,200,64,58,1.9999999574784075,-5.040605599582193e-09,0.02352133674157622,-0.020056260256038266,0.040000000014127415,0.020000000468728338,106.56136300756782,3.0386005448971702,52535474.7675,0.00019136818296328146,5.693231838357527e-05,0.0024999999531487662,0.002748300454495623,0.010161872581559515,0,252,200,CLARABEL,optimal
2016-07-29,development,assertive,100000000.0,50.0,0.017643895563086674,0.01685582492269929,0.4897297896513153,0.009101102430423915,200,64,58,1.9999999574784075,-5.040605599582193e-09,0.02352133674157622,-0.020056260256038266,0.040000000014127415,0.020000000468728338,106.56136300756782,3.0386005448971702,52535474.7675,0.00019136818296328146,0.00018003579856597365,0.0004166666588581277,0.0007880706403873828,0.10161872581559514,1,252,200,CLARABEL,optimal
2016-07-29,development,assertive,100000000.0,150.0,0.017643895563086674,0.016022491604983036,0.4897297896513153,0.009101102430423915,200,64,58,1.9999999574784075,-5.040605599582193e-09,0.02352133674157622,-0.020056260256038266,0.040000000014127415,0.020000000468728338,106.56136300756782,3.0386005448971702,52535474.7675,0.00019136818296328146,0.00018003579856597365,0.0012499999765743831,0.001621403958103638,0.10161872581559514,1,252,200,CLARABEL,optimal
2016-07-29,development,assertive,100000000.0,300.0,0.017643895563086674,0.014772491628408654,0.4897297896513153,0.009101102430423915,200,64,58,1.9999999574784075,-5.040605599582193e-09,0.02352133674157622,-0.020056260256038266,0.040000000014127415,0.020000000468728338,106.56136300756782,3.0386005448971702,52535474.7675,0.00019136818296328146,0.00018003579856597365,0.0024999999531487662,0.0028714039346780214,0.10161872581559514,1,252,200,CLARABEL,optimal
2016-07-29,development,assertive,500000000.0,50.0,0.017643895563086674,0.01663328843728829,0.4897297896513153,0.009101102430423915,200,64,58,1.9999999574784075,-5.040605599582193e-09,0.02352133674157622,-0.020056260256038266,0.040000000014127415,0.020000000468728338,106.56136300756782,3.0386005448971702,52535474.7675,0.00019136818296328146,0.0004025722839769762,0.0004166666588581277,0.0010106071257983853,0.5080936290779757,23,252,200,CLARABEL,optimal
2016-07-29,development,assertive,500000000.0,150.0,0.017643895563086674,0.015799955119572034,0.4897297896513153,0.009101102430423915,200,64,58,1.9999999574784075,-5.040605599582193e-09,0.02352133674157622,-0.020056260256038266,0.040000000014127415,0.020000000468728338,106.56136300756782,3.0386005448971702,52535474.7675,0.00019136818296328146,0.0004025722839769762,0.0012499999765743831,0.0018439404435146409,0.5080936290779757,23,252,200,CLARABEL,optimal
2016-07-29,development,assertive,500000000.0,300.0,0.017643895563086674,0.01454995514299765,0.4897297896513153,0.009101102430423915,200,64,58,1.9999999574784075,-5.040605599582193e-09,0.02352133674157622,-0.020056260256038266,0.040000000014127415,0.020000000468728338,106.56136300756782,3.0386005448971702,52535474.7675,0.00019136818296328146,0.0004025722839769762,0.0024999999531487662,0.0030939404200890238,0.5080936290779757,23,252,200,CLARABEL,optimal
2016-08-31,development,assertive,10000000.0,50.0,-0.0020113628066510433,-0.0027853602910157165,0.7499165221510073,0.005171935674676263,200,62,63,1.9999999675893791,-6.897233145730652e-09,0.0012088688400822278,-0.05000000951855019,0.04000000028508482,0.02000000044615116,107.38897476741144,2.677916917325033,47797243.0275,0.00026982368201670557,8.750714099659018e-05,0.0004166666613513775,0.0007739974843646733,0.008989253343539803,0,252,200,CLARABEL,optimal
2016-08-31,development,assertive,10000000.0,150.0,-0.0020113628066510433,-0.0036186936137184715,0.7499165221510073,0.005171935674676263,200,62,63,1.9999999675893791,-6.897233145730652e-09,0.0012088688400822278,-0.05000000951855019,0.04000000028508482,0.02000000044615116,107.38897476741144,2.677916917325033,47797243.0275,0.00026982368201670557,8.750714099659018e-05,0.0012499999840541326,0.0016073308070674282,0.008989253343539803,0,252,200,CLARABEL,optimal
2016-08-31,development,assertive,10000000.0,300.0,-0.0020113628066510433,-0.004868693597772604,0.7499165221510073,0.005171935674676263,200,62,63,1.9999999675893791,-6.897233145730652e-09,0.0012088688400822278,-0.05000000951855019,0.04000000028508482,0.02000000044615116,107.38897476741144,2.677916917325033,47797243.0275,0.00026982368201670557,8.750714099659018e-05,0.002499999968108265,0.002857330791121561,0.008989253343539803,0,252,200,CLARABEL,optimal
2016-08-31,development,assertive,100000000.0,50.0,-0.0020113628066510433,-0.002974575027097848,0.7499165221510073,0.005171935674676263,200,62,63,1.9999999675893791,-6.897233145730652e-09,0.0012088688400822278,-0.05000000951855019,0.04000000028508482,0.02000000044615116,107.38897476741144,2.677916917325033,47797243.0275,0.00026982368201670557,0.0002767218770787216,0.0004166666613513775,0.0009632122204468047,0.08989253343539803,0,252,200,CLARABEL,optimal
2016-08-31,development,assertive,100000000.0,150.0,-0.0020113628066510433,-0.003807908349800603,0.7499165221510073,0.005171935674676263,200,62,63,1.9999999675893791,-6.897233145730652e-09,0.0012088688400822278,-0.05000000951855019,0.04000000028508482,0.02000000044615116,107.38897476741144,2.677916917325033,47797243.0275,0.00026982368201670557,0.0002767218770787216,0.0012499999840541326,0.0017965455431495597,0.08989253343539803,0,252,200,CLARABEL,optimal
2016-08-31,development,assertive,100000000.0,300.0,-0.0020113628066510433,-0.005057908333854735,0.7499165221510073,0.005171935674676263,200,62,63,1.9999999675893791,-6.897233145730652e-09,0.0012088688400822278,-0.05000000951855019,0.04000000028508482,0.02000000044615116,107.38897476741144,2.677916917325033,47797243.0275,0.00026982368201670557,0.0002767218770787216,0.002499999968108265,0.0030465455272036925,0.08989253343539803,0,252,200,CLARABEL,optimal
2016-08-31,development,assertive,500000000.0,50.0,-0.0020113628066510433,-0.003316622078028489,0.7499165221510073,0.005171935674676263,200,62,63,1.9999999675893791,-6.897233145730652e-09,0.0012088688400822278,-0.05000000951855019,0.04000000028508482,0.02000000044615116,107.38897476741144,2.677916917325033,47797243.0275,0.00026982368201670557,0.0006187689280093625,0.0004166666613513775,0.0013052592713774457,0.4494626671769901,31,252,200,CLARABEL,optimal
2016-08-31,development,assertive,500000000.0,150.0,-0.0020113628066510433,-0.004149955400731244,0.7499165221510073,0.005171935674676263,200,62,63,1.9999999675893791,-6.897233145730652e-09,0.0012088688400822278,-0.05000000951855019,0.04000000028508482,0.02000000044615116,107.38897476741144,2.677916917325033,47797243.0275,0.00026982368201670557,0.0006187689280093625,0.0012499999840541326,0.0021385925940802008,0.4494626671769901,31,252,200,CLARABEL,optimal
2016-08-31,development,assertive,500000000.0,300.0,-0.0020113628066510433,-0.005399955384785377,0.7499165221510073,0.005171935674676263,200,62,63,1.9999999675893791,-6.897233145730652e-09,0.0012088688400822278,-0.05000000951855019,0.04000000028508482,0.02000000044615116,107.38897476741144,2.677916917325033,47797243.0275,0.00026982368201670557,0.0006187689280093625,0.002499999968108265,0.003388592578134333,0.4494626671769901,31,252,200,CLARABEL,optimal
2016-09-30,development,assertive,10000000.0,50.0,0.026104004508029875,0.02549569595687633,0.46220498834704926,-0.010179015540121456,200,60,61,1.9999999868181737,1.629572560224446e-09,0.03235742727670676,-0.05000000333878086,0.04000000068042805,0.02000000041365172,106.40456776378586,2.6526145051270738,48510503.8775,0.00014251797159763898,4.9123915974947824e-05,0.0004166666635809586,0.0006083085511535454,0.006131980206501253,0,252,200,CLARABEL,optimal
2016-09-30,development,assertive,10000000.0,150.0,0.026104004508029875,0.024662362629714413,0.46220498834704926,-0.010179015540121456,200,60,61,1.9999999868181737,1.629572560224446e-09,0.03235742727670676,-0.05000000333878086,0.04000000068042805,0.02000000041365172,106.40456776378586,2.6526145051270738,48510503.8775,0.00014251797159763898,4.9123915974947824e-05,0.0012499999907428759,0.0014416418783154627,0.006131980206501253,0,252,200,CLARABEL,optimal
2016-09-30,development,assertive,10000000.0,300.0,0.026104004508029875,0.023412362638971538,0.46220498834704926,-0.010179015540121456,200,60,61,1.9999999868181737,1.629572560224446e-09,0.03235742727670676,-0.05000000333878086,0.04000000068042805,0.02000000041365172,106.40456776378586,2.6526145051270738,48510503.8775,0.00014251797159763898,4.9123915974947824e-05,0.0024999999814857518,0.0026916418690583386,0.006131980206501253,0,252,200,CLARABEL,optimal
2016-09-30,development,assertive,100000000.0,50.0,0.026104004508029875,0.02538947641078371,0.46220498834704926,-0.010179015540121456,200,60,61,1.9999999868181737,1.629572560224446e-09,0.03235742727670676,-0.05000000333878086,0.04000000068042805,0.02000000041365172,106.40456776378586,2.6526145051270738,48510503.8775,0.00014251797159763898,0.00015534346206756605,0.0004166666635809586,0.0007145280972461637,0.06131980206501254,0,252,200,CLARABEL,optimal
2016-09-30,development,assertive,100000000.0,150.0,0.026104004508029875,0.024556143083621793,0.46220498834704926,-0.010179015540121456,200,60,61,1.9999999868181737,1.629572560224446e-09,0.03235742727670676,-0.05000000333878086,0.04000000068042805,0.02000000041365172,106.40456776378586,2.6526145051270738,48510503.8775,0.00014251797159763898,0.00015534346206756605,0.0012499999907428759,0.001547861424408081,0.06131980206501254,0,252,200,CLARABEL,optimal
2016-09-30,development,assertive,100000000.0,300.0,0.026104004508029875,0.023306143092878918,0.46220498834704926,-0.010179015540121456,200,60,61,1.9999999868181737,1.629572560224446e-09,0.03235742727670676,-0.05000000333878086,0.04000000068042805,0.02000000041365172,106.40456776378586,2.6526145051270738,48510503.8775,0.00014251797159763898,0.00015534346206756605,0.0024999999814857518,0.0027978614151509566,0.06131980206501254,0,252,200,CLARABEL,optimal
2016-09-30,development,assertive,500000000.0,50.0,0.026104004508029875,0.02519746133180804,0.46220498834704926,-0.010179015540121456,200,60,61,1.9999999868181737,1.629572560224446e-09,0.03235742727670676,-0.05000000333878086,0.04000000068042805,0.02000000041365172,106.40456776378586,2.6526145051270738,48510503.8775,0.00014251797159763898,0.00034735854104323775,0.0004166666635809586,0.0009065431762218354,0.3065990103250627,19,252,200,CLARABEL,optimal
2016-09-30,development,assertive,500000000.0,150.0,0.026104004508029875,0.024364128004646123,0.46220498834704926,-0.010179015540121456,200,60,61,1.9999999868181737,1.629572560224446e-09,0.03235742727670676,-0.05000000333878086,0.04000000068042805,0.02000000041365172,106.40456776378586,2.6526145051270738,48510503.8775,0.00014251797159763898,0.00034735854104323775,0.0012499999907428759,0.0017398765033837527,0.3065990103250627,19,252,200,CLARABEL,optimal
2016-09-30,development,assertive,500000000.0,300.0,0.026104004508029875,0.023114128013903248,0.46220498834704926,-0.010179015540121456,200,60,61,1.9999999868181737,1.629572560224446e-09,0.03235742727670676,-0.05000000333878086,0.04000000068042805,0.02000000041365172,106.40456776378586,2.6526145051270738,48510503.8775,0.00014251797159763898,0.00034735854104323775,0.0024999999814857518,0.0029898764941266283,0.3065990103250627,19,252,200,CLARABEL,optimal
2016-10-31,development,assertive,10000000.0,50.0,0.004181722448229199,0.0034827680081411386,0.8239818626790638,0.037524868879348736,200,69,61,1.999999965947455,8.70889167725597e-09,0.005895433945373785,-0.04468789940050698,0.04000000437763101,0.02000000039985972,107.52712050862067,2.5412059613787212,50183984.7125,0.00021708984289646742,6.519793943355932e-05,0.000416666657758034,0.0006989544400880607,0.011236596616133175,0,252,200,CLARABEL,optimal
2016-10-31,development,assertive,10000000.0,150.0,0.004181722448229199,0.00264943469262507,0.8239818626790638,0.037524868879348736,200,69,61,1.999999965947455,8.70889167725597e-09,0.005895433945373785,-0.04468789940050698,0.04000000437763101,0.02000000039985972,107.52712050862067,2.5412059613787212,50183984.7125,0.00021708984289646742,6.519793943355932e-05,0.001249999973274102,0.0015322877556041288,0.011236596616133175,0,252,200,CLARABEL,optimal
2016-10-31,development,assertive,10000000.0,300.0,0.004181722448229199,0.0013994347193509683,0.8239818626790638,0.037524868879348736,200,69,61,1.999999965947455,8.70889167725597e-09,0.005895433945373785,-0.04468789940050698,0.04000000437763101,0.02000000039985972,107.52712050862067,2.5412059613787212,50183984.7125,0.00021708984289646742,6.519793943355932e-05,0.002499999946548204,0.002782287728878231,0.011236596616133175,0,252,200,CLARABEL,optimal
2016-10-31,development,assertive,100000000.0,50.0,0.004181722448229199,0.003341791960214942,0.8239818626790638,0.037524868879348736,200,69,61,1.999999965947455,8.70889167725597e-09,0.005895433945373785,-0.04468789940050698,0.04000000437763101,0.02000000039985972,107.52712050862067,2.5412059613787212,50183984.7125,0.00021708984289646742,0.00020617398735975576,0.000416666657758034,0.0008399304880142572,0.11236596616133175,2,252,200,CLARABEL,optimal
2016-10-31,development,assertive,100000000.0,150.0,0.004181722448229199,0.002508458644698874,0.8239818626790638,0.037524868879348736,200,69,61,1.999999965947455,8.70889167725597e-09,0.005895433945373785,-0.04468789940050698,0.04000000437763101,0.02000000039985972,107.52712050862067,2.5412059613787212,50183984.7125,0.00021708984289646742,0.00020617398735975576,0.001249999973274102,0.001673263803530325,0.11236596616133175,2,252,200,CLARABEL,optimal
2016-10-31,development,assertive,100000000.0,300.0,0.004181722448229199,0.0012584586714247717,0.8239818626790638,0.037524868879348736,200,69,61,1.999999965947455,8.70889167725597e-09,0.005895433945373785,-0.04468789940050698,0.04000000437763101,0.02000000039985972,107.52712050862067,2.5412059613787212,50183984.7125,0.00021708984289646742,0.00020617398735975576,0.002499999946548204,0.0029232637768044274,0.11236596616133175,2,252,200,CLARABEL,optimal
2016-10-31,development,assertive,500000000.0,50.0,0.004181722448229199,0.0030869468966461013,0.8239818626790638,0.037524868879348736,200,69,61,1.999999965947455,8.70889167725597e-09,0.005895433945373785,-0.04468789940050698,0.04000000437763101,0.02000000039985972,107.52712050862067,2.5412059613787212,50183984.7125,0.00021708984289646742,0.0004610190509285962,0.000416666657758034,0.0010947755515830976,0.5618298308066588,35,252,200,CLARABEL,optimal
2016-10-31,development,assertive,500000000.0,150.0,0.004181722448229199,0.0022536135811300336,0.8239818626790638,0.037524868879348736,200,69,61,1.999999965947455,8.70889167725597e-09,0.005895433945373785,-0.04468789940050698,0.04000000437763101,0.02000000039985972,107.52712050862067,2.5412059613787212,50183984.7125,0.00021708984289646742,0.0004610190509285962,0.001249999973274102,0.0019281088670991657,0.5618298308066588,35,252,200,CLARABEL,optimal
2016-10-31,development,assertive,500000000.0,300.0,0.004181722448229199,0.0010036136078559314,0.8239818626790638,0.037524868879348736,200,69,61,1.999999965947455,8.70889167725597e-09,0.005895433945373785,-0.04468789940050698,0.04000000437763101,0.02000000039985972,107.52712050862067,2.5412059613787212,50183984.7125,0.00021708984289646742,0.0004610190509285962,0.002499999946548204,0.0031781088403732677,0.5618298308066588,35,252,200,CLARABEL,optimal
2016-11-30,development,assertive,10000000.0,50.0,0.018337562055917488,0.01754914741221126,0.8634371888168582,0.01086879558241316,200,69,61,1.9999999415279566,1.560817144974358e-08,0.011663504091023187,-0.04374106759854711,0.04000000542629662,0.020000000903604875,107.7772173992894,2.654815859632073,56828650.644999996,0.0002781908388900333,9.355715358290545e-05,0.00041666665123328865,0.0007884146437062274,0.010205031658846148,0,252,200,CLARABEL,optimal
2016-11-30,development,assertive,10000000.0,150.0,0.018337562055917488,0.016715814109744685,0.8634371888168582,0.01086879558241316,200,69,61,1.9999999415279566,1.560817144974358e-08,0.011663504091023187,-0.04374106759854711,0.04000000542629662,0.020000000903604875,107.7772173992894,2.654815859632073,56828650.644999996,0.0002781908388900333,9.355715358290545e-05,0.0012499999536998657,0.0016217479461728044,0.010205031658846148,0,252,200,CLARABEL,optimal
2016-11-30,development,assertive,10000000.0,300.0,0.018337562055917488,0.015465814156044817,0.8634371888168582,0.01086879558241316,200,69,61,1.9999999415279566,1.560817144974358e-08,0.011663504091023187,-0.04374106759854711,0.04000000542629662,0.020000000903604875,107.7772173992894,2.654815859632073,56828650.644999996,0.0002781908388900333,9.355715358290545e-05,0.0024999999073997315,0.0028717478998726703,0.010205031658846148,0,252,200,CLARABEL,optimal
2016-11-30,development,assertive,100000000.0,50.0,0.018337562055917488,0.01734685086907,0.8634371888168582,0.01086879558241316,200,69,61,1.9999999415279566,1.560817144974358e-08,0.011663504091023187,-0.04374106759854711,0.04000000542629662,0.020000000903604875,107.7772173992894,2.654815859632073,56828650.644999996,0.0002781908388900333,0.00029585369672416404,0.00041666665123328865,0.0009907111868474859,0.10205031658846146,1,252,200,CLARABEL,optimal
2016-11-30,development,assertive,100000000.0,150.0,0.018337562055917488,0.016513517566603426,0.8634371888168582,0.01086879558241316,200,69,61,1.9999999415279566,1.560817144974358e-08,0.011663504091023187,-0.04374106759854711,0.04000000542629662,0.020000000903604875,107.7772173992894,2.654815859632073,56828650.644999996,0.0002781908388900333,0.00029585369672416404,0.0012499999536998657,0.0018240444893140632,0.10205031658846146,1,252,200,CLARABEL,optimal
2016-11-30,development,assertive,100000000.0,300.0,0.018337562055917488,0.015263517612903559,0.8634371888168582,0.01086879558241316,200,69,61,1.9999999415279566,1.560817144974358e-08,0.011663504091023187,-0.04374106759854711,0.04000000542629662,0.020000000903604875,107.7772173992894,2.654815859632073,56828650.644999996,0.0002781908388900333,0.00029585369672416404,0.0024999999073997315,0.0030740444430139287,0.10205031658846146,1,252,200,CLARABEL,optimal
2016-11-30,development,assertive,500000000.0,50.0,0.018337562055917488,0.016981155588524328,0.8634371888168582,0.01086879558241316,200,69,61,1.9999999415279566,1.560817144974358e-08,0.011663504091023187,-0.04374106759854711,0.04000000542629662,0.020000000903604875,107.7772173992894,2.654815859632073,56828650.644999996,0.0002781908388900333,0.0006615489772698376,0.00041666665123328865,0.0013564064673931594,0.5102515829423073,35,252,200,CLARABEL,optimal
2016-11-30,development,assertive,500000000.0,150.0,0.018337562055917488,0.01614782228605775,0.8634371888168582,0.01086879558241316,200,69,61,1.9999999415279566,1.560817144974358e-08,0.011663504091023187,-0.04374106759854711,0.04000000542629662,0.020000000903604875,107.7772173992894,2.654815859632073,56828650.644999996,0.0002781908388900333,0.0006615489772698376,0.0012499999536998657,0.0021897397698597367,0.5102515829423073,35,252,200,CLARABEL,optimal
2016-11-30,development,assertive,500000000.0,300.0,0.018337562055917488,0.014897822332357886,0.8634371888168582,0.01086879558241316,200,69,61,1.9999999415279566,1.560817144974358e-08,0.011663504091023187,-0.04374106759854711,0.04000000542629662,0.020000000903604875,107.7772173992894,2.654815859632073,56828650.644999996,0.0002781908388900333,0.0006615489772698376,0.0024999999073997315,0.0034397397235596022,0.5102515829423073,35,252,200,CLARABEL,optimal
2016-12-30,development,assertive,10000000.0,50.0,-0.0034772734689279177,-0.004197245761589321,0.7854935957063234,0.037579559384139545,200,62,58,1.9999999517975215,1.392164890312575e-08,-0.0006716192595689688,0.03192229961330814,0.04000000318071198,0.020000000779386348,105.0992158026594,2.526469550124364,67873623.4325,0.00023401891499457377,6.928672394268946e-05,0.00041666665372414014,0.0007199722926614034,0.009548422907367954,0,252,200,CLARABEL,optimal
2016-12-30,development,assertive,10000000.0,150.0,-0.0034772734689279177,-0.0050305790690376015,0.7854935957063234,0.037579559384139545,200,62,58,1.9999999517975215,1.392164890312575e-08,-0.0006716192595689688,0.03192229961330814,0.04000000318071198,0.020000000779386348,105.0992158026594,2.526469550124364,67873623.4325,0.00023401891499457377,6.928672394268946e-05,0.0012499999611724206,0.0015533056001096838,0.009548422907367954,0,252,200,CLARABEL,optimal
2016-12-30,development,assertive,10000000.0,300.0,-0.0034772734689279177,-0.006280579030210022,0.7854935957063234,0.037579559384139545,200,62,58,1.9999999517975215,1.392164890312575e-08,-0.0006716192595689688,0.03192229961330814,0.04000000318071198,0.020000000779386348,105.0992158026594,2.526469550124364,67873623.4325,0.00023401891499457377,6.928672394268946e-05,0.0024999999223448413,0.0028033055612821044,0.009548422907367954,0,252,200,CLARABEL,optimal
2016-12-30,development,assertive,100000000.0,50.0,-0.0034772734689279177,-0.004347062896916852,0.7854935957063234,0.037579559384139545,200,62,58,1.9999999517975215,1.392164890312575e-08,-0.0006716192595689688,0.03192229961330814,0.04000000318071198,0.020000000779386348,105.0992158026594,2.526469550124364,67873623.4325,0.00023401891499457377,0.00021910385927022047,0.00041666665372414014,0.0008697894279889344,0.09548422907367954,0,252,200,CLARABEL,optimal
2016-12-30,development,assertive,100000000.0,150.0,-0.0034772734689279177,-0.005180396204365133,0.7854935957063234,0.037579559384139545,200,62,58,1.9999999517975215,1.392164890312575e-08,-0.0006716192595689688,0.03192229961330814,0.04000000318071198,0.020000000779386348,105.0992158026594,2.526469550124364,67873623.4325,0.00023401891499457377,0.00021910385927022047,0.0012499999611724206,0.0017031227354372149,0.09548422907367954,0,252,200,CLARABEL,optimal
2016-12-30,development,assertive,100000000.0,300.0,-0.0034772734689279177,-0.006430396165537553,0.7854935957063234,0.037579559384139545,200,62,58,1.9999999517975215,1.392164890312575e-08,-0.0006716192595689688,0.03192229961330814,0.04000000318071198,0.020000000779386348,105.0992158026594,2.526469550124364,67873623.4325,0.00023401891499457377,0.00021910385927022047,0.0024999999223448413,0.0029531226966096353,0.09548422907367954,0,252,200,CLARABEL,optimal
2016-12-30,development,assertive,500000000.0,50.0,-0.0034772734689279177,-0.0046178901611073925,0.7854935957063234,0.037579559384139545,200,62,58,1.9999999517975215,1.392164890312575e-08,-0.0006716192595689688,0.03192229961330814,0.04000000318071198,0.020000000779386348,105.0992158026594,2.526469550124364,67873623.4325,0.00023401891499457377,0.0004899311234607605,0.00041666665372414014,0.0011406166921794744,0.47742114536839775,28,252,200,CLARABEL,optimal
2016-12-30,development,assertive,500000000.0,150.0,-0.0034772734689279177,-0.005451223468555672,0.7854935957063234,0.037579559384139545,200,62,58,1.9999999517975215,1.392164890312575e-08,-0.0006716192595689688,0.03192229961330814,0.04000000318071198,0.020000000779386348,105.0992158026594,2.526469550124364,67873623.4325,0.00023401891499457377,0.0004899311234607605,0.0012499999611724206,0.0019739499996277547,0.47742114536839775,28,252,200,CLARABEL,optimal
2016-12-30,development,assertive,500000000.0,300.0,-0.0034772734689279177,-0.0067012234297280935,0.7854935957063234,0.037579559384139545,200,62,58,1.9999999517975215,1.392164890312575e-08,-0.0006716192595689688,0.03192229961330814,0.04000000318071198,0.020000000779386348,105.0992158026594,2.526469550124364,67873623.4325,0.00023401891499457377,0.0004899311234607605,0.0024999999223448413,0.003223949960800176,0.47742114536839775,28,252,200,CLARABEL,optimal
2017-01-31,development,assertive,10000000.0,50.0,-0.007648203911999349,-0.008521256851787415,0.8674839241294262,0.03974035776597759,200,61,69,1.999999942200695,-1.261044373090936e-09,-0.02224592403894124,-0.007868339988900963,0.0400000062000458,0.020000000584177585,106.94883732363807,2.556762818720357,56766929.42,0.0003582801481388664,9.810613676133678e-05,0.00041666665488786247,0.0008730529397880656,0.011819266323749274,0,252,200,CLARABEL,optimal
2017-01-31,development,assertive,10000000.0,150.0,-0.007648203911999349,-0.00935459016156314,0.8674839241294262,0.03974035776597759,200,61,69,1.999999942200695,-1.261044373090936e-09,-0.02224592403894124,-0.007868339988900963,0.0400000062000458,0.020000000584177585,106.94883732363807,2.556762818720357,56766929.42,0.0003582801481388664,9.810613676133678e-05,0.0012499999646635874,0.0017063862495637905,0.011819266323749274,0,252,200,CLARABEL,optimal
2017-01-31,development,assertive,10000000.0,300.0,-0.007648203911999349,-0.010604590126226728,0.8674839241294262,0.03974035776597759,200,61,69,1.999999942200695,-1.261044373090936e-09,-0.02224592403894124,-0.007868339988900963,0.0400000062000458,0.020000000584177585,106.94883732363807,2.556762818720357,56766929.42,0.0003582801481388664,9.810613676133678e-05,0.002499999929327175,0.002956386214227378,0.011819266323749274,0,252,200,CLARABEL,optimal
2017-01-31,development,assertive,100000000.0,50.0,-0.007648203911999349,-0.008733389559631877,0.8674839241294262,0.03974035776597759,200,61,69,1.999999942200695,-1.261044373090936e-09,-0.02224592403894124,-0.007868339988900963,0.0400000062000458,0.020000000584177585,106.94883732363807,2.556762818720357,56766929.42,0.0003582801481388664,0.0003102388446057991,0.00041666665488786247,0.001085185647632528,0.11819266323749274,1,252,200,CLARABEL,optimal
2017-01-31,development,assertive,100000000.0,150.0,-0.007648203911999349,-0.009566722869407603,0.8674839241294262,0.03974035776597759,200,61,69,1.999999942200695,-1.261044373090936e-09,-0.02224592403894124,-0.007868339988900963,0.0400000062000458,0.020000000584177585,106.94883732363807,2.556762818720357,56766929.42,0.0003582801481388664,0.0003102388446057991,0.0012499999646635874,0.0019185189574082529,0.11819266323749274,1,252,200,CLARABEL,optimal
2017-01-31,development,assertive,100000000.0,300.0,-0.007648203911999349,-0.01081672283407119,0.8674839241294262,0.03974035776597759,200,61,69,1.999999942200695,-1.261044373090936e-09,-0.02224592403894124,-0.007868339988900963,0.0400000062000458,0.020000000584177585,106.94883732363807,2.556762818720357,56766929.42,0.0003582801481388664,0.0003102388446057991,0.002499999929327175,0.0031685189220718403,0.11819266323749274,1,252,200,CLARABEL,optimal
2017-01-31,development,assertive,500000000.0,50.0,-0.007648203911999349,-0.009116865860825638,0.8674839241294262,0.03974035776597759,200,61,69,1.999999942200695,-1.261044373090936e-09,-0.02224592403894124,-0.007868339988900963,0.0400000062000458,0.020000000584177585,106.94883732363807,2.556762818720357,56766929.42,0.0003582801481388664,0.0006937151457995607,0.00041666665488786247,0.0014686619488262895,0.5909633161874637,37,252,200,CLARABEL,optimal
2017-01-31,development,assertive,500000000.0,150.0,-0.007648203911999349,-0.009950199170601363,0.8674839241294262,0.03974035776597759,200,61,69,1.999999942200695,-1.261044373090936e-09,-0.02224592403894124,-0.007868339988900963,0.0400000062000458,0.020000000584177585,106.94883732363807,2.556762818720357,56766929.42,0.0003582801481388664,0.0006937151457995607,0.0012499999646635874,0.002301995258602014,0.5909633161874637,37,252,200,CLARABEL,optimal
2017-01-31,development,assertive,500000000.0,300.0,-0.007648203911999349,-0.011200199135264951,0.8674839241294262,0.03974035776597759,200,61,69,1.999999942200695,-1.261044373090936e-09,-0.02224592403894124,-0.007868339988900963,0.0400000062000458,0.020000000584177585,106.94883732363807,2.556762818720357,56766929.42,0.0003582801481388664,0.0006937151457995607,0.002499999929327175,0.003551995223265602,0.5909633161874637,37,252,200,CLARABEL,optimal
2017-02-28,development,assertive,10000000.0,50.0,0.0032034641612310112,0.0021951643168465623,1.5329976598855446,0.010732920580036488,200,63,61,1.9999999837277853,-4.471279485551705e-09,-0.001471490446947131,-0.00012398727529516762,0.03999999923058981,0.020000000579364775,106.6745607197141,2.3412043845801223,60417259.66,0.000439571079822936,0.00015206210035337438,0.0004166666642081386,0.001008299844384449,0.018156159822828324,0,252,200,CLARABEL,optimal
2017-02-28,development,assertive,10000000.0,150.0,0.0032034641612310112,0.001361830988430285,1.5329976598855446,0.010732920580036488,200,63,61,1.9999999837277853,-4.471279485551705e-09,-0.001471490446947131,-0.00012398727529516762,0.03999999923058981,0.020000000579364775,106.6745607197141,2.3412043845801223,60417259.66,0.000439571079822936,0.00015206210035337438,0.001249999992624416,0.0018416331728007263,0.018156159822828324,0,252,200,CLARABEL,optimal
2017-02-28,development,assertive,10000000.0,300.0,0.0032034641612310112,0.00011183099580586902,1.5329976598855446,0.010732920580036488,200,63,61,1.9999999837277853,-4.471279485551705e-09,-0.001471490446947131,-0.00012398727529516762,0.03999999923058981,0.020000000579364775,106.6745607197141,2.3412043845801223,60417259.66,0.000439571079822936,0.00015206210035337438,0.002499999985248832,0.003091633165425142,0.018156159822828324,0,252,200,CLARABEL,optimal
2017-02-28,development,assertive,100000000.0,50.0,0.0032034641612310112,0.0018663638342941787,1.5329976598855446,0.010732920580036488,200,63,61,1.9999999837277853,-4.471279485551705e-09,-0.001471490446947131,-0.00012398727529516762,0.03999999923058981,0.020000000579364775,106.6745607197141,2.3412043845801223,60417259.66,0.000439571079822936,0.00048086258290575804,0.0004166666642081386,0.0013371003269368326,0.18156159822828327,1,252,200,CLARABEL,optimal
2017-02-28,development,assertive,100000000.0,150.0,0.0032034641612310112,0.0010330305058779015,1.5329976598855446,0.010732920580036488,200,63,61,1.9999999837277853,-4.471279485551705e-09,-0.001471490446947131,-0.00012398727529516762,0.03999999923058981,0.020000000579364775,106.6745607197141,2.3412043845801223,60417259.66,0.000439571079822936,0.00048086258290575804,0.001249999992624416,0.0021704336553531097,0.18156159822828327,1,252,200,CLARABEL,optimal
2017-02-28,development,assertive,100000000.0,300.0,0.0032034641612310112,-0.00021696948674651464,1.5329976598855446,0.010732920580036488,200,63,61,1.9999999837277853,-4.471279485551705e-09,-0.001471490446947131,-0.00012398727529516762,0.03999999923058981,0.020000000579364775,106.6745607197141,2.3412043845801223,60417259.66,0.000439571079822936,0.00048086258290575804,0.002499999985248832,0.003420433647977526,0.18156159822828327,1,252,200,CLARABEL,optimal
2017-02-28,development,assertive,500000000.0,50.0,0.0032034641612310112,0.0012719849939865334,1.5329976598855446,0.010732920580036488,200,63,61,1.9999999837277853,-4.471279485551705e-09,-0.001471490446947131,-0.00012398727529516762,0.03999999923058981,0.020000000579364775,106.6745607197141,2.3412043845801223,60417259.66,0.000439571079822936,0.0010752414232134033,0.0004166666642081386,0.0019314791672444779,0.9078079911414162,59,252,200,CLARABEL,optimal
2017-02-28,development,assertive,500000000.0,150.0,0.0032034641612310112,0.000438651665570256,1.5329976598855446,0.010732920580036488,200,63,61,1.9999999837277853,-4.471279485551705e-09,-0.001471490446947131,-0.00012398727529516762,0.03999999923058981,0.020000000579364775,106.6745607197141,2.3412043845801223,60417259.66,0.000439571079822936,0.0010752414232134033,0.001249999992624416,0.0027648124956607552,0.9078079911414162,59,252,200,CLARABEL,optimal
2017-02-28,development,assertive,500000000.0,300.0,0.0032034641612310112,-0.0008113483270541602,1.5329976598855446,0.010732920580036488,200,63,61,1.9999999837277853,-4.471279485551705e-09,-0.001471490446947131,-0.00012398727529516762,0.03999999923058981,0.020000000579364775,106.6745607197141,2.3412043845801223,60417259.66,0.000439571079822936,0.0010752414232134033,0.002499999985248832,0.004014812488285171,0.9078079911414162,59,252,200,CLARABEL,optimal
2017-03-31,development,assertive,10000000.0,50.0,0.012975509336235768,0.012066701807701728,1.176305804641987,0.013703814501734642,200,63,55,1.9999999612592463,-5.357995186416886e-09,0.030112808861400553,0.05000002379844615,0.027087871947383525,0.020000000510622052,105.59726580418254,2.3437155149129913,65857045.6225,0.00038635711369340976,0.00010578375512870585,0.0004166666597119253,0.0009088075285340409,0.009576321613140502,0,252,200,CLARABEL,optimal
2017-03-31,development,assertive,10000000.0,150.0,0.012975509336235768,0.011233368488277877,1.176305804641987,0.013703814501734642,200,63,55,1.9999999612592463,-5.357995186416886e-09,0.030112808861400553,0.05000002379844615,0.027087871947383525,0.020000000510622052,105.59726580418254,2.3437155149129913,65857045.6225,0.00038635711369340976,0.00010578375512870585,0.001249999979135776,0.0017421408479578917,0.009576321613140502,0,252,200,CLARABEL,optimal
2017-03-31,development,assertive,10000000.0,300.0,0.012975509336235768,0.0099833685091421,1.176305804641987,0.013703814501734642,200,63,55,1.9999999612592463,-5.357995186416886e-09,0.030112808861400553,0.05000002379844615,0.027087871947383525,0.020000000510622052,105.59726580418254,2.3437155149129913,65857045.6225,0.00038635711369340976,0.00010578375512870585,0.002499999958271552,0.0029921408270936678,0.009576321613140502,0,252,200,CLARABEL,optimal
2017-03-31,development,assertive,100000000.0,50.0,0.012975509336235768,0.011837967957178204,1.176305804641987,0.013703814501734642,200,63,55,1.9999999612592463,-5.357995186416886e-09,0.030112808861400553,0.05000002379844615,0.027087871947383525,0.020000000510622052,105.59726580418254,2.3437155149129913,65857045.6225,0.00038635711369340976,0.0003345176056522288,0.0004166666597119253,0.0011375413790575637,0.09576321613140501,0,252,200,CLARABEL,optimal
2017-03-31,development,assertive,100000000.0,150.0,0.012975509336235768,0.011004634637754354,1.176305804641987,0.013703814501734642,200,63,55,1.9999999612592463,-5.357995186416886e-09,0.030112808861400553,0.05000002379844615,0.027087871947383525,0.020000000510622052,105.59726580418254,2.3437155149129913,65857045.6225,0.00038635711369340976,0.0003345176056522288,0.001249999979135776,0.0019708746984814147,0.09576321613140501,0,252,200,CLARABEL,optimal
2017-03-31,development,assertive,100000000.0,300.0,0.012975509336235768,0.009754634658618578,1.176305804641987,0.013703814501734642,200,63,55,1.9999999612592463,-5.357995186416886e-09,0.030112808861400553,0.05000002379844615,0.027087871947383525,0.020000000510622052,105.59726580418254,2.3437155149129913,65857045.6225,0.00038635711369340976,0.0003345176056522288,0.002499999958271552,0.0032208746776171905,0.09576321613140501,0,252,200,CLARABEL,optimal
2017-03-31,development,assertive,500000000.0,50.0,0.012975509336235768,0.011424481456921582,1.176305804641987,0.013703814501734642,200,63,55,1.9999999612592463,-5.357995186416886e-09,0.030112808861400553,0.05000002379844615,0.027087871947383525,0.020000000510622052,105.59726580418254,2.3437155149129913,65857045.6225,0.00038635711369340976,0.0007480041059088513,0.0004166666597119253,0.0015510278793141863,0.4788160806570251,51,252,200,CLARABEL,optimal
2017-03-31,development,assertive,500000000.0,150.0,0.012975509336235768,0.01059114813749773,1.176305804641987,0.013703814501734642,200,63,55,1.9999999612592463,-5.357995186416886e-09,0.030112808861400553,0.05000002379844615,0.027087871947383525,0.020000000510622052,105.59726580418254,2.3437155149129913,65857045.6225,0.00038635711369340976,0.0007480041059088513,0.001249999979135776,0.002384361198738037,0.4788160806570251,51,252,200,CLARABEL,optimal
2017-03-31,development,assertive,500000000.0,300.0,0.012975509336235768,0.009341148158361956,1.176305804641987,0.013703814501734642,200,63,55,1.9999999612592463,-5.357995186416886e-09,0.030112808861400553,0.05000002379844615,0.027087871947383525,0.020000000510622052,105.59726580418254,2.3437155149129913,65857045.6225,0.00038635711369340976,0.0007480041059088513,0.002499999958271552,0.003634361177873813,0.4788160806570251,51,252,200,CLARABEL,optimal
2017-04-28,development,assertive,10000000.0,50.0,-0.023827649182307394,-0.02455299477034856,0.689032826084171,0.01657536650005716,200,65,57,1.9999999766992047,5.814050130226178e-09,0.025600742573777174,-0.049999997953077885,0.040000001113198486,0.020000000397330433,106.52802715941132,2.3040225703956683,65459167.472500004,0.0002468815387662136,6.179738867387896e-05,0.0004166666606010739,0.0007253455880411664,0.01699986507400369,0,252,200,CLARABEL,optimal
2017-04-28,development,assertive,10000000.0,150.0,-0.023827649182307394,-0.025386328091550708,0.689032826084171,0.01657536650005716,200,65,57,1.9999999766992047,5.814050130226178e-09,0.025600742573777174,-0.049999997953077885,0.040000001113198486,0.020000000397330433,106.52802715941132,2.3040225703956683,65459167.472500004,0.0002468815387662136,6.179738867387896e-05,0.0012499999818032217,0.0015586789092433143,0.01699986507400369,0,252,200,CLARABEL,optimal
2017-04-28,development,assertive,10000000.0,300.0,-0.023827649182307394,-0.02663632807335393,0.689032826084171,0.01657536650005716,200,65,57,1.9999999766992047,5.814050130226178e-09,0.025600742573777174,-0.049999997953077885,0.040000001113198486,0.020000000397330433,106.52802715941132,2.3040225703956683,65459167.472500004,0.0002468815387662136,6.179738867387896e-05,0.0024999999636064435,0.0028086788910465363,0.01699986507400369,0,252,200,CLARABEL,optimal
2017-04-28,development,assertive,100000000.0,50.0,-0.023827649182307394,-0.02468661788333483,0.689032826084171,0.01657536650005716,200,65,57,1.9999999766992047,5.814050130226178e-09,0.025600742573777174,-0.049999997953077885,0.040000001113198486,0.020000000397330433,106.52802715941132,2.3040225703956683,65459167.472500004,0.0002468815387662136,0.00019542050166014986,0.0004166666606010739,0.0008589687010274374,0.16999865074003692,1,252,200,CLARABEL,optimal
2017-04-28,development,assertive,100000000.0,150.0,-0.023827649182307394,-0.02551995120453698,0.689032826084171,0.01657536650005716,200,65,57,1.9999999766992047,5.814050130226178e-09,0.025600742573777174,-0.049999997953077885,0.040000001113198486,0.020000000397330433,106.52802715941132,2.3040225703956683,65459167.472500004,0.0002468815387662136,0.00019542050166014986,0.0012499999818032217,0.0016923020222295853,0.16999865074003692,1,252,200,CLARABEL,optimal
2017-04-28,development,assertive,100000000.0,300.0,-0.023827649182307394,-0.0267699511863402,0.689032826084171,0.01657536650005716,200,65,57,1.9999999766992047,5.814050130226178e-09,0.025600742573777174,-0.049999997953077885,0.040000001113198486,0.020000000397330433,106.52802715941132,2.3040225703956683,65459167.472500004,0.0002468815387662136,0.00019542050166014986,0.0024999999636064435,0.002942302004032807,0.16999865074003692,1,252,200,CLARABEL,optimal
2017-04-28,development,assertive,500000000.0,50.0,-0.023827649182307394,-0.024928170907583886,0.689032826084171,0.01657536650005716,200,65,57,1.9999999766992047,5.814050130226178e-09,0.025600742573777174,-0.049999997953077885,0.040000001113198486,0.020000000397330433,106.52802715941132,2.3040225703956683,65459167.472500004,0.0002468815387662136,0.00043697352590920557,0.0004166666606010739,0.001100521725276493,0.8499932537001846,37,252,200,CLARABEL,optimal
2017-04-28,development,assertive,500000000.0,150.0,-0.023827649182307394,-0.025761504228786036,0.689032826084171,0.01657536650005716,200,65,57,1.9999999766992047,5.814050130226178e-09,0.025600742573777174,-0.049999997953077885,0.040000001113198486,0.020000000397330433,106.52802715941132,2.3040225703956683,65459167.472500004,0.0002468815387662136,0.00043697352590920557,0.0012499999818032217,0.001933855046478641,0.8499932537001846,37,252,200,CLARABEL,optimal
2017-04-28,development,assertive,500000000.0,300.0,-0.023827649182307394,-0.027011504210589257,0.689032826084171,0.01657536650005716,200,65,57,1.9999999766992047,5.814050130226178e-09,0.025600742573777174,-0.049999997953077885,0.040000001113198486,0.020000000397330433,106.52802715941132,2.3040225703956683,65459167.472500004,0.0002468815387662136,0.00043697352590920557,0.0024999999636064435,0.0031838550282818627,0.8499932537001846,37,252,200,CLARABEL,optimal
2017-05-31,development,assertive,10000000.0,50.0,-0.026092416411303422,-0.026888597377034362,0.9669391283204196,0.0023759795262167254,200,67,62,1.999999983487809,1.0694433227875777e-08,0.004094358310981594,-0.04999997980585097,0.039999999788511875,0.02000000036705444,108.15642960955967,2.236154540640334,68499132.5475,0.0003066842469511195,7.283005778120082e-05,0.00041666666099862,0.0007961809657309403,0.011024759408998016,0,252,200,CLARABEL,optimal
2017-05-31,development,assertive,10000000.0,150.0,-0.026092416411303422,-0.027721930699031602,0.9669391283204196,0.0023759795262167254,200,67,62,1.999999983487809,1.0694433227875777e-08,0.004094358310981594,-0.04999997980585097,0.039999999788511875,0.02000000036705444,108.15642960955967,2.236154540640334,68499132.5475,0.0003066842469511195,7.283005778120082e-05,0.00124999998299586,0.0016295142877281801,0.011024759408998016,0,252,200,CLARABEL,optimal
2017-05-31,development,assertive,10000000.0,300.0,-0.026092416411303422,-0.028971930682027462,0.9669391283204196,0.0023759795262167254,200,67,62,1.999999983487809,1.0694433227875777e-08,0.004094358310981594,-0.04999997980585097,0.039999999788511875,0.02000000036705444,108.15642960955967,2.236154540640334,68499132.5475,0.0003066842469511195,7.283005778120082e-05,0.00249999996599172,0.00287951427072404,0.011024759408998016,0,252,200,CLARABEL,optimal
2017-05-31,development,assertive,100000000.0,50.0,-0.026092416411303422,-0.027046076183963427,0.9669391283204196,0.0023759795262167254,200,67,62,1.999999983487809,1.0694433227875777e-08,0.004094358310981594,-0.04999997980585097,0.039999999788511875,0.02000000036705444,108.15642960955967,2.236154540640334,68499132.5475,0.0003066842469511195,0.0002303088647102636,0.00041666666099862,0.0009536597726600031,0.11024759408998017,1,252,200,CLARABEL,optimal
2017-05-31,development,assertive,100000000.0,150.0,-0.026092416411303422,-0.027879409505960667,0.9669391283204196,0.0023759795262167254,200,67,62,1.999999983487809,1.0694433227875777e-08,0.004094358310981594,-0.04999997980585097,0.039999999788511875,0.02000000036705444,108.15642960955967,2.236154540640334,68499132.5475,0.0003066842469511195,0.0002303088647102636,0.00124999998299586,0.0017869930946572432,0.11024759408998017,1,252,200,CLARABEL,optimal
2017-05-31,development,assertive,100000000.0,300.0,-0.026092416411303422,-0.029129409488956527,0.9669391283204196,0.0023759795262167254,200,67,62,1.999999983487809,1.0694433227875777e-08,0.004094358310981594,-0.04999997980585097,0.039999999788511875,0.02000000036705444,108.15642960955967,2.236154540640334,68499132.5475,0.0003066842469511195,0.0002303088647102636,0.00249999996599172,0.003036993077653103,0.11024759408998017,1,252,200,CLARABEL,optimal
2017-05-31,development,assertive,500000000.0,50.0,-0.026092416411303422,-0.027330753596566115,0.9669391283204196,0.0023759795262167254,200,67,62,1.999999983487809,1.0694433227875777e-08,0.004094358310981594,-0.04999997980585097,0.039999999788511875,0.02000000036705444,108.15642960955967,2.236154540640334,68499132.5475,0.0003066842469511195,0.0005149862773129519,0.00041666666099862,0.0012383371852626914,0.5512379704499009,34,252,200,CLARABEL,optimal
2017-05-31,development,assertive,500000000.0,150.0,-0.026092416411303422,-0.028164086918563355,0.9669391283204196,0.0023759795262167254,200,67,62,1.999999983487809,1.0694433227875777e-08,0.004094358310981594,-0.04999997980585097,0.039999999788511875,0.02000000036705444,108.15642960955967,2.236154540640334,68499132.5475,0.0003066842469511195,0.0005149862773129519,0.00124999998299586,0.0020716705072599314,0.5512379704499009,34,252,200,CLARABEL,optimal
2017-05-31,development,assertive,500000000.0,300.0,-0.026092416411303422,-0.029414086901559215,0.9669391283204196,0.0023759795262167254,200,67,62,1.999999983487809,1.0694433227875777e-08,0.004094358310981594,-0.04999997980585097,0.039999999788511875,0.02000000036705444,108.15642960955967,2.236154540640334,68499132.5475,0.0003066842469511195,0.0005149862773129519,0.00249999996599172,0.0033216704902557913,0.5512379704499009,34,252,200,CLARABEL,optimal
2017-06-30,development,assertive,10000000.0,50.0,0.019586695926466557,0.018783507032322923,0.9061437759785127,0.026703765531653465,200,63,59,1.9999999549118186,6.9461551510663355e-09,0.020316930265186578,-0.05000000849174299,0.03999999325291065,0.020000000892949843,105.97653647213787,2.1395520938154418,63761628.099999994,0.00031050619509090404,7.601604322655036e-05,0.0004166666558261799,0.0008031888941436343,0.00890989293124828,0,252,200,CLARABEL,optimal
2017-06-30,development,assertive,10000000.0,150.0,0.019586695926466557,0.017950173720670565,0.9061437759785127,0.026703765531653465,200,63,59,1.9999999549118186,6.9461551510663355e-09,0.020316930265186578,-0.05000000849174299,0.03999999325291065,0.020000000892949843,105.97653647213787,2.1395520938154418,63761628.099999994,0.00031050619509090404,7.601604322655036e-05,0.0012499999674785397,0.001636522205795994,0.00890989293124828,0,252,200,CLARABEL,optimal
2017-06-30,development,assertive,10000000.0,300.0,0.019586695926466557,0.016700173753192025,0.9061437759785127,0.026703765531653465,200,63,59,1.9999999549118186,6.9461551510663355e-09,0.020316930265186578,-0.05000000849174299,0.03999999325291065,0.020000000892949843,105.97653647213787,2.1395520938154418,63761628.099999994,0.00031050619509090404,7.601604322655036e-05,0.0024999999349570793,0.002886522173274534,0.00890989293124828,0,252,200,CLARABEL,optimal
2017-06-30,development,assertive,100000000.0,50.0,0.019586695926466557,0.01861913924023976,0.9061437759785127,0.026703765531653465,200,63,59,1.9999999549118186,6.9461551510663355e-09,0.020316930265186578,-0.05000000849174299,0.03999999325291065,0.020000000892949843,105.97653647213787,2.1395520938154418,63761628.099999994,0.00031050619509090404,0.00024038383530971402,0.0004166666558261799,0.0009675566862267979,0.08909892931248281,0,252,200,CLARABEL,optimal
2017-06-30,development,assertive,100000000.0,150.0,0.019586695926466557,0.0177858059285874,0.9061437759785127,0.026703765531653465,200,63,59,1.9999999549118186,6.9461551510663355e-09,0.020316930265186578,-0.05000000849174299,0.03999999325291065,0.020000000892949843,105.97653647213787,2.1395520938154418,63761628.099999994,0.00031050619509090404,0.00024038383530971402,0.0012499999674785397,0.0018008899978791577,0.08909892931248281,0,252,200,CLARABEL,optimal
2017-06-30,development,assertive,100000000.0,300.0,0.019586695926466557,0.01653580596110886,0.9061437759785127,0.026703765531653465,200,63,59,1.9999999549118186,6.9461551510663355e-09,0.020316930265186578,-0.05000000849174299,0.03999999325291065,0.020000000892949843,105.97653647213787,2.1395520938154418,63761628.099999994,0.00031050619509090404,0.00024038383530971402,0.0024999999349570793,0.0030508899653576976,0.08909892931248281,0,252,200,CLARABEL,optimal
2017-06-30,development,assertive,500000000.0,50.0,0.019586695926466557,0.01832200847910484,0.9061437759785127,0.026703765531653465,200,63,59,1.9999999549118186,6.9461551510663355e-09,0.020316930265186578,-0.05000000849174299,0.03999999325291065,0.020000000892949843,105.97653647213787,2.1395520938154418,63761628.099999994,0.00031050619509090404,0.0005375145964446348,0.0004166666558261799,0.0012646874473617186,0.445494646562414,39,252,200,CLARABEL,optimal
2017-06-30,development,assertive,500000000.0,150.0,0.019586695926466557,0.017488675167452478,0.9061437759785127,0.026703765531653465,200,63,59,1.9999999549118186,6.9461551510663355e-09,0.020316930265186578,-0.05000000849174299,0.03999999325291065,0.020000000892949843,105.97653647213787,2.1395520938154418,63761628.099999994,0.00031050619509090404,0.0005375145964446348,0.0012499999674785397,0.0020980207590140785,0.445494646562414,39,252,200,CLARABEL,optimal
2017-06-30,development,assertive,500000000.0,300.0,0.019586695926466557,0.01623867519997394,0.9061437759785127,0.026703765531653465,200,63,59,1.9999999549118186,6.9461551510663355e-09,0.020316930265186578,-0.05000000849174299,0.03999999325291065,0.020000000892949843,105.97653647213787,2.1395520938154418,63761628.099999994,0.00031050619509090404,0.0005375145964446348,0.0024999999349570793,0.003348020726492618,0.445494646562414,39,252,200,CLARABEL,optimal
2017-07-31,development,assertive,10000000.0,50.0,0.018426844363182312,0.017701506280832967,0.7713189745879856,0.019941248916997778,200,62,55,1.999999958852893,-1.8603072415857014e-09,0.04752595991798905,-0.01789139046744631,0.04000000977065416,0.020000000814935578,105.0943660542703,2.1175259167968536,59300181.045,0.00023116885301285,7.750257085457943e-05,0.0004166666584819168,0.0007253380823493462,0.014972763726125276,0,252,200,CLARABEL,optimal
2017-07-31,development,assertive,10000000.0,150.0,0.018426844363182312,0.01686817296386913,0.7713189745879856,0.019941248916997778,200,62,55,1.999999958852893,-1.8603072415857014e-09,0.04752595991798905,-0.01789139046744631,0.04000000977065416,0.020000000814935578,105.0943660542703,2.1175259167968536,59300181.045,0.00023116885301285,7.750257085457943e-05,0.0012499999754457501,0.0015586713993131795,0.014972763726125276,0,252,200,CLARABEL,optimal
2017-07-31,development,assertive,10000000.0,300.0,0.018426844363182312,0.015618172988423383,0.7713189745879856,0.019941248916997778,200,62,55,1.999999958852893,-1.8603072415857014e-09,0.04752595991798905,-0.01789139046744631,0.04000000977065416,0.020000000814935578,105.0943660542703,2.1175259167968536,59300181.045,0.00023116885301285,7.750257085457943e-05,0.0024999999508915002,0.0028086713747589296,0.014972763726125276,0,252,200,CLARABEL,optimal
2017-07-31,development,assertive,100000000.0,50.0,0.018426844363182312,0.01753392420326849,0.7713189745879856,0.019941248916997778,200,62,55,1.999999958852893,-1.8603072415857014e-09,0.04752595991798905,-0.01789139046744631,0.04000000977065416,0.020000000814935578,105.0943660542703,2.1175259167968536,59300181.045,0.00023116885301285,0.00024508464841905344,0.0004166666584819168,0.0008929201599138202,0.14972763726125277,1,252,200,CLARABEL,optimal
2017-07-31,development,assertive,100000000.0,150.0,0.018426844363182312,0.01670059088630466,0.7713189745879856,0.019941248916997778,200,62,55,1.999999958852893,-1.8603072415857014e-09,0.04752595991798905,-0.01789139046744631,0.04000000977065416,0.020000000814935578,105.0943660542703,2.1175259167968536,59300181.045,0.00023116885301285,0.00024508464841905344,0.0012499999754457501,0.0017262534768776535,0.14972763726125277,1,252,200,CLARABEL,optimal
2017-07-31,development,assertive,100000000.0,300.0,0.018426844363182312,0.01545059091085891,0.7713189745879856,0.019941248916997778,200,62,55,1.999999958852893,-1.8603072415857014e-09,0.04752595991798905,-0.01789139046744631,0.04000000977065416,0.020000000814935578,105.0943660542703,2.1175259167968536,59300181.045,0.00023116885301285,0.00024508464841905344,0.0024999999508915002,0.0029762534523234034,0.14972763726125277,1,252,200,CLARABEL,optimal
2017-07-31,development,assertive,500000000.0,50.0,0.018426844363182312,0.017230982917580906,0.7713189745879856,0.019941248916997778,200,62,55,1.999999958852893,-1.8603072415857014e-09,0.04752595991798905,-0.01789139046744631,0.04000000977065416,0.020000000814935578,105.0943660542703,2.1175259167968536,59300181.045,0.00023116885301285,0.0005480259341066399,0.0004166666584819168,0.0011958614456014066,0.7486381863062638,30,252,200,CLARABEL,optimal
2017-07-31,development,assertive,500000000.0,150.0,0.018426844363182312,0.01639764960061707,0.7713189745879856,0.019941248916997778,200,62,55,1.999999958852893,-1.8603072415857014e-09,0.04752595991798905,-0.01789139046744631,0.04000000977065416,0.020000000814935578,105.0943660542703,2.1175259167968536,59300181.045,0.00023116885301285,0.0005480259341066399,0.0012499999754457501,0.00202919476256524,0.7486381863062638,30,252,200,CLARABEL,optimal
2017-07-31,development,assertive,500000000.0,300.0,0.018426844363182312,0.015147649625171322,0.7713189745879856,0.019941248916997778,200,62,55,1.999999958852893,-1.8603072415857014e-09,0.04752595991798905,-0.01789139046744631,0.04000000977065416,0.020000000814935578,105.0943660542703,2.1175259167968536,59300181.045,0.00023116885301285,0.0005480259341066399,0.0024999999508915002,0.00327919473801099,0.7486381863062638,30,252,200,CLARABEL,optimal
2017-08-31,development,assertive,10000000.0,50.0,0.0204336918194792,0.0196751271656225,0.7832585415705939,0.006275422077761893,200,65,57,1.9999999474591221,-1.7770648452763993e-08,0.010717741801154479,0.05000001042966413,0.03999999992700448,0.020000000683792082,105.77064984394507,2.213072600011198,58076203.8675,0.00027030945166420104,7.158854276962988e-05,0.0004166666594228688,0.0007585646538566997,0.00907382522065146,0,252,200,CLARABEL,optimal
2017-08-31,development,assertive,10000000.0,150.0,0.0204336918194792,0.018841793846776762,0.7832585415705939,0.006275422077761893,200,65,57,1.9999999474591221,-1.7770648452763993e-08,0.010717741801154479,0.05000001042966413,0.03999999992700448,0.020000000683792082,105.77064984394507,2.213072600011198,58076203.8675,0.00027030945166420104,7.158854276962988e-05,0.0012499999782686064,0.0015918979727024374,0.00907382522065146,0,252,200,CLARABEL,optimal
2017-08-31,development,assertive,10000000.0,300.0,0.0204336918194792,0.017591793868508156,0.7832585415705939,0.006275422077761893,200,65,57,1.9999999474591221,-1.7770648452763993e-08,0.010717741801154479,0.05000001042966413,0.03999999992700448,0.020000000683792082,105.77064984394507,2.213072600011198,58076203.8675,0.00027030945166420104,7.158854276962988e-05,0.002499999956537213,0.0028418979509710436,0.00907382522065146,0,252,200,CLARABEL,optimal
2017-08-31,development,assertive,100000000.0,50.0,0.0204336918194792,0.01952033285886772,0.7832585415705939,0.006275422077761893,200,65,57,1.9999999474591221,-1.7770648452763993e-08,0.010717741801154479,0.05000001042966413,0.03999999992700448,0.020000000683792082,105.77064984394507,2.213072600011198,58076203.8675,0.00027030945166420104,0.0002263828495244091,0.0004166666594228688,0.000913358960611479,0.0907382522065146,0,252,200,CLARABEL,optimal
2017-08-31,development,assertive,100000000.0,150.0,0.0204336918194792,0.018686999540021985,0.7832585415705939,0.006275422077761893,200,65,57,1.9999999474591221,-1.7770648452763993e-08,0.010717741801154479,0.05000001042966413,0.03999999992700448,0.020000000683792082,105.77064984394507,2.213072600011198,58076203.8675,0.00027030945166420104,0.0002263828495244091,0.0012499999782686064,0.0017466922794572167,0.0907382522065146,0,252,200,CLARABEL,optimal
2017-08-31,development,assertive,100000000.0,300.0,0.0204336918194792,0.017436999561753378,0.7832585415705939,0.006275422077761893,200,65,57,1.9999999474591221,-1.7770648452763993e-08,0.010717741801154479,0.05000001042966413,0.03999999992700448,0.020000000683792082,105.77064984394507,2.213072600011198,58076203.8675,0.00027030945166420104,0.0002263828495244091,0.002499999956537213,0.002996692257725823,0.0907382522065146,0,252,200,CLARABEL,optimal
2017-08-31,development,assertive,500000000.0,50.0,0.0204336918194792,0.019240508267915447,0.7832585415705939,0.006275422077761893,200,65,57,1.9999999474591221,-1.7770648452763993e-08,0.010717741801154479,0.05000001042966413,0.03999999992700448,0.020000000683792082,105.77064984394507,2.213072600011198,58076203.8675,0.00027030945166420104,0.0005062074404766847,0.0004166666594228688,0.0011931835515637545,0.453691261032573,36,252,200,CLARABEL,optimal
2017-08-31,development,assertive,500000000.0,150.0,0.0204336918194792,0.018407174949069707,0.7832585415705939,0.006275422077761893,200,65,57,1.9999999474591221,-1.7770648452763993e-08,0.010717741801154479,0.05000001042966413,0.03999999992700448,0.020000000683792082,105.77064984394507,2.213072600011198,58076203.8675,0.00027030945166420104,0.0005062074404766847,0.0012499999782686064,0.0020265168704094922,0.453691261032573,36,252,200,CLARABEL,optimal
2017-08-31,development,assertive,500000000.0,300.0,0.0204336918194792,0.017157174970801103,0.7832585415705939,0.006275422077761893,200,65,57,1.9999999474591221,-1.7770648452763993e-08,0.010717741801154479,0.05000001042966413,0.03999999992700448,0.020000000683792082,105.77064984394507,2.213072600011198,58076203.8675,0.00027030945166420104,0.0005062074404766847,0.002499999956537213,0.0032765168486780984,0.453691261032573,36,252,200,CLARABEL,optimal
2017-09-29,development,assertive,10000000.0,50.0,0.014063517260824766,0.013411020160244029,0.6449478456483444,0.034946372487040814,200,66,57,1.9999999573035723,2.052624625825672e-09,0.019263728068519226,0.05000001469891273,0.039999998292875094,0.02000000087265939,107.34760580370235,2.0669737680254414,60461985.525000006,0.00018344385449412003,5.238658874266859e-05,0.0004166666573439475,0.0006524971005807362,0.01626468728530444,0,252,200,CLARABEL,optimal
2017-09-29,development,assertive,10000000.0,150.0,0.014063517260824766,0.012577686845556135,0.6449478456483444,0.034946372487040814,200,66,57,1.9999999573035723,2.052624625825672e-09,0.019263728068519226,0.05000001469891273,0.039999998292875094,0.02000000087265939,107.34760580370235,2.0669737680254414,60461985.525000006,0.00018344385449412003,5.238658874266859e-05,0.0012499999720318423,0.001485830415268631,0.01626468728530444,0,252,200,CLARABEL,optimal
2017-09-29,development,assertive,10000000.0,300.0,0.014063517260824766,0.011327686873524293,0.6449478456483444,0.034946372487040814,200,66,57,1.9999999573035723,2.052624625825672e-09,0.019263728068519226,0.05000001469891273,0.039999998292875094,0.02000000087265939,107.34760580370235,2.0669737680254414,60461985.525000006,0.00018344385449412003,5.238658874266859e-05,0.0024999999440636846,0.0027358303873004732,0.01626468728530444,0,252,200,CLARABEL,optimal
2017-09-29,development,assertive,100000000.0,50.0,0.014063517260824766,0.013297745809713329,0.6449478456483444,0.034946372487040814,200,66,57,1.9999999573035723,2.052624625825672e-09,0.019263728068519226,0.05000001469891273,0.039999998292875094,0.02000000087265939,107.34760580370235,2.0669737680254414,60461985.525000006,0.00018344385449412003,0.0001656609392733692,0.0004166666573439475,0.0007657714511114368,0.1626468728530444,2,252,200,CLARABEL,optimal
2017-09-29,development,assertive,100000000.0,150.0,0.014063517260824766,0.012464412495025435,0.6449478456483444,0.034946372487040814,200,66,57,1.9999999573035723,2.052624625825672e-09,0.019263728068519226,0.05000001469891273,0.039999998292875094,0.02000000087265939,107.34760580370235,2.0669737680254414,60461985.525000006,0.00018344385449412003,0.0001656609392733692,0.0012499999720318423,0.0015991047657993316,0.1626468728530444,2,252,200,CLARABEL,optimal
2017-09-29,development,assertive,100000000.0,300.0,0.014063517260824766,0.011214412522993593,0.6449478456483444,0.034946372487040814,200,66,57,1.9999999573035723,2.052624625825672e-09,0.019263728068519226,0.05000001469891273,0.039999998292875094,0.02000000087265939,107.34760580370235,2.0669737680254414,60461985.525000006,0.00018344385449412003,0.0001656609392733692,0.0024999999440636846,0.0028491047378311736,0.1626468728530444,2,252,200,CLARABEL,optimal
2017-09-29,development,assertive,500000000.0,50.0,0.014063517260824766,0.01309297762755498,0.6449478456483444,0.034946372487040814,200,66,57,1.9999999573035723,2.052624625825672e-09,0.019263728068519226,0.05000001469891273,0.039999998292875094,0.02000000087265939,107.34760580370235,2.0669737680254414,60461985.525000006,0.00018344385449412003,0.0003704291214317182,0.0004166666573439475,0.0009705396332697858,0.813234364265222,24,252,200,CLARABEL,optimal
2017-09-29,development,assertive,500000000.0,150.0,0.014063517260824766,0.012259644312867085,0.6449478456483444,0.034946372487040814,200,66,57,1.9999999573035723,2.052624625825672e-09,0.019263728068519226,0.05000001469891273,0.039999998292875094,0.02000000087265939,107.34760580370235,2.0669737680254414,60461985.525000006,0.00018344385449412003,0.0003704291214317182,0.0012499999720318423,0.0018038729479576804,0.813234364265222,24,252,200,CLARABEL,optimal
2017-09-29,development,assertive,500000000.0,300.0,0.014063517260824766,0.011009644340835243,0.6449478456483444,0.034946372487040814,200,66,57,1.9999999573035723,2.052624625825672e-09,0.019263728068519226,0.05000001469891273,0.039999998292875094,0.02000000087265939,107.34760580370235,2.0669737680254414,60461985.525000006,0.00018344385449412003,0.0003704291214317182,0.0024999999440636846,0.003053872919989523,0.813234364265222,24,252,200,CLARABEL,optimal
2017-10-31,development,assertive,10000000.0,50.0,0.013179283424686447,0.012573590514730164,0.5488038945693648,0.02832511159821694,200,66,56,1.9999999827142287,-5.428766880477554e-10,0.03394550799447052,0.0500000054592943,0.03999999939119099,0.020000000726191427,108.81321948998703,2.08161059972742,68883957.97999999,0.0001434249227146211,4.560132406309953e-05,0.00041666666317856366,0.0006056929099562843,0.009747379397754075,0,252,200,CLARABEL,optimal
2017-10-31,development,assertive,10000000.0,150.0,0.013179283424686447,0.011740257188373036,0.5488038945693648,0.02832511159821694,200,66,56,1.9999999827142287,-5.428766880477554e-10,0.03394550799447052,0.0500000054592943,0.03999999939119099,0.020000000726191427,108.81321948998703,2.08161059972742,68883957.97999999,0.0001434249227146211,4.560132406309953e-05,0.001249999989535691,0.0014390262363134115,0.009747379397754075,0,252,200,CLARABEL,optimal
2017-10-31,development,assertive,10000000.0,300.0,0.013179283424686447,0.010490257198837345,0.5488038945693648,0.02832511159821694,200,66,56,1.9999999827142287,-5.428766880477554e-10,0.03394550799447052,0.0500000054592943,0.03999999939119099,0.020000000726191427,108.81321948998703,2.08161059972742,68883957.97999999,0.0001434249227146211,4.560132406309953e-05,0.002499999979071382,0.0026890262258491026,0.009747379397754075,0,252,200,CLARABEL,optimal
2017-10-31,development,assertive,100000000.0,50.0,0.013179283424686447,0.012474987790434424,0.5488038945693648,0.02832511159821694,200,66,56,1.9999999827142287,-5.428766880477554e-10,0.03394550799447052,0.0500000054592943,0.03999999939119099,0.020000000726191427,108.81321948998703,2.08161059972742,68883957.97999999,0.0001434249227146211,0.00014420404835883838,0.00041666666317856366,0.000704295634252023,0.09747379397754075,0,252,200,CLARABEL,optimal
2017-10-31,development,assertive,100000000.0,150.0,0.013179283424686447,0.011641654464077297,0.5488038945693648,0.02832511159821694,200,66,56,1.9999999827142287,-5.428766880477554e-10,0.03394550799447052,0.0500000054592943,0.03999999939119099,0.020000000726191427,108.81321948998703,2.08161059972742,68883957.97999999,0.0001434249227146211,0.00014420404835883838,0.001249999989535691,0.0015376289606091505,0.09747379397754075,0,252,200,CLARABEL,optimal
2017-10-31,development,assertive,100000000.0,300.0,0.013179283424686447,0.010391654474541606,0.5488038945693648,0.02832511159821694,200,66,56,1.9999999827142287,-5.428766880477554e-10,0.03394550799447052,0.0500000054592943,0.03999999939119099,0.020000000726191427,108.81321948998703,2.08161059972742,68883957.97999999,0.0001434249227146211,0.00014420404835883838,0.002499999979071382,0.002787628950144841,0.09747379397754075,0,252,200,CLARABEL,optimal
2017-10-31,development,assertive,500000000.0,50.0,0.013179283424686447,0.012296741784032233,0.5488038945693648,0.02832511159821694,200,66,56,1.9999999827142287,-5.428766880477554e-10,0.03394550799447052,0.0500000054592943,0.03999999939119099,0.020000000726191427,108.81321948998703,2.08161059972742,68883957.97999999,0.0001434249227146211,0.0003224500547610296,0.00041666666317856366,0.0008825416406542143,0.4873689698877038,25,252,200,CLARABEL,optimal
2017-10-31,development,assertive,500000000.0,150.0,0.013179283424686447,0.011463408457675106,0.5488038945693648,0.02832511159821694,200,66,56,1.9999999827142287,-5.428766880477554e-10,0.03394550799447052,0.0500000054592943,0.03999999939119099,0.020000000726191427,108.81321948998703,2.08161059972742,68883957.97999999,0.0001434249227146211,0.0003224500547610296,0.001249999989535691,0.0017158749670113417,0.4873689698877038,25,252,200,CLARABEL,optimal
2017-10-31,development,assertive,500000000.0,300.0,0.013179283424686447,0.010213408468139415,0.5488038945693648,0.02832511159821694,200,66,56,1.9999999827142287,-5.428766880477554e-10,0.03394550799447052,0.0500000054592943,0.03999999939119099,0.020000000726191427,108.81321948998703,2.08161059972742,68883957.97999999,0.0001434249227146211,0.0003224500547610296,0.002499999979071382,0.0029658749565470324,0.4873689698877038,25,252,200,CLARABEL,optimal
2017-11-30,development,assertive,10000000.0,50.0,-0.036755517254158966,-0.037426814894296105,0.7526304739443052,0.012813616429684399,200,61,56,1.9999999401553537,-2.3747246273575495e-08,0.0032903932067722304,0.050000026032425426,0.03999998955927605,0.02000000089909865,106.24863924309847,2.0218841714758424,68194959.2851375,0.0001827393893056213,7.189159168514262e-05,0.000416666659146375,0.000671297640137139,0.011623371934702602,0,252,200,CLARABEL,optimal
2017-11-30,development,assertive,10000000.0,150.0,-0.036755517254158966,-0.03826014821258886,0.7526304739443052,0.012813616429684399,200,61,56,1.9999999401553537,-2.3747246273575495e-08,0.0032903932067722304,0.050000026032425426,0.03999998955927605,0.02000000089909865,106.24863924309847,2.0218841714758424,68194959.2851375,0.0001827393893056213,7.189159168514262e-05,0.001249999977439125,0.001504630958429889,0.011623371934702602,0,252,200,CLARABEL,optimal
2017-11-30,development,assertive,10000000.0,300.0,-0.036755517254158966,-0.03951014819002798,0.7526304739443052,0.012813616429684399,200,61,56,1.9999999401553537,-2.3747246273575495e-08,0.0032903932067722304,0.050000026032425426,0.03999998955927605,0.02000000089909865,106.24863924309847,2.0218841714758424,68194959.2851375,0.0001827393893056213,7.189159168514262e-05,0.00249999995487825,0.002754630935869014,0.011623371934702602,0,252,200,CLARABEL,optimal
2017-11-30,development,assertive,100000000.0,50.0,-0.036755517254158966,-0.03758226447695084,0.7526304739443052,0.012813616429684399,200,61,56,1.9999999401553537,-2.3747246273575495e-08,0.0032903932067722304,0.050000026032425426,0.03999998955927605,0.02000000089909865,106.24863924309847,2.0218841714758424,68194959.2851375,0.0001827393893056213,0.0002273411743398733,0.000416666659146375,0.0008267472227918697,0.116233719347026,1,252,200,CLARABEL,optimal
2017-11-30,development,assertive,100000000.0,150.0,-0.036755517254158966,-0.03841559779524359,0.7526304739443052,0.012813616429684399,200,61,56,1.9999999401553537,-2.3747246273575495e-08,0.0032903932067722304,0.050000026032425426,0.03999998955927605,0.02000000089909865,106.24863924309847,2.0218841714758424,68194959.2851375,0.0001827393893056213,0.0002273411743398733,0.001249999977439125,0.0016600805410846196,0.116233719347026,1,252,200,CLARABEL,optimal
2017-11-30,development,assertive,100000000.0,300.0,-0.036755517254158966,-0.03966559777268271,0.7526304739443052,0.012813616429684399,200,61,56,1.9999999401553537,-2.3747246273575495e-08,0.0032903932067722304,0.050000026032425426,0.03999998955927605,0.02000000089909865,106.24863924309847,2.0218841714758424,68194959.2851375,0.0001827393893056213,0.0002273411743398733,0.00249999995487825,0.0029100805185237446,0.116233719347026,1,252,200,CLARABEL,optimal
2017-11-30,development,assertive,500000000.0,50.0,-0.036755517254158966,-0.03786327362251955,0.7526304739443052,0.012813616429684399,200,61,56,1.9999999401553537,-2.3747246273575495e-08,0.0032903932067722304,0.050000026032425426,0.03999998955927605,0.02000000089909865,106.24863924309847,2.0218841714758424,68194959.2851375,0.0001827393893056213,0.0005083503199085875,0.000416666659146375,0.001107756368360584,0.58116859673513,28,252,200,CLARABEL,optimal
2017-11-30,development,assertive,500000000.0,150.0,-0.036755517254158966,-0.0386966069408123,0.7526304739443052,0.012813616429684399,200,61,56,1.9999999401553537,-2.3747246273575495e-08,0.0032903932067722304,0.050000026032425426,0.03999998955927605,0.02000000089909865,106.24863924309847,2.0218841714758424,68194959.2851375,0.0001827393893056213,0.0005083503199085875,0.001249999977439125,0.0019410896866533338,0.58116859673513,28,252,200,CLARABEL,optimal
2017-11-30,development,assertive,500000000.0,300.0,-0.036755517254158966,-0.03994660691825142,0.7526304739443052,0.012813616429684399,200,61,56,1.9999999401553537,-2.3747246273575495e-08,0.0032903932067722304,0.050000026032425426,0.03999998955927605,0.02000000089909865,106.24863924309847,2.0218841714758424,68194959.2851375,0.0001827393893056213,0.0005083503199085875,0.00249999995487825,0.003191089664092459,0.58116859673513,28,252,200,CLARABEL,optimal
2017-12-29,development,assertive,10000000.0,50.0,0.02881569802924637,0.028218019743655908,0.5503276487970579,0.05985511390075172,200,63,57,1.99999998040234,7.256932443855391e-09,-0.017838686970680195,0.049999993127221115,0.040000002280659634,0.020000000816993047,106.14711139580889,2.0,64457721.165,0.00013213086741967024,4.8880757098832553e-05,0.00041666666107196,0.0005976782855904628,0.013820543497474767,0,252,200,CLARABEL,optimal
2017-12-29,development,assertive,10000000.0,150.0,0.02881569802924637,0.027384686421511987,0.5503276487970579,0.05985511390075172,200,63,57,1.99999998040234,7.256932443855391e-09,-0.017838686970680195,0.049999993127221115,0.040000002280659634,0.020000000816993047,106.14711139580889,2.0,64457721.165,0.00013213086741967024,4.8880757098832553e-05,0.0012499999832158797,0.0014310116077343826,0.013820543497474767,0,252,200,CLARABEL,optimal
2017-12-29,development,assertive,10000000.0,300.0,0.02881569802924637,0.02613468643829611,0.5503276487970579,0.05985511390075172,200,63,57,1.99999998040234,7.256932443855391e-09,-0.017838686970680195,0.049999993127221115,0.040000002280659634,0.020000000816993047,106.14711139580889,2.0,64457721.165,0.00013213086741967024,4.8880757098832553e-05,0.0024999999664317594,0.0026810115909502623,0.013820543497474767,0,252,200,CLARABEL,optimal
2017-12-29,development,assertive,100000000.0,50.0,0.02881569802924637,0.028112325974568985,0.5503276487970579,0.05985511390075172,200,63,57,1.99999998040234,7.256932443855391e-09,-0.017838686970680195,0.049999993127221115,0.040000002280659634,0.020000000816993047,106.14711139580889,2.0,64457721.165,0.00013213086741967024,0.0001545745261857551,0.00041666666107196,0.0007033720546773853,0.13820543497474766,3,252,200,CLARABEL,optimal
2017-12-29,development,assertive,100000000.0,150.0,0.02881569802924637,0.027278992652425064,0.5503276487970579,0.05985511390075172,200,63,57,1.99999998040234,7.256932443855391e-09,-0.017838686970680195,0.049999993127221115,0.040000002280659634,0.020000000816993047,106.14711139580889,2.0,64457721.165,0.00013213086741967024,0.0001545745261857551,0.0012499999832158797,0.001536705376821305,0.13820543497474766,3,252,200,CLARABEL,optimal
2017-12-29,development,assertive,100000000.0,300.0,0.02881569802924637,0.026028992669209185,0.5503276487970579,0.05985511390075172,200,63,57,1.99999998040234,7.256932443855391e-09,-0.017838686970680195,0.049999993127221115,0.040000002280659634,0.020000000816993047,106.14711139580889,2.0,64457721.165,0.00013213086741967024,0.0001545745261857551,0.0024999999664317594,0.0027867053600371845,0.13820543497474766,3,252,200,CLARABEL,optimal
2017-12-29,development,assertive,500000000.0,50.0,0.02881569802924637,0.02792126135261357,0.5503276487970579,0.05985511390075172,200,63,57,1.99999998040234,7.256932443855391e-09,-0.017838686970680195,0.049999993127221115,0.040000002280659634,0.020000000816993047,106.14711139580889,2.0,64457721.165,0.00013213086741967024,0.0003456391481411697,0.00041666666107196,0.0008944366766327999,0.6910271748737382,20,252,200,CLARABEL,optimal
2017-12-29,development,assertive,500000000.0,150.0,0.02881569802924637,0.027087928030469652,0.5503276487970579,0.05985511390075172,200,63,57,1.99999998040234,7.256932443855391e-09,-0.017838686970680195,0.049999993127221115,0.040000002280659634,0.020000000816993047,106.14711139580889,2.0,64457721.165,0.00013213086741967024,0.0003456391481411697,0.0012499999832158797,0.0017277699987767196,0.6910271748737382,20,252,200,CLARABEL,optimal
2017-12-29,development,assertive,500000000.0,300.0,0.02881569802924637,0.02583792804725377,0.5503276487970579,0.05985511390075172,200,63,57,1.99999998040234,7.256932443855391e-09,-0.017838686970680195,0.049999993127221115,0.040000002280659634,0.020000000816993047,106.14711139580889,2.0,64457721.165,0.00013213086741967024,0.0003456391481411697,0.0024999999664317594,0.002977769981992599,0.6910271748737382,20,252,200,CLARABEL,optimal
2018-01-31,development,assertive,10000000.0,50.0,-0.003821294343052275,-0.004520517832379645,0.7570651884422267,-0.023431291915811895,200,65,56,1.9999999698312063,-4.318374824396898e-09,0.006306500519205227,0.04999999854205356,0.03999999486374142,0.02000000071247681,106.73796797089838,2.0,70251331.6025,0.00021160872086767746,7.09481071785299e-05,0.0004166666612811627,0.00069922348932737,0.009420560406147237,0,252,200,CLARABEL,optimal
2018-01-31,development,assertive,10000000.0,150.0,-0.003821294343052275,-0.0053538511549419705,0.7570651884422267,-0.023431291915811895,200,65,56,1.9999999698312063,-4.318374824396898e-09,0.006306500519205227,0.04999999854205356,0.03999999486374142,0.02000000071247681,106.73796797089838,2.0,70251331.6025,0.00021160872086767746,7.09481071785299e-05,0.0012499999838434881,0.0015325568118896955,0.009420560406147237,0,252,200,CLARABEL,optimal
2018-01-31,development,assertive,10000000.0,300.0,-0.003821294343052275,-0.006603851138785459,0.7570651884422267,-0.023431291915811895,200,65,56,1.9999999698312063,-4.318374824396898e-09,0.006306500519205227,0.04999999854205356,0.03999999486374142,0.02000000071247681,106.73796797089838,2.0,70251331.6025,0.00021160872086767746,7.09481071785299e-05,0.0024999999676869763,0.0027825567957331836,0.009420560406147237,0,252,200,CLARABEL,optimal
2018-01-31,development,assertive,100000000.0,50.0,-0.003821294343052275,-0.004673927339563013,0.7570651884422267,-0.023431291915811895,200,65,56,1.9999999698312063,-4.318374824396898e-09,0.006306500519205227,0.04999999854205356,0.03999999486374142,0.02000000071247681,106.73796797089838,2.0,70251331.6025,0.00021160872086767746,0.00022435761436189695,0.0004166666612811627,0.0008526329965107371,0.09420560406147237,0,252,200,CLARABEL,optimal
2018-01-31,development,assertive,100000000.0,150.0,-0.003821294343052275,-0.005507260662125338,0.7570651884422267,-0.023431291915811895,200,65,56,1.9999999698312063,-4.318374824396898e-09,0.006306500519205227,0.04999999854205356,0.03999999486374142,0.02000000071247681,106.73796797089838,2.0,70251331.6025,0.00021160872086767746,0.00022435761436189695,0.0012499999838434881,0.0016859663190730626,0.09420560406147237,0,252,200,CLARABEL,optimal
2018-01-31,development,assertive,100000000.0,300.0,-0.003821294343052275,-0.006757260645968826,0.7570651884422267,-0.023431291915811895,200,65,56,1.9999999698312063,-4.318374824396898e-09,0.006306500519205227,0.04999999854205356,0.03999999486374142,0.02000000071247681,106.73796797089838,2.0,70251331.6025,0.00021160872086767746,0.00022435761436189695,0.0024999999676869763,0.0029359663029165507,0.09420560406147237,0,252,200,CLARABEL,optimal
2018-01-31,development,assertive,500000000.0,50.0,-0.003821294343052275,-0.004951248602184,0.7570651884422267,-0.023431291915811895,200,65,56,1.9999999698312063,-4.318374824396898e-09,0.006306500519205227,0.04999999854205356,0.03999999486374142,0.02000000071247681,106.73796797089838,2.0,70251331.6025,0.00021160872086767746,0.0005016788769828846,0.0004166666612811627,0.0011299542591317248,0.4710280203073619,34,252,200,CLARABEL,optimal
2018-01-31,development,assertive,500000000.0,150.0,-0.003821294343052275,-0.005784581924746325,0.7570651884422267,-0.023431291915811895,200,65,56,1.9999999698312063,-4.318374824396898e-09,0.006306500519205227,0.04999999854205356,0.03999999486374142,0.02000000071247681,106.73796797089838,2.0,70251331.6025,0.00021160872086767746,0.0005016788769828846,0.0012499999838434881,0.0019632875816940503,0.4710280203073619,34,252,200,CLARABEL,optimal
2018-01-31,development,assertive,500000000.0,300.0,-0.003821294343052275,-0.0070345819085898134,0.7570651884422267,-0.023431291915811895,200,65,56,1.9999999698312063,-4.318374824396898e-09,0.006306500519205227,0.04999999854205356,0.03999999486374142,0.02000000071247681,106.73796797089838,2.0,70251331.6025,0.00021160872086767746,0.0005016788769828846,0.0024999999676869763,0.0032132875655375382,0.4710280203073619,34,252,200,CLARABEL,optimal
2018-02-28,development,assertive,10000000.0,50.0,-0.006187418763314693,-0.007275555602407902,1.3433059186466783,-0.04032201824841167,200,62,59,1.9999999575298988,1.1389051923771376e-09,0.05000000282490338,0.0500000192645403,0.03999999894414031,0.020000000658234828,105.34272927917674,2.181264611770152,68605581.8,0.0005034526814982681,0.00016801750001348354,0.000416666657581457,0.0010881368390932087,0.024485979950692523,0,252,200,CLARABEL,optimal
2018-02-28,development,assertive,10000000.0,150.0,-0.006187418763314693,-0.008108888917570816,1.3433059186466783,-0.04032201824841167,200,62,59,1.9999999575298988,1.1389051923771376e-09,0.05000000282490338,0.0500000192645403,0.03999999894414031,0.020000000658234828,105.34272927917674,2.181264611770152,68605581.8,0.0005034526814982681,0.00016801750001348354,0.001249999972744371,0.0019214701542561228,0.024485979950692523,0,252,200,CLARABEL,optimal
2018-02-28,development,assertive,10000000.0,300.0,-0.006187418763314693,-0.009358888890315187,1.3433059186466783,-0.04032201824841167,200,62,59,1.9999999575298988,1.1389051923771376e-09,0.05000000282490338,0.0500000192645403,0.03999999894414031,0.020000000658234828,105.34272927917674,2.181264611770152,68605581.8,0.0005034526814982681,0.00016801750001348354,0.002499999945488742,0.003171470127000494,0.024485979950692523,0,252,200,CLARABEL,optimal
2018-02-28,development,assertive,100000000.0,50.0,-0.006187418763314693,-0.007638856089204398,1.3433059186466783,-0.04032201824841167,200,62,59,1.9999999575298988,1.1389051923771376e-09,0.05000000282490338,0.0500000192645403,0.03999999894414031,0.020000000658234828,105.34272927917674,2.181264611770152,68605581.8,0.0005034526814982681,0.0005313179868099794,0.000416666657581457,0.0014514373258897046,0.2448597995069252,2,252,200,CLARABEL,optimal
2018-02-28,development,assertive,100000000.0,150.0,-0.006187418763314693,-0.008472189404367312,1.3433059186466783,-0.04032201824841167,200,62,59,1.9999999575298988,1.1389051923771376e-09,0.05000000282490338,0.0500000192645403,0.03999999894414031,0.020000000658234828,105.34272927917674,2.181264611770152,68605581.8,0.0005034526814982681,0.0005313179868099794,0.001249999972744371,0.0022847706410526187,0.2448597995069252,2,252,200,CLARABEL,optimal
2018-02-28,development,assertive,100000000.0,300.0,-0.006187418763314693,-0.009722189377111683,1.3433059186466783,-0.04032201824841167,200,62,59,1.9999999575298988,1.1389051923771376e-09,0.05000000282490338,0.0500000192645403,0.03999999894414031,0.020000000658234828,105.34272927917674,2.181264611770152,68605581.8,0.0005034526814982681,0.0005313179868099794,0.002499999945488742,0.00353477061379699,0.2448597995069252,2,252,200,CLARABEL,optimal
2018-02-28,development,assertive,500000000.0,50.0,-0.006187418763314693,-0.008295601238569868,1.3433059186466783,-0.04032201824841167,200,62,59,1.9999999575298988,1.1389051923771376e-09,0.05000000282490338,0.0500000192645403,0.03999999894414031,0.020000000658234828,105.34272927917674,2.181264611770152,68605581.8,0.0005034526814982681,0.0011880631361754505,0.000416666657581457,0.0021081824752551756,1.2242989975346261,59,252,200,CLARABEL,optimal
2018-02-28,development,assertive,500000000.0,150.0,-0.006187418763314693,-0.009128934553732784,1.3433059186466783,-0.04032201824841167,200,62,59,1.9999999575298988,1.1389051923771376e-09,0.05000000282490338,0.0500000192645403,0.03999999894414031,0.020000000658234828,105.34272927917674,2.181264611770152,68605581.8,0.0005034526814982681,0.0011880631361754505,0.001249999972744371,0.00294151579041809,1.2242989975346261,59,252,200,CLARABEL,optimal
2018-02-28,development,assertive,500000000.0,300.0,-0.006187418763314693,-0.010378934526477153,1.3433059186466783,-0.04032201824841167,200,62,59,1.9999999575298988,1.1389051923771376e-09,0.05000000282490338,0.0500000192645403,0.03999999894414031,0.020000000658234828,105.34272927917674,2.181264611770152,68605581.8,0.0005034526814982681,0.0011880631361754505,0.002499999945488742,0.004191515763162461,1.2242989975346261,59,252,200,CLARABEL,optimal
2018-03-29,development,assertive,10000000.0,50.0,0.021112991215379195,0.020382537402425436,0.7561244725033698,0.007886039657361952,200,61,59,1.9999999736337206,-8.15302655249317e-09,-0.002786352257818897,-0.049999999253867104,0.03911480853093173,0.020000000709954124,104.67301818092022,2.1821220012436746,68539090.575,0.0002241785837991881,8.960856628233072e-05,0.00041666666287223903,0.0007304538129537579,0.009958244126694035,0,252,200,CLARABEL,optimal
2018-03-29,development,assertive,10000000.0,150.0,0.021112991215379195,0.019549204076680957,0.7561244725033698,0.007886039657361952,200,61,59,1.9999999736337206,-8.15302655249317e-09,-0.002786352257818897,-0.049999999253867104,0.03911480853093173,0.020000000709954124,104.67301818092022,2.1821220012436746,68539090.575,0.0002241785837991881,8.960856628233072e-05,0.0012499999886167173,0.0015637871386982361,0.009958244126694035,0,252,200,CLARABEL,optimal
2018-03-29,development,assertive,10000000.0,300.0,0.021112991215379195,0.018299204088064243,0.7561244725033698,0.007886039657361952,200,61,59,1.9999999736337206,-8.15302655249317e-09,-0.002786352257818897,-0.049999999253867104,0.03911480853093173,0.020000000709954124,104.67301818092022,2.1821220012436746,68539090.575,0.0002241785837991881,8.960856628233072e-05,0.0024999999772334345,0.002813787127314953,0.009958244126694035,0,252,200,CLARABEL,optimal
2018-03-29,development,assertive,100000000.0,50.0,0.021112991215379195,0.020188778801393435,0.7561244725033698,0.007886039657361952,200,61,59,1.9999999736337206,-8.15302655249317e-09,-0.002786352257818897,-0.049999999253867104,0.03911480853093173,0.020000000709954124,104.67301818092022,2.1821220012436746,68539090.575,0.0002241785837991881,0.0002833671673143319,0.00041666666287223903,0.0009242124139857591,0.09958244126694035,0,252,200,CLARABEL,optimal
2018-03-29,development,assertive,100000000.0,150.0,0.021112991215379195,0.019355445475648957,0.7561244725033698,0.007886039657361952,200,61,59,1.9999999736337206,-8.15302655249317e-09,-0.002786352257818897,-0.049999999253867104,0.03911480853093173,0.020000000709954124,104.67301818092022,2.1821220012436746,68539090.575,0.0002241785837991881,0.0002833671673143319,0.0012499999886167173,0.0017575457397302372,0.09958244126694035,0,252,200,CLARABEL,optimal
2018-03-29,development,assertive,100000000.0,300.0,0.021112991215379195,0.01810544548703224,0.7561244725033698,0.007886039657361952,200,61,59,1.9999999736337206,-8.15302655249317e-09,-0.002786352257818897,-0.049999999253867104,0.03911480853093173,0.020000000709954124,104.67301818092022,2.1821220012436746,68539090.575,0.0002241785837991881,0.0002833671673143319,0.0024999999772334345,0.0030075457283469543,0.09958244126694035,0,252,200,CLARABEL,optimal
2018-03-29,development,assertive,500000000.0,50.0,0.021112991215379195,0.019838517720001364,0.7561244725033698,0.007886039657361952,200,61,59,1.9999999736337206,-8.15302655249317e-09,-0.002786352257818897,-0.049999999253867104,0.03911480853093173,0.020000000709954124,104.67301818092022,2.1821220012436746,68539090.575,0.0002241785837991881,0.0006336282487064027,0.00041666666287223903,0.0012744734953778298,0.49791220633470173,32,252,200,CLARABEL,optimal
2018-03-29,development,assertive,500000000.0,150.0,0.021112991215379195,0.019005184394256885,0.7561244725033698,0.007886039657361952,200,61,59,1.9999999736337206,-8.15302655249317e-09,-0.002786352257818897,-0.049999999253867104,0.03911480853093173,0.020000000709954124,104.67301818092022,2.1821220012436746,68539090.575,0.0002241785837991881,0.0006336282487064027,0.0012499999886167173,0.002107806821122308,0.49791220633470173,32,252,200,CLARABEL,optimal
2018-03-29,development,assertive,500000000.0,300.0,0.021112991215379195,0.017755184405640168,0.7561244725033698,0.007886039657361952,200,61,59,1.9999999736337206,-8.15302655249317e-09,-0.002786352257818897,-0.049999999253867104,0.03911480853093173,0.020000000709954124,104.67301818092022,2.1821220012436746,68539090.575,0.0002241785837991881,0.0006336282487064027,0.0024999999772334345,0.0033578068097390255,0.49791220633470173,32,252,200,CLARABEL,optimal
2018-04-30,development,assertive,10000000.0,50.0,0.005478211316177634,0.00477059892254592,0.6071785257828841,0.03156399543858344,200,58,56,1.9999999706833331,5.551431661587891e-09,-0.0073507752710584365,0.03062194434017626,0.04000000679998743,0.020000000764164194,105.18115073626858,2.2443762642789507,67328136.42,0.00022197975062957604,6.896598359965806e-05,0.00041666665940247945,0.0007076123936317135,0.008218145473027008,0,252,200,CLARABEL,optimal
2018-04-30,development,assertive,10000000.0,150.0,0.005478211316177634,0.003937265603740961,0.6071785257828841,0.03156399543858344,200,58,56,1.9999999706833331,5.551431661587891e-09,-0.0073507752710584365,0.03062194434017626,0.04000000679998743,0.020000000764164194,105.18115073626858,2.2443762642789507,67328136.42,0.00022197975062957604,6.896598359965806e-05,0.0012499999782074383,0.0015409457124366723,0.008218145473027008,0,252,200,CLARABEL,optimal
2018-04-30,development,assertive,10000000.0,300.0,0.005478211316177634,0.002687265625533523,0.6071785257828841,0.03156399543858344,200,58,56,1.9999999706833331,5.551431661587891e-09,-0.0073507752710584365,0.03062194434017626,0.04000000679998743,0.020000000764164194,105.18115073626858,2.2443762642789507,67328136.42,0.00022197975062957604,6.896598359965806e-05,0.0024999999564148767,0.002790945690644111,0.008218145473027008,0,252,200,CLARABEL,optimal
2018-04-30,development,assertive,100000000.0,50.0,0.005478211316177634,0.00462147531689684,0.6071785257828841,0.03156399543858344,200,58,56,1.9999999706833331,5.551431661587891e-09,-0.0073507752710584365,0.03062194434017626,0.04000000679998743,0.020000000764164194,105.18115073626858,2.2443762642789507,67328136.42,0.00022197975062957604,0.0002180895892487375,0.00041666665940247945,0.0008567359992807931,0.08218145473027007,0,252,200,CLARABEL,optimal
2018-04-30,development,assertive,100000000.0,150.0,0.005478211316177634,0.003788141998091882,0.6071785257828841,0.03156399543858344,200,58,56,1.9999999706833331,5.551431661587891e-09,-0.0073507752710584365,0.03062194434017626,0.04000000679998743,0.020000000764164194,105.18115073626858,2.2443762642789507,67328136.42,0.00022197975062957604,0.0002180895892487375,0.0012499999782074383,0.001690069318085752,0.08218145473027007,0,252,200,CLARABEL,optimal
2018-04-30,development,assertive,100000000.0,300.0,0.005478211316177634,0.0025381420198844437,0.6071785257828841,0.03156399543858344,200,58,56,1.9999999706833331,5.551431661587891e-09,-0.0073507752710584365,0.03062194434017626,0.04000000679998743,0.020000000764164194,105.18115073626858,2.2443762642789507,67328136.42,0.00022197975062957604,0.0002180895892487375,0.0024999999564148767,0.00294006929629319,0.08218145473027007,0,252,200,CLARABEL,optimal
2018-04-30,development,assertive,500000000.0,50.0,0.005478211316177634,0.004351901759400394,0.6071785257828841,0.03156399543858344,200,58,56,1.9999999706833331,5.551431661587891e-09,-0.0073507752710584365,0.03062194434017626,0.04000000679998743,0.020000000764164194,105.18115073626858,2.2443762642789507,67328136.42,0.00022197975062957604,0.0004876631467451843,0.00041666665940247945,0.0011263095567772398,0.4109072736513503,23,252,200,CLARABEL,optimal
2018-04-30,development,assertive,500000000.0,150.0,0.005478211316177634,0.003518568440595435,0.6071785257828841,0.03156399543858344,200,58,56,1.9999999706833331,5.551431661587891e-09,-0.0073507752710584365,0.03062194434017626,0.04000000679998743,0.020000000764164194,105.18115073626858,2.2443762642789507,67328136.42,0.00022197975062957604,0.0004876631467451843,0.0012499999782074383,0.001959642875582199,0.4109072736513503,23,252,200,CLARABEL,optimal
2018-04-30,development,assertive,500000000.0,300.0,0.005478211316177634,0.0022685684623879967,0.6071785257828841,0.03156399543858344,200,58,56,1.9999999706833331,5.551431661587891e-09,-0.0073507752710584365,0.03062194434017626,0.04000000679998743,0.020000000764164194,105.18115073626858,2.2443762642789507,67328136.42,0.00022197975062957604,0.0004876631467451843,0.0024999999564148767,0.003209642853789637,0.4109072736513503,23,252,200,CLARABEL,optimal
2018-05-31,development,assertive,10000000.0,50.0,-0.008836741874469041,-0.009586940530680361,0.7891550074743111,0.00819252813720393,200,61,58,1.9999999730539637,4.495754379885142e-09,-0.018876317233322032,0.05000001078178024,0.040000004339976,0.020000000814239027,105.93592814421334,2.193834353268847,66883735.7525,0.0002262309922517055,0.00010730100384332143,0.00041666666011629366,0.0007501986562113206,0.012035505885155538,0,252,200,CLARABEL,optimal
2018-05-31,development,assertive,10000000.0,150.0,-0.008836741874469041,-0.010420273850912948,0.7891550074743111,0.00819252813720393,200,61,58,1.9999999730539637,4.495754379885142e-09,-0.018876317233322032,0.05000001078178024,0.040000004339976,0.020000000814239027,105.93592814421334,2.193834353268847,66883735.7525,0.0002262309922517055,0.00010730100384332143,0.0012499999803488812,0.0015835319764439082,0.012035505885155538,0,252,200,CLARABEL,optimal
2018-05-31,development,assertive,10000000.0,300.0,-0.008836741874469041,-0.01167027383126183,0.7891550074743111,0.00819252813720393,200,61,58,1.9999999730539637,4.495754379885142e-09,-0.018876317233322032,0.05000001078178024,0.040000004339976,0.020000000814239027,105.93592814421334,2.193834353268847,66883735.7525,0.0002262309922517055,0.00010730100384332143,0.0024999999606977624,0.0028335319567927893,0.012035505885155538,0,252,200,CLARABEL,optimal
2018-05-31,development,assertive,100000000.0,50.0,-0.008836741874469041,-0.009818955094204416,0.7891550074743111,0.00819252813720393,200,61,58,1.9999999730539637,4.495754379885142e-09,-0.018876317233322032,0.05000001078178024,0.040000004339976,0.020000000814239027,105.93592814421334,2.193834353268847,66883735.7525,0.0002262309922517055,0.0003393155673673767,0.00041666666011629366,0.0009822132197353757,0.12035505885155537,1,252,200,CLARABEL,optimal
2018-05-31,development,assertive,100000000.0,150.0,-0.008836741874469041,-0.010652288414437005,0.7891550074743111,0.00819252813720393,200,61,58,1.9999999730539637,4.495754379885142e-09,-0.018876317233322032,0.05000001078178024,0.040000004339976,0.020000000814239027,105.93592814421334,2.193834353268847,66883735.7525,0.0002262309922517055,0.0003393155673673767,0.0012499999803488812,0.0018155465399679635,0.12035505885155537,1,252,200,CLARABEL,optimal
2018-05-31,development,assertive,100000000.0,300.0,-0.008836741874469041,-0.011902288394785885,0.7891550074743111,0.00819252813720393,200,61,58,1.9999999730539637,4.495754379885142e-09,-0.018876317233322032,0.05000001078178024,0.040000004339976,0.020000000814239027,105.93592814421334,2.193834353268847,66883735.7525,0.0002262309922517055,0.0003393155673673767,0.0024999999606977624,0.0030655465203168445,0.12035505885155537,1,252,200,CLARABEL,optimal
2018-05-31,development,assertive,500000000.0,50.0,-0.008836741874469041,-0.010238372201294404,0.7891550074743111,0.00819252813720393,200,61,58,1.9999999730539637,4.495754379885142e-09,-0.018876317233322032,0.05000001078178024,0.040000004339976,0.020000000814239027,105.93592814421334,2.193834353268847,66883735.7525,0.0002262309922517055,0.0007587326744573641,0.00041666666011629366,0.0014016303268253633,0.6017752942577769,28,252,200,CLARABEL,optimal
2018-05-31,development,assertive,500000000.0,150.0,-0.008836741874469041,-0.011071705521526993,0.7891550074743111,0.00819252813720393,200,61,58,1.9999999730539637,4.495754379885142e-09,-0.018876317233322032,0.05000001078178024,0.040000004339976,0.020000000814239027,105.93592814421334,2.193834353268847,66883735.7525,0.0002262309922517055,0.0007587326744573641,0.0012499999803488812,0.002234963647057951,0.6017752942577769,28,252,200,CLARABEL,optimal
2018-05-31,development,assertive,500000000.0,300.0,-0.008836741874469041,-0.012321705501875873,0.7891550074743111,0.00819252813720393,200,61,58,1.9999999730539637,4.495754379885142e-09,-0.018876317233322032,0.05000001078178024,0.040000004339976,0.020000000814239027,105.93592814421334,2.193834353268847,66883735.7525,0.0002262309922517055,0.0007587326744573641,0.0024999999606977624,0.003484963627406832,0.6017752942577769,28,252,200,CLARABEL,optimal
2018-06-29,development,assertive,10000000.0,50.0,0.01953800799557894,0.018793561996370767,0.7891809123022904,0.03297901743645396,200,59,61,1.9999999570309088,-1.6428185298233977e-08,-0.03281095732574264,0.04999978229818233,0.04000000178326785,0.020000000701987777,106.44166327525058,2.051870196959317,79798110.2325,0.00025269357454641236,7.508576352444635e-05,0.00041666666113731135,0.00074444599920817,0.006414871800171963,0,252,200,CLARABEL,optimal
2018-06-29,development,assertive,10000000.0,150.0,0.01953800799557894,0.017960228674096145,0.7891809123022904,0.03297901743645396,200,59,61,1.9999999570309088,-1.6428185298233977e-08,-0.03281095732574264,0.04999978229818233,0.04000000178326785,0.020000000701987777,106.44166327525058,2.051870196959317,79798110.2325,0.00025269357454641236,7.508576352444635e-05,0.001249999983411934,0.0015777793214827927,0.006414871800171963,0,252,200,CLARABEL,optimal
2018-06-29,development,assertive,10000000.0,300.0,0.01953800799557894,0.016710228690684212,0.7891809123022904,0.03297901743645396,200,59,61,1.9999999570309088,-1.6428185298233977e-08,-0.03281095732574264,0.04999978229818233,0.04000000178326785,0.020000000701987777,106.44166327525058,2.051870196959317,79798110.2325,0.00025269357454641236,7.508576352444635e-05,0.002499999966823868,0.0028277793048947265,0.006414871800171963,0,252,200,CLARABEL,optimal
2018-06-29,development,assertive,100000000.0,50.0,0.01953800799557894,0.018631205727305172,0.7891809123022904,0.03297901743645396,200,59,61,1.9999999570309088,-1.6428185298233977e-08,-0.03281095732574264,0.04999978229818233,0.04000000178326785,0.020000000701987777,106.44166327525058,2.051870196959317,79798110.2325,0.00025269357454641236,0.00023744203259004246,0.00041666666113731135,0.0009068022682737662,0.06414871800171963,0,252,200,CLARABEL,optimal
2018-06-29,development,assertive,100000000.0,150.0,0.01953800799557894,0.01779787240503055,0.7891809123022904,0.03297901743645396,200,59,61,1.9999999570309088,-1.6428185298233977e-08,-0.03281095732574264,0.04999978229818233,0.04000000178326785,0.020000000701987777,106.44166327525058,2.051870196959317,79798110.2325,0.00025269357454641236,0.00023744203259004246,0.001249999983411934,0.001740135590548389,0.06414871800171963,0,252,200,CLARABEL,optimal
2018-06-29,development,assertive,100000000.0,300.0,0.01953800799557894,0.016547872421618617,0.7891809123022904,0.03297901743645396,200,59,61,1.9999999570309088,-1.6428185298233977e-08,-0.03281095732574264,0.04999978229818233,0.04000000178326785,0.020000000701987777,106.44166327525058,2.051870196959317,79798110.2325,0.00025269357454641236,0.00023744203259004246,0.002499999966823868,0.002990135573960323,0.06414871800171963,0,252,200,CLARABEL,optimal
2018-06-29,development,assertive,500000000.0,50.0,0.01953800799557894,0.01833771123430816,0.7891809123022904,0.03297901743645396,200,59,61,1.9999999570309088,-1.6428185298233977e-08,-0.03281095732574264,0.04999978229818233,0.04000000178326785,0.020000000701987777,106.44166327525058,2.051870196959317,79798110.2325,0.00025269357454641236,0.0005309365255870554,0.00041666666113731135,0.001200296761270779,0.3207435900085982,29,252,200,CLARABEL,optimal
2018-06-29,development,assertive,500000000.0,150.0,0.01953800799557894,0.017504377912033537,0.7891809123022904,0.03297901743645396,200,59,61,1.9999999570309088,-1.6428185298233977e-08,-0.03281095732574264,0.04999978229818233,0.04000000178326785,0.020000000701987777,106.44166327525058,2.051870196959317,79798110.2325,0.00025269357454641236,0.0005309365255870554,0.001249999983411934,0.0020336300835454017,0.3207435900085982,29,252,200,CLARABEL,optimal
2018-06-29,development,assertive,500000000.0,300.0,0.01953800799557894,0.016254377928621604,0.7891809123022904,0.03297901743645396,200,59,61,1.9999999570309088,-1.6428185298233977e-08,-0.03281095732574264,0.04999978229818233,0.04000000178326785,0.020000000701987777,106.44166327525058,2.051870196959317,79798110.2325,0.00025269357454641236,0.0005309365255870554,0.002499999966823868,0.0032836300669573356,0.3207435900085982,29,252,200,CLARABEL,optimal
2018-07-31,development,assertive,10000000.0,50.0,0.00521751875938687,0.004564590220310857,0.5990793664574763,0.05513189828247161,200,60,61,1.9999999656397494,-7.3004262635123496e-09,-0.019466100633093418,0.02463297994547288,0.04000000131742785,0.02000000093105319,106.6745287332634,2.203326209505218,76199716.38783251,0.00017965229731212686,5.6609580734683364e-05,0.0004166666610292033,0.0006529285390760135,0.0093738352554643,0,252,200,CLARABEL,optimal
2018-07-31,development,assertive,10000000.0,150.0,0.00521751875938687,0.0037312568982524504,0.5990793664574763,0.05513189828247161,200,60,61,1.9999999656397494,-7.3004262635123496e-09,-0.019466100633093418,0.02463297994547288,0.04000000131742785,0.02000000093105319,106.6745287332634,2.203326209505218,76199716.38783251,0.00017965229731212686,5.6609580734683364e-05,0.0012499999830876097,0.0014862618611344199,0.0093738352554643,0,252,200,CLARABEL,optimal
2018-07-31,development,assertive,10000000.0,300.0,0.00521751875938687,0.0024812569151648404,0.5990793664574763,0.05513189828247161,200,60,61,1.9999999656397494,-7.3004262635123496e-09,-0.019466100633093418,0.02463297994547288,0.04000000131742785,0.02000000093105319,106.6745287332634,2.203326209505218,76199716.38783251,0.00017965229731212686,5.6609580734683364e-05,0.0024999999661752194,0.0027362618442220298,0.0093738352554643,0,252,200,CLARABEL,optimal
2018-07-31,development,assertive,100000000.0,50.0,0.00521751875938687,0.004442184588536752,0.5990793664574763,0.05513189828247161,200,60,61,1.9999999656397494,-7.3004262635123496e-09,-0.019466100633093418,0.02463297994547288,0.04000000131742785,0.02000000093105319,106.6745287332634,2.203326209505218,76199716.38783251,0.00017965229731212686,0.00017901521250878746,0.0004166666610292033,0.0007753341708501176,0.09373835255464301,0,252,200,CLARABEL,optimal
2018-07-31,development,assertive,100000000.0,150.0,0.00521751875938687,0.003608851266478346,0.5990793664574763,0.05513189828247161,200,60,61,1.9999999656397494,-7.3004262635123496e-09,-0.019466100633093418,0.02463297994547288,0.04000000131742785,0.02000000093105319,106.6745287332634,2.203326209505218,76199716.38783251,0.00017965229731212686,0.00017901521250878746,0.0012499999830876097,0.0016086674929085241,0.09373835255464301,0,252,200,CLARABEL,optimal
2018-07-31,development,assertive,100000000.0,300.0,0.00521751875938687,0.0023588512833907366,0.5990793664574763,0.05513189828247161,200,60,61,1.9999999656397494,-7.3004262635123496e-09,-0.019466100633093418,0.02463297994547288,0.04000000131742785,0.02000000093105319,106.6745287332634,2.203326209505218,76199716.38783251,0.00017965229731212686,0.00017901521250878746,0.0024999999661752194,0.0028586674759961336,0.09373835255464301,0,252,200,CLARABEL,optimal
2018-07-31,development,assertive,500000000.0,50.0,0.00521751875938687,0.0042209096168693205,0.5990793664574763,0.05513189828247161,200,60,61,1.9999999656397494,-7.3004262635123496e-09,-0.019466100633093418,0.02463297994547288,0.04000000131742785,0.02000000093105319,106.6745287332634,2.203326209505218,76199716.38783251,0.00017965229731212686,0.0004002901841762195,0.0004166666610292033,0.0009966091425175497,0.46869176277321506,21,252,200,CLARABEL,optimal
2018-07-31,development,assertive,500000000.0,150.0,0.00521751875938687,0.003387576294810914,0.5990793664574763,0.05513189828247161,200,60,61,1.9999999656397494,-7.3004262635123496e-09,-0.019466100633093418,0.02463297994547288,0.04000000131742785,0.02000000093105319,106.6745287332634,2.203326209505218,76199716.38783251,0.00017965229731212686,0.0004002901841762195,0.0012499999830876097,0.001829942464575956,0.46869176277321506,21,252,200,CLARABEL,optimal
2018-07-31,development,assertive,500000000.0,300.0,0.00521751875938687,0.0021375763117233047,0.5990793664574763,0.05513189828247161,200,60,61,1.9999999656397494,-7.3004262635123496e-09,-0.019466100633093418,0.02463297994547288,0.04000000131742785,0.02000000093105319,106.6745287332634,2.203326209505218,76199716.38783251,0.00017965229731212686,0.0004002901841762195,0.0024999999661752194,0.0030799424476635655,0.46869176277321506,21,252,200,CLARABEL,optimal
2018-08-31,development,assertive,10000000.0,50.0,0.012758406000306352,0.012109686897447344,0.6621499486607931,0.002991769103174234,200,60,59,1.9999999470890744,-2.026428327916996e-08,-0.01310683509090936,-0.010698369444951741,0.039999999813877474,0.020000000761376337,105.33906881401714,2.0971325855195944,77500543.2525,0.00017289742291542388,5.915502007830253e-05,0.000416666659865283,0.0006487191028590094,0.013643768609237846,0,252,200,CLARABEL,optimal
2018-08-31,development,assertive,10000000.0,150.0,0.012758406000306352,0.011276353577716777,0.6621499486607931,0.002991769103174234,200,60,59,1.9999999470890744,-2.026428327916996e-08,-0.01310683509090936,-0.010698369444951741,0.039999999813877474,0.020000000761376337,105.33906881401714,2.0971325855195944,77500543.2525,0.00017289742291542388,5.915502007830253e-05,0.0012499999795958488,0.001482052422589575,0.013643768609237846,0,252,200,CLARABEL,optimal
2018-08-31,development,assertive,10000000.0,300.0,0.012758406000306352,0.010026353598120928,0.6621499486607931,0.002991769103174234,200,60,59,1.9999999470890744,-2.026428327916996e-08,-0.01310683509090936,-0.010698369444951741,0.039999999813877474,0.020000000761376337,105.33906881401714,2.0971325855195944,77500543.2525,0.00017289742291542388,5.915502007830253e-05,0.0024999999591916976,0.002732052402185424,0.013643768609237846,0,252,200,CLARABEL,optimal
2018-08-31,development,assertive,100000000.0,50.0,0.012758406000306352,0.011981777319045216,0.6621499486607931,0.002991769103174234,200,60,59,1.9999999470890744,-2.026428327916996e-08,-0.01310683509090936,-0.010698369444951741,0.039999999813877474,0.020000000761376337,105.33906881401714,2.0971325855195944,77500543.2525,0.00017289742291542388,0.00018706459848042803,0.000416666659865283,0.0007766286812611349,0.13643768609237847,1,252,200,CLARABEL,optimal
2018-08-31,development,assertive,100000000.0,150.0,0.012758406000306352,0.011148443999314651,0.6621499486607931,0.002991769103174234,200,60,59,1.9999999470890744,-2.026428327916996e-08,-0.01310683509090936,-0.010698369444951741,0.039999999813877474,0.020000000761376337,105.33906881401714,2.0971325855195944,77500543.2525,0.00017289742291542388,0.00018706459848042803,0.0012499999795958488,0.0016099620009917006,0.13643768609237847,1,252,200,CLARABEL,optimal
2018-08-31,development,assertive,100000000.0,300.0,0.012758406000306352,0.009898444019718802,0.6621499486607931,0.002991769103174234,200,60,59,1.9999999470890744,-2.026428327916996e-08,-0.01310683509090936,-0.010698369444951741,0.039999999813877474,0.020000000761376337,105.33906881401714,2.0971325855195944,77500543.2525,0.00017289742291542388,0.00018706459848042803,0.0024999999591916976,0.0028599619805875494,0.13643768609237847,1,252,200,CLARABEL,optimal
2018-08-31,development,assertive,500000000.0,50.0,0.012758406000306352,0.011750552759139703,0.6621499486607931,0.002991769103174234,200,60,59,1.9999999470890744,-2.026428327916996e-08,-0.01310683509090936,-0.010698369444951741,0.039999999813877474,0.020000000761376337,105.33906881401714,2.0971325855195944,77500543.2525,0.00017289742291542388,0.00041828915838594094,0.000416666659865283,0.0010078532411666478,0.6821884304618923,26,252,200,CLARABEL,optimal
2018-08-31,development,assertive,500000000.0,150.0,0.012758406000306352,0.010917219439409138,0.6621499486607931,0.002991769103174234,200,60,59,1.9999999470890744,-2.026428327916996e-08,-0.01310683509090936,-0.010698369444951741,0.039999999813877474,0.020000000761376337,105.33906881401714,2.0971325855195944,77500543.2525,0.00017289742291542388,0.00041828915838594094,0.0012499999795958488,0.0018411865608972135,0.6821884304618923,26,252,200,CLARABEL,optimal
2018-08-31,development,assertive,500000000.0,300.0,0.012758406000306352,0.00966721945981329,0.6621499486607931,0.002991769103174234,200,60,59,1.9999999470890744,-2.026428327916996e-08,-0.01310683509090936,-0.010698369444951741,0.039999999813877474,0.020000000761376337,105.33906881401714,2.0971325855195944,77500543.2525,0.00017289742291542388,0.00041828915838594094,0.0024999999591916976,0.0030911865404930623,0.6821884304618923,26,252,200,CLARABEL,optimal
2018-09-28,development,assertive,10000000.0,50.0,0.0102665353798202,0.009533334355338052,0.8259103939023928,-0.07276463422325279,200,60,63,1.9999999580483137,-5.286637613788336e-09,0.015305078508074277,0.0414924355659233,0.0330170453202417,0.020000000646816746,105.84781075897845,2.065714180317363,74598947.57,0.00024622144162518995,7.031292382884257e-05,0.00041666665902811485,0.0007332010244821474,0.017172346692532793,0,252,200,CLARABEL,optimal
2018-09-28,development,assertive,10000000.0,150.0,0.0102665353798202,0.008700001037281822,0.8259103939023928,-0.07276463422325279,200,60,63,1.9999999580483137,-5.286637613788336e-09,0.015305078508074277,0.0414924355659233,0.0330170453202417,0.020000000646816746,105.84781075897845,2.065714180317363,74598947.57,0.00024622144162518995,7.031292382884257e-05,0.0012499999770843445,0.001566534342538377,0.017172346692532793,0,252,200,CLARABEL,optimal
2018-09-28,development,assertive,10000000.0,300.0,0.0102665353798202,0.0074500010601974784,0.8259103939023928,-0.07276463422325279,200,60,63,1.9999999580483137,-5.286637613788336e-09,0.015305078508074277,0.0414924355659233,0.0330170453202417,0.020000000646816746,105.84781075897845,2.065714180317363,74598947.57,0.00024622144162518995,7.031292382884257e-05,0.002499999954168689,0.0028165343196227214,0.017172346692532793,0,252,200,CLARABEL,optimal
2018-09-28,development,assertive,100000000.0,50.0,0.0102665353798202,0.009381298290921825,0.8259103939023928,-0.07276463422325279,200,60,63,1.9999999580483137,-5.286637613788336e-09,0.015305078508074277,0.0414924355659233,0.0330170453202417,0.020000000646816746,105.84781075897845,2.065714180317363,74598947.57,0.00024622144162518995,0.00022234898824506977,0.00041666665902811485,0.0008852370888983745,0.17172346692532794,1,252,200,CLARABEL,optimal
2018-09-28,development,assertive,100000000.0,150.0,0.0102665353798202,0.008547964972865595,0.8259103939023928,-0.07276463422325279,200,60,63,1.9999999580483137,-5.286637613788336e-09,0.015305078508074277,0.0414924355659233,0.0330170453202417,0.020000000646816746,105.84781075897845,2.065714180317363,74598947.57,0.00024622144162518995,0.00022234898824506977,0.0012499999770843445,0.0017185704069546041,0.17172346692532794,1,252,200,CLARABEL,optimal
2018-09-28,development,assertive,100000000.0,300.0,0.0102665353798202,0.007297964995781251,0.8259103939023928,-0.07276463422325279,200,60,63,1.9999999580483137,-5.286637613788336e-09,0.015305078508074277,0.0414924355659233,0.0330170453202417,0.020000000646816746,105.84781075897845,2.065714180317363,74598947.57,0.00024622144162518995,0.00022234898824506977,0.002499999954168689,0.002968570384038949,0.17172346692532794,1,252,200,CLARABEL,optimal
2018-09-28,development,assertive,500000000.0,50.0,0.0102665353798202,0.009106459826722618,0.8259103939023928,-0.07276463422325279,200,60,63,1.9999999580483137,-5.286637613788336e-09,0.015305078508074277,0.0414924355659233,0.0330170453202417,0.020000000646816746,105.84781075897845,2.065714180317363,74598947.57,0.00024622144162518995,0.0004971874524442776,0.00041666665902811485,0.0011600755530975825,0.8586173346266397,26,252,200,CLARABEL,optimal
2018-09-28,development,assertive,500000000.0,150.0,0.0102665353798202,0.008273126508666387,0.8259103939023928,-0.07276463422325279,200,60,63,1.9999999580483137,-5.286637613788336e-09,0.015305078508074277,0.0414924355659233,0.0330170453202417,0.020000000646816746,105.84781075897845,2.065714180317363,74598947.57,0.00024622144162518995,0.0004971874524442776,0.0012499999770843445,0.001993408871153812,0.8586173346266397,26,252,200,CLARABEL,optimal
2018-09-28,development,assertive,500000000.0,300.0,0.0102665353798202,0.007023126531582043,0.8259103939023928,-0.07276463422325279,200,60,63,1.9999999580483137,-5.286637613788336e-09,0.015305078508074277,0.0414924355659233,0.0330170453202417,0.020000000646816746,105.84781075897845,2.065714180317363,74598947.57,0.00024622144162518995,0.0004971874524442776,0.002499999954168689,0.0032434088482381565,0.8586173346266397,26,252,200,CLARABEL,optimal
2018-10-31,development,assertive,10000000.0,50.0,0.016598012786356274,0.015916589033460188,0.7918422134937471,-0.004393212215157665,200,63,59,1.9999999679301355,1.0283016299572623e-08,-0.023866926414616713,-0.0014520653857077598,0.040000003138115026,0.020000000620587412,106.55115360995927,2.021835847592704,83672706.832695,0.000194079926547526,7.067716850541007e-05,0.0004166666578431498,0.0006814237528960859,0.005941494733421126,0,252,200,CLARABEL,optimal
2018-10-31,development,assertive,10000000.0,150.0,0.016598012786356274,0.01508325571777389,0.7918422134937471,-0.004393212215157665,200,63,59,1.9999999679301355,1.0283016299572623e-08,-0.023866926414616713,-0.0014520653857077598,0.040000003138115026,0.020000000620587412,106.55115360995927,2.021835847592704,83672706.832695,0.000194079926547526,7.067716850541007e-05,0.0012499999735294494,0.0015147570685823855,0.005941494733421126,0,252,200,CLARABEL,optimal
2018-10-31,development,assertive,10000000.0,300.0,0.016598012786356274,0.01383325574424444,0.7918422134937471,-0.004393212215157665,200,63,59,1.9999999679301355,1.0283016299572623e-08,-0.023866926414616713,-0.0014520653857077598,0.040000003138115026,0.020000000620587412,106.55115360995927,2.021835847592704,83672706.832695,0.000194079926547526,7.067716850541007e-05,0.002499999947058899,0.002764757042111835,0.005941494733421126,0,252,200,CLARABEL,optimal
2018-10-31,development,assertive,100000000.0,50.0,0.016598012786356274,0.015763765370916984,0.7918422134937471,-0.004393212215157665,200,63,59,1.9999999679301355,1.0283016299572623e-08,-0.023866926414616713,-0.0014520653857077598,0.040000003138115026,0.020000000620587412,106.55115360995927,2.021835847592704,83672706.832695,0.000194079926547526,0.0002235008310486144,0.0004166666578431498,0.0008342474154392902,0.059414947334211266,0,252,200,CLARABEL,optimal
2018-10-31,development,assertive,100000000.0,150.0,0.016598012786356274,0.014930432055230685,0.7918422134937471,-0.004393212215157665,200,63,59,1.9999999679301355,1.0283016299572623e-08,-0.023866926414616713,-0.0014520653857077598,0.040000003138115026,0.020000000620587412,106.55115360995927,2.021835847592704,83672706.832695,0.000194079926547526,0.0002235008310486144,0.0012499999735294494,0.0016675807311255899,0.059414947334211266,0,252,200,CLARABEL,optimal
2018-10-31,development,assertive,100000000.0,300.0,0.016598012786356274,0.013680432081701235,0.7918422134937471,-0.004393212215157665,200,63,59,1.9999999679301355,1.0283016299572623e-08,-0.023866926414616713,-0.0014520653857077598,0.040000003138115026,0.020000000620587412,106.55115360995927,2.021835847592704,83672706.832695,0.000194079926547526,0.0002235008310486144,0.002499999947058899,0.0029175807046550395,0.059414947334211266,0,252,200,CLARABEL,optimal
2018-10-31,development,assertive,500000000.0,50.0,0.016598012786356274,0.0154875031507132,0.7918422134937471,-0.004393212215157665,200,63,59,1.9999999679301355,1.0283016299572623e-08,-0.023866926414616713,-0.0014520653857077598,0.040000003138115026,0.020000000620587412,106.55115360995927,2.021835847592704,83672706.832695,0.000194079926547526,0.0004997630512523974,0.0004166666578431498,0.001110509635643073,0.2970747366710563,24,252,200,CLARABEL,optimal
2018-10-31,development,assertive,500000000.0,150.0,0.016598012786356274,0.014654169835026902,0.7918422134937471,-0.004393212215157665,200,63,59,1.9999999679301355,1.0283016299572623e-08,-0.023866926414616713,-0.0014520653857077598,0.040000003138115026,0.020000000620587412,106.55115360995927,2.021835847592704,83672706.832695,0.000194079926547526,0.0004997630512523974,0.0012499999735294494,0.0019438429513293728,0.2970747366710563,24,252,200,CLARABEL,optimal
2018-10-31,development,assertive,500000000.0,300.0,0.016598012786356274,0.013404169861497452,0.7918422134937471,-0.004393212215157665,200,63,59,1.9999999679301355,1.0283016299572623e-08,-0.023866926414616713,-0.0014520653857077598,0.040000003138115026,0.020000000620587412,106.55115360995927,2.021835847592704,83672706.832695,0.000194079926547526,0.0004997630512523974,0.002499999947058899,0.003193842924858822,0.2970747366710563,24,252,200,CLARABEL,optimal
2018-11-30,development,assertive,10000000.0,50.0,0.013797500581299988,0.01304605184899978,0.8160414027961458,-0.09757910412817089,200,65,57,1.9999999660945784,-1.0970262219467397e-08,0.010968192886287358,0.04999999712739184,0.039999999526778185,0.020000000798770835,107.22281687730182,2.332141294408481,81124432.7475,0.00024635093449248654,8.843113591921347e-05,0.0004166666618885084,0.0007514487323002084,0.013937513628897828,0,252,200,CLARABEL,optimal
2018-11-30,development,assertive,10000000.0,150.0,0.013797500581299988,0.012212718525222762,0.8160414027961458,-0.09757910412817089,200,65,57,1.9999999660945784,-1.0970262219467397e-08,0.010968192886287358,0.04999999712739184,0.039999999526778185,0.020000000798770835,107.22281687730182,2.332141294408481,81124432.7475,0.00024635093449248654,8.843113591921347e-05,0.0012499999856655254,0.0015847820560772254,0.013937513628897828,0,252,200,CLARABEL,optimal
2018-11-30,development,assertive,10000000.0,300.0,0.013797500581299988,0.010962718539557237,0.8160414027961458,-0.09757910412817089,200,65,57,1.9999999660945784,-1.0970262219467397e-08,0.010968192886287358,0.04999999712739184,0.039999999526778185,0.020000000798770835,107.22281687730182,2.332141294408481,81124432.7475,0.00024635093449248654,8.843113591921347e-05,0.002499999971331051,0.002834782041742751,0.013937513628897828,0,252,200,CLARABEL,optimal
2018-11-30,development,assertive,100000000.0,50.0,0.013797500581299988,0.012854839179338351,0.8160414027961458,-0.09757910412817089,200,65,57,1.9999999660945784,-1.0970262219467397e-08,0.010968192886287358,0.04999999712739184,0.039999999526778185,0.020000000798770835,107.22281687730182,2.332141294408481,81124432.7475,0.00024635093449248654,0.0002796438055806423,0.0004166666618885084,0.0009426614019616372,0.13937513628897827,1,252,200,CLARABEL,optimal
2018-11-30,development,assertive,100000000.0,150.0,0.013797500581299988,0.012021505855561334,0.8160414027961458,-0.09757910412817089,200,65,57,1.9999999660945784,-1.0970262219467397e-08,0.010968192886287358,0.04999999712739184,0.039999999526778185,0.020000000798770835,107.22281687730182,2.332141294408481,81124432.7475,0.00024635093449248654,0.0002796438055806423,0.0012499999856655254,0.0017759947257386542,0.13937513628897827,1,252,200,CLARABEL,optimal
2018-11-30,development,assertive,100000000.0,300.0,0.013797500581299988,0.010771505869895809,0.8160414027961458,-0.09757910412817089,200,65,57,1.9999999660945784,-1.0970262219467397e-08,0.010968192886287358,0.04999999712739184,0.039999999526778185,0.020000000798770835,107.22281687730182,2.332141294408481,81124432.7475,0.00024635093449248654,0.0002796438055806423,0.002499999971331051,0.0030259947114041797,0.13937513628897827,1,252,200,CLARABEL,optimal
2018-11-30,development,assertive,500000000.0,50.0,0.013797500581299988,0.012509180426153942,0.8160414027961458,-0.09757910412817089,200,65,57,1.9999999660945784,-1.0970262219467397e-08,0.010968192886287358,0.04999999712739184,0.039999999526778185,0.020000000798770835,107.22281687730182,2.332141294408481,81124432.7475,0.00024635093449248654,0.0006253025587650513,0.0004166666618885084,0.001288320155146046,0.6968756814448913,30,252,200,CLARABEL,optimal
2018-11-30,development,assertive,500000000.0,150.0,0.013797500581299988,0.011675847102376924,0.8160414027961458,-0.09757910412817089,200,65,57,1.9999999660945784,-1.0970262219467397e-08,0.010968192886287358,0.04999999712739184,0.039999999526778185,0.020000000798770835,107.22281687730182,2.332141294408481,81124432.7475,0.00024635093449248654,0.0006253025587650513,0.0012499999856655254,0.0021216534789230634,0.6968756814448913,30,252,200,CLARABEL,optimal
2018-11-30,development,assertive,500000000.0,300.0,0.013797500581299988,0.0104258471167114,0.8160414027961458,-0.09757910412817089,200,65,57,1.9999999660945784,-1.0970262219467397e-08,0.010968192886287358,0.04999999712739184,0.039999999526778185,0.020000000798770835,107.22281687730182,2.332141294408481,81124432.7475,0.00024635093449248654,0.0006253025587650513,0.002499999971331051,0.0033716534645885886,0.6968756814448913,30,252,200,CLARABEL,optimal
2018-12-31,development,assertive,10000000.0,50.0,-0.0550236989934417,-0.055796937284020125,0.7996210605502463,0.08679069185523237,200,67,55,1.9999999798082364,7.2434881148719654e-09,-0.007748338862281351,-0.049999999841392445,0.04000000569075131,0.02000000079602734,106.64419933627953,2.3651958247128544,68641841.625,0.0002427740357480096,0.00011379759387942305,0.00041666666095098925,0.0007732382905784219,0.012879045854965222,0,252,200,CLARABEL,optimal
2018-12-31,development,assertive,10000000.0,150.0,-0.0550236989934417,-0.0566302706059221,0.7996210605502463,0.08679069185523237,200,67,55,1.9999999798082364,7.2434881148719654e-09,-0.007748338862281351,-0.049999999841392445,0.04000000569075131,0.02000000079602734,106.64419933627953,2.3651958247128544,68641841.625,0.0002427740357480096,0.00011379759387942305,0.0012499999828529678,0.0016065716124804004,0.012879045854965222,0,252,200,CLARABEL,optimal
2018-12-31,development,assertive,10000000.0,300.0,-0.0550236989934417,-0.05788027058877507,0.7996210605502463,0.08679069185523237,200,67,55,1.9999999798082364,7.2434881148719654e-09,-0.007748338862281351,-0.049999999841392445,0.04000000569075131,0.02000000079602734,106.64419933627953,2.3651958247128544,68641841.625,0.0002427740357480096,0.00011379759387942305,0.0024999999657059355,0.002856571595333368,0.012879045854965222,0,252,200,CLARABEL,optimal
2018-12-31,development,assertive,100000000.0,50.0,-0.0550236989934417,-0.05604299927904651,0.7996210605502463,0.08679069185523237,200,67,55,1.9999999798082364,7.2434881148719654e-09,-0.007748338862281351,-0.049999999841392445,0.04000000569075131,0.02000000079602734,106.64419933627953,2.3651958247128544,68641841.625,0.0002427740357480096,0.0003598595889058134,0.00041666666095098925,0.0010193002856048123,0.1287904585496522,2,252,200,CLARABEL,optimal
2018-12-31,development,assertive,100000000.0,150.0,-0.0550236989934417,-0.05687633260094849,0.7996210605502463,0.08679069185523237,200,67,55,1.9999999798082364,7.2434881148719654e-09,-0.007748338862281351,-0.049999999841392445,0.04000000569075131,0.02000000079602734,106.64419933627953,2.3651958247128544,68641841.625,0.0002427740357480096,0.0003598595889058134,0.0012499999828529678,0.0018526336075067908,0.1287904585496522,2,252,200,CLARABEL,optimal
2018-12-31,development,assertive,100000000.0,300.0,-0.0550236989934417,-0.05812633258380146,0.7996210605502463,0.08679069185523237,200,67,55,1.9999999798082364,7.2434881148719654e-09,-0.007748338862281351,-0.049999999841392445,0.04000000569075131,0.02000000079602734,106.64419933627953,2.3651958247128544,68641841.625,0.0002427740357480096,0.0003598595889058134,0.0024999999657059355,0.0031026335903597585,0.1287904585496522,2,252,200,CLARABEL,optimal
2018-12-31,development,assertive,500000000.0,50.0,-0.0550236989934417,-0.056487810193289224,0.7996210605502463,0.08679069185523237,200,67,55,1.9999999798082364,7.2434881148719654e-09,-0.007748338862281351,-0.049999999841392445,0.04000000569075131,0.02000000079602734,106.64419933627953,2.3651958247128544,68641841.625,0.0002427740357480096,0.000804670503148528,0.00041666666095098925,0.001464111199847527,0.6439522927482612,36,252,200,CLARABEL,optimal
2018-12-31,development,assertive,500000000.0,150.0,-0.0550236989934417,-0.05732114351519121,0.7996210605502463,0.08679069185523237,200,67,55,1.9999999798082364,7.2434881148719654e-09,-0.007748338862281351,-0.049999999841392445,0.04000000569075131,0.02000000079602734,106.64419933627953,2.3651958247128544,68641841.625,0.0002427740357480096,0.000804670503148528,0.0012499999828529678,0.0022974445217495056,0.6439522927482612,36,252,200,CLARABEL,optimal
2018-12-31,development,assertive,500000000.0,300.0,-0.0550236989934417,-0.058571143498044174,0.7996210605502463,0.08679069185523237,200,67,55,1.9999999798082364,7.2434881148719654e-09,-0.007748338862281351,-0.049999999841392445,0.04000000569075131,0.02000000079602734,106.64419933627953,2.3651958247128544,68641841.625,0.0002427740357480096,0.000804670503148528,0.0024999999657059355,0.003547444504602473,0.6439522927482612,36,252,200,CLARABEL,optimal
2019-01-31,development,assertive,10000000.0,50.0,-0.014388386748970253,-0.015151851397222279,0.7257778474150658,0.019492751978411778,200,64,59,1.9999999759154834,-9.92544001848783e-09,-0.0061438443704497775,-0.0037252979728471247,0.04000000265435118,0.020000000826766274,105.89956457842798,2.650068745706121,71957145.22,0.00024643285315986273,0.0001003651313753037,0.00041666666371685903,0.0007634646482520255,0.01596492129448456,0,252,200,CLARABEL,optimal
2019-01-31,development,assertive,10000000.0,150.0,-0.014388386748970253,-0.015985184724655998,0.7257778474150658,0.019492751978411778,200,64,59,1.9999999759154834,-9.92544001848783e-09,-0.0061438443704497775,-0.0037252979728471247,0.04000000265435118,0.020000000826766274,105.89956457842798,2.650068745706121,71957145.22,0.00024643285315986273,0.0001003651313753037,0.0012499999911505773,0.0015967979756857436,0.01596492129448456,0,252,200,CLARABEL,optimal
2019-01-31,development,assertive,10000000.0,300.0,-0.014388386748970253,-0.017235184715806574,0.7257778474150658,0.019492751978411778,200,64,59,1.9999999759154834,-9.92544001848783e-09,-0.0061438443704497775,-0.0037252979728471247,0.04000000265435118,0.020000000826766274,105.89956457842798,2.650068745706121,71957145.22,0.00024643285315986273,0.0001003651313753037,0.0024999999823011546,0.002846797966836321,0.01596492129448456,0,252,200,CLARABEL,optimal
2019-01-31,development,assertive,100000000.0,50.0,-0.014388386748970253,-0.015368868678654963,0.7257778474150658,0.019492751978411778,200,64,59,1.9999999759154834,-9.92544001848783e-09,-0.0061438443704497775,-0.0037252979728471247,0.04000000265435118,0.020000000826766274,105.89956457842798,2.650068745706121,71957145.22,0.00024643285315986273,0.0003173824128079874,0.00041666666371685903,0.000980481929684709,0.15964921294484563,1,252,200,CLARABEL,optimal
2019-01-31,development,assertive,100000000.0,150.0,-0.014388386748970253,-0.01620220200608868,0.7257778474150658,0.019492751978411778,200,64,59,1.9999999759154834,-9.92544001848783e-09,-0.0061438443704497775,-0.0037252979728471247,0.04000000265435118,0.020000000826766274,105.89956457842798,2.650068745706121,71957145.22,0.00024643285315986273,0.0003173824128079874,0.0012499999911505773,0.0018138152571184275,0.15964921294484563,1,252,200,CLARABEL,optimal
2019-01-31,development,assertive,100000000.0,300.0,-0.014388386748970253,-0.017452201997239257,0.7257778474150658,0.019492751978411778,200,64,59,1.9999999759154834,-9.92544001848783e-09,-0.0061438443704497775,-0.0037252979728471247,0.04000000265435118,0.020000000826766274,105.89956457842798,2.650068745706121,71957145.22,0.00024643285315986273,0.0003173824128079874,0.0024999999823011546,0.003063815248269005,0.15964921294484563,1,252,200,CLARABEL,optimal
2019-01-31,development,assertive,500000000.0,50.0,-0.014388386748970253,-0.015761174915748535,0.7257778474150658,0.019492751978411778,200,64,59,1.9999999759154834,-9.92544001848783e-09,-0.0061438443704497775,-0.0037252979728471247,0.04000000265435118,0.020000000826766274,105.89956457842798,2.650068745706121,71957145.22,0.00024643285315986273,0.0007096886499015596,0.00041666666371685903,0.0013727881667782815,0.7982460647242282,25,252,200,CLARABEL,optimal
2019-01-31,development,assertive,500000000.0,150.0,-0.014388386748970253,-0.016594508243182253,0.7257778474150658,0.019492751978411778,200,64,59,1.9999999759154834,-9.92544001848783e-09,-0.0061438443704497775,-0.0037252979728471247,0.04000000265435118,0.020000000826766274,105.89956457842798,2.650068745706121,71957145.22,0.00024643285315986273,0.0007096886499015596,0.0012499999911505773,0.0022061214942119996,0.7982460647242282,25,252,200,CLARABEL,optimal
2019-01-31,development,assertive,500000000.0,300.0,-0.014388386748970253,-0.01784450823433283,0.7257778474150658,0.019492751978411778,200,64,59,1.9999999759154834,-9.92544001848783e-09,-0.0061438443704497775,-0.0037252979728471247,0.04000000265435118,0.020000000826766274,105.89956457842798,2.650068745706121,71957145.22,0.00024643285315986273,0.0007096886499015596,0.0024999999823011546,0.003456121485362577,0.7982460647242282,25,252,200,CLARABEL,optimal
2019-02-28,development,assertive,10000000.0,50.0,0.0013243739562770682,0.00024658866899816487,1.4464165571504497,0.020024388751039107,200,61,58,1.9999999387822012,-1.0808511807791632e-08,-0.016464182408449934,-0.04999998395914455,0.03652495393547364,0.020000000858138973,105.64331897749797,2.6451566822207413,74171297.0175,0.0004890859395903995,0.0001720326915237718,0.00041666665616473187,0.0010777852872789033,0.013466402327054013,0,252,200,CLARABEL,optimal
2019-02-28,development,assertive,10000000.0,150.0,0.0013243739562770682,-0.0005867446433312988,1.4464165571504497,0.020024388751039107,200,61,58,1.9999999387822012,-1.0808511807791632e-08,-0.016464182408449934,-0.04999998395914455,0.03652495393547364,0.020000000858138973,105.64331897749797,2.6451566822207413,74171297.0175,0.0004890859395903995,0.0001720326915237718,0.0012499999684941956,0.001911118599608367,0.013466402327054013,0,252,200,CLARABEL,optimal
2019-02-28,development,assertive,10000000.0,300.0,0.0013243739562770682,-0.0018367446118254943,1.4464165571504497,0.020024388751039107,200,61,58,1.9999999387822012,-1.0808511807791632e-08,-0.016464182408449934,-0.04999998395914455,0.03652495393547364,0.020000000858138973,105.64331897749797,2.6451566822207413,74171297.0175,0.0004890859395903995,0.0001720326915237718,0.002499999936988391,0.0031611185681025625,0.013466402327054013,0,252,200,CLARABEL,optimal
2019-02-28,development,assertive,100000000.0,50.0,0.0013243739562770682,-0.00012539377670232497,1.4464165571504497,0.020024388751039107,200,61,58,1.9999999387822012,-1.0808511807791632e-08,-0.016464182408449934,-0.04999998395914455,0.03652495393547364,0.020000000858138973,105.64331897749797,2.6451566822207413,74171297.0175,0.0004890859395903995,0.0005440151372242617,0.00041666665616473187,0.0014497677329793931,0.13466402327054014,1,252,200,CLARABEL,optimal
2019-02-28,development,assertive,100000000.0,150.0,0.0013243739562770682,-0.0009587270890317884,1.4464165571504497,0.020024388751039107,200,61,58,1.9999999387822012,-1.0808511807791632e-08,-0.016464182408449934,-0.04999998395914455,0.03652495393547364,0.020000000858138973,105.64331897749797,2.6451566822207413,74171297.0175,0.0004890859395903995,0.0005440151372242617,0.0012499999684941956,0.0022831010453088565,0.13466402327054014,1,252,200,CLARABEL,optimal
2019-02-28,development,assertive,100000000.0,300.0,0.0013243739562770682,-0.002208727057525984,1.4464165571504497,0.020024388751039107,200,61,58,1.9999999387822012,-1.0808511807791632e-08,-0.016464182408449934,-0.04999998395914455,0.03652495393547364,0.020000000858138973,105.64331897749797,2.6451566822207413,74171297.0175,0.0004890859395903995,0.0005440151372242617,0.002499999936988391,0.0035331010138030523,0.13466402327054014,1,252,200,CLARABEL,optimal
2019-02-28,development,assertive,500000000.0,50.0,0.0013243739562770682,-0.0007978334671003887,1.4464165571504497,0.020024388751039107,200,61,58,1.9999999387822012,-1.0808511807791632e-08,-0.016464182408449934,-0.04999998395914455,0.03652495393547364,0.020000000858138973,105.64331897749797,2.6451566822207413,74171297.0175,0.0004890859395903995,0.0012164548276223253,0.00041666665616473187,0.002122207423377457,0.6733201163527006,53,252,200,CLARABEL,optimal
2019-02-28,development,assertive,500000000.0,150.0,0.0013243739562770682,-0.0016311667794298521,1.4464165571504497,0.020024388751039107,200,61,58,1.9999999387822012,-1.0808511807791632e-08,-0.016464182408449934,-0.04999998395914455,0.03652495393547364,0.020000000858138973,105.64331897749797,2.6451566822207413,74171297.0175,0.0004890859395903995,0.0012164548276223253,0.0012499999684941956,0.0029555407357069203,0.6733201163527006,53,252,200,CLARABEL,optimal
2019-02-28,development,assertive,500000000.0,300.0,0.0013243739562770682,-0.0028811667479240483,1.4464165571504497,0.020024388751039107,200,61,58,1.9999999387822012,-1.0808511807791632e-08,-0.016464182408449934,-0.04999998395914455,0.03652495393547364,0.020000000858138973,105.64331897749797,2.6451566822207413,74171297.0175,0.0004890859395903995,0.0012164548276223253,0.002499999936988391,0.0042055407042011165,0.6733201163527006,53,252,200,CLARABEL,optimal
2019-03-29,development,assertive,10000000.0,50.0,0.025006801499890544,0.02403225141158976,1.1570444611331687,0.05019073922276458,200,60,62,1.9999999627340548,6.739110026965367e-09,0.0011713272394860003,-0.04999998133332473,0.04000000576421336,0.02000000068507766,107.01371778478953,2.6770859373206566,64470921.7275,0.00039354401931147366,0.00016433941149036237,0.00041666665749894683,0.0009745500883007829,0.014603839425029934,0,252,200,CLARABEL,optimal
2019-03-29,development,assertive,10000000.0,150.0,0.025006801499890544,0.02319891809659187,1.1570444611331687,0.05019073922276458,200,60,62,1.9999999627340548,6.739110026965367e-09,0.0011713272394860003,-0.04999998133332473,0.04000000576421336,0.02000000068507766,107.01371778478953,2.6770859373206566,64470921.7275,0.00039354401931147366,0.00016433941149036237,0.0012499999724968406,0.0018078834032986767,0.014603839425029934,0,252,200,CLARABEL,optimal
2019-03-29,development,assertive,10000000.0,300.0,0.025006801499890544,0.021948918124095027,1.1570444611331687,0.05019073922276458,200,60,62,1.9999999627340548,6.739110026965367e-09,0.0011713272394860003,-0.04999998133332473,0.04000000576421336,0.02000000068507766,107.01371778478953,2.6770859373206566,64470921.7275,0.00039354401931147366,0.00016433941149036237,0.002499999944993681,0.003057883375795517,0.014603839425029934,0,252,200,CLARABEL,optimal
2019-03-29,development,assertive,100000000.0,50.0,0.025006801499890544,0.023676903973438933,1.1570444611331687,0.05019073922276458,200,60,62,1.9999999627340548,6.739110026965367e-09,0.0011713272394860003,-0.04999998133332473,0.04000000576421336,0.02000000068507766,107.01371778478953,2.6770859373206566,64470921.7275,0.00039354401931147366,0.0005196868496411915,0.00041666665749894683,0.001329897526451612,0.14603839425029932,4,252,200,CLARABEL,optimal
2019-03-29,development,assertive,100000000.0,150.0,0.025006801499890544,0.02284357065844104,1.1570444611331687,0.05019073922276458,200,60,62,1.9999999627340548,6.739110026965367e-09,0.0011713272394860003,-0.04999998133332473,0.04000000576421336,0.02000000068507766,107.01371778478953,2.6770859373206566,64470921.7275,0.00039354401931147366,0.0005196868496411915,0.0012499999724968406,0.002163230841449506,0.14603839425029932,4,252,200,CLARABEL,optimal
2019-03-29,development,assertive,100000000.0,300.0,0.025006801499890544,0.021593570685944197,1.1570444611331687,0.05019073922276458,200,60,62,1.9999999627340548,6.739110026965367e-09,0.0011713272394860003,-0.04999998133332473,0.04000000576421336,0.02000000068507766,107.01371778478953,2.6770859373206566,64470921.7275,0.00039354401931147366,0.0005196868496411915,0.002499999944993681,0.0034132308139463463,0.14603839425029932,4,252,200,CLARABEL,optimal
2019-03-29,development,assertive,500000000.0,50.0,0.025006801499890544,0.02303453570026971,1.1570444611331687,0.05019073922276458,200,60,62,1.9999999627340548,6.739110026965367e-09,0.0011713272394860003,-0.04999998133332473,0.04000000576421336,0.02000000068507766,107.01371778478953,2.6770859373206566,64470921.7275,0.00039354401931147366,0.0011620551228104163,0.00041666665749894683,0.001972265799620837,0.7301919712514967,49,252,200,CLARABEL,optimal
2019-03-29,development,assertive,500000000.0,150.0,0.025006801499890544,0.022201202385271814,1.1570444611331687,0.05019073922276458,200,60,62,1.9999999627340548,6.739110026965367e-09,0.0011713272394860003,-0.04999998133332473,0.04000000576421336,0.02000000068507766,107.01371778478953,2.6770859373206566,64470921.7275,0.00039354401931147366,0.0011620551228104163,0.0012499999724968406,0.0028055991146187305,0.7301919712514967,49,252,200,CLARABEL,optimal
2019-03-29,development,assertive,500000000.0,300.0,0.025006801499890544,0.020951202412774973,1.1570444611331687,0.05019073922276458,200,60,62,1.9999999627340548,6.739110026965367e-09,0.0011713272394860003,-0.04999998133332473,0.04000000576421336,0.02000000068507766,107.01371778478953,2.6770859373206566,64470921.7275,0.00039354401931147366,0.0011620551228104163,0.002499999944993681,0.004055599087115571,0.7301919712514967,49,252,200,CLARABEL,optimal
2019-04-30,development,assertive,10000000.0,50.0,-0.007616778110397767,-0.008367666178957477,0.8293767985594309,-0.07135313190545359,200,61,64,1.9999999633644463,-1.6359277779653958e-08,0.009246412289249717,-0.05000000458227519,0.04000000046571783,0.020000000594515434,107.72406960872786,2.6491574525753894,70481484.975,0.00026145576641426865,7.276563970299801e-05,0.00041666666244244253,0.0007508880685597092,0.00794145950353642,0,252,200,CLARABEL,optimal
2019-04-30,development,assertive,10000000.0,150.0,-0.007616778110397767,-0.009200999503842362,0.8293767985594309,-0.07135313190545359,200,61,64,1.9999999633644463,-1.6359277779653958e-08,0.009246412289249717,-0.05000000458227519,0.04000000046571783,0.020000000594515434,107.72406960872786,2.6491574525753894,70481484.975,0.00026145576641426865,7.276563970299801e-05,0.0012499999873273277,0.0015842213934445944,0.00794145950353642,0,252,200,CLARABEL,optimal
2019-04-30,development,assertive,10000000.0,300.0,-0.007616778110397767,-0.010450999491169689,0.8293767985594309,-0.07135313190545359,200,61,64,1.9999999633644463,-1.6359277779653958e-08,0.009246412289249717,-0.05000000458227519,0.04000000046571783,0.020000000594515434,107.72406960872786,2.6491574525753894,70481484.975,0.00026145576641426865,7.276563970299801e-05,0.0024999999746546553,0.002834221380771922,0.00794145950353642,0,252,200,CLARABEL,optimal
2019-04-30,development,assertive,100000000.0,50.0,-0.007616778110397767,-0.00852500569611513,0.8293767985594309,-0.07135313190545359,200,61,64,1.9999999633644463,-1.6359277779653958e-08,0.009246412289249717,-0.05000000458227519,0.04000000046571783,0.020000000594515434,107.72406960872786,2.6491574525753894,70481484.975,0.00026145576641426865,0.00023010515686065183,0.00041666666244244253,0.000908227585717363,0.0794145950353642,0,252,200,CLARABEL,optimal
2019-04-30,development,assertive,100000000.0,150.0,-0.007616778110397767,-0.009358339021000014,0.8293767985594309,-0.07135313190545359,200,61,64,1.9999999633644463,-1.6359277779653958e-08,0.009246412289249717,-0.05000000458227519,0.04000000046571783,0.020000000594515434,107.72406960872786,2.6491574525753894,70481484.975,0.00026145576641426865,0.00023010515686065183,0.0012499999873273277,0.0017415609106022482,0.0794145950353642,0,252,200,CLARABEL,optimal
2019-04-30,development,assertive,100000000.0,300.0,-0.007616778110397767,-0.010608339008327344,0.8293767985594309,-0.07135313190545359,200,61,64,1.9999999633644463,-1.6359277779653958e-08,0.009246412289249717,-0.05000000458227519,0.04000000046571783,0.020000000594515434,107.72406960872786,2.6491574525753894,70481484.975,0.00026145576641426865,0.00023010515686065183,0.0024999999746546553,0.002991560897929576,0.0794145950353642,0,252,200,CLARABEL,optimal
2019-04-30,development,assertive,500000000.0,50.0,-0.007616778110397767,-0.008809431311968147,0.8293767985594309,-0.07135313190545359,200,61,64,1.9999999633644463,-1.6359277779653958e-08,0.009246412289249717,-0.05000000458227519,0.04000000046571783,0.020000000594515434,107.72406960872786,2.6491574525753894,70481484.975,0.00026145576641426865,0.0005145307727136695,0.00041666666244244253,0.0011926532015703807,0.39707297517682105,29,252,200,CLARABEL,optimal
2019-04-30,development,assertive,500000000.0,150.0,-0.007616778110397767,-0.009642764636853034,0.8293767985594309,-0.07135313190545359,200,61,64,1.9999999633644463,-1.6359277779653958e-08,0.009246412289249717,-0.05000000458227519,0.04000000046571783,0.020000000594515434,107.72406960872786,2.6491574525753894,70481484.975,0.00026145576641426865,0.0005145307727136695,0.0012499999873273277,0.002025986526455266,0.39707297517682105,29,252,200,CLARABEL,optimal
2019-04-30,development,assertive,500000000.0,300.0,-0.007616778110397767,-0.01089276462418036,0.8293767985594309,-0.07135313190545359,200,61,64,1.9999999633644463,-1.6359277779653958e-08,0.009246412289249717,-0.05000000458227519,0.04000000046571783,0.020000000594515434,107.72406960872786,2.6491574525753894,70481484.975,0.00026145576641426865,0.0005145307727136695,0.0024999999746546553,0.0032759865137825936,0.39707297517682105,29,252,200,CLARABEL,optimal
2019-05-31,development,assertive,10000000.0,50.0,0.02456697744280547,0.023805006955902337,0.8273313150839605,0.07552011472068251,200,59,63,1.9999999616574002,-1.312790783025708e-08,-0.004007865206022823,-0.04999995421599529,0.03999999119233896,0.02000000049468936,107.12499513872638,2.6107311850209336,79465935.395,0.0002732600073252218,7.204381816430707e-05,0.0004166666614136058,0.0007619704869031346,0.013561950856402091,0,252,200,CLARABEL,optimal
2019-05-31,development,assertive,10000000.0,150.0,0.02456697744280547,0.022971673633075125,0.8273313150839605,0.07552011472068251,200,59,63,1.9999999616574002,-1.312790783025708e-08,-0.004007865206022823,-0.04999995421599529,0.03999999119233896,0.02000000049468936,107.12499513872638,2.6107311850209336,79465935.395,0.0002732600073252218,7.204381816430707e-05,0.0012499999842408174,0.0015953038097303463,0.013561950856402091,0,252,200,CLARABEL,optimal
2019-05-31,development,assertive,10000000.0,300.0,0.02456697744280547,0.021721673648834306,0.8273313150839605,0.07552011472068251,200,59,63,1.9999999616574002,-1.312790783025708e-08,-0.004007865206022823,-0.04999995421599529,0.03999999119233896,0.02000000049468936,107.12499513872638,2.6107311850209336,79465935.395,0.0002732600073252218,7.204381816430707e-05,0.002499999968481635,0.0028453037939711635,0.013561950856402091,0,252,200,CLARABEL,optimal
2019-05-31,development,assertive,100000000.0,50.0,0.02456697744280547,0.02364922821733242,0.8273313150839605,0.07552011472068251,200,59,63,1.9999999616574002,-1.312790783025708e-08,-0.004007865206022823,-0.04999995421599529,0.03999999119233896,0.02000000049468936,107.12499513872638,2.6107311850209336,79465935.395,0.0002732600073252218,0.00022782255673422114,0.0004166666614136058,0.0009177492254730487,0.13561950856402089,3,252,200,CLARABEL,optimal
2019-05-31,development,assertive,100000000.0,150.0,0.02456697744280547,0.02281589489450521,0.8273313150839605,0.07552011472068251,200,59,63,1.9999999616574002,-1.312790783025708e-08,-0.004007865206022823,-0.04999995421599529,0.03999999119233896,0.02000000049468936,107.12499513872638,2.6107311850209336,79465935.395,0.0002732600073252218,0.00022782255673422114,0.0012499999842408174,0.0017510825483002604,0.13561950856402089,3,252,200,CLARABEL,optimal
2019-05-31,development,assertive,100000000.0,300.0,0.02456697744280547,0.021565894910264394,0.8273313150839605,0.07552011472068251,200,59,63,1.9999999616574002,-1.312790783025708e-08,-0.004007865206022823,-0.04999995421599529,0.03999999119233896,0.02000000049468936,107.12499513872638,2.6107311850209336,79465935.395,0.0002732600073252218,0.00022782255673422114,0.002499999968481635,0.0030010825325410776,0.13561950856402089,3,252,200,CLARABEL,optimal
2019-05-31,development,assertive,500000000.0,50.0,0.02456697744280547,0.02336762405040112,0.8273313150839605,0.07552011472068251,200,59,63,1.9999999616574002,-1.312790783025708e-08,-0.004007865206022823,-0.04999995421599529,0.03999999119233896,0.02000000049468936,107.12499513872638,2.6107311850209336,79465935.395,0.0002732600073252218,0.0005094267236655211,0.0004166666614136058,0.0011993533924043486,0.6780975428201045,25,252,200,CLARABEL,optimal
2019-05-31,development,assertive,500000000.0,150.0,0.02456697744280547,0.02253429072757391,0.8273313150839605,0.07552011472068251,200,59,63,1.9999999616574002,-1.312790783025708e-08,-0.004007865206022823,-0.04999995421599529,0.03999999119233896,0.02000000049468936,107.12499513872638,2.6107311850209336,79465935.395,0.0002732600073252218,0.0005094267236655211,0.0012499999842408174,0.0020326867152315603,0.6780975428201045,25,252,200,CLARABEL,optimal
2019-05-31,development,assertive,500000000.0,300.0,0.02456697744280547,0.021284290743333094,0.8273313150839605,0.07552011472068251,200,59,63,1.9999999616574002,-1.312790783025708e-08,-0.004007865206022823,-0.04999995421599529,0.03999999119233896,0.02000000049468936,107.12499513872638,2.6107311850209336,79465935.395,0.0002732600073252218,0.0005094267236655211,0.002499999968481635,0.0032826866994723775,0.6780975428201045,25,252,200,CLARABEL,optimal
2019-06-28,development,assertive,10000000.0,50.0,-0.001502884869402196,-0.0022370177834584665,0.757093409018901,0.017376305549060184,200,59,58,1.9999999852789814,6.485507964004711e-10,-0.008119902340925134,0.028110126582113135,0.04000000104775239,0.02000000043414333,106.30246732438913,3.0303082253440476,72248991.8075,0.00024831033884289435,6.915591174870339e-05,0.000416666663464673,0.0007341329140562707,0.01079826181453329,0,252,200,CLARABEL,optimal
2019-06-28,development,assertive,10000000.0,150.0,-0.001502884869402196,-0.003070351110387813,0.757093409018901,0.017376305549060184,200,59,58,1.9999999852789814,6.485507964004711e-10,-0.008119902340925134,0.028110126582113135,0.04000000104775239,0.02000000043414333,106.30246732438913,3.0303082253440476,72248991.8075,0.00024831033884289435,6.915591174870339e-05,0.001249999990394019,0.0015674662409856169,0.01079826181453329,0,252,200,CLARABEL,optimal
2019-06-28,development,assertive,10000000.0,300.0,-0.001502884869402196,-0.004320351100781832,0.757093409018901,0.017376305549060184,200,59,58,1.9999999852789814,6.485507964004711e-10,-0.008119902340925134,0.028110126582113135,0.04000000104775239,0.02000000043414333,106.30246732438913,3.0303082253440476,72248991.8075,0.00024831033884289435,6.915591174870339e-05,0.002499999980788038,0.0028174662313796357,0.01079826181453329,0,252,200,CLARABEL,optimal
2019-06-28,development,assertive,100000000.0,50.0,-0.001502884869402196,-0.002386552066501264,0.757093409018901,0.017376305549060184,200,59,58,1.9999999852789814,6.485507964004711e-10,-0.008119902340925134,0.028110126582113135,0.04000000104775239,0.02000000043414333,106.30246732438913,3.0303082253440476,72248991.8075,0.00024831033884289435,0.00021869019479150067,0.000416666663464673,0.0008836671970990681,0.1079826181453329,1,252,200,CLARABEL,optimal
2019-06-28,development,assertive,100000000.0,150.0,-0.001502884869402196,-0.00321988539343061,0.757093409018901,0.017376305549060184,200,59,58,1.9999999852789814,6.485507964004711e-10,-0.008119902340925134,0.028110126582113135,0.04000000104775239,0.02000000043414333,106.30246732438913,3.0303082253440476,72248991.8075,0.00024831033884289435,0.00021869019479150067,0.001249999990394019,0.0017170005240284142,0.1079826181453329,1,252,200,CLARABEL,optimal
2019-06-28,development,assertive,100000000.0,300.0,-0.001502884869402196,-0.004469885383824629,0.757093409018901,0.017376305549060184,200,59,58,1.9999999852789814,6.485507964004711e-10,-0.008119902340925134,0.028110126582113135,0.04000000104775239,0.02000000043414333,106.30246732438913,3.0303082253440476,72248991.8075,0.00024831033884289435,0.00021869019479150067,0.002499999980788038,0.002967000514422433,0.1079826181453329,1,252,200,CLARABEL,optimal
2019-06-28,development,assertive,500000000.0,50.0,-0.001502884869402196,-0.0026568680132762292,0.757093409018901,0.017376305549060184,200,59,58,1.9999999852789814,6.485507964004711e-10,-0.008119902340925134,0.028110126582113135,0.04000000104775239,0.02000000043414333,106.30246732438913,3.0303082253440476,72248991.8075,0.00024831033884289435,0.000489006141566466,0.000416666663464673,0.0011539831438740333,0.5399130907266645,28,252,200,CLARABEL,optimal
2019-06-28,development,assertive,500000000.0,150.0,-0.001502884869402196,-0.003490201340205575,0.757093409018901,0.017376305549060184,200,59,58,1.9999999852789814,6.485507964004711e-10,-0.008119902340925134,0.028110126582113135,0.04000000104775239,0.02000000043414333,106.30246732438913,3.0303082253440476,72248991.8075,0.00024831033884289435,0.000489006141566466,0.001249999990394019,0.001987316470803379,0.5399130907266645,28,252,200,CLARABEL,optimal
2019-06-28,development,assertive,500000000.0,300.0,-0.001502884869402196,-0.004740201330599594,0.757093409018901,0.017376305549060184,200,59,58,1.9999999852789814,6.485507964004711e-10,-0.008119902340925134,0.028110126582113135,0.04000000104775239,0.02000000043414333,106.30246732438913,3.0303082253440476,72248991.8075,0.00024831033884289435,0.000489006141566466,0.002499999980788038,0.0032373164611973985,0.5399130907266645,28,252,200,CLARABEL,optimal
2019-07-31,development,assertive,10000000.0,50.0,0.023080247795816414,0.022406363111171747,0.5649996564828778,-0.021576920247405595,200,62,58,1.9999999800164716,3.854556188120917e-09,-0.008402111615116697,0.020926222368184734,0.03770884785241284,0.020000000425430292,105.53147928505054,2.8403451822900387,69173505.48119,0.0001990588889684735,5.8159133975793604e-05,0.00041666666170039906,0.0006738846846446661,0.015558818177139541,0,252,200,CLARABEL,optimal
2019-07-31,development,assertive,10000000.0,150.0,0.023080247795816414,0.02157302978777095,0.5649996564828778,-0.021576920247405595,200,62,58,1.9999999800164716,3.854556188120917e-09,-0.008402111615116697,0.020926222368184734,0.03770884785241284,0.020000000425430292,105.53147928505054,2.8403451822900387,69173505.48119,0.0001990588889684735,5.8159133975793604e-05,0.0012499999851011971,0.0015072180080454643,0.015558818177139541,0,252,200,CLARABEL,optimal
2019-07-31,development,assertive,10000000.0,300.0,0.023080247795816414,0.020323029802669753,0.5649996564828778,-0.021576920247405595,200,62,58,1.9999999800164716,3.854556188120917e-09,-0.008402111615116697,0.020926222368184734,0.03770884785241284,0.020000000425430292,105.53147928505054,2.8403451822900387,69173505.48119,0.0001990588889684735,5.8159133975793604e-05,0.0024999999702023943,0.0027572179931466614,0.015558818177139541,0,252,200,CLARABEL,optimal
2019-07-31,development,assertive,100000000.0,50.0,0.023080247795816414,0.02228060691504115,0.5649996564828778,-0.021576920247405595,200,62,58,1.9999999800164716,3.854556188120917e-09,-0.008402111615116697,0.020926222368184734,0.03770884785241284,0.020000000425430292,105.53147928505054,2.8403451822900387,69173505.48119,0.0001990588889684735,0.0001839153301063919,0.00041666666170039906,0.0007996408807752645,0.1555881817713954,3,252,200,CLARABEL,optimal
2019-07-31,development,assertive,100000000.0,150.0,0.023080247795816414,0.02144727359164035,0.5649996564828778,-0.021576920247405595,200,62,58,1.9999999800164716,3.854556188120917e-09,-0.008402111615116697,0.020926222368184734,0.03770884785241284,0.020000000425430292,105.53147928505054,2.8403451822900387,69173505.48119,0.0001990588889684735,0.0001839153301063919,0.0012499999851011971,0.0016329742041760625,0.1555881817713954,3,252,200,CLARABEL,optimal
2019-07-31,development,assertive,100000000.0,300.0,0.023080247795816414,0.020197273606539154,0.5649996564828778,-0.021576920247405595,200,62,58,1.9999999800164716,3.854556188120917e-09,-0.008402111615116697,0.020926222368184734,0.03770884785241284,0.020000000425430292,105.53147928505054,2.8403451822900387,69173505.48119,0.0001990588889684735,0.0001839153301063919,0.0024999999702023943,0.0028829741892772596,0.1555881817713954,3,252,200,CLARABEL,optimal
2019-07-31,development,assertive,500000000.0,50.0,0.023080247795816414,0.022053275064925337,0.5649996564828778,-0.021576920247405595,200,62,58,1.9999999800164716,3.854556188120917e-09,-0.008402111615116697,0.020926222368184734,0.03770884785241284,0.020000000425430292,105.53147928505054,2.8403451822900387,69173505.48119,0.0001990588889684735,0.0004112471802222059,0.00041666666170039906,0.0010269727308910785,0.7779409088569771,24,252,200,CLARABEL,optimal
2019-07-31,development,assertive,500000000.0,150.0,0.023080247795816414,0.02121994174152454,0.5649996564828778,-0.021576920247405595,200,62,58,1.9999999800164716,3.854556188120917e-09,-0.008402111615116697,0.020926222368184734,0.03770884785241284,0.020000000425430292,105.53147928505054,2.8403451822900387,69173505.48119,0.0001990588889684735,0.0004112471802222059,0.0012499999851011971,0.0018603060542918765,0.7779409088569771,24,252,200,CLARABEL,optimal
2019-07-31,development,assertive,500000000.0,300.0,0.023080247795816414,0.019969941756423342,0.5649996564828778,-0.021576920247405595,200,62,58,1.9999999800164716,3.854556188120917e-09,-0.008402111615116697,0.020926222368184734,0.03770884785241284,0.020000000425430292,105.53147928505054,2.8403451822900387,69173505.48119,0.0001990588889684735,0.0004112471802222059,0.0024999999702023943,0.0031103060393930736,0.7779409088569771,24,252,200,CLARABEL,optimal
2019-08-30,development,assertive,10000000.0,50.0,-0.02574883825608443,-0.02651843390621046,0.6738908882692114,0.012761095760596046,200,60,57,1.9999999486215942,9.496714525880634e-10,0.017398848344914092,0.013912263963613114,0.040000001472606975,0.02000000030614453,104.96437997163748,2.877981878101218,70674629.3475,0.0002521446460182373,0.00010078434834280567,0.000416666655764984,0.000769595650126027,0.014147971282856235,0,252,200,CLARABEL,optimal
2019-08-30,development,assertive,10000000.0,150.0,-0.02574883825608443,-0.027351767217740425,0.6738908882692114,0.012761095760596046,200,60,57,1.9999999486215942,9.496714525880634e-10,0.017398848344914092,0.013912263963613114,0.040000001472606975,0.02000000030614453,104.96437997163748,2.877981878101218,70674629.3475,0.0002521446460182373,0.00010078434834280567,0.001249999967294952,0.0016029289616559948,0.014147971282856235,0,252,200,CLARABEL,optimal
2019-08-30,development,assertive,10000000.0,300.0,-0.02574883825608443,-0.028601767185035376,0.6738908882692114,0.012761095760596046,200,60,57,1.9999999486215942,9.496714525880634e-10,0.017398848344914092,0.013912263963613114,0.040000001472606975,0.02000000030614453,104.96437997163748,2.877981878101218,70674629.3475,0.0002521446460182373,0.00010078434834280567,0.002499999934589904,0.0028529289289509468,0.014147971282856235,0,252,200,CLARABEL,optimal
2019-08-30,development,assertive,100000000.0,50.0,-0.02574883825608443,-0.026736357651126735,0.6738908882692114,0.012761095760596046,200,60,57,1.9999999486215942,9.496714525880634e-10,0.017398848344914092,0.013912263963613114,0.040000001472606975,0.02000000030614453,104.96437997163748,2.877981878101218,70674629.3475,0.0002521446460182373,0.0003187080932590824,0.000416666655764984,0.0009875193950423036,0.14147971282856237,1,252,200,CLARABEL,optimal
2019-08-30,development,assertive,100000000.0,150.0,-0.02574883825608443,-0.027569690962656702,0.6738908882692114,0.012761095760596046,200,60,57,1.9999999486215942,9.496714525880634e-10,0.017398848344914092,0.013912263963613114,0.040000001472606975,0.02000000030614453,104.96437997163748,2.877981878101218,70674629.3475,0.0002521446460182373,0.0003187080932590824,0.001249999967294952,0.0018208527065722716,0.14147971282856237,1,252,200,CLARABEL,optimal
2019-08-30,development,assertive,100000000.0,300.0,-0.02574883825608443,-0.028819690929951656,0.6738908882692114,0.012761095760596046,200,60,57,1.9999999486215942,9.496714525880634e-10,0.017398848344914092,0.013912263963613114,0.040000001472606975,0.02000000030614453,104.96437997163748,2.877981878101218,70674629.3475,0.0002521446460182373,0.0003187080932590824,0.002499999934589904,0.0030708526738672235,0.14147971282856237,1,252,200,CLARABEL,optimal
2019-08-30,development,assertive,500000000.0,50.0,-0.02574883825608443,-0.027130302519374302,0.6738908882692114,0.012761095760596046,200,60,57,1.9999999486215942,9.496714525880634e-10,0.017398848344914092,0.013912263963613114,0.040000001472606975,0.02000000030614453,104.96437997163748,2.877981878101218,70674629.3475,0.0002521446460182373,0.0007126529615066507,0.000416666655764984,0.001381464263289872,0.7073985641428118,28,252,200,CLARABEL,optimal
2019-08-30,development,assertive,500000000.0,150.0,-0.02574883825608443,-0.02796363583090427,0.6738908882692114,0.012761095760596046,200,60,57,1.9999999486215942,9.496714525880634e-10,0.017398848344914092,0.013912263963613114,0.040000001472606975,0.02000000030614453,104.96437997163748,2.877981878101218,70674629.3475,0.0002521446460182373,0.0007126529615066507,0.001249999967294952,0.00221479757481984,0.7073985641428118,28,252,200,CLARABEL,optimal
2019-08-30,development,assertive,500000000.0,300.0,-0.02574883825608443,-0.029213635798199224,0.6738908882692114,0.012761095760596046,200,60,57,1.9999999486215942,9.496714525880634e-10,0.017398848344914092,0.013912263963613114,0.040000001472606975,0.02000000030614453,104.96437997163748,2.877981878101218,70674629.3475,0.0002521446460182373,0.0007126529615066507,0.002499999934589904,0.003464797542114792,0.7073985641428118,28,252,200,CLARABEL,optimal
2019-09-30,development,assertive,10000000.0,50.0,-0.005785216773585142,-0.006552290763807367,0.6999796046789138,0.04167114799386234,200,63,55,1.9999999916299815,1.4835600803397853e-09,-0.011751357600451734,-0.0352287478747665,0.020000000045328228,0.020000000274562838,105.97320114101792,2.763227218039186,76481311.71715999,0.00027119343419525644,7.921389141313045e-05,0.00041666666461383787,0.0007670739902222248,0.015440882244388814,0,252,200,CLARABEL,optimal
2019-09-30,development,assertive,10000000.0,150.0,-0.005785216773585142,-0.007385624093035043,0.6999796046789138,0.04167114799386234,200,63,55,1.9999999916299815,1.4835600803397853e-09,-0.011751357600451734,-0.0352287478747665,0.020000000045328228,0.020000000274562838,105.97320114101792,2.763227218039186,76481311.71715999,0.00027119343419525644,7.921389141313045e-05,0.0012499999938415135,0.0016004073194499004,0.015440882244388814,0,252,200,CLARABEL,optimal
2019-09-30,development,assertive,10000000.0,300.0,-0.005785216773585142,-0.008635624086876556,0.6999796046789138,0.04167114799386234,200,63,55,1.9999999916299815,1.4835600803397853e-09,-0.011751357600451734,-0.0352287478747665,0.020000000045328228,0.020000000274562838,105.97320114101792,2.763227218039186,76481311.71715999,0.00027119343419525644,7.921389141313045e-05,0.002499999987683027,0.0028504073132914138,0.015440882244388814,0,252,200,CLARABEL,optimal
2019-09-30,development,assertive,100000000.0,50.0,-0.005785216773585142,-0.006723573191584982,0.6999796046789138,0.04167114799386234,200,63,55,1.9999999916299815,1.4835600803397853e-09,-0.011751357600451734,-0.0352287478747665,0.020000000045328228,0.020000000274562838,105.97320114101792,2.763227218039186,76481311.71715999,0.00027119343419525644,0.0002504963191907462,0.00041666666461383787,0.0009383564179998405,0.15440882244388815,3,252,200,CLARABEL,optimal
2019-09-30,development,assertive,100000000.0,150.0,-0.005785216773585142,-0.007556906520812659,0.6999796046789138,0.04167114799386234,200,63,55,1.9999999916299815,1.4835600803397853e-09,-0.011751357600451734,-0.0352287478747665,0.020000000045328228,0.020000000274562838,105.97320114101792,2.763227218039186,76481311.71715999,0.00027119343419525644,0.0002504963191907462,0.0012499999938415135,0.0017716897472275163,0.15440882244388815,3,252,200,CLARABEL,optimal
2019-09-30,development,assertive,100000000.0,300.0,-0.005785216773585142,-0.008806906514654171,0.6999796046789138,0.04167114799386234,200,63,55,1.9999999916299815,1.4835600803397853e-09,-0.011751357600451734,-0.0352287478747665,0.020000000045328228,0.020000000274562838,105.97320114101792,2.763227218039186,76481311.71715999,0.00027119343419525644,0.0002504963191907462,0.002499999987683027,0.0030216897410690296,0.15440882244388815,3,252,200,CLARABEL,optimal
2019-09-30,development,assertive,500000000.0,50.0,-0.005785216773585142,-0.00703320367021823,0.6999796046789138,0.04167114799386234,200,63,55,1.9999999916299815,1.4835600803397853e-09,-0.011751357600451734,-0.0352287478747665,0.020000000045328228,0.020000000274562838,105.97320114101792,2.763227218039186,76481311.71715999,0.00027119343419525644,0.0005601267978239937,0.00041666666461383787,0.001247986896633088,0.7720441122194408,28,252,200,CLARABEL,optimal
2019-09-30,development,assertive,500000000.0,150.0,-0.005785216773585142,-0.007866536999445905,0.6999796046789138,0.04167114799386234,200,63,55,1.9999999916299815,1.4835600803397853e-09,-0.011751357600451734,-0.0352287478747665,0.020000000045328228,0.020000000274562838,105.97320114101792,2.763227218039186,76481311.71715999,0.00027119343419525644,0.0005601267978239937,0.0012499999938415135,0.0020813202258607635,0.7720441122194408,28,252,200,CLARABEL,optimal
2019-09-30,development,assertive,500000000.0,300.0,-0.005785216773585142,-0.009116536993287419,0.6999796046789138,0.04167114799386234,200,63,55,1.9999999916299815,1.4835600803397853e-09,-0.011751357600451734,-0.0352287478747665,0.020000000045328228,0.020000000274562838,105.97320114101792,2.763227218039186,76481311.71715999,0.00027119343419525644,0.0005601267978239937,0.002499999987683027,0.0033313202197022772,0.7720441122194408,28,252,200,CLARABEL,optimal
2019-10-31,development,assertive,10000000.0,50.0,-0.030288044575587425,-0.031153649929617635,0.7782293721654415,0.04632253082974523,200,61,62,1.9999999801694859,-1.7284847650400614e-09,-0.0372389639290025,-0.05000000950222146,0.040000003663314444,0.020000000212975433,107.19934149915629,2.8928961834603015,74530732.445,0.0003425469198842943,0.0001063917712505042,0.0004166666628954106,0.000865605354030209,0.019016152853847505,0,252,200,CLARABEL,optimal
2019-10-31,development,assertive,10000000.0,150.0,-0.030288044575587425,-0.031986983255408455,0.7782293721654415,0.04632253082974523,200,61,62,1.9999999801694859,-1.7284847650400614e-09,-0.0372389639290025,-0.05000000950222146,0.040000003663314444,0.020000000212975433,107.19934149915629,2.8928961834603015,74530732.445,0.0003425469198842943,0.0001063917712505042,0.0012499999886862317,0.0016989386798210303,0.019016152853847505,0,252,200,CLARABEL,optimal
2019-10-31,development,assertive,10000000.0,300.0,-0.030288044575587425,-0.03323698324409469,0.7782293721654415,0.04632253082974523,200,61,62,1.9999999801694859,-1.7284847650400614e-09,-0.0372389639290025,-0.05000000950222146,0.040000003663314444,0.020000000212975433,107.19934149915629,2.8928961834603015,74530732.445,0.0003425469198842943,0.0001063917712505042,0.0024999999773724635,0.002948938668507262,0.019016152853847505,0,252,200,CLARABEL,optimal
2019-10-31,development,assertive,100000000.0,50.0,-0.030288044575587425,-0.031383698479818346,0.7782293721654415,0.04632253082974523,200,61,62,1.9999999801694859,-1.7284847650400614e-09,-0.0372389639290025,-0.05000000950222146,0.040000003663314444,0.020000000212975433,107.19934149915629,2.8928961834603015,74530732.445,0.0003425469198842943,0.0003364403214512139,0.0004166666628954106,0.001095653904230919,0.19016152853847504,2,252,200,CLARABEL,optimal
2019-10-31,development,assertive,100000000.0,150.0,-0.030288044575587425,-0.03221703180560916,0.7782293721654415,0.04632253082974523,200,61,62,1.9999999801694859,-1.7284847650400614e-09,-0.0372389639290025,-0.05000000950222146,0.040000003663314444,0.020000000212975433,107.19934149915629,2.8928961834603015,74530732.445,0.0003425469198842943,0.0003364403214512139,0.0012499999886862317,0.00192898723002174,0.19016152853847504,2,252,200,CLARABEL,optimal
2019-10-31,development,assertive,100000000.0,300.0,-0.030288044575587425,-0.033467031794295395,0.7782293721654415,0.04632253082974523,200,61,62,1.9999999801694859,-1.7284847650400614e-09,-0.0372389639290025,-0.05000000950222146,0.040000003663314444,0.020000000212975433,107.19934149915629,2.8928961834603015,74530732.445,0.0003425469198842943,0.0003364403214512139,0.0024999999773724635,0.0031789872187079717,0.19016152853847504,2,252,200,CLARABEL,optimal
2019-10-31,development,assertive,500000000.0,50.0,-0.030288044575587425,-0.031799561587503924,0.7782293721654415,0.04632253082974523,200,61,62,1.9999999801694859,-1.7284847650400614e-09,-0.0372389639290025,-0.05000000950222146,0.040000003663314444,0.020000000212975433,107.19934149915629,2.8928961834603015,74530732.445,0.0003425469198842943,0.0007523034291367948,0.0004166666628954106,0.0015115170119164997,0.9508076426923754,32,252,200,CLARABEL,optimal
2019-10-31,development,assertive,500000000.0,150.0,-0.030288044575587425,-0.03263289491329475,0.7782293721654415,0.04632253082974523,200,61,62,1.9999999801694859,-1.7284847650400614e-09,-0.0372389639290025,-0.05000000950222146,0.040000003663314444,0.020000000212975433,107.19934149915629,2.8928961834603015,74530732.445,0.0003425469198842943,0.0007523034291367948,0.0012499999886862317,0.0023448503377073208,0.9508076426923754,32,252,200,CLARABEL,optimal
2019-10-31,development,assertive,500000000.0,300.0,-0.030288044575587425,-0.03388289490198098,0.7782293721654415,0.04632253082974523,200,61,62,1.9999999801694859,-1.7284847650400614e-09,-0.0372389639290025,-0.05000000950222146,0.040000003663314444,0.020000000212975433,107.19934149915629,2.8928961834603015,74530732.445,0.0003425469198842943,0.0007523034291367948,0.0024999999773724635,0.0035948503263935525,0.9508076426923754,32,252,200,CLARABEL,optimal
2019-11-29,development,assertive,10000000.0,50.0,-0.015335267555448073,-0.016303496745968427,1.1402093538707274,0.03280523644926747,200,61,66,1.999999937806891,8.536607636056015e-09,-0.013117190189500041,-0.050000003523322845,0.039850057551964364,0.020000000817497837,107.54964934843024,3.0274643253508784,68571434.10248,0.00043668339025562317,0.00011487914833342318,0.00041666665193130907,0.0009682291905203554,0.00891561553529177,0,252,200,CLARABEL,optimal
2019-11-29,development,assertive,10000000.0,150.0,-0.015335267555448073,-0.017136830049831048,1.1402093538707274,0.03280523644926747,200,61,66,1.999999937806891,8.536607636056015e-09,-0.013117190189500041,-0.050000003523322845,0.039850057551964364,0.020000000817497837,107.54964934843024,3.0274643253508784,68571434.10248,0.00043668339025562317,0.00011487914833342318,0.0012499999557939272,0.0018015624943829734,0.00891561553529177,0,252,200,CLARABEL,optimal
2019-11-29,development,assertive,10000000.0,300.0,-0.015335267555448073,-0.018386830005624973,1.1402093538707274,0.03280523644926747,200,61,66,1.999999937806891,8.536607636056015e-09,-0.013117190189500041,-0.050000003523322845,0.039850057551964364,0.020000000817497837,107.54964934843024,3.0274643253508784,68571434.10248,0.00043668339025562317,0.00011487914833342318,0.0024999999115878544,0.003051562450176901,0.00891561553529177,0,252,200,CLARABEL,optimal
2019-11-29,development,assertive,100000000.0,50.0,-0.015335267555448073,-0.01655189736202896,1.1402093538707274,0.03280523644926747,200,61,66,1.999999937806891,8.536607636056015e-09,-0.013117190189500041,-0.050000003523322845,0.039850057551964364,0.020000000817497837,107.54964934843024,3.0274643253508784,68571434.10248,0.00043668339025562317,0.00036327976439395367,0.00041666665193130907,0.001216629806580886,0.0891561553529177,0,252,200,CLARABEL,optimal
2019-11-29,development,assertive,100000000.0,150.0,-0.015335267555448073,-0.017385230665891576,1.1402093538707274,0.03280523644926747,200,61,66,1.999999937806891,8.536607636056015e-09,-0.013117190189500041,-0.050000003523322845,0.039850057551964364,0.020000000817497837,107.54964934843024,3.0274643253508784,68571434.10248,0.00043668339025562317,0.00036327976439395367,0.0012499999557939272,0.0020499631104435043,0.0891561553529177,0,252,200,CLARABEL,optimal
2019-11-29,development,assertive,100000000.0,300.0,-0.015335267555448073,-0.018635230621685504,1.1402093538707274,0.03280523644926747,200,61,66,1.999999937806891,8.536607636056015e-09,-0.013117190189500041,-0.050000003523322845,0.039850057551964364,0.020000000817497837,107.54964934843024,3.0274643253508784,68571434.10248,0.00043668339025562317,0.00036327976439395367,0.0024999999115878544,0.0032999630662374313,0.0891561553529177,0,252,200,CLARABEL,optimal
2019-11-29,development,assertive,500000000.0,50.0,-0.015335267555448073,-0.017000935845669994,1.1402093538707274,0.03280523644926747,200,61,66,1.999999937806891,8.536607636056015e-09,-0.013117190189500041,-0.050000003523322845,0.039850057551964364,0.020000000817497837,107.54964934843024,3.0274643253508784,68571434.10248,0.00043668339025562317,0.0008123182480349882,0.00041666665193130907,0.0016656682902219204,0.44578077676458844,41,252,200,CLARABEL,optimal
2019-11-29,development,assertive,500000000.0,150.0,-0.015335267555448073,-0.017834269149532612,1.1402093538707274,0.03280523644926747,200,61,66,1.999999937806891,8.536607636056015e-09,-0.013117190189500041,-0.050000003523322845,0.039850057551964364,0.020000000817497837,107.54964934843024,3.0274643253508784,68571434.10248,0.00043668339025562317,0.0008123182480349882,0.0012499999557939272,0.0024990015940845383,0.44578077676458844,41,252,200,CLARABEL,optimal
2019-11-29,development,assertive,500000000.0,300.0,-0.015335267555448073,-0.01908426910532654,1.1402093538707274,0.03280523644926747,200,61,66,1.999999937806891,8.536607636056015e-09,-0.013117190189500041,-0.050000003523322845,0.039850057551964364,0.020000000817497837,107.54964934843024,3.0274643253508784,68571434.10248,0.00043668339025562317,0.0008123182480349882,0.0024999999115878544,0.0037490015498784657,0.44578077676458844,41,252,200,CLARABEL,optimal
2019-12-31,development,assertive,10000000.0,50.0,0.004266744908012803,0.0034212586999744195,0.878698329976866,0.017308826761110122,200,58,66,1.9999999779293451,4.780682072436093e-09,-0.022492062555602654,-0.05000000345500921,0.04000000115562544,0.020000000757351467,107.57035293029584,2.912294380795107,57827569.8875,0.00033442102156555414,9.439852540019163e-05,0.0004166666610726381,0.0008454862080383839,0.010034287661670091,0,252,200,CLARABEL,optimal
2019-12-31,development,assertive,10000000.0,150.0,0.004266744908012803,0.002587925377829143,0.878698329976866,0.017308826761110122,200,58,66,1.9999999779293451,4.780682072436093e-09,-0.022492062555602654,-0.05000000345500921,0.04000000115562544,0.020000000757351467,107.57035293029584,2.912294380795107,57827569.8875,0.00033442102156555414,9.439852540019163e-05,0.0012499999832179143,0.0016788195301836602,0.010034287661670091,0,252,200,CLARABEL,optimal
2019-12-31,development,assertive,10000000.0,300.0,0.004266744908012803,0.001337925394611229,0.878698329976866,0.017308826761110122,200,58,66,1.9999999779293451,4.780682072436093e-09,-0.022492062555602654,-0.05000000345500921,0.04000000115562544,0.020000000757351467,107.57035293029584,2.912294380795107,57827569.8875,0.00033442102156555414,9.439852540019163e-05,0.0024999999664358286,0.0029288195134015743,0.010034287661670091,0,252,200,CLARABEL,optimal
2019-12-31,development,assertive,100000000.0,50.0,0.004266744908012803,0.0032171428773487476,0.878698329976866,0.017308826761110122,200,58,66,1.9999999779293451,4.780682072436093e-09,-0.022492062555602654,-0.05000000345500921,0.04000000115562544,0.020000000757351467,107.57035293029584,2.912294380795107,57827569.8875,0.00033442102156555414,0.0002985143480258633,0.0004166666610726381,0.0010496020306640555,0.10034287661670092,1,252,200,CLARABEL,optimal
2019-12-31,development,assertive,100000000.0,150.0,0.004266744908012803,0.0023838095552034715,0.878698329976866,0.017308826761110122,200,58,66,1.9999999779293451,4.780682072436093e-09,-0.022492062555602654,-0.05000000345500921,0.04000000115562544,0.020000000757351467,107.57035293029584,2.912294380795107,57827569.8875,0.00033442102156555414,0.0002985143480258633,0.0012499999832179143,0.0018829353528093317,0.10034287661670092,1,252,200,CLARABEL,optimal
2019-12-31,development,assertive,100000000.0,300.0,0.004266744908012803,0.0011338095719855574,0.878698329976866,0.017308826761110122,200,58,66,1.9999999779293451,4.780682072436093e-09,-0.022492062555602654,-0.05000000345500921,0.04000000115562544,0.020000000757351467,107.57035293029584,2.912294380795107,57827569.8875,0.00033442102156555414,0.0002985143480258633,0.0024999999664358286,0.003132935336027246,0.10034287661670092,1,252,200,CLARABEL,optimal
2019-12-31,development,assertive,500000000.0,50.0,0.004266744908012803,0.00284815885092975,0.878698329976866,0.017308826761110122,200,58,66,1.9999999779293451,4.780682072436093e-09,-0.022492062555602654,-0.05000000345500921,0.04000000115562544,0.020000000757351467,107.57035293029584,2.912294380795107,57827569.8875,0.00033442102156555414,0.0006674983744448606,0.0004166666610726381,0.0014185860570830528,0.5017143830835046,34,252,200,CLARABEL,optimal
2019-12-31,development,assertive,500000000.0,150.0,0.004266744908012803,0.002014825528784474,0.878698329976866,0.017308826761110122,200,58,66,1.9999999779293451,4.780682072436093e-09,-0.022492062555602654,-0.05000000345500921,0.04000000115562544,0.020000000757351467,107.57035293029584,2.912294380795107,57827569.8875,0.00033442102156555414,0.0006674983744448606,0.0012499999832179143,0.002251919379228329,0.5017143830835046,34,252,200,CLARABEL,optimal
2019-12-31,development,assertive,500000000.0,300.0,0.004266744908012803,0.00076482554556656,0.878698329976866,0.017308826761110122,200,58,66,1.9999999779293451,4.780682072436093e-09,-0.022492062555602654,-0.05000000345500921,0.04000000115562544,0.020000000757351467,107.57035293029584,2.912294380795107,57827569.8875,0.00033442102156555414,0.0006674983744448606,0.0024999999664358286,0.003501919362446243,0.5017143830835046,34,252,200,CLARABEL,optimal
2020-01-31,development,assertive,10000000.0,50.0,-0.0037443191249956157,-0.004690719504203465,1.1619999094086775,-0.08286080238456145,200,60,65,1.9999998957680438,-1.0660228200176647e-08,-0.009121232469847973,-0.0500000493907545,0.04000000984114014,0.020000000815186506,107.52223598907813,2.654798875989416,56120649.11749999,0.0004200464899693547,0.00010968724206593806,0.0004166666471725567,0.0009464003792078494,0.014970925136977531,0,252,200,CLARABEL,optimal
2020-01-31,development,assertive,10000000.0,150.0,-0.0037443191249956157,-0.005524052798548579,1.1619999094086775,-0.08286080238456145,200,60,65,1.9999998957680438,-1.0660228200176647e-08,-0.009121232469847973,-0.0500000493907545,0.04000000984114014,0.020000000815186506,107.52223598907813,2.654798875989416,56120649.11749999,0.0004200464899693547,0.00010968724206593806,0.0012499999415176702,0.001779733673552963,0.014970925136977531,0,252,200,CLARABEL,optimal
2020-01-31,development,assertive,10000000.0,300.0,-0.0037443191249956157,-0.006774052740066249,1.1619999094086775,-0.08286080238456145,200,60,65,1.9999998957680438,-1.0660228200176647e-08,-0.009121232469847973,-0.0500000493907545,0.04000000984114014,0.020000000815186506,107.52223598907813,2.654798875989416,56120649.11749999,0.0004200464899693547,0.00010968724206593806,0.0024999998830353403,0.003029733615070633,0.014970925136977531,0,252,200,CLARABEL,optimal
2020-01-31,development,assertive,100000000.0,50.0,-0.0037443191249956157,-0.004927893777328125,1.1619999094086775,-0.08286080238456145,200,60,65,1.9999998957680438,-1.0660228200176647e-08,-0.009121232469847973,-0.0500000493907545,0.04000000984114014,0.020000000815186506,107.52223598907813,2.654798875989416,56120649.11749999,0.0004200464899693547,0.0003468615151905972,0.0004166666471725567,0.0011835746523325085,0.1497092513697753,2,252,200,CLARABEL,optimal
2020-01-31,development,assertive,100000000.0,150.0,-0.0037443191249956157,-0.0057612270716732375,1.1619999094086775,-0.08286080238456145,200,60,65,1.9999998957680438,-1.0660228200176647e-08,-0.009121232469847973,-0.0500000493907545,0.04000000984114014,0.020000000815186506,107.52223598907813,2.654798875989416,56120649.11749999,0.0004200464899693547,0.0003468615151905972,0.0012499999415176702,0.002016907946677622,0.1497092513697753,2,252,200,CLARABEL,optimal
2020-01-31,development,assertive,100000000.0,300.0,-0.0037443191249956157,-0.007011227013190908,1.1619999094086775,-0.08286080238456145,200,60,65,1.9999998957680438,-1.0660228200176647e-08,-0.009121232469847973,-0.0500000493907545,0.04000000984114014,0.020000000815186506,107.52223598907813,2.654798875989416,56120649.11749999,0.0004200464899693547,0.0003468615151905972,0.0024999998830353403,0.003266907888195292,0.1497092513697753,2,252,200,CLARABEL,optimal
2020-01-31,development,assertive,500000000.0,50.0,-0.0037443191249956157,-0.005356638188882278,1.1619999094086775,-0.08286080238456145,200,60,65,1.9999998957680438,-1.0660228200176647e-08,-0.009121232469847973,-0.0500000493907545,0.04000000984114014,0.020000000815186506,107.52223598907813,2.654798875989416,56120649.11749999,0.0004200464899693547,0.0007756059267447514,0.0004166666471725567,0.0016123190638866627,0.7485462568488767,46,252,200,CLARABEL,optimal
2020-01-31,development,assertive,500000000.0,150.0,-0.0037443191249956157,-0.006189971483227392,1.1619999094086775,-0.08286080238456145,200,60,65,1.9999998957680438,-1.0660228200176647e-08,-0.009121232469847973,-0.0500000493907545,0.04000000984114014,0.020000000815186506,107.52223598907813,2.654798875989416,56120649.11749999,0.0004200464899693547,0.0007756059267447514,0.0012499999415176702,0.0024456523582317763,0.7485462568488767,46,252,200,CLARABEL,optimal
2020-01-31,development,assertive,500000000.0,300.0,-0.0037443191249956157,-0.007439971424745062,1.1619999094086775,-0.08286080238456145,200,60,65,1.9999998957680438,-1.0660228200176647e-08,-0.009121232469847973,-0.0500000493907545,0.04000000984114014,0.020000000815186506,107.52223598907813,2.654798875989416,56120649.11749999,0.0004200464899693547,0.0007756059267447514,0.0024999998830353403,0.0036956522997494464,0.7485462568488767,46,252,200,CLARABEL,optimal
2020-02-28,development,assertive,10000000.0,50.0,0.011901503321492736,0.010894066857369343,1.4243917256457166,-0.1304414972950101,200,63,62,1.9999999791030394,3.2856159737360002e-09,-0.0006446275377520183,-0.05000001145869584,0.04000000132537972,0.020000000690372458,107.54028589584749,2.674691324881837,70363419.25999999,0.0004564458537194024,0.00013432394877536114,0.00041666666162862987,0.0010074364641233934,0.027505209962380987,0,252,200,CLARABEL,optimal
2020-02-28,development,assertive,10000000.0,150.0,0.011901503321492736,0.010060733534112083,1.4243917256457166,-0.1304414972950101,200,63,62,1.9999999791030394,3.2856159737360002e-09,-0.0006446275377520183,-0.05000001145869584,0.04000000132537972,0.020000000690372458,107.54028589584749,2.674691324881837,70363419.25999999,0.0004564458537194024,0.00013432394877536114,0.0012499999848858895,0.0018407697873806532,0.027505209962380987,0,252,200,CLARABEL,optimal
2020-02-28,development,assertive,10000000.0,300.0,0.011901503321492736,0.008810733549226193,1.4243917256457166,-0.1304414972950101,200,63,62,1.9999999791030394,3.2856159737360002e-09,-0.0006446275377520183,-0.05000001145869584,0.04000000132537972,0.020000000690372458,107.54028589584749,2.674691324881837,70363419.25999999,0.0004564458537194024,0.00013432394877536114,0.002499999969771779,0.0030907697722665425,0.027505209962380987,0,252,200,CLARABEL,optimal
2020-02-28,development,assertive,100000000.0,50.0,0.011901503321492736,0.010603621183706778,1.4243917256457166,-0.1304414972950101,200,63,62,1.9999999791030394,3.2856159737360002e-09,-0.0006446275377520183,-0.05000001145869584,0.04000000132537972,0.020000000690372458,107.54028589584749,2.674691324881837,70363419.25999999,0.0004564458537194024,0.00042476962243792626,0.00041666666162862987,0.0012978821377859586,0.2750520996238099,1,252,200,CLARABEL,optimal
2020-02-28,development,assertive,100000000.0,150.0,0.011901503321492736,0.009770287860449518,1.4243917256457166,-0.1304414972950101,200,63,62,1.9999999791030394,3.2856159737360002e-09,-0.0006446275377520183,-0.05000001145869584,0.04000000132537972,0.020000000690372458,107.54028589584749,2.674691324881837,70363419.25999999,0.0004564458537194024,0.00042476962243792626,0.0012499999848858895,0.002131215461043218,0.2750520996238099,1,252,200,CLARABEL,optimal
2020-02-28,development,assertive,100000000.0,300.0,0.011901503321492736,0.008520287875563628,1.4243917256457166,-0.1304414972950101,200,63,62,1.9999999791030394,3.2856159737360002e-09,-0.0006446275377520183,-0.05000001145869584,0.04000000132537972,0.020000000690372458,107.54028589584749,2.674691324881837,70363419.25999999,0.0004564458537194024,0.00042476962243792626,0.002499999969771779,0.003381215445929108,0.2750520996238099,1,252,200,CLARABEL,optimal
2020-02-28,development,assertive,500000000.0,50.0,0.011901503321492736,0.010078577055596581,1.4243917256457166,-0.1304414972950101,200,63,62,1.9999999791030394,3.2856159737360002e-09,-0.0006446275377520183,-0.05000001145869584,0.04000000132537972,0.020000000690372458,107.54028589584749,2.674691324881837,70363419.25999999,0.0004564458537194024,0.0009498137505481232,0.00041666666162862987,0.0018229262658961555,1.3752604981190495,51,252,200,CLARABEL,optimal
2020-02-28,development,assertive,500000000.0,150.0,0.011901503321492736,0.009245243732339321,1.4243917256457166,-0.1304414972950101,200,63,62,1.9999999791030394,3.2856159737360002e-09,-0.0006446275377520183,-0.05000001145869584,0.04000000132537972,0.020000000690372458,107.54028589584749,2.674691324881837,70363419.25999999,0.0004564458537194024,0.0009498137505481232,0.0012499999848858895,0.002656259589153415,1.3752604981190495,51,252,200,CLARABEL,optimal
2020-02-28,development,assertive,500000000.0,300.0,0.011901503321492736,0.007995243747453432,1.4243917256457166,-0.1304414972950101,200,63,62,1.9999999791030394,3.2856159737360002e-09,-0.0006446275377520183,-0.05000001145869584,0.04000000132537972,0.020000000690372458,107.54028589584749,2.674691324881837,70363419.25999999,0.0004564458537194024,0.0009498137505481232,0.002499999969771779,0.003906259574039304,1.3752604981190495,51,252,200,CLARABEL,optimal
2020-03-31,development,assertive,10000000.0,50.0,-0.030921228512379287,-0.032268325157760874,1.329273723067351,0.11461077773500537,200,64,61,1.999999953799117,-1.2569912805071581e-08,-2.848452831361037e-05,-0.04999999003954911,0.04000000008049039,0.020000000541297448,109.5295599037128,3.269346373220738,68485677.23933,0.0005816121073929752,0.00034881787832839804,0.00041666665966021463,0.001347096645381588,0.01321510741246479,0,252,200,CLARABEL,optimal
2020-03-31,development,assertive,10000000.0,150.0,-0.030921228512379287,-0.033101658477081304,1.329273723067351,0.11461077773500537,200,64,61,1.999999953799117,-1.2569912805071581e-08,-2.848452831361037e-05,-0.04999999003954911,0.04000000008049039,0.020000000541297448,109.5295599037128,3.269346373220738,68485677.23933,0.0005816121073929752,0.00034881787832839804,0.0012499999789806438,0.0021804299647020173,0.01321510741246479,0,252,200,CLARABEL,optimal
2020-03-31,development,assertive,10000000.0,300.0,-0.030921228512379287,-0.034351658456061945,1.329273723067351,0.11461077773500537,200,64,61,1.999999953799117,-1.2569912805071581e-08,-2.848452831361037e-05,-0.04999999003954911,0.04000000008049039,0.020000000541297448,109.5295599037128,3.269346373220738,68485677.23933,0.0005816121073929752,0.00034881787832839804,0.0024999999579612877,0.003430429943682661,0.01321510741246479,0,252,200,CLARABEL,optimal
2020-03-31,development,assertive,100000000.0,50.0,-0.030921228512379287,-0.0330225662635377,1.329273723067351,0.11461077773500537,200,64,61,1.999999953799117,-1.2569912805071581e-08,-2.848452831361037e-05,-0.04999999003954911,0.04000000008049039,0.020000000541297448,109.5295599037128,3.269346373220738,68485677.23933,0.0005816121073929752,0.001103058984105225,0.00041666665966021463,0.0021013377511584145,0.13215107412464788,3,252,200,CLARABEL,optimal
2020-03-31,development,assertive,100000000.0,150.0,-0.030921228512379287,-0.03385589958285813,1.329273723067351,0.11461077773500537,200,64,61,1.999999953799117,-1.2569912805071581e-08,-2.848452831361037e-05,-0.04999999003954911,0.04000000008049039,0.020000000541297448,109.5295599037128,3.269346373220738,68485677.23933,0.0005816121073929752,0.001103058984105225,0.0012499999789806438,0.002934671070478844,0.13215107412464788,3,252,200,CLARABEL,optimal
2020-03-31,development,assertive,100000000.0,300.0,-0.030921228512379287,-0.03510589956183877,1.329273723067351,0.11461077773500537,200,64,61,1.999999953799117,-1.2569912805071581e-08,-2.848452831361037e-05,-0.04999999003954911,0.04000000008049039,0.020000000541297448,109.5295599037128,3.269346373220738,68485677.23933,0.0005816121073929752,0.001103058984105225,0.0024999999579612877,0.004184671049459488,0.13215107412464788,3,252,200,CLARABEL,optimal
2020-03-31,development,assertive,500000000.0,50.0,-0.030921228512379287,-0.03438602215108362,1.329273723067351,0.11461077773500537,200,64,61,1.999999953799117,-1.2569912805071581e-08,-2.848452831361037e-05,-0.04999999003954911,0.04000000008049039,0.020000000541297448,109.5295599037128,3.269346373220738,68485677.23933,0.0005816121073929752,0.002466514871651143,0.00041666665966021463,0.0034647936387043328,0.6607553706232394,52,252,200,CLARABEL,optimal
2020-03-31,development,assertive,500000000.0,150.0,-0.030921228512379287,-0.03521935547040405,1.329273723067351,0.11461077773500537,200,64,61,1.999999953799117,-1.2569912805071581e-08,-2.848452831361037e-05,-0.04999999003954911,0.04000000008049039,0.020000000541297448,109.5295599037128,3.269346373220738,68485677.23933,0.0005816121073929752,0.002466514871651143,0.0012499999789806438,0.004298126958024762,0.6607553706232394,52,252,200,CLARABEL,optimal
2020-03-31,development,assertive,500000000.0,300.0,-0.030921228512379287,-0.03646935544938469,1.329273723067351,0.11461077773500537,200,64,61,1.999999953799117,-1.2569912805071581e-08,-2.848452831361037e-05,-0.04999999003954911,0.04000000008049039,0.020000000541297448,109.5295599037128,3.269346373220738,68485677.23933,0.0005816121073929752,0.002466514871651143,0.0024999999579612877,0.005548126937005406,0.6607553706232394,52,252,200,CLARABEL,optimal
2020-04-30,development,assertive,10000000.0,50.0,-0.0014641843350270342,-0.002393444077251093,0.7680445744705903,0.052123599515975116,200,63,64,1.999999964196893,-8.248737248806037e-09,-0.02523776406197395,-0.050000004543805376,0.040000000687285944,0.02000000067109185,109.41927698200821,3.3933728290525718,78788671.5675,0.00034246307921577694,0.00017013000208210893,0.00041666666092617295,0.0009292597422240588,0.009705069352047941,0,252,200,CLARABEL,optimal
2020-04-30,development,assertive,10000000.0,150.0,-0.0014641843350270342,-0.0032267773991034388,0.7680445744705903,0.052123599515975116,200,63,64,1.999999964196893,-8.248737248806037e-09,-0.02523776406197395,-0.050000004543805376,0.040000000687285944,0.02000000067109185,109.41927698200821,3.3933728290525718,78788671.5675,0.00034246307921577694,0.00017013000208210893,0.0012499999827785188,0.0017625930640764046,0.009705069352047941,0,252,200,CLARABEL,optimal
2020-04-30,development,assertive,10000000.0,300.0,-0.0014641843350270342,-0.004476777381881958,0.7680445744705903,0.052123599515975116,200,63,64,1.999999964196893,-8.248737248806037e-09,-0.02523776406197395,-0.050000004543805376,0.040000000687285944,0.02000000067109185,109.41927698200821,3.3933728290525718,78788671.5675,0.00034246307921577694,0.00017013000208210893,0.0024999999655570377,0.0030125930468549236,0.009705069352047941,0,252,200,CLARABEL,optimal
2020-04-30,development,assertive,100000000.0,50.0,-0.0014641843350270342,-0.002761312380077637,0.7680445744705903,0.052123599515975116,200,63,64,1.999999964196893,-8.248737248806037e-09,-0.02523776406197395,-0.050000004543805376,0.040000000687285944,0.02000000067109185,109.41927698200821,3.3933728290525718,78788671.5675,0.00034246307921577694,0.0005379983049086528,0.00041666666092617295,0.0012971280450506028,0.09705069352047942,0,252,200,CLARABEL,optimal
2020-04-30,development,assertive,100000000.0,150.0,-0.0014641843350270342,-0.003594645701929983,0.7680445744705903,0.052123599515975116,200,63,64,1.999999964196893,-8.248737248806037e-09,-0.02523776406197395,-0.050000004543805376,0.040000000687285944,0.02000000067109185,109.41927698200821,3.3933728290525718,78788671.5675,0.00034246307921577694,0.0005379983049086528,0.0012499999827785188,0.0021304613669029487,0.09705069352047942,0,252,200,CLARABEL,optimal
2020-04-30,development,assertive,100000000.0,300.0,-0.0014641843350270342,-0.0048446456847085016,0.7680445744705903,0.052123599515975116,200,63,64,1.999999964196893,-8.248737248806037e-09,-0.02523776406197395,-0.050000004543805376,0.040000000687285944,0.02000000067109185,109.41927698200821,3.3933728290525718,78788671.5675,0.00034246307921577694,0.0005379983049086528,0.0024999999655570377,0.0033804613496814673,0.09705069352047942,0,252,200,CLARABEL,optimal
2020-04-30,development,assertive,500000000.0,50.0,-0.0014641843350270342,-0.003426314856724391,0.7680445744705903,0.052123599515975116,200,63,64,1.999999964196893,-8.248737248806037e-09,-0.02523776406197395,-0.050000004543805376,0.040000000687285944,0.02000000067109185,109.41927698200821,3.3933728290525718,78788671.5675,0.00034246307921577694,0.0012030007815554068,0.00041666666092617295,0.0019621305216973566,0.48525346760239707,25,252,200,CLARABEL,optimal
2020-04-30,development,assertive,500000000.0,150.0,-0.0014641843350270342,-0.004259648178576737,0.7680445744705903,0.052123599515975116,200,63,64,1.999999964196893,-8.248737248806037e-09,-0.02523776406197395,-0.050000004543805376,0.040000000687285944,0.02000000067109185,109.41927698200821,3.3933728290525718,78788671.5675,0.00034246307921577694,0.0012030007815554068,0.0012499999827785188,0.002795463843549703,0.48525346760239707,25,252,200,CLARABEL,optimal
2020-04-30,development,assertive,500000000.0,300.0,-0.0014641843350270342,-0.005509648161355256,0.7680445744705903,0.052123599515975116,200,63,64,1.999999964196893,-8.248737248806037e-09,-0.02523776406197395,-0.050000004543805376,0.040000000687285944,0.02000000067109185,109.41927698200821,3.3933728290525718,78788671.5675,0.00034246307921577694,0.0012030007815554068,0.0024999999655570377,0.004045463826328222,0.48525346760239707,25,252,200,CLARABEL,optimal
2020-05-29,development,assertive,10000000.0,50.0,-0.018749871401732243,-0.02031489800505593,1.24008658139469,0.007715370032234912,200,67,67,1.9999999777743938,-4.560487681937175e-09,-0.03629501918745212,-0.050000008606006674,0.040000000148104606,0.020000000646546567,111.83228898663064,5.301013852636895,85564847.2509225,0.0008424940647984421,0.0003058658755388107,0.0004166666629864336,0.0015650266033236863,0.029641141488795115,0,252,200,CLARABEL,optimal
2020-05-29,development,assertive,10000000.0,150.0,-0.018749871401732243,-0.021148231331028798,1.24008658139469,0.007715370032234912,200,67,67,1.9999999777743938,-4.560487681937175e-09,-0.03629501918745212,-0.050000008606006674,0.040000000148104606,0.020000000646546567,111.83228898663064,5.301013852636895,85564847.2509225,0.0008424940647984421,0.0003058658755388107,0.0012499999889593009,0.002398359929296554,0.029641141488795115,0,252,200,CLARABEL,optimal
2020-05-29,development,assertive,10000000.0,300.0,-0.018749871401732243,-0.022398231319988096,1.24008658139469,0.007715370032234912,200,67,67,1.9999999777743938,-4.560487681937175e-09,-0.03629501918745212,-0.050000008606006674,0.040000000148104606,0.020000000646546567,111.83228898663064,5.301013852636895,85564847.2509225,0.0008424940647984421,0.0003058658755388107,0.0024999999779186017,0.0036483599182558545,0.029641141488795115,0,252,200,CLARABEL,optimal
2020-05-29,development,assertive,100000000.0,50.0,-0.018749871401732243,-0.020976264954741343,1.24008658139469,0.007715370032234912,200,67,67,1.9999999777743938,-4.560487681937175e-09,-0.03629501918745212,-0.050000008606006674,0.040000000148104606,0.020000000646546567,111.83228898663064,5.301013852636895,85564847.2509225,0.0008424940647984421,0.0009672328252242231,0.0004166666629864336,0.0022263935530090987,0.29641141488795114,2,252,200,CLARABEL,optimal
2020-05-29,development,assertive,100000000.0,150.0,-0.018749871401732243,-0.02180959828071421,1.24008658139469,0.007715370032234912,200,67,67,1.9999999777743938,-4.560487681937175e-09,-0.03629501918745212,-0.050000008606006674,0.040000000148104606,0.020000000646546567,111.83228898663064,5.301013852636895,85564847.2509225,0.0008424940647984421,0.0009672328252242231,0.0012499999889593009,0.003059726878981966,0.29641141488795114,2,252,200,CLARABEL,optimal
2020-05-29,development,assertive,100000000.0,300.0,-0.018749871401732243,-0.02305959826967351,1.24008658139469,0.007715370032234912,200,67,67,1.9999999777743938,-4.560487681937175e-09,-0.03629501918745212,-0.050000008606006674,0.040000000148104606,0.020000000646546567,111.83228898663064,5.301013852636895,85564847.2509225,0.0008424940647984421,0.0009672328252242231,0.0024999999779186017,0.004309726867941267,0.29641141488795114,2,252,200,CLARABEL,optimal
2020-05-29,development,assertive,500000000.0,50.0,-0.018749871401732243,-0.022171830476787655,1.24008658139469,0.007715370032234912,200,67,67,1.9999999777743938,-4.560487681937175e-09,-0.03629501918745212,-0.050000008606006674,0.040000000148104606,0.020000000646546567,111.83228898663064,5.301013852636895,85564847.2509225,0.0008424940647984421,0.002162798347270536,0.0004166666629864336,0.003421959075055412,1.4820570744397559,40,252,200,CLARABEL,optimal
2020-05-29,development,assertive,500000000.0,150.0,-0.018749871401732243,-0.02300516380276052,1.24008658139469,0.007715370032234912,200,67,67,1.9999999777743938,-4.560487681937175e-09,-0.03629501918745212,-0.050000008606006674,0.040000000148104606,0.020000000646546567,111.83228898663064,5.301013852636895,85564847.2509225,0.0008424940647984421,0.002162798347270536,0.0012499999889593009,0.004255292401028279,1.4820570744397559,40,252,200,CLARABEL,optimal
2020-05-29,development,assertive,500000000.0,300.0,-0.018749871401732243,-0.024255163791719825,1.24008658139469,0.007715370032234912,200,67,67,1.9999999777743938,-4.560487681937175e-09,-0.03629501918745212,-0.050000008606006674,0.040000000148104606,0.020000000646546567,111.83228898663064,5.301013852636895,85564847.2509225,0.0008424940647984421,0.002162798347270536,0.0024999999779186017,0.005505292389987581,1.4820570744397559,40,252,200,CLARABEL,optimal
2020-06-30,development,assertive,10000000.0,50.0,0.030549629926881088,0.029421171863623644,0.9184638087738862,0.049532321742699364,200,69,69,1.9999999443397511,-1.0516659876280698e-08,-0.036507259547727156,-0.04999998773577774,0.040000000563253424,0.020000000537079097,111.90301108141581,4.506245004267316,89020741.705,0.0005523342372913175,0.0001594571687043724,0.0004166666572617524,0.0011284580632574424,0.008511023398567989,0,252,200,CLARABEL,optimal
2020-06-30,development,assertive,10000000.0,150.0,0.030549629926881088,0.02858783854910014,0.9184638087738862,0.049532321742699364,200,69,69,1.9999999443397511,-1.0516659876280698e-08,-0.036507259547727156,-0.04999998773577774,0.040000000563253424,0.020000000537079097,111.90301108141581,4.506245004267316,89020741.705,0.0005523342372913175,0.0001594571687043724,0.001249999971785257,0.0019617913777809468,0.008511023398567989,0,252,200,CLARABEL,optimal
2020-06-30,development,assertive,10000000.0,300.0,0.030549629926881088,0.027337838577314883,0.9184638087738862,0.049532321742699364,200,69,69,1.9999999443397511,-1.0516659876280698e-08,-0.036507259547727156,-0.04999998773577774,0.040000000563253424,0.020000000537079097,111.90301108141581,4.506245004267316,89020741.705,0.0005523342372913175,0.0001594571687043724,0.002499999943570514,0.003211791349566204,0.008511023398567989,0,252,200,CLARABEL,optimal
2020-06-30,development,assertive,100000000.0,50.0,0.030549629926881088,0.02907638118998048,0.9184638087738862,0.049532321742699364,200,69,69,1.9999999443397511,-1.0516659876280698e-08,-0.036507259547727156,-0.04999998773577774,0.040000000563253424,0.020000000537079097,111.90301108141581,4.506245004267316,89020741.705,0.0005523342372913175,0.0005042478423475373,0.0004166666572617524,0.0014732487369006073,0.08511023398567989,0,252,200,CLARABEL,optimal
2020-06-30,development,assertive,100000000.0,150.0,0.030549629926881088,0.028243047875456975,0.9184638087738862,0.049532321742699364,200,69,69,1.9999999443397511,-1.0516659876280698e-08,-0.036507259547727156,-0.04999998773577774,0.040000000563253424,0.020000000537079097,111.90301108141581,4.506245004267316,89020741.705,0.0005523342372913175,0.0005042478423475373,0.001249999971785257,0.002306582051424112,0.08511023398567989,0,252,200,CLARABEL,optimal
2020-06-30,development,assertive,100000000.0,300.0,0.030549629926881088,0.02699304790367172,0.9184638087738862,0.049532321742699364,200,69,69,1.9999999443397511,-1.0516659876280698e-08,-0.036507259547727156,-0.04999998773577774,0.040000000563253424,0.020000000537079097,111.90301108141581,4.506245004267316,89020741.705,0.0005523342372913175,0.0005042478423475373,0.002499999943570514,0.003556582023209369,0.08511023398567989,0,252,200,CLARABEL,optimal
2020-06-30,development,assertive,500000000.0,50.0,0.030549629926881088,0.028453096579331327,0.9184638087738862,0.049532321742699364,200,69,69,1.9999999443397511,-1.0516659876280698e-08,-0.036507259547727156,-0.04999998773577774,0.040000000563253424,0.020000000537079097,111.90301108141581,4.506245004267316,89020741.705,0.0005523342372913175,0.0011275324529966906,0.0004166666572617524,0.0020965333475497605,0.4255511699283994,29,252,200,CLARABEL,optimal
2020-06-30,development,assertive,500000000.0,150.0,0.030549629926881088,0.027619763264807824,0.9184638087738862,0.049532321742699364,200,69,69,1.9999999443397511,-1.0516659876280698e-08,-0.036507259547727156,-0.04999998773577774,0.040000000563253424,0.020000000537079097,111.90301108141581,4.506245004267316,89020741.705,0.0005523342372913175,0.0011275324529966906,0.001249999971785257,0.002929866662073265,0.4255511699283994,29,252,200,CLARABEL,optimal
2020-06-30,development,assertive,500000000.0,300.0,0.030549629926881088,0.026369763293022565,0.9184638087738862,0.049532321742699364,200,69,69,1.9999999443397511,-1.0516659876280698e-08,-0.036507259547727156,-0.04999998773577774,0.040000000563253424,0.020000000537079097,111.90301108141581,4.506245004267316,89020741.705,0.0005523342372913175,0.0011275324529966906,0.002499999943570514,0.004179866633858522,0.4255511699283994,29,252,200,CLARABEL,optimal
2020-07-31,development,assertive,10000000.0,50.0,0.008481752971857204,0.007526513597390504,0.8266199419932185,0.07123006148722932,200,69,63,1.999999975268173,-1.0253786708602775e-09,-0.018704302326879946,-0.048679651334846835,0.04000000186723734,0.02000000046952241,109.01434904182229,4.440554477288306,80205637.275,0.000412257047031857,0.0001263156657070207,0.00041666666172782336,0.000955239374466701,0.010840365248370043,0,252,200,CLARABEL,optimal
2020-07-31,development,assertive,10000000.0,150.0,0.008481752971857204,0.0066931802739348565,0.8266199419932185,0.07123006148722932,200,69,63,1.999999975268173,-1.0253786708602775e-09,-0.018704302326879946,-0.048679651334846835,0.04000000186723734,0.02000000046952241,109.01434904182229,4.440554477288306,80205637.275,0.000412257047031857,0.0001263156657070207,0.00124999998518347,0.0017885726979223477,0.010840365248370043,0,252,200,CLARABEL,optimal
2020-07-31,development,assertive,10000000.0,300.0,0.008481752971857204,0.005443180288751386,0.8266199419932185,0.07123006148722932,200,69,63,1.999999975268173,-1.0253786708602775e-09,-0.018704302326879946,-0.048679651334846835,0.04000000186723734,0.02000000046952241,109.01434904182229,4.440554477288306,80205637.275,0.000412257047031857,0.0001263156657070207,0.00249999997036694,0.003038572683105818,0.010840365248370043,0,252,200,CLARABEL,optimal
2020-07-31,development,assertive,100000000.0,50.0,0.008481752971857204,0.007253384055302916,0.8266199419932185,0.07123006148722932,200,69,63,1.999999975268173,-1.0253786708602775e-09,-0.018704302326879946,-0.048679651334846835,0.04000000186723734,0.02000000046952241,109.01434904182229,4.440554477288306,80205637.275,0.000412257047031857,0.0003994452077946086,0.00041666666172782336,0.001228368916554289,0.10840365248370043,1,252,200,CLARABEL,optimal
2020-07-31,development,assertive,100000000.0,150.0,0.008481752971857204,0.006420050731847269,0.8266199419932185,0.07123006148722932,200,69,63,1.999999975268173,-1.0253786708602775e-09,-0.018704302326879946,-0.048679651334846835,0.04000000186723734,0.02000000046952241,109.01434904182229,4.440554477288306,80205637.275,0.000412257047031857,0.0003994452077946086,0.00124999998518347,0.002061702240009936,0.10840365248370043,1,252,200,CLARABEL,optimal
2020-07-31,development,assertive,100000000.0,300.0,0.008481752971857204,0.005170050746663799,0.8266199419932185,0.07123006148722932,200,69,63,1.999999975268173,-1.0253786708602775e-09,-0.018704302326879946,-0.048679651334846835,0.04000000186723734,0.02000000046952241,109.01434904182229,4.440554477288306,80205637.275,0.000412257047031857,0.0003994452077946086,0.00249999997036694,0.0033117022251934057,0.10840365248370043,1,252,200,CLARABEL,optimal
2020-07-31,development,assertive,500000000.0,50.0,0.008481752971857204,0.00675964262518225,0.8266199419932185,0.07123006148722932,200,69,63,1.999999975268173,-1.0253786708602775e-09,-0.018704302326879946,-0.048679651334846835,0.04000000186723734,0.02000000046952241,109.01434904182229,4.440554477288306,80205637.275,0.000412257047031857,0.0008931866379152736,0.00041666666172782336,0.001722110346674954,0.542018262418502,32,252,200,CLARABEL,optimal
2020-07-31,development,assertive,500000000.0,150.0,0.008481752971857204,0.005926309301726604,0.8266199419932185,0.07123006148722932,200,69,63,1.999999975268173,-1.0253786708602775e-09,-0.018704302326879946,-0.048679651334846835,0.04000000186723734,0.02000000046952241,109.01434904182229,4.440554477288306,80205637.275,0.000412257047031857,0.0008931866379152736,0.00124999998518347,0.0025554436701306004,0.542018262418502,32,252,200,CLARABEL,optimal
2020-07-31,development,assertive,500000000.0,300.0,0.008481752971857204,0.004676309316543134,0.8266199419932185,0.07123006148722932,200,69,63,1.999999975268173,-1.0253786708602775e-09,-0.018704302326879946,-0.048679651334846835,0.04000000186723734,0.02000000046952241,109.01434904182229,4.440554477288306,80205637.275,0.000412257047031857,0.0008931866379152736,0.00249999997036694,0.0038054436553140707,0.542018262418502,32,252,200,CLARABEL,optimal
2020-08-31,development,assertive,10000000.0,50.0,-0.04062759205682265,-0.04154675965249921,0.7029797976767891,-0.03071948523794691,200,71,61,1.9999999904824428,-1.6834944549515285e-10,-0.021342798610424957,-0.049999997739960195,0.03999999941284722,0.020000000435206895,110.29527766448443,4.12204708328114,77051260.245,0.00039307147549374224,0.00010942945546390257,0.0004166666647189151,0.00091916759567656,0.019821082560393402,0,252,200,CLARABEL,optimal
2020-08-31,development,assertive,10000000.0,150.0,-0.04062759205682265,-0.04238009298193704,0.7029797976767891,-0.03071948523794691,200,71,61,1.9999999904824428,-1.6834944549515285e-10,-0.021342798610424957,-0.049999997739960195,0.03999999941284722,0.020000000435206895,110.29527766448443,4.12204708328114,77051260.245,0.00039307147549374224,0.00010942945546390257,0.0012499999941567453,0.0017525009251143902,0.019821082560393402,0,252,200,CLARABEL,optimal
2020-08-31,development,assertive,10000000.0,300.0,-0.04062759205682265,-0.043630092976093784,0.7029797976767891,-0.03071948523794691,200,71,61,1.9999999904824428,-1.6834944549515285e-10,-0.021342798610424957,-0.049999997739960195,0.03999999941284722,0.020000000435206895,110.29527766448443,4.12204708328114,77051260.245,0.00039307147549374224,0.00010942945546390257,0.0024999999883134907,0.0030025009192711357,0.019821082560393402,0,252,200,CLARABEL,optimal
2020-08-31,development,assertive,100000000.0,50.0,-0.04062759205682265,-0.0417833765194132,0.7029797976767891,-0.03071948523794691,200,71,61,1.9999999904824428,-1.6834944549515285e-10,-0.021342798610424957,-0.049999997739960195,0.03999999941284722,0.020000000435206895,110.29527766448443,4.12204708328114,77051260.245,0.00039307147549374224,0.0003460463223778897,0.0004166666647189151,0.001155784462590547,0.19821082560393405,1,252,200,CLARABEL,optimal
2020-08-31,development,assertive,100000000.0,150.0,-0.04062759205682265,-0.04261670984885103,0.7029797976767891,-0.03071948523794691,200,71,61,1.9999999904824428,-1.6834944549515285e-10,-0.021342798610424957,-0.049999997739960195,0.03999999941284722,0.020000000435206895,110.29527766448443,4.12204708328114,77051260.245,0.00039307147549374224,0.0003460463223778897,0.0012499999941567453,0.0019891177920283772,0.19821082560393405,1,252,200,CLARABEL,optimal
2020-08-31,development,assertive,100000000.0,300.0,-0.04062759205682265,-0.04386670984300777,0.7029797976767891,-0.03071948523794691,200,71,61,1.9999999904824428,-1.6834944549515285e-10,-0.021342798610424957,-0.049999997739960195,0.03999999941284722,0.020000000435206895,110.29527766448443,4.12204708328114,77051260.245,0.00039307147549374224,0.0003460463223778897,0.0024999999883134907,0.0032391177861851228,0.19821082560393405,1,252,200,CLARABEL,optimal
2020-08-31,development,assertive,500000000.0,50.0,-0.04062759205682265,-0.04221111329723607,0.7029797976767891,-0.03071948523794691,200,71,61,1.9999999904824428,-1.6834944549515285e-10,-0.021342798610424957,-0.049999997739960195,0.03999999941284722,0.020000000435206895,110.29527766448443,4.12204708328114,77051260.245,0.00039307147549374224,0.0007737831002007679,0.0004166666647189151,0.0015835212404134253,0.9910541280196702,29,252,200,CLARABEL,optimal
2020-08-31,development,assertive,500000000.0,150.0,-0.04062759205682265,-0.0430444466266739,0.7029797976767891,-0.03071948523794691,200,71,61,1.9999999904824428,-1.6834944549515285e-10,-0.021342798610424957,-0.049999997739960195,0.03999999941284722,0.020000000435206895,110.29527766448443,4.12204708328114,77051260.245,0.00039307147549374224,0.0007737831002007679,0.0012499999941567453,0.0024168545698512556,0.9910541280196702,29,252,200,CLARABEL,optimal
2020-08-31,development,assertive,500000000.0,300.0,-0.04062759205682265,-0.04429444662083065,0.7029797976767891,-0.03071948523794691,200,71,61,1.9999999904824428,-1.6834944549515285e-10,-0.021342798610424957,-0.049999997739960195,0.03999999941284722,0.020000000435206895,110.29527766448443,4.12204708328114,77051260.245,0.00039307147549374224,0.0007737831002007679,0.0024999999883134907,0.0036668545640080007,0.9910541280196702,29,252,200,CLARABEL,optimal
2020-09-30,development,assertive,10000000.0,50.0,-0.02421087295295045,-0.02511651639095951,0.7425713918684762,-0.034961089616995705,200,67,62,1.9999999676111582,1.4016352689605327e-08,-0.016388920968472054,-0.04999997854880811,0.040000002801023844,0.02000000061634013,110.9759786320164,4.110348138324166,77915422.72500001,0.0003881083886020986,0.00010086839240804563,0.0004166666569989179,0.0009056434380090622,0.038808174876575084,0,252,200,CLARABEL,optimal
2020-09-30,development,assertive,10000000.0,150.0,-0.02421087295295045,-0.025949849704957346,0.7425713918684762,-0.034961089616995705,200,67,62,1.9999999676111582,1.4016352689605327e-08,-0.016388920968472054,-0.04999997854880811,0.040000002801023844,0.02000000061634013,110.9759786320164,4.110348138324166,77915422.72500001,0.0003881083886020986,0.00010086839240804563,0.0012499999709967536,0.0017389767520068979,0.038808174876575084,0,252,200,CLARABEL,optimal
2020-09-30,development,assertive,10000000.0,300.0,-0.02421087295295045,-0.0271998496759541,0.7425713918684762,-0.034961089616995705,200,67,62,1.9999999676111582,1.4016352689605327e-08,-0.016388920968472054,-0.04999997854880811,0.040000002801023844,0.02000000061634013,110.9759786320164,4.110348138324166,77915422.72500001,0.0003881083886020986,0.00010086839240804563,0.002499999941993507,0.0029889767230036517,0.038808174876575084,0,252,200,CLARABEL,optimal
2020-09-30,development,assertive,100000000.0,50.0,-0.02421087295295045,-0.025334621862480526,0.7425713918684762,-0.034961089616995705,200,67,62,1.9999999676111582,1.4016352689605327e-08,-0.016388920968472054,-0.04999997854880811,0.040000002801023844,0.02000000061634013,110.9759786320164,4.110348138324166,77915422.72500001,0.0003881083886020986,0.0003189738639290604,0.0004166666569989179,0.0011237489095300768,0.38808174876575086,1,252,200,CLARABEL,optimal
2020-09-30,development,assertive,100000000.0,150.0,-0.02421087295295045,-0.026167955176478363,0.7425713918684762,-0.034961089616995705,200,67,62,1.9999999676111582,1.4016352689605327e-08,-0.016388920968472054,-0.04999997854880811,0.040000002801023844,0.02000000061634013,110.9759786320164,4.110348138324166,77915422.72500001,0.0003881083886020986,0.0003189738639290604,0.0012499999709967536,0.0019570822235279125,0.38808174876575086,1,252,200,CLARABEL,optimal
2020-09-30,development,assertive,100000000.0,300.0,-0.02421087295295045,-0.027417955147475116,0.7425713918684762,-0.034961089616995705,200,67,62,1.9999999676111582,1.4016352689605327e-08,-0.016388920968472054,-0.04999997854880811,0.040000002801023844,0.02000000061634013,110.9759786320164,4.110348138324166,77915422.72500001,0.0003881083886020986,0.0003189738639290604,0.002499999941993507,0.0032070821945246663,0.38808174876575086,1,252,200,CLARABEL,optimal
2020-09-30,development,assertive,500000000.0,50.0,-0.02421087295295045,-0.025728895241342614,0.7425713918684762,-0.034961089616995705,200,67,62,1.9999999676111582,1.4016352689605327e-08,-0.016388920968472054,-0.04999997854880811,0.040000002801023844,0.02000000061634013,110.9759786320164,4.110348138324166,77915422.72500001,0.0003881083886020986,0.0007132472427911473,0.0004166666569989179,0.0015180222883921638,1.9404087438287543,24,252,200,CLARABEL,optimal
2020-09-30,development,assertive,500000000.0,150.0,-0.02421087295295045,-0.026562228555340447,0.7425713918684762,-0.034961089616995705,200,67,62,1.9999999676111582,1.4016352689605327e-08,-0.016388920968472054,-0.04999997854880811,0.040000002801023844,0.02000000061634013,110.9759786320164,4.110348138324166,77915422.72500001,0.0003881083886020986,0.0007132472427911473,0.0012499999709967536,0.0023513556023899993,1.9404087438287543,24,252,200,CLARABEL,optimal
2020-09-30,development,assertive,500000000.0,300.0,-0.02421087295295045,-0.0278122285263372,0.7425713918684762,-0.034961089616995705,200,67,62,1.9999999676111582,1.4016352689605327e-08,-0.016388920968472054,-0.04999997854880811,0.040000002801023844,0.02000000061634013,110.9759786320164,4.110348138324166,77915422.72500001,0.0003881083886020986,0.0007132472427911473,0.002499999941993507,0.003601355573386753,1.9404087438287543,24,252,200,CLARABEL,optimal
2020-10-30,development,assertive,10000000.0,50.0,-0.020238024897369075,-0.021051583875655748,0.5501904907293053,0.13967929264598294,200,63,59,1.9999999767284111,-8.188140582232606e-09,-0.026636133554343383,-0.05000000226313456,0.04000000136610135,0.020000000532985465,109.24595639106907,3.686047775893655,62126076.79,0.0003183718834919338,7.852043127045563e-05,0.0004166666635242817,0.0008135589782866711,0.009982944035697503,0,252,200,CLARABEL,optimal
2020-10-30,development,assertive,10000000.0,150.0,-0.020238024897369075,-0.02188491720270431,0.5501904907293053,0.13967929264598294,200,63,59,1.9999999767284111,-8.188140582232606e-09,-0.026636133554343383,-0.05000000226313456,0.04000000136610135,0.020000000532985465,109.24595639106907,3.686047775893655,62126076.79,0.0003183718834919338,7.852043127045563e-05,0.001249999990572845,0.0016468923053352346,0.009982944035697503,0,252,200,CLARABEL,optimal
2020-10-30,development,assertive,10000000.0,300.0,-0.020238024897369075,-0.023134917193277156,0.5501904907293053,0.13967929264598294,200,63,59,1.9999999767284111,-8.188140582232606e-09,-0.026636133554343383,-0.05000000226313456,0.04000000136610135,0.020000000532985465,109.24595639106907,3.686047775893655,62126076.79,0.0003183718834919338,7.852043127045563e-05,0.00249999998114569,0.0028968922959080796,0.009982944035697503,0,252,200,CLARABEL,optimal
2020-10-30,development,assertive,100000000.0,50.0,-0.020238024897369075,-0.02122136685005864,0.5501904907293053,0.13967929264598294,200,63,59,1.9999999767284111,-8.188140582232606e-09,-0.026636133554343383,-0.05000000226313456,0.04000000136610135,0.020000000532985465,109.24595639106907,3.686047775893655,62126076.79,0.0003183718834919338,0.00024830340567334844,0.0004166666635242817,0.000983341952689564,0.09982944035697504,0,252,200,CLARABEL,optimal
2020-10-30,development,assertive,100000000.0,150.0,-0.020238024897369075,-0.022054700177107204,0.5501904907293053,0.13967929264598294,200,63,59,1.9999999767284111,-8.188140582232606e-09,-0.026636133554343383,-0.05000000226313456,0.04000000136610135,0.020000000532985465,109.24595639106907,3.686047775893655,62126076.79,0.0003183718834919338,0.00024830340567334844,0.001249999990572845,0.0018166752797381272,0.09982944035697504,0,252,200,CLARABEL,optimal
2020-10-30,development,assertive,100000000.0,300.0,-0.020238024897369075,-0.023304700167680048,0.5501904907293053,0.13967929264598294,200,63,59,1.9999999767284111,-8.188140582232606e-09,-0.026636133554343383,-0.05000000226313456,0.04000000136610135,0.020000000532985465,109.24595639106907,3.686047775893655,62126076.79,0.0003183718834919338,0.00024830340567334844,0.00249999998114569,0.003066675270310972,0.09982944035697504,0,252,200,CLARABEL,optimal
2020-10-30,development,assertive,500000000.0,50.0,-0.020238024897369075,-0.021528286738515603,0.5501904907293053,0.13967929264598294,200,63,59,1.9999999767284111,-8.188140582232606e-09,-0.026636133554343383,-0.05000000226313456,0.04000000136610135,0.020000000532985465,109.24595639106907,3.686047775893655,62126076.79,0.0003183718834919338,0.000555223294130314,0.0004166666635242817,0.0012902618411465296,0.4991472017848752,25,252,200,CLARABEL,optimal
2020-10-30,development,assertive,500000000.0,150.0,-0.020238024897369075,-0.022361620065564167,0.5501904907293053,0.13967929264598294,200,63,59,1.9999999767284111,-8.188140582232606e-09,-0.026636133554343383,-0.05000000226313456,0.04000000136610135,0.020000000532985465,109.24595639106907,3.686047775893655,62126076.79,0.0003183718834919338,0.000555223294130314,0.001249999990572845,0.002123595168195093,0.4991472017848752,25,252,200,CLARABEL,optimal
2020-10-30,development,assertive,500000000.0,300.0,-0.020238024897369075,-0.02361162005613701,0.5501904907293053,0.13967929264598294,200,63,59,1.9999999767284111,-8.188140582232606e-09,-0.026636133554343383,-0.05000000226313456,0.04000000136610135,0.020000000532985465,109.24595639106907,3.686047775893655,62126076.79,0.0003183718834919338,0.000555223294130314,0.00249999998114569,0.003373595158767938,0.4991472017848752,25,252,200,CLARABEL,optimal
2020-11-30,development,assertive,10000000.0,50.0,0.020584032364235016,0.019635369401147833,0.7890829578416804,0.053962455090481726,200,67,64,1.9999999624777656,1.0145721485166348e-09,-0.030332570289938993,-0.0499999511194132,0.04000000137865226,0.020000000800140427,110.09641372515141,4.622384257516432,67489530.675,0.000430914861817475,0.00010108144263154344,0.0004166666586381653,0.0009486629630871836,0.008962051282890725,0,252,200,CLARABEL,optimal
2020-11-30,development,assertive,10000000.0,150.0,0.020584032364235016,0.0188020360838715,0.7890829578416804,0.053962455090481726,200,67,64,1.9999999624777656,1.0145721485166348e-09,-0.030332570289938993,-0.0499999511194132,0.04000000137865226,0.020000000800140427,110.09641372515141,4.622384257516432,67489530.675,0.000430914861817475,0.00010108144263154344,0.001249999975914496,0.0017819962803635144,0.008962051282890725,0,252,200,CLARABEL,optimal
2020-11-30,development,assertive,10000000.0,300.0,0.020584032364235016,0.017552036107957004,0.7890829578416804,0.053962455090481726,200,67,64,1.9999999624777656,1.0145721485166348e-09,-0.030332570289938993,-0.0499999511194132,0.04000000137865226,0.020000000800140427,110.09641372515141,4.622384257516432,67489530.675,0.000430914861817475,0.00010108144263154344,0.002499999951828992,0.0030319962562780104,0.008962051282890725,0,252,200,CLARABEL,optimal
2020-11-30,development,assertive,100000000.0,50.0,0.020584032364235016,0.019416803255888054,0.7890829578416804,0.053962455090481726,200,67,64,1.9999999624777656,1.0145721485166348e-09,-0.030332570289938993,-0.0499999511194132,0.04000000137865226,0.020000000800140427,110.09641372515141,4.622384257516432,67489530.675,0.000430914861817475,0.0003196475878913215,0.0004166666586381653,0.0011672291083469617,0.08962051282890725,0,252,200,CLARABEL,optimal
2020-11-30,development,assertive,100000000.0,150.0,0.020584032364235016,0.01858346993861172,0.7890829578416804,0.053962455090481726,200,67,64,1.9999999624777656,1.0145721485166348e-09,-0.030332570289938993,-0.0499999511194132,0.04000000137865226,0.020000000800140427,110.09641372515141,4.622384257516432,67489530.675,0.000430914861817475,0.0003196475878913215,0.001249999975914496,0.0020005624256232927,0.08962051282890725,0,252,200,CLARABEL,optimal
2020-11-30,development,assertive,100000000.0,300.0,0.020584032364235016,0.017333469962697228,0.7890829578416804,0.053962455090481726,200,67,64,1.9999999624777656,1.0145721485166348e-09,-0.030332570289938993,-0.0499999511194132,0.04000000137865226,0.020000000800140427,110.09641372515141,4.622384257516432,67489530.675,0.000430914861817475,0.0003196475878913215,0.002499999951828992,0.0032505624015377885,0.08962051282890725,0,252,200,CLARABEL,optimal
2020-11-30,development,assertive,500000000.0,50.0,0.020584032364235016,0.01902169710841054,0.7890829578416804,0.053962455090481726,200,67,64,1.9999999624777656,1.0145721485166348e-09,-0.030332570289938993,-0.0499999511194132,0.04000000137865226,0.020000000800140427,110.09641372515141,4.622384257516432,67489530.675,0.000430914861817475,0.0007147537353688335,0.0004166666586381653,0.0015623352558244738,0.44810256414453625,27,252,200,CLARABEL,optimal
2020-11-30,development,assertive,500000000.0,150.0,0.020584032364235016,0.018188363791134213,0.7890829578416804,0.053962455090481726,200,67,64,1.9999999624777656,1.0145721485166348e-09,-0.030332570289938993,-0.0499999511194132,0.04000000137865226,0.020000000800140427,110.09641372515141,4.622384257516432,67489530.675,0.000430914861817475,0.0007147537353688335,0.001249999975914496,0.0023956685731008048,0.44810256414453625,27,252,200,CLARABEL,optimal
2020-11-30,development,assertive,500000000.0,300.0,0.020584032364235016,0.016938363815219716,0.7890829578416804,0.053962455090481726,200,67,64,1.9999999624777656,1.0145721485166348e-09,-0.030332570289938993,-0.0499999511194132,0.04000000137865226,0.020000000800140427,110.09641372515141,4.622384257516432,67489530.675,0.000430914861817475,0.0007147537353688335,0.002499999951828992,0.0036456685490153006,0.44810256414453625,27,252,200,CLARABEL,optimal
2020-12-31,development,assertive,10000000.0,50.0,0.027503720257195968,0.026274182897963103,1.0177886977401287,-0.015979987679400863,200,67,61,1.9999999681203091,6.380489886437246e-09,-0.01593315735526807,-0.042522968723472276,0.04000000941350193,0.02000000081622521,110.05795465344679,4.996477766916711,68377712.525,0.0006446129333219584,0.00016825776721511126,0.0004166666586957956,0.0012295373592328652,0.013008384606763377,0,252,200,CLARABEL,optimal
2020-12-31,development,assertive,10000000.0,150.0,0.027503720257195968,0.025440849580571512,1.0177886977401287,-0.015979987679400863,200,67,61,1.9999999681203091,6.380489886437246e-09,-0.01593315735526807,-0.042522968723472276,0.04000000941350193,0.02000000081622521,110.05795465344679,4.996477766916711,68377712.525,0.0006446129333219584,0.00016825776721511126,0.001249999976087387,0.0020628706766244566,0.013008384606763377,0,252,200,CLARABEL,optimal
2020-12-31,development,assertive,10000000.0,300.0,0.027503720257195968,0.024190849604484123,1.0177886977401287,-0.015979987679400863,200,67,61,1.9999999681203091,6.380489886437246e-09,-0.01593315735526807,-0.042522968723472276,0.04000000941350193,0.02000000081622521,110.05795465344679,4.996477766916711,68377712.525,0.0006446129333219584,0.00016825776721511126,0.002499999952174774,0.0033128706527118437,0.013008384606763377,0,252,200,CLARABEL,optimal
2020-12-31,development,assertive,100000000.0,50.0,0.027503720257195968,0.025910362886764057,1.0177886977401287,-0.015979987679400863,200,67,61,1.9999999681203091,6.380489886437246e-09,-0.01593315735526807,-0.042522968723472276,0.04000000941350193,0.02000000081622521,110.05795465344679,4.996477766916711,68377712.525,0.0006446129333219584,0.0005320777784141578,0.0004166666586957956,0.0015933573704319118,0.13008384606763376,4,252,200,CLARABEL,optimal
2020-12-31,development,assertive,100000000.0,150.0,0.027503720257195968,0.025077029569372467,1.0177886977401287,-0.015979987679400863,200,67,61,1.9999999681203091,6.380489886437246e-09,-0.01593315735526807,-0.042522968723472276,0.04000000941350193,0.02000000081622521,110.05795465344679,4.996477766916711,68377712.525,0.0006446129333219584,0.0005320777784141578,0.001249999976087387,0.0024266906878235035,0.13008384606763376,4,252,200,CLARABEL,optimal
2020-12-31,development,assertive,100000000.0,300.0,0.027503720257195968,0.023827029593285077,1.0177886977401287,-0.015979987679400863,200,67,61,1.9999999681203091,6.380489886437246e-09,-0.01593315735526807,-0.042522968723472276,0.04000000941350193,0.02000000081622521,110.05795465344679,4.996477766916711,68377712.525,0.0006446129333219584,0.0005320777784141578,0.002499999952174774,0.0036766906639108905,0.13008384606763376,4,252,200,CLARABEL,optimal
2020-12-31,development,assertive,500000000.0,50.0,0.027503720257195968,0.02525267858332709,1.0177886977401287,-0.015979987679400863,200,67,61,1.9999999681203091,6.380489886437246e-09,-0.01593315735526807,-0.042522968723472276,0.04000000941350193,0.02000000081622521,110.05795465344679,4.996477766916711,68377712.525,0.0006446129333219584,0.0011897620818511272,0.0004166666586957956,0.0022510416738688813,0.650419230338169,42,252,200,CLARABEL,optimal
2020-12-31,development,assertive,500000000.0,150.0,0.027503720257195968,0.024419345265935494,1.0177886977401287,-0.015979987679400863,200,67,61,1.9999999681203091,6.380489886437246e-09,-0.01593315735526807,-0.042522968723472276,0.04000000941350193,0.02000000081622521,110.05795465344679,4.996477766916711,68377712.525,0.0006446129333219584,0.0011897620818511272,0.001249999976087387,0.0030843749912604725,0.650419230338169,42,252,200,CLARABEL,optimal
2020-12-31,development,assertive,500000000.0,300.0,0.027503720257195968,0.023169345289848108,1.0177886977401287,-0.015979987679400863,200,67,61,1.9999999681203091,6.380489886437246e-09,-0.01593315735526807,-0.042522968723472276,0.04000000941350193,0.02000000081622521,110.05795465344679,4.996477766916711,68377712.525,0.0006446129333219584,0.0011897620818511272,0.002499999952174774,0.00433437496734786,0.650419230338169,42,252,200,CLARABEL,optimal
2021-01-29,temporal_assessment,assertive,10000000.0,50.0,0.013023879512404718,0.011889873836799498,0.9807341660578732,0.025179242038874877,200,66,63,1.9999999592909359,6.715680206381691e-09,0.0029446016281726717,-0.04999999677434641,0.04000000124658955,0.02000000095608774,109.3951877871437,4.63998703575918,90735355.3404375,0.0005748344579525028,0.00014250456086620553,0.0004166666567865116,0.00113400567560522,0.008017749390540297,0,252,200,CLARABEL,optimal
2021-01-29,temporal_assessment,assertive,10000000.0,150.0,0.013023879512404718,0.011056540523226474,0.9807341660578732,0.025179242038874877,200,66,63,1.9999999592909359,6.715680206381691e-09,0.0029446016281726717,-0.04999999677434641,0.04000000124658955,0.02000000095608774,109.3951877871437,4.63998703575918,90735355.3404375,0.0005748344579525028,0.00014250456086620553,0.0012499999703595348,0.001967338989178243,0.008017749390540297,0,252,200,CLARABEL,optimal
2021-01-29,temporal_assessment,assertive,10000000.0,300.0,0.013023879512404718,0.00980654055286694,0.9807341660578732,0.025179242038874877,200,66,63,1.9999999592909359,6.715680206381691e-09,0.0029446016281726717,-0.04999999677434641,0.04000000124658955,0.02000000095608774,109.3951877871437,4.63998703575918,90735355.3404375,0.0005748344579525028,0.00014250456086620553,0.0024999999407190696,0.003217338959537778,0.008017749390540297,0,252,200,CLARABEL,optimal
2021-01-29,temporal_assessment,assertive,100000000.0,50.0,0.013023879512404718,0.011581739408366397,0.9807341660578732,0.025179242038874877,200,66,63,1.9999999592909359,6.715680206381691e-09,0.0029446016281726717,-0.04999999677434641,0.04000000124658955,0.02000000095608774,109.3951877871437,4.63998703575918,90735355.3404375,0.0005748344579525028,0.00045063898929930676,0.0004166666567865116,0.0014421401040383213,0.08017749390540296,0,252,200,CLARABEL,optimal
2021-01-29,temporal_assessment,assertive,100000000.0,150.0,0.013023879512404718,0.010748406094793373,0.9807341660578732,0.025179242038874877,200,66,63,1.9999999592909359,6.715680206381691e-09,0.0029446016281726717,-0.04999999677434641,0.04000000124658955,0.02000000095608774,109.3951877871437,4.63998703575918,90735355.3404375,0.0005748344579525028,0.00045063898929930676,0.0012499999703595348,0.0022754734176113445,0.08017749390540296,0,252,200,CLARABEL,optimal
2021-01-29,temporal_assessment,assertive,100000000.0,300.0,0.013023879512404718,0.00949840612443384,0.9807341660578732,0.025179242038874877,200,66,63,1.9999999592909359,6.715680206381691e-09,0.0029446016281726717,-0.04999999677434641,0.04000000124658955,0.02000000095608774,109.3951877871437,4.63998703575918,90735355.3404375,0.0005748344579525028,0.00045063898929930676,0.0024999999407190696,0.0035254733879708793,0.08017749390540296,0,252,200,CLARABEL,optimal
2021-01-29,temporal_assessment,assertive,500000000.0,50.0,0.013023879512404718,0.011024718984280653,0.9807341660578732,0.025179242038874877,200,66,63,1.9999999592909359,6.715680206381691e-09,0.0029446016281726717,-0.04999999677434641,0.04000000124658955,0.02000000095608774,109.3951877871437,4.63998703575918,90735355.3404375,0.0005748344579525028,0.0010076594133850503,0.0004166666567865116,0.0019991605281240647,0.4008874695270148,25,252,200,CLARABEL,optimal
2021-01-29,temporal_assessment,assertive,500000000.0,150.0,0.013023879512404718,0.010191385670707629,0.9807341660578732,0.025179242038874877,200,66,63,1.9999999592909359,6.715680206381691e-09,0.0029446016281726717,-0.04999999677434641,0.04000000124658955,0.02000000095608774,109.3951877871437,4.63998703575918,90735355.3404375,0.0005748344579525028,0.0010076594133850503,0.0012499999703595348,0.002832493841697088,0.4008874695270148,25,252,200,CLARABEL,optimal
2021-01-29,temporal_assessment,assertive,500000000.0,300.0,0.013023879512404718,0.008941385700348095,0.9807341660578732,0.025179242038874877,200,66,63,1.9999999592909359,6.715680206381691e-09,0.0029446016281726717,-0.04999999677434641,0.04000000124658955,0.02000000095608774,109.3951877871437,4.63998703575918,90735355.3404375,0.0005748344579525028,0.0010076594133850503,0.0024999999407190696,0.004082493812056623,0.4008874695270148,25,252,200,CLARABEL,optimal
2021-02-26,temporal_assessment,assertive,10000000.0,50.0,0.05768869650723796,0.05608734379337529,1.7261433535270667,0.016497548406216388,200,64,65,1.9999999499384495,1.1403184244085374e-08,0.0016094359427193117,-0.05000001910928248,0.04000000034681785,0.02000000085986134,109.55101553454136,5.1098365768174725,97417598.035,0.0009898198120575632,0.00019486624794359664,0.0004166666538615137,0.0016013527138626735,0.010587328914950582,0,252,200,CLARABEL,optimal
2021-02-26,temporal_assessment,assertive,10000000.0,150.0,0.05768869650723796,0.05525401048565226,1.7261433535270667,0.016497548406216388,200,64,65,1.9999999499384495,1.1403184244085374e-08,0.0016094359427193117,-0.05000001910928248,0.04000000034681785,0.02000000085986134,109.55101553454136,5.1098365768174725,97417598.035,0.0009898198120575632,0.00019486624794359664,0.0012499999615845408,0.0024346860215857004,0.010587328914950582,0,252,200,CLARABEL,optimal
2021-02-26,temporal_assessment,assertive,10000000.0,300.0,0.05768869650723796,0.05400401052406772,1.7261433535270667,0.016497548406216388,200,64,65,1.9999999499384495,1.1403184244085374e-08,0.0016094359427193117,-0.05000001910928248,0.04000000034681785,0.02000000085986134,109.55101553454136,5.1098365768174725,97417598.035,0.0009898198120575632,0.00019486624794359664,0.0024999999231690817,0.0036846859831702414,0.010587328914950582,0,252,200,CLARABEL,optimal
2021-02-26,temporal_assessment,assertive,100000000.0,50.0,0.05768869650723796,0.055665988858726013,1.7261433535270667,0.016497548406216388,200,64,65,1.9999999499384495,1.1403184244085374e-08,0.0016094359427193117,-0.05000001910928248,0.04000000034681785,0.02000000085986134,109.55101553454136,5.1098365768174725,97417598.035,0.0009898198120575632,0.000616221182592868,0.0004166666538615137,0.002022707648511945,0.10587328914950583,1,252,200,CLARABEL,optimal
2021-02-26,temporal_assessment,assertive,100000000.0,150.0,0.05768869650723796,0.05483265555100299,1.7261433535270667,0.016497548406216388,200,64,65,1.9999999499384495,1.1403184244085374e-08,0.0016094359427193117,-0.05000001910928248,0.04000000034681785,0.02000000085986134,109.55101553454136,5.1098365768174725,97417598.035,0.0009898198120575632,0.000616221182592868,0.0012499999615845408,0.002856040956234972,0.10587328914950583,1,252,200,CLARABEL,optimal
2021-02-26,temporal_assessment,assertive,100000000.0,300.0,0.05768869650723796,0.053582655589418444,1.7261433535270667,0.016497548406216388,200,64,65,1.9999999499384495,1.1403184244085374e-08,0.0016094359427193117,-0.05000001910928248,0.04000000034681785,0.02000000085986134,109.55101553454136,5.1098365768174725,97417598.035,0.0009898198120575632,0.000616221182592868,0.0024999999231690817,0.004106040917819513,0.10587328914950583,1,252,200,CLARABEL,optimal
2021-02-26,temporal_assessment,assertive,500000000.0,50.0,0.05768869650723796,0.05490429758786592,1.7261433535270667,0.016497548406216388,200,64,65,1.9999999499384495,1.1403184244085374e-08,0.0016094359427193117,-0.05000001910928248,0.04000000034681785,0.02000000085986134,109.55101553454136,5.1098365768174725,97417598.035,0.0009898198120575632,0.001377912453452963,0.0004166666538615137,0.0027843989193720394,0.5293664457475291,53,252,200,CLARABEL,optimal
2021-02-26,temporal_assessment,assertive,500000000.0,150.0,0.05768869650723796,0.054070964280142894,1.7261433535270667,0.016497548406216388,200,64,65,1.9999999499384495,1.1403184244085374e-08,0.0016094359427193117,-0.05000001910928248,0.04000000034681785,0.02000000085986134,109.55101553454136,5.1098365768174725,97417598.035,0.0009898198120575632,0.001377912453452963,0.0012499999615845408,0.003617732227095067,0.5293664457475291,53,252,200,CLARABEL,optimal
2021-02-26,temporal_assessment,assertive,500000000.0,300.0,0.05768869650723796,0.05282096431855835,1.7261433535270667,0.016497548406216388,200,64,65,1.9999999499384495,1.1403184244085374e-08,0.0016094359427193117,-0.05000001910928248,0.04000000034681785,0.02000000085986134,109.55101553454136,5.1098365768174725,97417598.035,0.0009898198120575632,0.001377912453452963,0.0024999999231690817,0.004867732188679608,0.5293664457475291,53,252,200,CLARABEL,optimal
2021-03-31,temporal_assessment,assertive,10000000.0,50.0,0.019382578386423245,0.017841986238672676,1.4846797127782878,0.04575685192281813,200,68,69,1.9999999482974649,1.444000130579326e-08,-0.0095890571193325,-0.049999989400829725,0.04000000136708025,0.020000000771030316,111.80897276223008,5.3324531242746875,114821632.05393,0.0009585970425241624,0.00016532845233943375,0.00041666665288697164,0.0015405921477505678,0.0067659152105175565,0,252,200,CLARABEL,optimal
2021-03-31,temporal_assessment,assertive,10000000.0,150.0,0.019382578386423245,0.017008652932898733,1.4846797127782878,0.04575685192281813,200,68,69,1.9999999482974649,1.444000130579326e-08,-0.0095890571193325,-0.049999989400829725,0.04000000136708025,0.020000000771030316,111.80897276223008,5.3324531242746875,114821632.05393,0.0009585970425241624,0.00016532845233943375,0.0012499999586609147,0.0023739254535245107,0.0067659152105175565,0,252,200,CLARABEL,optimal
2021-03-31,temporal_assessment,assertive,10000000.0,300.0,0.019382578386423245,0.01575865297423782,1.4846797127782878,0.04575685192281813,200,68,69,1.9999999482974649,1.444000130579326e-08,-0.0095890571193325,-0.049999989400829725,0.04000000136708025,0.020000000771030316,111.80897276223008,5.3324531242746875,114821632.05393,0.0009585970425241624,0.00016532845233943375,0.0024999999173218293,0.0036239254121854256,0.0067659152105175565,0,252,200,CLARABEL,optimal
2021-03-31,temporal_assessment,assertive,100000000.0,50.0,0.019382578386423245,0.017484500219588906,1.4846797127782878,0.04575685192281813,200,68,69,1.9999999482974649,1.444000130579326e-08,-0.0095890571193325,-0.049999989400829725,0.04000000136708025,0.020000000771030316,111.80897276223008,5.3324531242746875,114821632.05393,0.0009585970425241624,0.000522814471423204,0.00041666665288697164,0.001898078166834338,0.06765915210517556,0,252,200,CLARABEL,optimal
2021-03-31,temporal_assessment,assertive,100000000.0,150.0,0.019382578386423245,0.016651166913814963,1.4846797127782878,0.04575685192281813,200,68,69,1.9999999482974649,1.444000130579326e-08,-0.0095890571193325,-0.049999989400829725,0.04000000136708025,0.020000000771030316,111.80897276223008,5.3324531242746875,114821632.05393,0.0009585970425241624,0.000522814471423204,0.0012499999586609147,0.002731411472608281,0.06765915210517556,0,252,200,CLARABEL,optimal
2021-03-31,temporal_assessment,assertive,100000000.0,300.0,0.019382578386423245,0.01540116695515405,1.4846797127782878,0.04575685192281813,200,68,69,1.9999999482974649,1.444000130579326e-08,-0.0095890571193325,-0.049999989400829725,0.04000000136708025,0.020000000771030316,111.80897276223008,5.3324531242746875,114821632.05393,0.0009585970425241624,0.000522814471423204,0.0024999999173218293,0.0039814114312691955,0.06765915210517556,0,252,200,CLARABEL,optimal
2021-03-31,temporal_assessment,assertive,500000000.0,50.0,0.019382578386423245,0.016838265993289206,1.4846797127782878,0.04575685192281813,200,68,69,1.9999999482974649,1.444000130579326e-08,-0.0095890571193325,-0.049999989400829725,0.04000000136708025,0.020000000771030316,111.80897276223008,5.3324531242746875,114821632.05393,0.0009585970425241624,0.0011690486977229053,0.00041666665288697164,0.002544312393134039,0.3382957605258778,14,252,200,CLARABEL,optimal
2021-03-31,temporal_assessment,assertive,500000000.0,150.0,0.019382578386423245,0.016004932687515263,1.4846797127782878,0.04575685192281813,200,68,69,1.9999999482974649,1.444000130579326e-08,-0.0095890571193325,-0.049999989400829725,0.04000000136708025,0.020000000771030316,111.80897276223008,5.3324531242746875,114821632.05393,0.0009585970425241624,0.0011690486977229053,0.0012499999586609147,0.003377645698907982,0.3382957605258778,14,252,200,CLARABEL,optimal
2021-03-31,temporal_assessment,assertive,500000000.0,300.0,0.019382578386423245,0.014754932728854349,1.4846797127782878,0.04575685192281813,200,68,69,1.9999999482974649,1.444000130579326e-08,-0.0095890571193325,-0.049999989400829725,0.04000000136708025,0.020000000771030316,111.80897276223008,5.3324531242746875,114821632.05393,0.0009585970425241624,0.0011690486977229053,0.0024999999173218293,0.004627645657568897,0.3382957605258778,14,252,200,CLARABEL,optimal
2021-04-30,temporal_assessment,assertive,10000000.0,50.0,0.03177818949091053,0.030576200410251872,1.3186902393719913,-0.011025562710869838,200,63,65,1.9999999510088304,7.929008769003154e-09,-0.01002316851442113,-0.04999998644557141,0.040000009741349755,0.020000000831871177,107.70882395723964,4.412344686869934,115144215.800675,0.0006625237829081331,0.00012279864294223127,0.0004166666548082962,0.0012019890806586606,0.013690943971637042,0,252,200,CLARABEL,optimal
2021-04-30,temporal_assessment,assertive,10000000.0,150.0,0.03177818949091053,0.02974286710063528,1.3186902393719913,-0.011025562710869838,200,63,65,1.9999999510088304,7.929008769003154e-09,-0.01002316851442113,-0.04999998644557141,0.040000009741349755,0.020000000831871177,107.70882395723964,4.412344686869934,115144215.800675,0.0006625237829081331,0.00012279864294223127,0.0012499999644248886,0.002035322390275253,0.013690943971637042,0,252,200,CLARABEL,optimal
2021-04-30,temporal_assessment,assertive,10000000.0,300.0,0.03177818949091053,0.028492867136210392,1.3186902393719913,-0.011025562710869838,200,63,65,1.9999999510088304,7.929008769003154e-09,-0.01002316851442113,-0.04999998644557141,0.040000009741349755,0.020000000831871177,107.70882395723964,4.412344686869934,115144215.800675,0.0006625237829081331,0.00012279864294223127,0.002499999928849777,0.0032853223547001415,0.013690943971637042,0,252,200,CLARABEL,optimal
2021-04-30,temporal_assessment,assertive,100000000.0,50.0,0.03177818949091053,0.03031067564791889,1.3186902393719913,-0.011025562710869838,200,63,65,1.9999999510088304,7.929008769003154e-09,-0.01002316851442113,-0.04999998644557141,0.040000009741349755,0.020000000831871177,107.70882395723964,4.412344686869934,115144215.800675,0.0006625237829081331,0.00038832340527521133,0.0004166666548082962,0.0014675138429916406,0.13690943971637043,1,252,200,CLARABEL,optimal
2021-04-30,temporal_assessment,assertive,100000000.0,150.0,0.03177818949091053,0.0294773423383023,1.3186902393719913,-0.011025562710869838,200,63,65,1.9999999510088304,7.929008769003154e-09,-0.01002316851442113,-0.04999998644557141,0.040000009741349755,0.020000000831871177,107.70882395723964,4.412344686869934,115144215.800675,0.0006625237829081331,0.00038832340527521133,0.0012499999644248886,0.0023008471526082333,0.13690943971637043,1,252,200,CLARABEL,optimal
2021-04-30,temporal_assessment,assertive,100000000.0,300.0,0.03177818949091053,0.02822734237387741,1.3186902393719913,-0.011025562710869838,200,63,65,1.9999999510088304,7.929008769003154e-09,-0.01002316851442113,-0.04999998644557141,0.040000009741349755,0.020000000831871177,107.70882395723964,4.412344686869934,115144215.800675,0.0006625237829081331,0.00038832340527521133,0.002499999928849777,0.0035508471170331217,0.13690943971637043,1,252,200,CLARABEL,optimal
2021-04-30,temporal_assessment,assertive,500000000.0,50.0,0.03177818949091053,0.02983068152174453,1.3186902393719913,-0.011025562710869838,200,63,65,1.9999999510088304,7.929008769003154e-09,-0.01002316851442113,-0.04999998644557141,0.040000009741349755,0.020000000831871177,107.70882395723964,4.412344686869934,115144215.800675,0.0006625237829081331,0.0008683175314495729,0.0004166666548082962,0.001947507969166002,0.6845471985818521,15,252,200,CLARABEL,optimal
2021-04-30,temporal_assessment,assertive,500000000.0,150.0,0.03177818949091053,0.02899734821212794,1.3186902393719913,-0.011025562710869838,200,63,65,1.9999999510088304,7.929008769003154e-09,-0.01002316851442113,-0.04999998644557141,0.040000009741349755,0.020000000831871177,107.70882395723964,4.412344686869934,115144215.800675,0.0006625237829081331,0.0008683175314495729,0.0012499999644248886,0.0027808412787825943,0.6845471985818521,15,252,200,CLARABEL,optimal
2021-04-30,temporal_assessment,assertive,500000000.0,300.0,0.03177818949091053,0.02774734824770305,1.3186902393719913,-0.011025562710869838,200,63,65,1.9999999510088304,7.929008769003154e-09,-0.01002316851442113,-0.04999998644557141,0.040000009741349755,0.020000000831871177,107.70882395723964,4.412344686869934,115144215.800675,0.0006625237829081331,0.0008683175314495729,0.002499999928849777,0.004030841243207483,0.6845471985818521,15,252,200,CLARABEL,optimal
2021-05-28,temporal_assessment,assertive,10000000.0,50.0,-0.021913964793451198,-0.022826868746551723,0.7118143882346547,0.03809521837794918,200,63,66,1.9999999696610817,-6.2008101847643715e-09,-0.02425604682627966,-0.05000000022877524,0.04000000032847366,0.020000000808163432,108.2643032144265,4.384089483859858,108517725.59,0.0004217408749072262,7.449641655540582e-05,0.0004166666616378942,0.0009129039531005262,0.006945366839897823,0,252,200,CLARABEL,optimal
2021-05-28,temporal_assessment,assertive,10000000.0,150.0,-0.021913964793451198,-0.023660202069827514,0.7118143882346547,0.03809521837794918,200,63,66,1.9999999696610817,-6.2008101847643715e-09,-0.02425604682627966,-0.05000000022877524,0.04000000032847366,0.020000000808163432,108.2643032144265,4.384089483859858,108517725.59,0.0004217408749072262,7.449641655540582e-05,0.0012499999849136826,0.0017462372763763145,0.006945366839897823,0,252,200,CLARABEL,optimal
2021-05-28,temporal_assessment,assertive,10000000.0,300.0,-0.021913964793451198,-0.024910202054741197,0.7118143882346547,0.03809521837794918,200,63,66,1.9999999696610817,-6.2008101847643715e-09,-0.02425604682627966,-0.05000000022877524,0.04000000032847366,0.020000000808163432,108.2643032144265,4.384089483859858,108517725.59,0.0004217408749072262,7.449641655540582e-05,0.0024999999698273653,0.002996237261289997,0.006945366839897823,0,252,200,CLARABEL,optimal
2021-05-28,temporal_assessment,assertive,100000000.0,50.0,-0.021913964793451198,-0.022987950683832074,0.7118143882346547,0.03809521837794918,200,63,66,1.9999999696610817,-6.2008101847643715e-09,-0.02425604682627966,-0.05000000022877524,0.04000000032847366,0.020000000808163432,108.2643032144265,4.384089483859858,108517725.59,0.0004217408749072262,0.00023557835383575764,0.0004166666616378942,0.001073985890380878,0.06945366839897822,0,252,200,CLARABEL,optimal
2021-05-28,temporal_assessment,assertive,100000000.0,150.0,-0.021913964793451198,-0.023821284007107865,0.7118143882346547,0.03809521837794918,200,63,66,1.9999999696610817,-6.2008101847643715e-09,-0.02425604682627966,-0.05000000022877524,0.04000000032847366,0.020000000808163432,108.2643032144265,4.384089483859858,108517725.59,0.0004217408749072262,0.00023557835383575764,0.0012499999849136826,0.0019073192136566663,0.06945366839897822,0,252,200,CLARABEL,optimal
2021-05-28,temporal_assessment,assertive,100000000.0,300.0,-0.021913964793451198,-0.025071283992021548,0.7118143882346547,0.03809521837794918,200,63,66,1.9999999696610817,-6.2008101847643715e-09,-0.02425604682627966,-0.05000000022877524,0.04000000032847366,0.020000000808163432,108.2643032144265,4.384089483859858,108517725.59,0.0004217408749072262,0.00023557835383575764,0.0024999999698273653,0.003157319198570349,0.06945366839897822,0,252,200,CLARABEL,optimal
2021-05-28,temporal_assessment,assertive,500000000.0,50.0,-0.021913964793451198,-0.02327914154320057,0.7118143882346547,0.03809521837794918,200,63,66,1.9999999696610817,-6.2008101847643715e-09,-0.02425604682627966,-0.05000000022877524,0.04000000032847366,0.020000000808163432,108.2643032144265,4.384089483859858,108517725.59,0.0004217408749072262,0.0005267692132042525,0.0004166666616378942,0.001365176749749373,0.3472683419948911,8,252,200,CLARABEL,optimal
2021-05-28,temporal_assessment,assertive,500000000.0,150.0,-0.021913964793451198,-0.024112474866476358,0.7118143882346547,0.03809521837794918,200,63,66,1.9999999696610817,-6.2008101847643715e-09,-0.02425604682627966,-0.05000000022877524,0.04000000032847366,0.020000000808163432,108.2643032144265,4.384089483859858,108517725.59,0.0004217408749072262,0.0005267692132042525,0.0012499999849136826,0.0021985100730251613,0.3472683419948911,8,252,200,CLARABEL,optimal
2021-05-28,temporal_assessment,assertive,500000000.0,300.0,-0.021913964793451198,-0.02536247485139004,0.7118143882346547,0.03809521837794918,200,63,66,1.9999999696610817,-6.2008101847643715e-09,-0.02425604682627966,-0.05000000022877524,0.04000000032847366,0.020000000808163432,108.2643032144265,4.384089483859858,108517725.59,0.0004217408749072262,0.0005267692132042525,0.0024999999698273653,0.003448510057938844,0.3472683419948911,8,252,200,CLARABEL,optimal
2021-06-30,temporal_assessment,assertive,10000000.0,50.0,7.212931786417486e-05,-0.000857132081731963,0.898241821241246,0.018472401087186716,200,67,64,1.999999965707469,-9.222726755908628e-09,0.01933787822079859,-0.02679967552710022,0.040000000432567774,0.020000000797293006,109.14745049109438,3.8160124112937197,96469355.0075,0.0004302519382370612,8.2342799915286e-05,0.00041666666144379074,0.0009292613995961379,0.005745635403676103,0,252,200,CLARABEL,optimal
2021-06-30,temporal_assessment,assertive,10000000.0,150.0,7.212931786417486e-05,-0.0016904654046195444,0.898241821241246,0.018472401087186716,200,67,64,1.999999965707469,-9.222726755908628e-09,0.01933787822079859,-0.02679967552710022,0.040000000432567774,0.020000000797293006,109.14745049109438,3.8160124112937197,96469355.0075,0.0004302519382370612,8.2342799915286e-05,0.0012499999843313722,0.0017625947224837193,0.005745635403676103,0,252,200,CLARABEL,optimal
2021-06-30,temporal_assessment,assertive,10000000.0,300.0,7.212931786417486e-05,-0.002940465388950917,0.898241821241246,0.018472401087186716,200,67,64,1.999999965707469,-9.222726755908628e-09,0.01933787822079859,-0.02679967552710022,0.040000000432567774,0.020000000797293006,109.14745049109438,3.8160124112937197,96469355.0075,0.0004302519382370612,8.2342799915286e-05,0.0024999999686627443,0.0030125947068150916,0.005745635403676103,0,252,200,CLARABEL,optimal
2021-06-30,temporal_assessment,assertive,100000000.0,50.0,7.212931786417486e-05,-0.0010351800784645009,0.898241821241246,0.018472401087186716,200,67,64,1.999999965707469,-9.222726755908628e-09,0.01933787822079859,-0.02679967552710022,0.040000000432567774,0.020000000797293006,109.14745049109438,3.8160124112937197,96469355.0075,0.0004302519382370612,0.00026039079664782366,0.00041666666144379074,0.0011073093963286757,0.05745635403676103,0,252,200,CLARABEL,optimal
2021-06-30,temporal_assessment,assertive,100000000.0,150.0,7.212931786417486e-05,-0.0018685134013520822,0.898241821241246,0.018472401087186716,200,67,64,1.999999965707469,-9.222726755908628e-09,0.01933787822079859,-0.02679967552710022,0.040000000432567774,0.020000000797293006,109.14745049109438,3.8160124112937197,96469355.0075,0.0004302519382370612,0.00026039079664782366,0.0012499999843313722,0.001940642719216257,0.05745635403676103,0,252,200,CLARABEL,optimal
2021-06-30,temporal_assessment,assertive,100000000.0,300.0,7.212931786417486e-05,-0.0031185133856834546,0.898241821241246,0.018472401087186716,200,67,64,1.999999965707469,-9.222726755908628e-09,0.01933787822079859,-0.02679967552710022,0.040000000432567774,0.020000000797293006,109.14745049109438,3.8160124112937197,96469355.0075,0.0004302519382370612,0.00026039079664782366,0.0024999999686627443,0.0031906427035476295,0.05745635403676103,0,252,200,CLARABEL,optimal
2021-06-30,temporal_assessment,assertive,500000000.0,50.0,7.212931786417486e-05,-0.0013570408038365352,0.898241821241246,0.018472401087186716,200,67,64,1.999999965707469,-9.222726755908628e-09,0.01933787822079859,-0.02679967552710022,0.040000000432567774,0.020000000797293006,109.14745049109438,3.8160124112937197,96469355.0075,0.0004302519382370612,0.000582251522019858,0.00041666666144379074,0.00142917012170071,0.28728177018380513,24,252,200,CLARABEL,optimal
2021-06-30,temporal_assessment,assertive,500000000.0,150.0,7.212931786417486e-05,-0.0021903741267241166,0.898241821241246,0.018472401087186716,200,67,64,1.999999965707469,-9.222726755908628e-09,0.01933787822079859,-0.02679967552710022,0.040000000432567774,0.020000000797293006,109.14745049109438,3.8160124112937197,96469355.0075,0.0004302519382370612,0.000582251522019858,0.0012499999843313722,0.0022625034445882914,0.28728177018380513,24,252,200,CLARABEL,optimal
2021-06-30,temporal_assessment,assertive,500000000.0,300.0,7.212931786417486e-05,-0.003440374111055489,0.898241821241246,0.018472401087186716,200,67,64,1.999999965707469,-9.222726755908628e-09,0.01933787822079859,-0.02679967552710022,0.040000000432567774,0.020000000797293006,109.14745049109438,3.8160124112937197,96469355.0075,0.0004302519382370612,0.000582251522019858,0.0024999999686627443,0.003512503428919664,0.28728177018380513,24,252,200,CLARABEL,optimal
2021-07-30,temporal_assessment,assertive,10000000.0,50.0,0.0032153009755695695,0.002418824447763356,0.6526500877299763,0.027138876281734545,200,63,59,1.9999999790960112,-3.1797994515248007e-09,0.049999994012565274,-0.04998887099192163,0.040000001154164855,0.02000000077999162,108.67408737154521,3.812217310120645,87254929.21,0.00031800995840647404,6.179990642561243e-05,0.0004166666629741272,0.0007964765278062136,0.007869154493073896,0,252,200,CLARABEL,optimal
2021-07-30,temporal_assessment,assertive,10000000.0,150.0,0.0032153009755695695,0.0015854911218151015,0.6526500877299763,0.027138876281734545,200,63,59,1.9999999790960112,-3.1797994515248007e-09,0.049999994012565274,-0.04998887099192163,0.040000001154164855,0.02000000077999162,108.67408737154521,3.812217310120645,87254929.21,0.00031800995840647404,6.179990642561243e-05,0.0012499999889223816,0.001629809853754468,0.007869154493073896,0,252,200,CLARABEL,optimal
2021-07-30,temporal_assessment,assertive,10000000.0,300.0,0.0032153009755695695,0.00033549113289271966,0.6526500877299763,0.027138876281734545,200,63,59,1.9999999790960112,-3.1797994515248007e-09,0.049999994012565274,-0.04998887099192163,0.040000001154164855,0.02000000077999162,108.67408737154521,3.812217310120645,87254929.21,0.00031800995840647404,6.179990642561243e-05,0.002499999977844763,0.00287980984267685,0.007869154493073896,0,252,200,CLARABEL,optimal
2021-07-30,temporal_assessment,assertive,100000000.0,50.0,0.0032153009755695695,0.0022851958906987577,0.6526500877299763,0.027138876281734545,200,63,59,1.9999999790960112,-3.1797994515248007e-09,0.049999994012565274,-0.04998887099192163,0.040000001154164855,0.02000000077999162,108.67408737154521,3.812217310120645,87254929.21,0.00031800995840647404,0.00019542846349021047,0.0004166666629741272,0.0009301050848708117,0.07869154493073897,0,252,200,CLARABEL,optimal
2021-07-30,temporal_assessment,assertive,100000000.0,150.0,0.0032153009755695695,0.0014518625647505033,0.6526500877299763,0.027138876281734545,200,63,59,1.9999999790960112,-3.1797994515248007e-09,0.049999994012565274,-0.04998887099192163,0.040000001154164855,0.02000000077999162,108.67408737154521,3.812217310120645,87254929.21,0.00031800995840647404,0.00019542846349021047,0.0012499999889223816,0.0017634384108190663,0.07869154493073897,0,252,200,CLARABEL,optimal
2021-07-30,temporal_assessment,assertive,100000000.0,300.0,0.0032153009755695695,0.00020186257582812187,0.6526500877299763,0.027138876281734545,200,63,59,1.9999999790960112,-3.1797994515248007e-09,0.049999994012565274,-0.04998887099192163,0.040000001154164855,0.02000000077999162,108.67408737154521,3.812217310120645,87254929.21,0.00031800995840647404,0.00019542846349021047,0.002499999977844763,0.0030134383997414476,0.07869154493073897,0,252,200,CLARABEL,optimal
2021-07-30,temporal_assessment,assertive,500000000.0,50.0,0.0032153009755695695,0.002043633025086522,0.6526500877299763,0.027138876281734545,200,63,59,1.9999999790960112,-3.1797994515248007e-09,0.049999994012565274,-0.04998887099192163,0.040000001154164855,0.02000000077999162,108.67408737154521,3.812217310120645,87254929.21,0.00031800995840647404,0.00043699132910244643,0.0004166666629741272,0.0011716679504830477,0.3934577246536949,16,252,200,CLARABEL,optimal
2021-07-30,temporal_assessment,assertive,500000000.0,150.0,0.0032153009755695695,0.0012102996991382674,0.6526500877299763,0.027138876281734545,200,63,59,1.9999999790960112,-3.1797994515248007e-09,0.049999994012565274,-0.04998887099192163,0.040000001154164855,0.02000000077999162,108.67408737154521,3.812217310120645,87254929.21,0.00031800995840647404,0.00043699132910244643,0.0012499999889223816,0.002005001276431302,0.3934577246536949,16,252,200,CLARABEL,optimal
2021-07-30,temporal_assessment,assertive,500000000.0,300.0,0.0032153009755695695,-3.970028978411439e-05,0.6526500877299763,0.027138876281734545,200,63,59,1.9999999790960112,-3.1797994515248007e-09,0.049999994012565274,-0.04998887099192163,0.040000001154164855,0.02000000077999162,108.67408737154521,3.812217310120645,87254929.21,0.00031800995840647404,0.00043699132910244643,0.002499999977844763,0.003255001265353684,0.3934577246536949,16,252,200,CLARABEL,optimal
2021-08-31,temporal_assessment,assertive,10000000.0,50.0,0.01917573093179633,0.01830387370901757,0.7243380526571834,-0.034918839144186954,200,63,67,1.9999999462899802,-1.0641004494216233e-08,0.04999999772392795,-0.04648894557305114,0.04000000377378109,0.02000000073508842,109.26151361274547,4.058835031330463,92951926.3534175,0.00037907642260892886,7.611414247587667e-05,0.00041666665769395523,0.0008718572227787607,0.006566973176454383,0,252,200,CLARABEL,optimal
2021-08-31,temporal_assessment,assertive,10000000.0,150.0,0.01917573093179633,0.01747054039362966,0.7243380526571834,-0.034918839144186954,200,63,67,1.9999999462899802,-1.0641004494216233e-08,0.04999999772392795,-0.04648894557305114,0.04000000377378109,0.02000000073508842,109.26151361274547,4.058835031330463,92951926.3534175,0.00037907642260892886,7.611414247587667e-05,0.0012499999730818656,0.001705190538166671,0.006566973176454383,0,252,200,CLARABEL,optimal
2021-08-31,temporal_assessment,assertive,10000000.0,300.0,0.01917573093179633,0.016220540420547793,0.7243380526571834,-0.034918839144186954,200,63,67,1.9999999462899802,-1.0641004494216233e-08,0.04999999772392795,-0.04648894557305114,0.04000000377378109,0.02000000073508842,109.26151361274547,4.058835031330463,92951926.3534175,0.00037907642260892886,7.611414247587667e-05,0.0024999999461637313,0.002955190511248537,0.006566973176454383,0,252,200,CLARABEL,optimal
2021-08-31,temporal_assessment,assertive,100000000.0,50.0,0.01917573093179633,0.01813929379911911,0.7243380526571834,-0.034918839144186954,200,63,67,1.9999999462899802,-1.0641004494216233e-08,0.04999999772392795,-0.04648894557305114,0.04000000377378109,0.02000000073508842,109.26151361274547,4.058835031330463,92951926.3534175,0.00037907642260892886,0.00024069405237433795,0.00041666665769395523,0.0010364371326772222,0.06566973176454381,0,252,200,CLARABEL,optimal
2021-08-31,temporal_assessment,assertive,100000000.0,150.0,0.01917573093179633,0.017305960483731196,0.7243380526571834,-0.034918839144186954,200,63,67,1.9999999462899802,-1.0641004494216233e-08,0.04999999772392795,-0.04648894557305114,0.04000000377378109,0.02000000073508842,109.26151361274547,4.058835031330463,92951926.3534175,0.00037907642260892886,0.00024069405237433795,0.0012499999730818656,0.0018697704480651325,0.06566973176454381,0,252,200,CLARABEL,optimal
2021-08-31,temporal_assessment,assertive,100000000.0,300.0,0.01917573093179633,0.01605596051064933,0.7243380526571834,-0.034918839144186954,200,63,67,1.9999999462899802,-1.0641004494216233e-08,0.04999999772392795,-0.04648894557305114,0.04000000377378109,0.02000000073508842,109.26151361274547,4.058835031330463,92951926.3534175,0.00037907642260892886,0.00024069405237433795,0.0024999999461637313,0.0031197704211469984,0.06566973176454381,0,252,200,CLARABEL,optimal
2021-08-31,temporal_assessment,assertive,500000000.0,50.0,0.01917573093179633,0.017841779588604532,0.7243380526571834,-0.034918839144186954,200,63,67,1.9999999462899802,-1.0641004494216233e-08,0.04999999772392795,-0.04648894557305114,0.04000000377378109,0.02000000073508842,109.26151361274547,4.058835031330463,92951926.3534175,0.00037907642260892886,0.0005382082628889144,0.00041666665769395523,0.0013339513431917984,0.3283486588227191,20,252,200,CLARABEL,optimal
2021-08-31,temporal_assessment,assertive,500000000.0,150.0,0.01917573093179633,0.01700844627321662,0.7243380526571834,-0.034918839144186954,200,63,67,1.9999999462899802,-1.0641004494216233e-08,0.04999999772392795,-0.04648894557305114,0.04000000377378109,0.02000000073508842,109.26151361274547,4.058835031330463,92951926.3534175,0.00037907642260892886,0.0005382082628889144,0.0012499999730818656,0.002167284658579709,0.3283486588227191,20,252,200,CLARABEL,optimal
2021-08-31,temporal_assessment,assertive,500000000.0,300.0,0.01917573093179633,0.015758446300134756,0.7243380526571834,-0.034918839144186954,200,63,67,1.9999999462899802,-1.0641004494216233e-08,0.04999999772392795,-0.04648894557305114,0.04000000377378109,0.02000000073508842,109.26151361274547,4.058835031330463,92951926.3534175,0.00037907642260892886,0.0005382082628889144,0.0024999999461637313,0.0034172846316615746,0.3283486588227191,20,252,200,CLARABEL,optimal
2021-09-30,temporal_assessment,assertive,10000000.0,50.0,0.014379980165261484,0.01343462283671814,0.7407499690189079,0.0833731584871396,200,63,61,1.9999999798585832,-4.65023661244679e-09,0.03332427250849346,-0.0051279556501428875,0.0399999986063766,0.02000000065884228,107.52843184741961,4.182965561161798,90500840.28049499,0.0004241410465956176,0.00010454961850838915,0.0004166666634393375,0.0009453573285433442,0.0117670649582486,0,252,200,CLARABEL,optimal
2021-09-30,temporal_assessment,assertive,10000000.0,150.0,0.014379980165261484,0.012601289509839464,0.7407499690189079,0.0833731584871396,200,63,61,1.9999999798585832,-4.65023661244679e-09,0.03332427250849346,-0.0051279556501428875,0.0399999986063766,0.02000000065884228,107.52843184741961,4.182965561161798,90500840.28049499,0.0004241410465956176,0.00010454961850838915,0.0012499999903180126,0.0017786906554220195,0.0117670649582486,0,252,200,CLARABEL,optimal
2021-09-30,temporal_assessment,assertive,10000000.0,300.0,0.014379980165261484,0.011351289519521452,0.7407499690189079,0.0833731584871396,200,63,61,1.9999999798585832,-4.65023661244679e-09,0.03332427250849346,-0.0051279556501428875,0.0399999986063766,0.02000000065884228,107.52843184741961,4.182965561161798,90500840.28049499,0.0004241410465956176,0.00010454961850838915,0.0024999999806360252,0.003028690645740032,0.0117670649582486,0,252,200,CLARABEL,optimal
2021-09-30,temporal_assessment,assertive,100000000.0,50.0,0.014379980165261484,0.013208557532238324,0.7407499690189079,0.0833731584871396,200,63,61,1.9999999798585832,-4.65023661244679e-09,0.03332427250849346,-0.0051279556501428875,0.0399999986063766,0.02000000065884228,107.52843184741961,4.182965561161798,90500840.28049499,0.0004241410465956176,0.00033061492298820563,0.0004166666634393375,0.0011714226330231607,0.11767064958248599,1,252,200,CLARABEL,optimal
2021-09-30,temporal_assessment,assertive,100000000.0,150.0,0.014379980165261484,0.012375224205359648,0.7407499690189079,0.0833731584871396,200,63,61,1.9999999798585832,-4.65023661244679e-09,0.03332427250849346,-0.0051279556501428875,0.0399999986063766,0.02000000065884228,107.52843184741961,4.182965561161798,90500840.28049499,0.0004241410465956176,0.00033061492298820563,0.0012499999903180126,0.002004755959901836,0.11767064958248599,1,252,200,CLARABEL,optimal
2021-09-30,temporal_assessment,assertive,100000000.0,300.0,0.014379980165261484,0.011125224215041635,0.7407499690189079,0.0833731584871396,200,63,61,1.9999999798585832,-4.65023661244679e-09,0.03332427250849346,-0.0051279556501428875,0.0399999986063766,0.02000000065884228,107.52843184741961,4.182965561161798,90500840.28049499,0.0004241410465956176,0.00033061492298820563,0.0024999999806360252,0.0032547559502198484,0.11767064958248599,1,252,200,CLARABEL,optimal
2021-09-30,temporal_assessment,assertive,500000000.0,50.0,0.014379980165261484,0.012799895013049043,0.7407499690189079,0.0833731584871396,200,63,61,1.9999999798585832,-4.65023661244679e-09,0.03332427250849346,-0.0051279556501428875,0.0399999986063766,0.02000000065884228,107.52843184741961,4.182965561161798,90500840.28049499,0.0004241410465956176,0.0007392774421774855,0.0004166666634393375,0.0015800851522124405,0.5883532479124299,21,252,200,CLARABEL,optimal
2021-09-30,temporal_assessment,assertive,500000000.0,150.0,0.014379980165261484,0.011966561686170368,0.7407499690189079,0.0833731584871396,200,63,61,1.9999999798585832,-4.65023661244679e-09,0.03332427250849346,-0.0051279556501428875,0.0399999986063766,0.02000000065884228,107.52843184741961,4.182965561161798,90500840.28049499,0.0004241410465956176,0.0007392774421774855,0.0012499999903180126,0.0024134184790911154,0.5883532479124299,21,252,200,CLARABEL,optimal
2021-09-30,temporal_assessment,assertive,500000000.0,300.0,0.014379980165261484,0.010716561695852356,0.7407499690189079,0.0833731584871396,200,63,61,1.9999999798585832,-4.65023661244679e-09,0.03332427250849346,-0.0051279556501428875,0.0399999986063766,0.02000000065884228,107.52843184741961,4.182965561161798,90500840.28049499,0.0004241410465956176,0.0007392774421774855,0.0024999999806360252,0.003663418469409128,0.5883532479124299,21,252,200,CLARABEL,optimal
2021-10-29,temporal_assessment,assertive,10000000.0,50.0,0.009433458023821936,0.008433322528342484,0.8766478921718803,0.0026613054909100445,200,62,71,1.999999912717422,-3.8384368947208536e-08,0.049999976574797156,-0.04999997755690741,0.03999999557715125,0.020000000779920816,108.85141154385111,4.251710095374755,85849523.94,0.0004944595434359169,8.900929556399422e-05,0.0004166666564795398,0.001000135495479451,0.007468768231060078,0,252,200,CLARABEL,optimal
2021-10-29,temporal_assessment,assertive,10000000.0,150.0,0.009433458023821936,0.007599989215383405,0.8766478921718803,0.0026613054909100445,200,62,71,1.999999912717422,-3.8384368947208536e-08,0.049999976574797156,-0.04999997755690741,0.03999999557715125,0.020000000779920816,108.85141154385111,4.251710095374755,85849523.94,0.0004944595434359169,8.900929556399422e-05,0.0012499999694386193,0.0018334688084385305,0.007468768231060078,0,252,200,CLARABEL,optimal
2021-10-29,temporal_assessment,assertive,10000000.0,300.0,0.009433458023821936,0.0063499892459447866,0.8766478921718803,0.0026613054909100445,200,62,71,1.999999912717422,-3.8384368947208536e-08,0.049999976574797156,-0.04999997755690741,0.03999999557715125,0.020000000779920816,108.85141154385111,4.251710095374755,85849523.94,0.0004944595434359169,8.900929556399422e-05,0.0024999999388772387,0.0030834687778771496,0.007468768231060078,0,252,200,CLARABEL,optimal
2021-10-29,temporal_assessment,assertive,100000000.0,50.0,0.009433458023821936,0.008240859716997137,0.8766478921718803,0.0026613054909100445,200,62,71,1.999999912717422,-3.8384368947208536e-08,0.049999976574797156,-0.04999997755690741,0.03999999557715125,0.020000000779920816,108.85141154385111,4.251710095374755,85849523.94,0.0004944595434359169,0.0002814721069093433,0.0004166666564795398,0.0011925983068248,0.07468768231060079,0,252,200,CLARABEL,optimal
2021-10-29,temporal_assessment,assertive,100000000.0,150.0,0.009433458023821936,0.007407526404038057,0.8766478921718803,0.0026613054909100445,200,62,71,1.999999912717422,-3.8384368947208536e-08,0.049999976574797156,-0.04999997755690741,0.03999999557715125,0.020000000779920816,108.85141154385111,4.251710095374755,85849523.94,0.0004944595434359169,0.0002814721069093433,0.0012499999694386193,0.0020259316197838795,0.07468768231060079,0,252,200,CLARABEL,optimal
2021-10-29,temporal_assessment,assertive,100000000.0,300.0,0.009433458023821936,0.006157526434599437,0.8766478921718803,0.0026613054909100445,200,62,71,1.999999912717422,-3.8384368947208536e-08,0.049999976574797156,-0.04999997755690741,0.03999999557715125,0.020000000779920816,108.85141154385111,4.251710095374755,85849523.94,0.0004944595434359169,0.0002814721069093433,0.0024999999388772387,0.003275931589222499,0.07468768231060079,0,252,200,CLARABEL,optimal
2021-10-29,temporal_assessment,assertive,500000000.0,50.0,0.009433458023821936,0.0078929410590871,0.8766478921718803,0.0026613054909100445,200,62,71,1.999999912717422,-3.8384368947208536e-08,0.049999976574797156,-0.04999997755690741,0.03999999557715125,0.020000000779920816,108.85141154385111,4.251710095374755,85849523.94,0.0004944595434359169,0.00062939076481938,0.0004166666564795398,0.0015405169647348365,0.3734384115530039,31,252,200,CLARABEL,optimal
2021-10-29,temporal_assessment,assertive,500000000.0,150.0,0.009433458023821936,0.00705960774612802,0.8766478921718803,0.0026613054909100445,200,62,71,1.999999912717422,-3.8384368947208536e-08,0.049999976574797156,-0.04999997755690741,0.03999999557715125,0.020000000779920816,108.85141154385111,4.251710095374755,85849523.94,0.0004944595434359169,0.00062939076481938,0.0012499999694386193,0.002373850277693916,0.3734384115530039,31,252,200,CLARABEL,optimal
2021-10-29,temporal_assessment,assertive,500000000.0,300.0,0.009433458023821936,0.005809607776689401,0.8766478921718803,0.0026613054909100445,200,62,71,1.999999912717422,-3.8384368947208536e-08,0.049999976574797156,-0.04999997755690741,0.03999999557715125,0.020000000779920816,108.85141154385111,4.251710095374755,85849523.94,0.0004944595434359169,0.00062939076481938,0.0024999999388772387,0.0036238502471325354,0.3734384115530039,31,252,200,CLARABEL,optimal
2021-11-30,temporal_assessment,assertive,10000000.0,50.0,0.028019813850257383,0.02711558072819288,1.00145062008859,0.0026612214961452873,200,60,70,1.9999999530187487,-1.4843271813058667e-08,0.04999999159329632,-0.014874643741347185,0.04000000195368855,0.02000000081123761,109.14502562157273,4.011270657616179,90826914.59,0.000397821606836997,8.974485525625044e-05,0.00041666665997125435,0.0009042331220645018,0.00736661367409947,0,252,200,CLARABEL,optimal
2021-11-30,temporal_assessment,assertive,10000000.0,150.0,0.028019813850257383,0.026282247408250373,1.00145062008859,0.0026612214961452873,200,60,70,1.9999999530187487,-1.4843271813058667e-08,0.04999999159329632,-0.014874643741347185,0.04000000195368855,0.02000000081123761,109.14502562157273,4.011270657616179,90826914.59,0.000397821606836997,8.974485525625044e-05,0.0012499999799137629,0.0017375664420070103,0.00736661367409947,0,252,200,CLARABEL,optimal
2021-11-30,temporal_assessment,assertive,10000000.0,300.0,0.028019813850257383,0.02503224742833661,1.00145062008859,0.0026612214961452873,200,60,70,1.9999999530187487,-1.4843271813058667e-08,0.04999999159329632,-0.014874643741347185,0.04000000195368855,0.02000000081123761,109.14502562157273,4.011270657616179,90826914.59,0.000397821606836997,8.974485525625044e-05,0.0024999999598275258,0.002987566421920773,0.00736661367409947,0,252,200,CLARABEL,optimal
2021-11-30,temporal_assessment,assertive,100000000.0,50.0,0.028019813850257383,0.026921527432557248,1.00145062008859,0.0026612214961452873,200,60,70,1.9999999530187487,-1.4843271813058667e-08,0.04999999159329632,-0.014874643741347185,0.04000000195368855,0.02000000081123761,109.14502562157273,4.011270657616179,90826914.59,0.000397821606836997,0.00028379815089188556,0.00041666665997125435,0.0010982864177001368,0.0736661367409947,0,252,200,CLARABEL,optimal
2021-11-30,temporal_assessment,assertive,100000000.0,150.0,0.028019813850257383,0.02608819411261474,1.00145062008859,0.0026612214961452873,200,60,70,1.9999999530187487,-1.4843271813058667e-08,0.04999999159329632,-0.014874643741347185,0.04000000195368855,0.02000000081123761,109.14502562157273,4.011270657616179,90826914.59,0.000397821606836997,0.00028379815089188556,0.0012499999799137629,0.0019316197376426454,0.0736661367409947,0,252,200,CLARABEL,optimal
2021-11-30,temporal_assessment,assertive,100000000.0,300.0,0.028019813850257383,0.024838194132700976,1.00145062008859,0.0026612214961452873,200,60,70,1.9999999530187487,-1.4843271813058667e-08,0.04999999159329632,-0.014874643741347185,0.04000000195368855,0.02000000081123761,109.14502562157273,4.011270657616179,90826914.59,0.000397821606836997,0.00028379815089188556,0.0024999999598275258,0.0031816197175564085,0.0736661367409947,0,252,200,CLARABEL,optimal
2021-11-30,temporal_assessment,assertive,500000000.0,50.0,0.028019813850257383,0.026570733626166132,1.00145062008859,0.0026612214961452873,200,60,70,1.9999999530187487,-1.4843271813058667e-08,0.04999999159329632,-0.014874643741347185,0.04000000195368855,0.02000000081123761,109.14502562157273,4.011270657616179,90826914.59,0.000397821606836997,0.0006345919572829986,0.00041666665997125435,0.00144908022409125,0.36833068370497346,35,252,200,CLARABEL,optimal
2021-11-30,temporal_assessment,assertive,500000000.0,150.0,0.028019813850257383,0.025737400306223623,1.00145062008859,0.0026612214961452873,200,60,70,1.9999999530187487,-1.4843271813058667e-08,0.04999999159329632,-0.014874643741347185,0.04000000195368855,0.02000000081123761,109.14502562157273,4.011270657616179,90826914.59,0.000397821606836997,0.0006345919572829986,0.0012499999799137629,0.0022824135440337586,0.36833068370497346,35,252,200,CLARABEL,optimal
2021-11-30,temporal_assessment,assertive,500000000.0,300.0,0.028019813850257383,0.02448740032630986,1.00145062008859,0.0026612214961452873,200,60,70,1.9999999530187487,-1.4843271813058667e-08,0.04999999159329632,-0.014874643741347185,0.04000000195368855,0.02000000081123761,109.14502562157273,4.011270657616179,90826914.59,0.000397821606836997,0.0006345919572829986,0.0024999999598275258,0.0035324135239475215,0.36833068370497346,35,252,200,CLARABEL,optimal
2021-12-31,temporal_assessment,assertive,10000000.0,50.0,0.025508569903916697,0.024675101048135587,0.6851625714653431,-0.07083775794744145,200,59,65,1.9999999674885254,1.3176083279997641e-09,0.04999999769901636,-0.01930868928180153,0.0399999984580896,0.020000000808117934,107.56182396849414,4.403497907081237,78010996.58939749,0.0003463250768012072,7.04771193609616e-05,0.00041666665961894106,0.0008334688557811098,0.009451042051350696,0,252,200,CLARABEL,optimal
2021-12-31,temporal_assessment,assertive,10000000.0,150.0,0.025508569903916697,0.023841767728897706,0.6851625714653431,-0.07083775794744145,200,59,65,1.9999999674885254,1.3176083279997641e-09,0.04999999769901636,-0.01930868928180153,0.0399999984580896,0.020000000808117934,107.56182396849414,4.403497907081237,78010996.58939749,0.0003463250768012072,7.04771193609616e-05,0.0012499999788568232,0.001666802175018992,0.009451042051350696,0,252,200,CLARABEL,optimal
2021-12-31,temporal_assessment,assertive,10000000.0,300.0,0.025508569903916697,0.022591767750040882,0.6851625714653431,-0.07083775794744145,200,59,65,1.9999999674885254,1.3176083279997641e-09,0.04999999769901636,-0.01930868928180153,0.0399999984580896,0.020000000808117934,107.56182396849414,4.403497907081237,78010996.58939749,0.0003463250768012072,7.04771193609616e-05,0.0024999999577136464,0.0029168021538758153,0.009451042051350696,0,252,200,CLARABEL,optimal
2021-12-31,temporal_assessment,assertive,100000000.0,50.0,0.025508569903916697,0.02452270994738836,0.6851625714653431,-0.07083775794744145,200,59,65,1.9999999674885254,1.3176083279997641e-09,0.04999999769901636,-0.01930868928180153,0.0399999984580896,0.020000000808117934,107.56182396849414,4.403497907081237,78010996.58939749,0.0003463250768012072,0.00022286822010818928,0.00041666665961894106,0.0009858599565283374,0.09451042051350697,0,252,200,CLARABEL,optimal
2021-12-31,temporal_assessment,assertive,100000000.0,150.0,0.025508569903916697,0.023689376628150478,0.6851625714653431,-0.07083775794744145,200,59,65,1.9999999674885254,1.3176083279997641e-09,0.04999999769901636,-0.01930868928180153,0.0399999984580896,0.020000000808117934,107.56182396849414,4.403497907081237,78010996.58939749,0.0003463250768012072,0.00022286822010818928,0.0012499999788568232,0.0018191932757662195,0.09451042051350697,0,252,200,CLARABEL,optimal
2021-12-31,temporal_assessment,assertive,100000000.0,300.0,0.025508569903916697,0.022439376649293654,0.6851625714653431,-0.07083775794744145,200,59,65,1.9999999674885254,1.3176083279997641e-09,0.04999999769901636,-0.01930868928180153,0.0399999984580896,0.020000000808117934,107.56182396849414,4.403497907081237,78010996.58939749,0.0003463250768012072,0.00022286822010818928,0.0024999999577136464,0.0030691932546230427,0.09451042051350697,0,252,200,CLARABEL,optimal
2021-12-31,temporal_assessment,assertive,500000000.0,50.0,0.025508569903916697,0.02424722967731025,0.6851625714653431,-0.07083775794744145,200,59,65,1.9999999674885254,1.3176083279997641e-09,0.04999999769901636,-0.01930868928180153,0.0399999984580896,0.020000000808117934,107.56182396849414,4.403497907081237,78010996.58939749,0.0003463250768012072,0.0004983484901862967,0.00041666665961894106,0.001261340226606445,0.4725521025675348,22,252,200,CLARABEL,optimal
2021-12-31,temporal_assessment,assertive,500000000.0,150.0,0.025508569903916697,0.02341389635807237,0.6851625714653431,-0.07083775794744145,200,59,65,1.9999999674885254,1.3176083279997641e-09,0.04999999769901636,-0.01930868928180153,0.0399999984580896,0.020000000808117934,107.56182396849414,4.403497907081237,78010996.58939749,0.0003463250768012072,0.0004983484901862967,0.0012499999788568232,0.0020946735458443272,0.4725521025675348,22,252,200,CLARABEL,optimal
2021-12-31,temporal_assessment,assertive,500000000.0,300.0,0.025508569903916697,0.022163896379215547,0.6851625714653431,-0.07083775794744145,200,59,65,1.9999999674885254,1.3176083279997641e-09,0.04999999769901636,-0.01930868928180153,0.0399999984580896,0.020000000808117934,107.56182396849414,4.403497907081237,78010996.58939749,0.0003463250768012072,0.0004983484901862967,0.0024999999577136464,0.0033446735247011504,0.4725521025675348,22,252,200,CLARABEL,optimal
2022-01-31,temporal_assessment,assertive,10000000.0,50.0,0.020500944373804786,0.01927259864341697,1.1334485264367848,-0.022470693463300412,200,62,62,1.9999999691897865,-1.1949655875920229e-08,0.043477849344659036,-0.04999998947690266,0.0399999991665304,0.020000000726655337,109.78761226029418,4.771027920128912,86778264.27,0.0006729252542917966,0.00013875381335863525,0.00041666666273738385,0.0012283457303878158,0.010593768390930914,0,252,200,CLARABEL,optimal
2022-01-31,temporal_assessment,assertive,10000000.0,150.0,0.020500944373804786,0.018439265317942204,1.1334485264367848,-0.022470693463300412,200,62,62,1.9999999691897865,-1.1949655875920229e-08,0.043477849344659036,-0.04999998947690266,0.0399999991665304,0.020000000726655337,109.78761226029418,4.771027920128912,86778264.27,0.0006729252542917966,0.00013875381335863525,0.0012499999882121516,0.0020616790558625835,0.010593768390930914,0,252,200,CLARABEL,optimal
2022-01-31,temporal_assessment,assertive,10000000.0,300.0,0.020500944373804786,0.01718926532973005,1.1334485264367848,-0.022470693463300412,200,62,62,1.9999999691897865,-1.1949655875920229e-08,0.043477849344659036,-0.04999998947690266,0.0399999991665304,0.020000000726655337,109.78761226029418,4.771027920128912,86778264.27,0.0006729252542917966,0.00013875381335863525,0.002499999976424303,0.003311679044074735,0.010593768390930914,0,252,200,CLARABEL,optimal
2022-01-31,temporal_assessment,assertive,100000000.0,50.0,0.020500944373804786,0.01897257437252842,1.1334485264367848,-0.022470693463300412,200,62,62,1.9999999691897865,-1.1949655875920229e-08,0.043477849344659036,-0.04999998947690266,0.0399999991665304,0.020000000726655337,109.78761226029418,4.771027920128912,86778264.27,0.0006729252542917966,0.0004387780842471851,0.00041666666273738385,0.0015283700012763655,0.10593768390930915,1,252,200,CLARABEL,optimal
2022-01-31,temporal_assessment,assertive,100000000.0,150.0,0.020500944373804786,0.018139241047053653,1.1334485264367848,-0.022470693463300412,200,62,62,1.9999999691897865,-1.1949655875920229e-08,0.043477849344659036,-0.04999998947690266,0.0399999991665304,0.020000000726655337,109.78761226029418,4.771027920128912,86778264.27,0.0006729252542917966,0.0004387780842471851,0.0012499999882121516,0.0023617033267511332,0.10593768390930915,1,252,200,CLARABEL,optimal
2022-01-31,temporal_assessment,assertive,100000000.0,300.0,0.020500944373804786,0.0168892410588415,1.1334485264367848,-0.022470693463300412,200,62,62,1.9999999691897865,-1.1949655875920229e-08,0.043477849344659036,-0.04999998947690266,0.0399999991665304,0.020000000726655337,109.78761226029418,4.771027920128912,86778264.27,0.0006729252542917966,0.0004387780842471851,0.002499999976424303,0.0036117033149632846,0.10593768390930915,1,252,200,CLARABEL,optimal
2022-01-31,temporal_assessment,assertive,500000000.0,50.0,0.020500944373804786,0.01843021483336177,1.1334485264367848,-0.022470693463300412,200,62,62,1.9999999691897865,-1.1949655875920229e-08,0.043477849344659036,-0.04999998947690266,0.0399999991665304,0.020000000726655337,109.78761226029418,4.771027920128912,86778264.27,0.0006729252542917966,0.0009811376234138355,0.00041666666273738385,0.002070729540443016,0.5296884195465458,41,252,200,CLARABEL,optimal
2022-01-31,temporal_assessment,assertive,500000000.0,150.0,0.020500944373804786,0.017596881507887,1.1334485264367848,-0.022470693463300412,200,62,62,1.9999999691897865,-1.1949655875920229e-08,0.043477849344659036,-0.04999998947690266,0.0399999991665304,0.020000000726655337,109.78761226029418,4.771027920128912,86778264.27,0.0006729252542917966,0.0009811376234138355,0.0012499999882121516,0.0029040628659177834,0.5296884195465458,41,252,200,CLARABEL,optimal
2022-01-31,temporal_assessment,assertive,500000000.0,300.0,0.020500944373804786,0.016346881519674852,1.1334485264367848,-0.022470693463300412,200,62,62,1.9999999691897865,-1.1949655875920229e-08,0.043477849344659036,-0.04999998947690266,0.0399999991665304,0.020000000726655337,109.78761226029418,4.771027920128912,86778264.27,0.0006729252542917966,0.0009811376234138355,0.002499999976424303,0.004154062854129935,0.5296884195465458,41,252,200,CLARABEL,optimal
2022-02-28,temporal_assessment,assertive,10000000.0,50.0,-0.010787770471448445,-0.012432797801065204,1.7024548635609105,0.04456885985251436,200,62,66,1.9999999736025462,-6.059222984466928e-09,0.0499999936648432,0.04999983222669106,0.03999999911187557,0.02000000065580328,108.26908123928736,4.8380542104332935,95934126.97999999,0.001013648620286718,0.00021471204690050587,0.0004166666624295353,0.001645027329616759,0.02317683596640771,0,252,200,CLARABEL,optimal
2022-02-28,temporal_assessment,assertive,10000000.0,150.0,-0.010787770471448445,-0.013266131125924275,1.7024548635609105,0.04456885985251436,200,62,66,1.9999999736025462,-6.059222984466928e-09,0.0499999936648432,0.04999983222669106,0.03999999911187557,0.02000000065580328,108.26908123928736,4.8380542104332935,95934126.97999999,0.001013648620286718,0.00021471204690050587,0.001249999987288606,0.00247836065447583,0.02317683596640771,0,252,200,CLARABEL,optimal
2022-02-28,temporal_assessment,assertive,10000000.0,300.0,-0.010787770471448445,-0.014516131113212882,1.7024548635609105,0.04456885985251436,200,62,66,1.9999999736025462,-6.059222984466928e-09,0.0499999936648432,0.04999983222669106,0.03999999911187557,0.02000000065580328,108.26908123928736,4.8380542104332935,95934126.97999999,0.001013648620286718,0.00021471204690050587,0.002499999974577212,0.003728360641764436,0.02317683596640771,0,252,200,CLARABEL,optimal
2022-02-28,temporal_assessment,assertive,100000000.0,50.0,-0.010787770471448445,-0.012897064863447194,1.7024548635609105,0.04456885985251436,200,62,66,1.9999999736025462,-6.059222984466928e-09,0.0499999936648432,0.04999983222669106,0.03999999911187557,0.02000000065580328,108.26908123928736,4.8380542104332935,95934126.97999999,0.001013648620286718,0.0006789791092824951,0.0004166666624295353,0.0021092943919987484,0.23176835966407708,4,252,200,CLARABEL,optimal
2022-02-28,temporal_assessment,assertive,100000000.0,150.0,-0.010787770471448445,-0.013730398188306264,1.7024548635609105,0.04456885985251436,200,62,66,1.9999999736025462,-6.059222984466928e-09,0.0499999936648432,0.04999983222669106,0.03999999911187557,0.02000000065580328,108.26908123928736,4.8380542104332935,95934126.97999999,0.001013648620286718,0.0006789791092824951,0.001249999987288606,0.0029426277168578194,0.23176835966407708,4,252,200,CLARABEL,optimal
2022-02-28,temporal_assessment,assertive,100000000.0,300.0,-0.010787770471448445,-0.014980398175594871,1.7024548635609105,0.04456885985251436,200,62,66,1.9999999736025462,-6.059222984466928e-09,0.0499999936648432,0.04999983222669106,0.03999999911187557,0.02000000065580328,108.26908123928736,4.8380542104332935,95934126.97999999,0.001013648620286718,0.0006789791092824951,0.002499999974577212,0.004192627704146425,0.23176835966407708,4,252,200,CLARABEL,optimal
2022-02-28,temporal_assessment,assertive,500000000.0,50.0,-0.010787770471448445,-0.013736329197822616,1.7024548635609105,0.04456885985251436,200,62,66,1.9999999736025462,-6.059222984466928e-09,0.0499999936648432,0.04999983222669106,0.03999999911187557,0.02000000065580328,108.26908123928736,4.8380542104332935,95934126.97999999,0.001013648620286718,0.0015182434436579175,0.0004166666624295353,0.002948558726374171,1.1588417983203856,53,252,200,CLARABEL,optimal
2022-02-28,temporal_assessment,assertive,500000000.0,150.0,-0.010787770471448445,-0.014569662522681687,1.7024548635609105,0.04456885985251436,200,62,66,1.9999999736025462,-6.059222984466928e-09,0.0499999936648432,0.04999983222669106,0.03999999911187557,0.02000000065580328,108.26908123928736,4.8380542104332935,95934126.97999999,0.001013648620286718,0.0015182434436579175,0.001249999987288606,0.003781892051233242,1.1588417983203856,53,252,200,CLARABEL,optimal
2022-02-28,temporal_assessment,assertive,500000000.0,300.0,-0.010787770471448445,-0.015819662509970293,1.7024548635609105,0.04456885985251436,200,62,66,1.9999999736025462,-6.059222984466928e-09,0.0499999936648432,0.04999983222669106,0.03999999911187557,0.02000000065580328,108.26908123928736,4.8380542104332935,95934126.97999999,0.001013648620286718,0.0015182434436579175,0.002499999974577212,0.005031892038521848,1.1588417983203856,53,252,200,CLARABEL,optimal
2022-03-31,temporal_assessment,assertive,10000000.0,50.0,0.00535914976128074,0.00397532829994213,1.3916403020016914,-0.1432941914214516,200,61,65,1.9999999504792085,-1.9069901546764356e-08,0.049999980837642954,-0.04999997957369739,0.04000000022317316,0.020000000767998953,108.88231762245705,4.703302185866923,100729322.0889,0.0007855714221290757,0.00018158337888680336,0.00041666666032273133,0.0013838214613386105,0.023736237328506705,0,252,200,CLARABEL,optimal
2022-03-31,temporal_assessment,assertive,10000000.0,150.0,0.00535914976128074,0.0031419949792966676,1.3916403020016914,-0.1432941914214516,200,61,65,1.9999999504792085,-1.9069901546764356e-08,0.049999980837642954,-0.04999997957369739,0.04000000022317316,0.020000000767998953,108.88231762245705,4.703302185866923,100729322.0889,0.0007855714221290757,0.00018158337888680336,0.001249999980968194,0.002217154781984073,0.023736237328506705,0,252,200,CLARABEL,optimal
2022-03-31,temporal_assessment,assertive,10000000.0,300.0,0.00535914976128074,0.0018919949983284734,1.3916403020016914,-0.1432941914214516,200,61,65,1.9999999504792085,-1.9069901546764356e-08,0.049999980837642954,-0.04999997957369739,0.04000000022317316,0.020000000767998953,108.88231762245705,4.703302185866923,100729322.0889,0.0007855714221290757,0.00018158337888680336,0.002499999961936388,0.003467154762952267,0.023736237328506705,0,252,200,CLARABEL,optimal
2022-03-31,temporal_assessment,assertive,100000000.0,50.0,0.00535914976128074,0.0035826946163173045,1.3916403020016914,-0.1432941914214516,200,61,65,1.9999999504792085,-1.9069901546764356e-08,0.049999980837642954,-0.04999997957369739,0.04000000022317316,0.020000000767998953,108.88231762245705,4.703302185866923,100729322.0889,0.0007855714221290757,0.0005742170625116288,0.00041666666032273133,0.001776455144963436,0.23736237328506707,2,252,200,CLARABEL,optimal
2022-03-31,temporal_assessment,assertive,100000000.0,150.0,0.00535914976128074,0.0027493612956718417,1.3916403020016914,-0.1432941914214516,200,61,65,1.9999999504792085,-1.9069901546764356e-08,0.049999980837642954,-0.04999997957369739,0.04000000022317316,0.020000000767998953,108.88231762245705,4.703302185866923,100729322.0889,0.0007855714221290757,0.0005742170625116288,0.001249999980968194,0.0026097884656088987,0.23736237328506707,2,252,200,CLARABEL,optimal
2022-03-31,temporal_assessment,assertive,100000000.0,300.0,0.00535914976128074,0.001499361314703648,1.3916403020016914,-0.1432941914214516,200,61,65,1.9999999504792085,-1.9069901546764356e-08,0.049999980837642954,-0.04999997957369739,0.04000000022317316,0.020000000767998953,108.88231762245705,4.703302185866923,100729322.0889,0.0007855714221290757,0.0005742170625116288,0.002499999961936388,0.0038597884465770924,0.23736237328506707,2,252,200,CLARABEL,optimal
2022-03-31,temporal_assessment,assertive,500000000.0,50.0,0.00535914976128074,0.002872923293212685,1.3916403020016914,-0.1432941914214516,200,61,65,1.9999999504792085,-1.9069901546764356e-08,0.049999980837642954,-0.04999997957369739,0.04000000022317316,0.020000000767998953,108.88231762245705,4.703302185866923,100729322.0889,0.0007855714221290757,0.0012839883856162484,0.00041666666032273133,0.0024862264680680555,1.1868118664253353,16,252,200,CLARABEL,optimal
2022-03-31,temporal_assessment,assertive,500000000.0,150.0,0.00535914976128074,0.0020395899725672226,1.3916403020016914,-0.1432941914214516,200,61,65,1.9999999504792085,-1.9069901546764356e-08,0.049999980837642954,-0.04999997957369739,0.04000000022317316,0.020000000767998953,108.88231762245705,4.703302185866923,100729322.0889,0.0007855714221290757,0.0012839883856162484,0.001249999980968194,0.003319559788713518,1.1868118664253353,16,252,200,CLARABEL,optimal
2022-03-31,temporal_assessment,assertive,500000000.0,300.0,0.00535914976128074,0.0007895899915990288,1.3916403020016914,-0.1432941914214516,200,61,65,1.9999999504792085,-1.9069901546764356e-08,0.049999980837642954,-0.04999997957369739,0.04000000022317316,0.020000000767998953,108.88231762245705,4.703302185866923,100729322.0889,0.0007855714221290757,0.0012839883856162484,0.002499999961936388,0.0045695597696817115,1.1868118664253353,16,252,200,CLARABEL,optimal
2022-04-29,temporal_assessment,assertive,10000000.0,50.0,-0.029339548631838866,-0.030314755166673316,0.9084855521740383,-0.02422567687160644,200,62,64,1.9999999737914747,-1.2946340097186315e-08,0.049999989845186166,-0.05000000149504274,0.03999999865910694,0.02000000080971408,109.2343730443066,4.41024333116129,91755281.215,0.0004445569555171455,0.00011398291541359468,0.00041666666390371146,0.0009752065348344516,0.007819409283863226,0,252,200,CLARABEL,optimal
2022-04-29,temporal_assessment,assertive,10000000.0,150.0,-0.029339548631838866,-0.031148088494480742,0.9084855521740383,-0.02422567687160644,200,62,64,1.9999999737914747,-1.2946340097186315e-08,0.049999989845186166,-0.05000000149504274,0.03999999865910694,0.02000000080971408,109.2343730443066,4.41024333116129,91755281.215,0.0004445569555171455,0.00011398291541359468,0.0012499999917111343,0.0018085398626418747,0.007819409283863226,0,252,200,CLARABEL,optimal
2022-04-29,temporal_assessment,assertive,10000000.0,300.0,-0.029339548631838866,-0.03239808848619188,0.9084855521740383,-0.02422567687160644,200,62,64,1.9999999737914747,-1.2946340097186315e-08,0.049999989845186166,-0.05000000149504274,0.03999999865910694,0.02000000080971408,109.2343730443066,4.41024333116129,91755281.215,0.0004445569555171455,0.00011398291541359468,0.0024999999834222687,0.003058539854353009,0.007819409283863226,0,252,200,CLARABEL,optimal
2022-04-29,temporal_assessment,assertive,100000000.0,50.0,-0.029339548631838866,-0.030561217878312997,0.9084855521740383,-0.02422567687160644,200,62,64,1.9999999737914747,-1.2946340097186315e-08,0.049999989845186166,-0.05000000149504274,0.03999999865910694,0.02000000080971408,109.2343730443066,4.41024333116129,91755281.215,0.0004445569555171455,0.0003604456270532725,0.00041666666390371146,0.0012216692464741296,0.07819409283863224,0,252,200,CLARABEL,optimal
2022-04-29,temporal_assessment,assertive,100000000.0,150.0,-0.029339548631838866,-0.03139455120612042,0.9084855521740383,-0.02422567687160644,200,62,64,1.9999999737914747,-1.2946340097186315e-08,0.049999989845186166,-0.05000000149504274,0.03999999865910694,0.02000000080971408,109.2343730443066,4.41024333116129,91755281.215,0.0004445569555171455,0.0003604456270532725,0.0012499999917111343,0.0020550025742815522,0.07819409283863224,0,252,200,CLARABEL,optimal
2022-04-29,temporal_assessment,assertive,100000000.0,300.0,-0.029339548631838866,-0.03264455119783155,0.9084855521740383,-0.02422567687160644,200,62,64,1.9999999737914747,-1.2946340097186315e-08,0.049999989845186166,-0.05000000149504274,0.03999999865910694,0.02000000080971408,109.2343730443066,4.41024333116129,91755281.215,0.0004445569555171455,0.0003604456270532725,0.0024999999834222687,0.0033050025659926868,0.07819409283863224,0,252,200,CLARABEL,optimal
2022-04-29,temporal_assessment,assertive,500000000.0,50.0,-0.029339548631838866,-0.031006753175543376,0.9084855521740383,-0.02422567687160644,200,62,64,1.9999999737914747,-1.2946340097186315e-08,0.049999989845186166,-0.05000000149504274,0.03999999865910694,0.02000000080971408,109.2343730443066,4.41024333116129,91755281.215,0.0004445569555171455,0.0008059809242836546,0.00041666666390371146,0.0016672045437045116,0.3909704641931612,26,252,200,CLARABEL,optimal
2022-04-29,temporal_assessment,assertive,500000000.0,150.0,-0.029339548631838866,-0.0318400865033508,0.9084855521740383,-0.02422567687160644,200,62,64,1.9999999737914747,-1.2946340097186315e-08,0.049999989845186166,-0.05000000149504274,0.03999999865910694,0.02000000080971408,109.2343730443066,4.41024333116129,91755281.215,0.0004445569555171455,0.0008059809242836546,0.0012499999917111343,0.0025005378715119344,0.3909704641931612,26,252,200,CLARABEL,optimal
2022-04-29,temporal_assessment,assertive,500000000.0,300.0,-0.029339548631838866,-0.033090086495061934,0.9084855521740383,-0.02422567687160644,200,62,64,1.9999999737914747,-1.2946340097186315e-08,0.049999989845186166,-0.05000000149504274,0.03999999865910694,0.02000000080971408,109.2343730443066,4.41024333116129,91755281.215,0.0004445569555171455,0.0008059809242836546,0.0024999999834222687,0.0037505378632230685,0.3909704641931612,26,252,200,CLARABEL,optimal
2022-05-31,temporal_assessment,assertive,10000000.0,50.0,-0.04190830720778536,-0.04293035826607187,0.9884449856542066,-0.09539596311395811,200,65,58,1.9999999710313665,3.2037377889482244e-09,0.04999999950558909,-0.009383369483315931,0.03999448560095048,0.020000000743463316,108.29993403763476,4.457584761143793,81120361.91,0.00047051624929044075,0.0001348681490319811,0.0004166666599640893,0.0010220510582865112,0.02568060636498209,0,252,200,CLARABEL,optimal
2022-05-31,temporal_assessment,assertive,10000000.0,150.0,-0.04190830720778536,-0.04376369158600005,0.9884449856542066,-0.09539596311395811,200,65,58,1.9999999710313665,3.2037377889482244e-09,0.04999999950558909,-0.009383369483315931,0.03999448560095048,0.020000000743463316,108.29993403763476,4.457584761143793,81120361.91,0.00047051624929044075,0.0001348681490319811,0.0012499999798922677,0.0018553843782146895,0.02568060636498209,0,252,200,CLARABEL,optimal
2022-05-31,temporal_assessment,assertive,10000000.0,300.0,-0.04190830720778536,-0.045013691565892314,0.9884449856542066,-0.09539596311395811,200,65,58,1.9999999710313665,3.2037377889482244e-09,0.04999999950558909,-0.009383369483315931,0.03999448560095048,0.020000000743463316,108.29993403763476,4.457584761143793,81120361.91,0.00047051624929044075,0.0001348681490319811,0.0024999999597845354,0.0031053843581069574,0.02568060636498209,0,252,200,CLARABEL,optimal
2022-05-31,temporal_assessment,assertive,100000000.0,50.0,-0.04190830720778536,-0.04322198065179198,0.9884449856542066,-0.09539596311395811,200,65,58,1.9999999710313665,3.2037377889482244e-09,0.04999999950558909,-0.009383369483315931,0.03999448560095048,0.020000000743463316,108.29993403763476,4.457584761143793,81120361.91,0.00047051624929044075,0.00042649053475209343,0.0004166666599640893,0.0013136734440066234,0.2568060636498209,3,252,200,CLARABEL,optimal
2022-05-31,temporal_assessment,assertive,100000000.0,150.0,-0.04190830720778536,-0.04405531397172016,0.9884449856542066,-0.09539596311395811,200,65,58,1.9999999710313665,3.2037377889482244e-09,0.04999999950558909,-0.009383369483315931,0.03999448560095048,0.020000000743463316,108.29993403763476,4.457584761143793,81120361.91,0.00047051624929044075,0.00042649053475209343,0.0012499999798922677,0.0021470067639348016,0.2568060636498209,3,252,200,CLARABEL,optimal
2022-05-31,temporal_assessment,assertive,100000000.0,300.0,-0.04190830720778536,-0.04530531395161243,0.9884449856542066,-0.09539596311395811,200,65,58,1.9999999710313665,3.2037377889482244e-09,0.04999999950558909,-0.009383369483315931,0.03999448560095048,0.020000000743463316,108.29993403763476,4.457584761143793,81120361.91,0.00047051624929044075,0.00042649053475209343,0.0024999999597845354,0.0033970067438270695,0.2568060636498209,3,252,200,CLARABEL,optimal
2022-05-31,temporal_assessment,assertive,500000000.0,50.0,-0.04190830720778536,-0.04374915194450581,0.9884449856542066,-0.09539596311395811,200,65,58,1.9999999710313665,3.2037377889482244e-09,0.04999999950558909,-0.009383369483315931,0.03999448560095048,0.020000000743463316,108.29993403763476,4.457584761143793,81120361.91,0.00047051624929044075,0.0009536618274659174,0.0004166666599640893,0.0018408447367204474,1.2840303182491046,33,252,200,CLARABEL,optimal
2022-05-31,temporal_assessment,assertive,500000000.0,150.0,-0.04190830720778536,-0.04458248526443398,0.9884449856542066,-0.09539596311395811,200,65,58,1.9999999710313665,3.2037377889482244e-09,0.04999999950558909,-0.009383369483315931,0.03999448560095048,0.020000000743463316,108.29993403763476,4.457584761143793,81120361.91,0.00047051624929044075,0.0009536618274659174,0.0012499999798922677,0.002674178056648626,1.2840303182491046,33,252,200,CLARABEL,optimal
2022-05-31,temporal_assessment,assertive,500000000.0,300.0,-0.04190830720778536,-0.04583248524432625,0.9884449856542066,-0.09539596311395811,200,65,58,1.9999999710313665,3.2037377889482244e-09,0.04999999950558909,-0.009383369483315931,0.03999448560095048,0.020000000743463316,108.29993403763476,4.457584761143793,81120361.91,0.00047051624929044075,0.0009536618274659174,0.0024999999597845354,0.003924178036540894,1.2840303182491046,33,252,200,CLARABEL,optimal
2022-06-30,temporal_assessment,assertive,10000000.0,50.0,-0.028088081006421635,-0.029102129716326707,0.9368917171788458,0.14800917794899365,199,61,64,1.9999999660733367,-9.111139342987684e-10,0.04999999098491684,-0.029593707447274957,0.03101466213419877,0.020000000807745125,107.10912719275197,4.001120313687605,79980508.39999999,0.00045575875696190257,0.00014162329315474143,0.00041666665978842723,0.0010140487099050712,0.00921233157060327,0,252,199,CLARABEL,optimal
2022-06-30,temporal_assessment,assertive,10000000.0,150.0,-0.028088081006421635,-0.02993546303590356,0.9368917171788458,0.14800917794899365,199,61,64,1.9999999660733367,-9.111139342987684e-10,0.04999999098491684,-0.029593707447274957,0.03101466213419877,0.020000000807745125,107.10912719275197,4.001120313687605,79980508.39999999,0.00045575875696190257,0.00014162329315474143,0.0012499999793652817,0.0018473820294819256,0.00921233157060327,0,252,199,CLARABEL,optimal
2022-06-30,temporal_assessment,assertive,10000000.0,300.0,-0.028088081006421635,-0.031185463015268842,0.9368917171788458,0.14800917794899365,199,61,64,1.9999999660733367,-9.111139342987684e-10,0.04999999098491684,-0.029593707447274957,0.03101466213419877,0.020000000807745125,107.10912719275197,4.001120313687605,79980508.39999999,0.00045575875696190257,0.00014162329315474143,0.0024999999587305634,0.0030973820088472073,0.00921233157060327,0,252,199,CLARABEL,optimal
2022-06-30,temporal_assessment,assertive,100000000.0,50.0,-0.028088081006421635,-0.02940835859927468,0.9368917171788458,0.14800917794899365,199,61,64,1.9999999660733367,-9.111139342987684e-10,0.04999999098491684,-0.029593707447274957,0.03101466213419877,0.020000000807745125,107.10912719275197,4.001120313687605,79980508.39999999,0.00045575875696190257,0.00044785217610271617,0.00041666665978842723,0.001320277592853046,0.0921233157060327,0,252,199,CLARABEL,optimal
2022-06-30,temporal_assessment,assertive,100000000.0,150.0,-0.028088081006421635,-0.030241691918851534,0.9368917171788458,0.14800917794899365,199,61,64,1.9999999660733367,-9.111139342987684e-10,0.04999999098491684,-0.029593707447274957,0.03101466213419877,0.020000000807745125,107.10912719275197,4.001120313687605,79980508.39999999,0.00045575875696190257,0.00044785217610271617,0.0012499999793652817,0.0021536109124299005,0.0921233157060327,0,252,199,CLARABEL,optimal
2022-06-30,temporal_assessment,assertive,100000000.0,300.0,-0.028088081006421635,-0.031491691898216816,0.9368917171788458,0.14800917794899365,199,61,64,1.9999999660733367,-9.111139342987684e-10,0.04999999098491684,-0.029593707447274957,0.03101466213419877,0.020000000807745125,107.10912719275197,4.001120313687605,79980508.39999999,0.00045575875696190257,0.00044785217610271617,0.0024999999587305634,0.003403610891795182,0.0921233157060327,0,252,199,CLARABEL,optimal
2022-06-30,temporal_assessment,assertive,500000000.0,50.0,-0.028088081006421635,-0.029961934332808846,0.9368917171788458,0.14800917794899365,199,61,64,1.9999999660733367,-9.111139342987684e-10,0.04999999098491684,-0.029593707447274957,0.03101466213419877,0.020000000807745125,107.10912719275197,4.001120313687605,79980508.39999999,0.00045575875696190257,0.0010014279096368802,0.00041666665978842723,0.00187385332638721,0.4606165785301636,29,252,199,CLARABEL,optimal
2022-06-30,temporal_assessment,assertive,500000000.0,150.0,-0.028088081006421635,-0.0307952676523857,0.9368917171788458,0.14800917794899365,199,61,64,1.9999999660733367,-9.111139342987684e-10,0.04999999098491684,-0.029593707447274957,0.03101466213419877,0.020000000807745125,107.10912719275197,4.001120313687605,79980508.39999999,0.00045575875696190257,0.0010014279096368802,0.0012499999793652817,0.0027071866459640647,0.4606165785301636,29,252,199,CLARABEL,optimal
2022-06-30,temporal_assessment,assertive,500000000.0,300.0,-0.028088081006421635,-0.03204526763175098,0.9368917171788458,0.14800917794899365,199,61,64,1.9999999660733367,-9.111139342987684e-10,0.04999999098491684,-0.029593707447274957,0.03101466213419877,0.020000000807745125,107.10912719275197,4.001120313687605,79980508.39999999,0.00045575875696190257,0.0010014279096368802,0.0024999999587305634,0.003957186625329346,0.4606165785301636,29,252,199,CLARABEL,optimal
2022-07-29,temporal_assessment,assertive,10000000.0,50.0,-5.6322964523214045e-05,-0.0009327514533146659,0.7320017749882375,-0.03921710657208396,200,59,63,1.999999974962177,-3.6429629313161627e-09,0.050000000268438344,0.028387117275782095,0.0390185484360296,0.02000000085636825,105.8758540712779,3.9956389624566997,82661694.16499999,0.0003455885626251202,0.00011417326395692749,0.0004166666622094041,0.0008764284887914518,0.008422443425120578,0,252,200,CLARABEL,optimal
2022-07-29,temporal_assessment,assertive,10000000.0,150.0,-5.6322964523214045e-05,-0.0017660847777334742,0.7320017749882375,-0.03921710657208396,200,59,63,1.999999974962177,-3.6429629313161627e-09,0.050000000268438344,0.028387117275782095,0.0390185484360296,0.02000000085636825,105.8758540712779,3.9956389624566997,82661694.16499999,0.0003455885626251202,0.00011417326395692749,0.0012499999866282124,0.0017097618132102602,0.008422443425120578,0,252,200,CLARABEL,optimal
2022-07-29,temporal_assessment,assertive,10000000.0,300.0,-5.6322964523214045e-05,-0.0030160847643616864,0.7320017749882375,-0.03921710657208396,200,59,63,1.999999974962177,-3.6429629313161627e-09,0.050000000268438344,0.028387117275782095,0.0390185484360296,0.02000000085636825,105.8758540712779,3.9956389624566997,82661694.16499999,0.0003455885626251202,0.00011417326395692749,0.002499999973256425,0.0029597617998384724,0.008422443425120578,0,252,200,CLARABEL,optimal
2022-07-29,temporal_assessment,assertive,100000000.0,50.0,-5.6322964523214045e-05,-0.0011796257513572376,0.7320017749882375,-0.03921710657208396,200,59,63,1.999999974962177,-3.6429629313161627e-09,0.050000000268438344,0.028387117275782095,0.0390185484360296,0.02000000085636825,105.8758540712779,3.9956389624566997,82661694.16499999,0.0003455885626251202,0.0003610475619994993,0.0004166666622094041,0.0011233027868340236,0.0842244342512058,0,252,200,CLARABEL,optimal
2022-07-29,temporal_assessment,assertive,100000000.0,150.0,-5.6322964523214045e-05,-0.002012959075776046,0.7320017749882375,-0.03921710657208396,200,59,63,1.999999974962177,-3.6429629313161627e-09,0.050000000268438344,0.028387117275782095,0.0390185484360296,0.02000000085636825,105.8758540712779,3.9956389624566997,82661694.16499999,0.0003455885626251202,0.0003610475619994993,0.0012499999866282124,0.001956636111252832,0.0842244342512058,0,252,200,CLARABEL,optimal
2022-07-29,temporal_assessment,assertive,100000000.0,300.0,-5.6322964523214045e-05,-0.003262959062404258,0.7320017749882375,-0.03921710657208396,200,59,63,1.999999974962177,-3.6429629313161627e-09,0.050000000268438344,0.028387117275782095,0.0390185484360296,0.02000000085636825,105.8758540712779,3.9956389624566997,82661694.16499999,0.0003455885626251202,0.0003610475619994993,0.002499999973256425,0.003206636097881044,0.0842244342512058,0,252,200,CLARABEL,optimal
2022-07-29,temporal_assessment,assertive,500000000.0,50.0,-5.6322964523214045e-05,-0.0016259050810991888,0.7320017749882375,-0.03921710657208396,200,59,63,1.999999974962177,-3.6429629313161627e-09,0.050000000268438344,0.028387117275782095,0.0390185484360296,0.02000000085636825,105.8758540712779,3.9956389624566997,82661694.16499999,0.0003455885626251202,0.0008073268917414505,0.0004166666622094041,0.0015695821165759747,0.4211221712560289,26,252,200,CLARABEL,optimal
2022-07-29,temporal_assessment,assertive,500000000.0,150.0,-5.6322964523214045e-05,-0.002459238405517997,0.7320017749882375,-0.03921710657208396,200,59,63,1.999999974962177,-3.6429629313161627e-09,0.050000000268438344,0.028387117275782095,0.0390185484360296,0.02000000085636825,105.8758540712779,3.9956389624566997,82661694.16499999,0.0003455885626251202,0.0008073268917414505,0.0012499999866282124,0.002402915440994783,0.4211221712560289,26,252,200,CLARABEL,optimal
2022-07-29,temporal_assessment,assertive,500000000.0,300.0,-5.6322964523214045e-05,-0.0037092383921462097,0.7320017749882375,-0.03921710657208396,200,59,63,1.999999974962177,-3.6429629313161627e-09,0.050000000268438344,0.028387117275782095,0.0390185484360296,0.02000000085636825,105.8758540712779,3.9956389624566997,82661694.16499999,0.0003455885626251202,0.0008073268917414505,0.002499999973256425,0.0036529154276229957,0.4211221712560289,26,252,200,CLARABEL,optimal
2022-08-31,temporal_assessment,assertive,10000000.0,50.0,0.010482988001710925,0.009659275476116416,0.7072845399898602,-0.08689522248248603,200,60,61,1.9999999786296219,8.121450373321792e-09,0.035408981841705295,0.025354867353952898,0.03999999979938389,0.02000000084444716,106.53510624515816,3.7341592360255236,73041685.12,0.0003013186905023882,0.0001057271745695848,0.00041666666052253575,0.0008237125255945088,0.0076881072813138,0,252,200,CLARABEL,optimal
2022-08-31,temporal_assessment,assertive,10000000.0,150.0,0.010482988001710925,0.008825942155071344,0.7072845399898602,-0.08689522248248603,200,60,61,1.9999999786296219,8.121450373321792e-09,0.035408981841705295,0.025354867353952898,0.03999999979938389,0.02000000084444716,106.53510624515816,3.7341592360255236,73041685.12,0.0003013186905023882,0.0001057271745695848,0.0012499999815676073,0.0016570458466395803,0.0076881072813138,0,252,200,CLARABEL,optimal
2022-08-31,temporal_assessment,assertive,10000000.0,300.0,0.010482988001710925,0.007575942173503738,0.7072845399898602,-0.08689522248248603,200,60,61,1.9999999786296219,8.121450373321792e-09,0.035408981841705295,0.025354867353952898,0.03999999979938389,0.02000000084444716,106.53510624515816,3.7341592360255236,73041685.12,0.0003013186905023882,0.0001057271745695848,0.0024999999631352145,0.0029070458282071873,0.0076881072813138,0,252,200,CLARABEL,optimal
2022-08-31,temporal_assessment,assertive,100000000.0,50.0,0.010482988001710925,0.009430663968471881,0.7072845399898602,-0.08689522248248603,200,60,61,1.9999999786296219,8.121450373321792e-09,0.035408981841705295,0.025354867353952898,0.03999999979938389,0.02000000084444716,106.53510624515816,3.7341592360255236,73041685.12,0.0003013186905023882,0.0003343386822141203,0.00041666666052253575,0.0010523240332390442,0.076881072813138,0,252,200,CLARABEL,optimal
2022-08-31,temporal_assessment,assertive,100000000.0,150.0,0.010482988001710925,0.00859733064742681,0.7072845399898602,-0.08689522248248603,200,60,61,1.9999999786296219,8.121450373321792e-09,0.035408981841705295,0.025354867353952898,0.03999999979938389,0.02000000084444716,106.53510624515816,3.7341592360255236,73041685.12,0.0003013186905023882,0.0003343386822141203,0.0012499999815676073,0.0018856573542841157,0.076881072813138,0,252,200,CLARABEL,optimal
2022-08-31,temporal_assessment,assertive,100000000.0,300.0,0.010482988001710925,0.007347330665859202,0.7072845399898602,-0.08689522248248603,200,60,61,1.9999999786296219,8.121450373321792e-09,0.035408981841705295,0.025354867353952898,0.03999999979938389,0.02000000084444716,106.53510624515816,3.7341592360255236,73041685.12,0.0003013186905023882,0.0003343386822141203,0.0024999999631352145,0.003135657335851723,0.076881072813138,0,252,200,CLARABEL,optimal
2022-08-31,temporal_assessment,assertive,500000000.0,50.0,0.010482988001710925,0.009017398629747528,0.7072845399898602,-0.08689522248248603,200,60,61,1.9999999786296219,8.121450373321792e-09,0.035408981841705295,0.025354867353952898,0.03999999979938389,0.02000000084444716,106.53510624515816,3.7341592360255236,73041685.12,0.0003013186905023882,0.000747604020938473,0.00041666666052253575,0.001465589371963397,0.38440536406569004,22,252,200,CLARABEL,optimal
2022-08-31,temporal_assessment,assertive,500000000.0,150.0,0.010482988001710925,0.008184065308702457,0.7072845399898602,-0.08689522248248603,200,60,61,1.9999999786296219,8.121450373321792e-09,0.035408981841705295,0.025354867353952898,0.03999999979938389,0.02000000084444716,106.53510624515816,3.7341592360255236,73041685.12,0.0003013186905023882,0.000747604020938473,0.0012499999815676073,0.0022989226930084684,0.38440536406569004,22,252,200,CLARABEL,optimal
2022-08-31,temporal_assessment,assertive,500000000.0,300.0,0.010482988001710925,0.006934065327134849,0.7072845399898602,-0.08689522248248603,200,60,61,1.9999999786296219,8.121450373321792e-09,0.035408981841705295,0.025354867353952898,0.03999999979938389,0.02000000084444716,106.53510624515816,3.7341592360255236,73041685.12,0.0003013186905023882,0.000747604020938473,0.0024999999631352145,0.003548922674576076,0.38440536406569004,22,252,200,CLARABEL,optimal
2022-09-30,temporal_assessment,assertive,10000000.0,50.0,0.03316792370367221,0.03234984620577052,0.6656862218926529,0.03804273030419113,200,64,59,1.9999999748935702,2.339864968448069e-09,0.04263640519178599,0.014854893662817868,0.03999999962326668,0.0200000010379419,106.98183857132209,4.183000996603166,67703248.44,0.00029880747001980866,0.00010260336693319695,0.00041666666094868863,0.0008180774979016942,0.011544447569936049,0,252,200,CLARABEL,optimal
2022-09-30,temporal_assessment,assertive,10000000.0,150.0,0.03316792370367221,0.03151651288387314,0.6656862218926529,0.03804273030419113,200,64,59,1.9999999748935702,2.339864968448069e-09,0.04263640519178599,0.014854893662817868,0.03999999962326668,0.0200000010379419,106.98183857132209,4.183000996603166,67703248.44,0.00029880747001980866,0.00010260336693319695,0.001249999982846066,0.0016514108197990716,0.011544447569936049,0,252,200,CLARABEL,optimal
2022-09-30,temporal_assessment,assertive,10000000.0,300.0,0.03316792370367221,0.030266512901027075,0.6656862218926529,0.03804273030419113,200,64,59,1.9999999748935702,2.339864968448069e-09,0.04263640519178599,0.014854893662817868,0.03999999962326668,0.0200000010379419,106.98183857132209,4.183000996603166,67703248.44,0.00029880747001980866,0.00010260336693319695,0.002499999965692132,0.0029014108026451375,0.011544447569936049,0,252,200,CLARABEL,optimal
2022-09-30,temporal_assessment,assertive,100000000.0,50.0,0.03316792370367221,0.03212798923759281,0.6656862218926529,0.03804273030419113,200,64,59,1.9999999748935702,2.339864968448069e-09,0.04263640519178599,0.014854893662817868,0.03999999962326668,0.0200000010379419,106.98183857132209,4.183000996603166,67703248.44,0.00029880747001980866,0.00032446033511090777,0.00041666666094868863,0.001039934466079405,0.1154444756993605,2,252,200,CLARABEL,optimal
2022-09-30,temporal_assessment,assertive,100000000.0,150.0,0.03316792370367221,0.03129465591569543,0.6656862218926529,0.03804273030419113,200,64,59,1.9999999748935702,2.339864968448069e-09,0.04263640519178599,0.014854893662817868,0.03999999962326668,0.0200000010379419,106.98183857132209,4.183000996603166,67703248.44,0.00029880747001980866,0.00032446033511090777,0.001249999982846066,0.0018732677879767824,0.1154444756993605,2,252,200,CLARABEL,optimal
2022-09-30,temporal_assessment,assertive,100000000.0,300.0,0.03316792370367221,0.030044655932849364,0.6656862218926529,0.03804273030419113,200,64,59,1.9999999748935702,2.339864968448069e-09,0.04263640519178599,0.014854893662817868,0.03999999962326668,0.0200000010379419,106.98183857132209,4.183000996603166,67703248.44,0.00029880747001980866,0.00032446033511090777,0.002499999965692132,0.003123267770822848,0.1154444756993605,2,252,200,CLARABEL,optimal
2022-09-30,temporal_assessment,assertive,500000000.0,50.0,0.03316792370367221,0.031726934207393365,0.6656862218926529,0.03804273030419113,200,64,59,1.9999999748935702,2.339864968448069e-09,0.04263640519178599,0.014854893662817868,0.03999999962326668,0.0200000010379419,106.98183857132209,4.183000996603166,67703248.44,0.00029880747001980866,0.0007255153653103516,0.00041666666094868863,0.001440989496278849,0.5772223784968025,27,252,200,CLARABEL,optimal
2022-09-30,temporal_assessment,assertive,500000000.0,150.0,0.03316792370367221,0.030893600885495986,0.6656862218926529,0.03804273030419113,200,64,59,1.9999999748935702,2.339864968448069e-09,0.04263640519178599,0.014854893662817868,0.03999999962326668,0.0200000010379419,106.98183857132209,4.183000996603166,67703248.44,0.00029880747001980866,0.0007255153653103516,0.001249999982846066,0.002274322818176226,0.5772223784968025,27,252,200,CLARABEL,optimal
2022-09-30,temporal_assessment,assertive,500000000.0,300.0,0.03316792370367221,0.02964360090264992,0.6656862218926529,0.03804273030419113,200,64,59,1.9999999748935702,2.339864968448069e-09,0.04263640519178599,0.014854893662817868,0.03999999962326668,0.0200000010379419,106.98183857132209,4.183000996603166,67703248.44,0.00029880747001980866,0.0007255153653103516,0.002499999965692132,0.003524322801022292,0.5772223784968025,27,252,200,CLARABEL,optimal
2022-10-31,temporal_assessment,assertive,10000000.0,50.0,0.026588657860043302,0.025807288693656658,0.6104776785722708,0.03129483568646713,200,62,60,1.9999999637900432,-7.580419181252296e-09,0.03944090201475681,0.0004956543106036347,0.0400000003745383,0.02000000102049297,106.487900165256,3.845286384460322,76323488.69342,0.0002948951354910902,6.980737019337524e-05,0.00041666666070217965,0.000781369166386645,0.010772287724353605,0,252,200,CLARABEL,optimal
2022-10-31,temporal_assessment,assertive,10000000.0,150.0,0.026588657860043302,0.024973955372252298,0.6104776785722708,0.03129483568646713,200,62,60,1.9999999637900432,-7.580419181252296e-09,0.03944090201475681,0.0004956543106036347,0.0400000003745383,0.02000000102049297,106.487900165256,3.845286384460322,76323488.69342,0.0002948951354910902,6.980737019337524e-05,0.001249999982106539,0.0016147024877910044,0.010772287724353605,0,252,200,CLARABEL,optimal
2022-10-31,temporal_assessment,assertive,10000000.0,300.0,0.026588657860043302,0.023723955390145757,0.6104776785722708,0.03129483568646713,200,62,60,1.9999999637900432,-7.580419181252296e-09,0.03944090201475681,0.0004956543106036347,0.0400000003745383,0.02000000102049297,106.487900165256,3.845286384460322,76323488.69342,0.0002948951354910902,6.980737019337524e-05,0.002499999964213078,0.0028647024698975434,0.010772287724353605,0,252,200,CLARABEL,optimal
2022-10-31,temporal_assessment,assertive,100000000.0,50.0,0.026588657860043302,0.025656345776572418,0.6104776785722708,0.03129483568646713,200,62,60,1.9999999637900432,-7.580419181252296e-09,0.03944090201475681,0.0004956543106036347,0.0400000003745383,0.02000000102049297,106.487900165256,3.845286384460322,76323488.69342,0.0002948951354910902,0.00022075028727761448,0.00041666666070217965,0.0009323120834708843,0.10772287724353603,1,252,200,CLARABEL,optimal
2022-10-31,temporal_assessment,assertive,100000000.0,150.0,0.026588657860043302,0.024823012455168058,0.6104776785722708,0.03129483568646713,200,62,60,1.9999999637900432,-7.580419181252296e-09,0.03944090201475681,0.0004956543106036347,0.0400000003745383,0.02000000102049297,106.487900165256,3.845286384460322,76323488.69342,0.0002948951354910902,0.00022075028727761448,0.001249999982106539,0.0017656454048752437,0.10772287724353603,1,252,200,CLARABEL,optimal
2022-10-31,temporal_assessment,assertive,100000000.0,300.0,0.026588657860043302,0.023573012473061518,0.6104776785722708,0.03129483568646713,200,62,60,1.9999999637900432,-7.580419181252296e-09,0.03944090201475681,0.0004956543106036347,0.0400000003745383,0.02000000102049297,106.487900165256,3.845286384460322,76323488.69342,0.0002948951354910902,0.00022075028727761448,0.002499999964213078,0.0030156453869817825,0.10772287724353603,1,252,200,CLARABEL,optimal
2022-10-31,temporal_assessment,assertive,500000000.0,50.0,0.026588657860043302,0.02538348341544468,0.6104776785722708,0.03129483568646713,200,62,60,1.9999999637900432,-7.580419181252296e-09,0.03944090201475681,0.0004956543106036347,0.0400000003745383,0.02000000102049297,106.487900165256,3.845286384460322,76323488.69342,0.0002948951354910902,0.0004936126484053529,0.00041666666070217965,0.0012051744445986227,0.5386143862176802,18,252,200,CLARABEL,optimal
2022-10-31,temporal_assessment,assertive,500000000.0,150.0,0.026588657860043302,0.02455015009404032,0.6104776785722708,0.03129483568646713,200,62,60,1.9999999637900432,-7.580419181252296e-09,0.03944090201475681,0.0004956543106036347,0.0400000003745383,0.02000000102049297,106.487900165256,3.845286384460322,76323488.69342,0.0002948951354910902,0.0004936126484053529,0.001249999982106539,0.002038507766002982,0.5386143862176802,18,252,200,CLARABEL,optimal
2022-10-31,temporal_assessment,assertive,500000000.0,300.0,0.026588657860043302,0.02330015011193378,0.6104776785722708,0.03129483568646713,200,62,60,1.9999999637900432,-7.580419181252296e-09,0.03944090201475681,0.0004956543106036347,0.0400000003745383,0.02000000102049297,106.487900165256,3.845286384460322,76323488.69342,0.0002948951354910902,0.0004936126484053529,0.002499999964213078,0.003288507748109521,0.5386143862176802,18,252,200,CLARABEL,optimal
2022-11-30,temporal_assessment,assertive,10000000.0,50.0,0.012266999186565833,0.01131272443611194,0.9336065971154315,-0.09012339145701902,200,64,60,1.999999944388931,-2.0584424623160125e-08,0.018346519227766894,0.050000002597869395,0.03999998905514675,0.0200000009112833,107.89811241618969,4.02985743423308,77725288.400745,0.00042502881870629025,0.00011257927237815427,0.0004166666593694492,0.0009542747504538937,0.01000332270151996,0,252,200,CLARABEL,optimal
2022-11-30,temporal_assessment,assertive,10000000.0,150.0,0.012266999186565833,0.010479391117373041,0.9336065971154315,-0.09012339145701902,200,64,60,1.999999944388931,-2.0584424623160125e-08,0.018346519227766894,0.050000002597869395,0.03999998905514675,0.0200000009112833,107.89811241618969,4.02985743423308,77725288.400745,0.00042502881870629025,0.00011257927237815427,0.0012499999781083475,0.0017876080691927921,0.01000332270151996,0,252,200,CLARABEL,optimal
2022-11-30,temporal_assessment,assertive,10000000.0,300.0,0.012266999186565833,0.009229391139264694,0.9336065971154315,-0.09012339145701902,200,64,60,1.999999944388931,-2.0584424623160125e-08,0.018346519227766894,0.050000002597869395,0.03999998905514675,0.0200000009112833,107.89811241618969,4.02985743423308,77725288.400745,0.00042502881870629025,0.00011257927237815427,0.002499999956216695,0.0030376080473011394,0.01000332270151996,0,252,200,CLARABEL,optimal
2022-11-30,temporal_assessment,assertive,100000000.0,50.0,0.012266999186565833,0.011069296790450645,0.9336065971154315,-0.09012339145701902,200,64,60,1.999999944388931,-2.0584424623160125e-08,0.018346519227766894,0.050000002597869395,0.03999998905514675,0.0200000009112833,107.89811241618969,4.02985743423308,77725288.400745,0.00042502881870629025,0.0003560069180394484,0.0004166666593694492,0.0011977023961151879,0.10003322701519961,1,252,200,CLARABEL,optimal
2022-11-30,temporal_assessment,assertive,100000000.0,150.0,0.012266999186565833,0.010235963471711747,0.9336065971154315,-0.09012339145701902,200,64,60,1.999999944388931,-2.0584424623160125e-08,0.018346519227766894,0.050000002597869395,0.03999998905514675,0.0200000009112833,107.89811241618969,4.02985743423308,77725288.400745,0.00042502881870629025,0.0003560069180394484,0.0012499999781083475,0.002031035714854086,0.10003322701519961,1,252,200,CLARABEL,optimal
2022-11-30,temporal_assessment,assertive,100000000.0,300.0,0.012266999186565833,0.008985963493603399,0.9336065971154315,-0.09012339145701902,200,64,60,1.999999944388931,-2.0584424623160125e-08,0.018346519227766894,0.050000002597869395,0.03999998905514675,0.0200000009112833,107.89811241618969,4.02985743423308,77725288.400745,0.00042502881870629025,0.0003560069180394484,0.002499999956216695,0.003281035692962434,0.10003322701519961,1,252,200,CLARABEL,optimal
2022-11-30,temporal_assessment,assertive,500000000.0,50.0,0.012266999186565833,0.01062924803929369,0.9336065971154315,-0.09012339145701902,200,64,60,1.999999944388931,-2.0584424623160125e-08,0.018346519227766894,0.050000002597869395,0.03999998905514675,0.0200000009112833,107.89811241618969,4.02985743423308,77725288.400745,0.00042502881870629025,0.0007960556691964027,0.0004166666593694492,0.0016377511472721422,0.5001661350759979,29,252,200,CLARABEL,optimal
2022-11-30,temporal_assessment,assertive,500000000.0,150.0,0.012266999186565833,0.009795914720554792,0.9336065971154315,-0.09012339145701902,200,64,60,1.999999944388931,-2.0584424623160125e-08,0.018346519227766894,0.050000002597869395,0.03999998905514675,0.0200000009112833,107.89811241618969,4.02985743423308,77725288.400745,0.00042502881870629025,0.0007960556691964027,0.0012499999781083475,0.0024710844660110406,0.5001661350759979,29,252,200,CLARABEL,optimal
2022-11-30,temporal_assessment,assertive,500000000.0,300.0,0.012266999186565833,0.008545914742446445,0.9336065971154315,-0.09012339145701902,200,64,60,1.999999944388931,-2.0584424623160125e-08,0.018346519227766894,0.050000002597869395,0.03999998905514675,0.0200000009112833,107.89811241618969,4.02985743423308,77725288.400745,0.00042502881870629025,0.0007960556691964027,0.002499999956216695,0.003721084444119388,0.5001661350759979,29,252,200,CLARABEL,optimal
2022-12-30,temporal_assessment,assertive,10000000.0,50.0,0.02214109498248832,0.021143376272311953,0.8686786366114054,0.11656478952360239,200,66,68,1.9999999647126214,-2.6260415161849515e-09,0.022667205272132215,-0.019231830576669717,0.03999999534688704,0.020000000869882725,108.11570052623202,3.9602500611336247,66732310.036074996,0.0004479232732118307,0.00013312877710231435,0.00041666665986222145,0.0009977187101763666,0.011540025243746388,0,252,200,CLARABEL,optimal
2022-12-30,temporal_assessment,assertive,10000000.0,150.0,0.02214109498248832,0.02031004295258751,0.8686786366114054,0.11656478952360239,200,66,68,1.9999999647126214,-2.6260415161849515e-09,0.022667205272132215,-0.019231830576669717,0.03999999534688704,0.020000000869882725,108.11570052623202,3.9602500611336247,66732310.036074996,0.0004479232732118307,0.00013312877710231435,0.0012499999795866643,0.0018310520299008094,0.011540025243746388,0,252,200,CLARABEL,optimal
2022-12-30,temporal_assessment,assertive,10000000.0,300.0,0.02214109498248832,0.019060042973000846,0.8686786366114054,0.11656478952360239,200,66,68,1.9999999647126214,-2.6260415161849515e-09,0.022667205272132215,-0.019231830576669717,0.03999999534688704,0.020000000869882725,108.11570052623202,3.9602500611336247,66732310.036074996,0.0004479232732118307,0.00013312877710231435,0.0024999999591733286,0.0030810520094874737,0.011540025243746388,0,252,200,CLARABEL,optimal
2022-12-30,temporal_assessment,assertive,100000000.0,50.0,0.02214109498248832,0.020855514891658083,0.8686786366114054,0.11656478952360239,200,66,68,1.9999999647126214,-2.6260415161849515e-09,0.022667205272132215,-0.019231830576669717,0.03999999534688704,0.020000000869882725,108.11570052623202,3.9602500611336247,66732310.036074996,0.0004479232732118307,0.0004209901577561843,0.00041666665986222145,0.0012855800908302365,0.11540025243746388,1,252,200,CLARABEL,optimal
2022-12-30,temporal_assessment,assertive,100000000.0,150.0,0.02214109498248832,0.02002218157193364,0.8686786366114054,0.11656478952360239,200,66,68,1.9999999647126214,-2.6260415161849515e-09,0.022667205272132215,-0.019231830576669717,0.03999999534688704,0.020000000869882725,108.11570052623202,3.9602500611336247,66732310.036074996,0.0004479232732118307,0.0004209901577561843,0.0012499999795866643,0.0021189134105546793,0.11540025243746388,1,252,200,CLARABEL,optimal
2022-12-30,temporal_assessment,assertive,100000000.0,300.0,0.02214109498248832,0.018772181592346976,0.8686786366114054,0.11656478952360239,200,66,68,1.9999999647126214,-2.6260415161849515e-09,0.022667205272132215,-0.019231830576669717,0.03999999534688704,0.020000000869882725,108.11570052623202,3.9602500611336247,66732310.036074996,0.0004479232732118307,0.0004209901577561843,0.0024999999591733286,0.0033689133901413436,0.11540025243746388,1,252,200,CLARABEL,optimal
2022-12-30,temporal_assessment,assertive,500000000.0,50.0,0.02214109498248832,0.02033514243881308,0.8686786366114054,0.11656478952360239,200,66,68,1.9999999647126214,-2.6260415161849515e-09,0.022667205272132215,-0.019231830576669717,0.03999999534688704,0.020000000869882725,108.11570052623202,3.9602500611336247,66732310.036074996,0.0004479232732118307,0.0009413626106011884,0.00041666665986222145,0.0018059525436752405,0.5770012621873194,39,252,200,CLARABEL,optimal
2022-12-30,temporal_assessment,assertive,500000000.0,150.0,0.02214109498248832,0.019501809119088637,0.8686786366114054,0.11656478952360239,200,66,68,1.9999999647126214,-2.6260415161849515e-09,0.022667205272132215,-0.019231830576669717,0.03999999534688704,0.020000000869882725,108.11570052623202,3.9602500611336247,66732310.036074996,0.0004479232732118307,0.0009413626106011884,0.0012499999795866643,0.0026392858633996832,0.5770012621873194,39,252,200,CLARABEL,optimal
2022-12-30,temporal_assessment,assertive,500000000.0,300.0,0.02214109498248832,0.018251809139501973,0.8686786366114054,0.11656478952360239,200,66,68,1.9999999647126214,-2.6260415161849515e-09,0.022667205272132215,-0.019231830576669717,0.03999999534688704,0.020000000869882725,108.11570052623202,3.9602500611336247,66732310.036074996,0.0004479232732118307,0.0009413626106011884,0.0024999999591733286,0.0038892858429863475,0.5770012621873194,39,252,200,CLARABEL,optimal
2023-01-31,temporal_assessment,assertive,10000000.0,50.0,0.016528560781572554,0.015616725568381527,0.7842687678806903,-0.007913282055021637,200,64,65,1.999999962718936,-1.1840507394000888e-08,0.031736582033163235,0.02797471549600576,0.039999999569315756,0.02000000077689444,107.34189168756457,4.229584121461582,70907041.625,0.00036814050107187,0.00012702805075260696,0.00041666666136655077,0.0009118352131910277,0.022326582432433184,0,252,200,CLARABEL,optimal
2023-01-31,temporal_assessment,assertive,10000000.0,150.0,0.016528560781572554,0.014783392245648425,0.7842687678806903,-0.007913282055021637,200,64,65,1.999999962718936,-1.1840507394000888e-08,0.031736582033163235,0.02797471549600576,0.039999999569315756,0.02000000077689444,107.34189168756457,4.229584121461582,70907041.625,0.00036814050107187,0.00012702805075260696,0.0012499999840996524,0.0017451685359241294,0.022326582432433184,0,252,200,CLARABEL,optimal
2023-01-31,temporal_assessment,assertive,10000000.0,300.0,0.016528560781572554,0.013533392261548772,0.7842687678806903,-0.007913282055021637,200,64,65,1.999999962718936,-1.1840507394000888e-08,0.031736582033163235,0.02797471549600576,0.039999999569315756,0.02000000077689444,107.34189168756457,4.229584121461582,70907041.625,0.00036814050107187,0.00012702805075260696,0.0024999999681993047,0.0029951685200237817,0.022326582432433184,0,252,200,CLARABEL,optimal
2023-01-31,temporal_assessment,assertive,100000000.0,50.0,0.016528560781572554,0.01534205565202443,0.7842687678806903,-0.007913282055021637,200,64,65,1.999999962718936,-1.1840507394000888e-08,0.031736582033163235,0.02797471549600576,0.039999999569315756,0.02000000077689444,107.34189168756457,4.229584121461582,70907041.625,0.00036814050107187,0.0004016979671097041,0.00041666666136655077,0.0011865051295481249,0.22326582432433184,1,252,200,CLARABEL,optimal
2023-01-31,temporal_assessment,assertive,100000000.0,150.0,0.016528560781572554,0.014508722329291329,0.7842687678806903,-0.007913282055021637,200,64,65,1.999999962718936,-1.1840507394000888e-08,0.031736582033163235,0.02797471549600576,0.039999999569315756,0.02000000077689444,107.34189168756457,4.229584121461582,70907041.625,0.00036814050107187,0.0004016979671097041,0.0012499999840996524,0.0020198384522812267,0.22326582432433184,1,252,200,CLARABEL,optimal
2023-01-31,temporal_assessment,assertive,100000000.0,300.0,0.016528560781572554,0.013258722345191674,0.7842687678806903,-0.007913282055021637,200,64,65,1.999999962718936,-1.1840507394000888e-08,0.031736582033163235,0.02797471549600576,0.039999999569315756,0.02000000077689444,107.34189168756457,4.229584121461582,70907041.625,0.00036814050107187,0.0004016979671097041,0.0024999999681993047,0.003269838436380879,0.22326582432433184,1,252,200,CLARABEL,optimal
2023-01-31,temporal_assessment,assertive,500000000.0,50.0,0.016528560781572554,0.014845529658253361,0.7842687678806903,-0.007913282055021637,200,64,65,1.999999962718936,-1.1840507394000888e-08,0.031736582033163235,0.02797471549600576,0.039999999569315756,0.02000000077689444,107.34189168756457,4.229584121461582,70907041.625,0.00036814050107187,0.0008982239608807729,0.00041666666136655077,0.0016830311233191936,1.116329121621659,25,252,200,CLARABEL,optimal
2023-01-31,temporal_assessment,assertive,500000000.0,150.0,0.016528560781572554,0.014012196335520258,0.7842687678806903,-0.007913282055021637,200,64,65,1.999999962718936,-1.1840507394000888e-08,0.031736582033163235,0.02797471549600576,0.039999999569315756,0.02000000077689444,107.34189168756457,4.229584121461582,70907041.625,0.00036814050107187,0.0008982239608807729,0.0012499999840996524,0.002516364446052295,1.116329121621659,25,252,200,CLARABEL,optimal
2023-01-31,temporal_assessment,assertive,500000000.0,300.0,0.016528560781572554,0.012762196351420608,0.7842687678806903,-0.007913282055021637,200,64,65,1.999999962718936,-1.1840507394000888e-08,0.031736582033163235,0.02797471549600576,0.039999999569315756,0.02000000077689444,107.34189168756457,4.229584121461582,70907041.625,0.00036814050107187,0.0008982239608807729,0.0024999999681993047,0.0037663644301519474,1.116329121621659,25,252,200,CLARABEL,optimal
2023-02-28,temporal_assessment,assertive,10000000.0,50.0,-0.012292991710533021,-0.013624742619905365,1.5171384364909897,0.057846391501149785,200,63,65,1.9999999691480488,-8.205444185227506e-09,-0.0015550252046541424,-0.049999991608408054,0.024846426526039404,0.020000000673260968,106.10825555574566,3.9269298172095457,73918468.98,0.000716304632414665,0.0001987796150090354,0.0004166666619486445,0.0013317509093723448,0.01124642596097417,0,252,200,CLARABEL,optimal
2023-02-28,temporal_assessment,assertive,10000000.0,150.0,-0.012292991710533021,-0.014458075943802655,1.5171384364909897,0.057846391501149785,200,63,65,1.9999999691480488,-8.205444185227506e-09,-0.0015550252046541424,-0.049999991608408054,0.024846426526039404,0.020000000673260968,106.10825555574566,3.9269298172095457,73918468.98,0.000716304632414665,0.0001987796150090354,0.0012499999858459332,0.0021650842332696335,0.01124642596097417,0,252,200,CLARABEL,optimal
2023-02-28,temporal_assessment,assertive,10000000.0,300.0,-0.012292991710533021,-0.01570807592964859,1.5171384364909897,0.057846391501149785,200,63,65,1.9999999691480488,-8.205444185227506e-09,-0.0015550252046541424,-0.049999991608408054,0.024846426526039404,0.020000000673260968,106.10825555574566,3.9269298172095457,73918468.98,0.000716304632414665,0.0001987796150090354,0.0024999999716918664,0.003415084219115567,0.01124642596097417,0,252,200,CLARABEL,optimal
2023-02-28,temporal_assessment,assertive,100000000.0,50.0,-0.012292991710533021,-0.014054559340736274,1.5171384364909897,0.057846391501149785,200,63,65,1.9999999691480488,-8.205444185227506e-09,-0.0015550252046541424,-0.049999991608408054,0.024846426526039404,0.020000000673260968,106.10825555574566,3.9269298172095457,73918468.98,0.000716304632414665,0.0006285963358399437,0.0004166666619486445,0.0017615676302032532,0.11246425960974168,1,252,200,CLARABEL,optimal
2023-02-28,temporal_assessment,assertive,100000000.0,150.0,-0.012292991710533021,-0.014887892664633563,1.5171384364909897,0.057846391501149785,200,63,65,1.9999999691480488,-8.205444185227506e-09,-0.0015550252046541424,-0.049999991608408054,0.024846426526039404,0.020000000673260968,106.10825555574566,3.9269298172095457,73918468.98,0.000716304632414665,0.0006285963358399437,0.0012499999858459332,0.002594900954100542,0.11246425960974168,1,252,200,CLARABEL,optimal
2023-02-28,temporal_assessment,assertive,100000000.0,300.0,-0.012292991710533021,-0.016137892650479498,1.5171384364909897,0.057846391501149785,200,63,65,1.9999999691480488,-8.205444185227506e-09,-0.0015550252046541424,-0.049999991608408054,0.024846426526039404,0.020000000673260968,106.10825555574566,3.9269298172095457,73918468.98,0.000716304632414665,0.0006285963358399437,0.0024999999716918664,0.003844900939946475,0.11246425960974168,1,252,200,CLARABEL,optimal
2023-02-28,temporal_assessment,assertive,500000000.0,50.0,-0.012292991710533021,-0.014831547142241733,1.5171384364909897,0.057846391501149785,200,63,65,1.9999999691480488,-8.205444185227506e-09,-0.0015550252046541424,-0.049999991608408054,0.024846426526039404,0.020000000673260968,106.10825555574566,3.9269298172095457,73918468.98,0.000716304632414665,0.0014055841373454016,0.0004166666619486445,0.002538555431708711,0.5623212980487085,48,252,200,CLARABEL,optimal
2023-02-28,temporal_assessment,assertive,500000000.0,150.0,-0.012292991710533021,-0.015664880466139022,1.5171384364909897,0.057846391501149785,200,63,65,1.9999999691480488,-8.205444185227506e-09,-0.0015550252046541424,-0.049999991608408054,0.024846426526039404,0.020000000673260968,106.10825555574566,3.9269298172095457,73918468.98,0.000716304632414665,0.0014055841373454016,0.0012499999858459332,0.0033718887556059996,0.5623212980487085,48,252,200,CLARABEL,optimal
2023-02-28,temporal_assessment,assertive,500000000.0,300.0,-0.012292991710533021,-0.016914880451984953,1.5171384364909897,0.057846391501149785,200,63,65,1.9999999691480488,-8.205444185227506e-09,-0.0015550252046541424,-0.049999991608408054,0.024846426526039404,0.020000000673260968,106.10825555574566,3.9269298172095457,73918468.98,0.000716304632414665,0.0014055841373454016,0.0024999999716918664,0.004621888741451933,0.5623212980487085,48,252,200,CLARABEL,optimal
2023-03-31,temporal_assessment,assertive,10000000.0,50.0,-0.023531445065585646,-0.024675025988932824,1.2353112783261404,0.008801008452698681,200,63,66,1.9999999721760635,-1.2071552188408496e-08,0.01582348916642784,-0.049999988149461244,0.03999999867205535,0.020000000640407002,107.1697320124206,3.6201819891630453,78313363.475,0.0005819954725904619,0.00014491878737179524,0.00041666666338491997,0.001143580923347177,0.01062032264182623,0,252,200,CLARABEL,optimal
2023-03-31,temporal_assessment,assertive,10000000.0,150.0,-0.023531445065585646,-0.025508359315702663,1.2353112783261404,0.008801008452698681,200,63,66,1.9999999721760635,-1.2071552188408496e-08,0.01582348916642784,-0.049999988149461244,0.03999999867205535,0.020000000640407002,107.1697320124206,3.6201819891630453,78313363.475,0.0005819954725904619,0.00014491878737179524,0.00124999999015476,0.001976914250117017,0.01062032264182623,0,252,200,CLARABEL,optimal
2023-03-31,temporal_assessment,assertive,10000000.0,300.0,-0.023531445065585646,-0.02675835930585742,1.2353112783261404,0.008801008452698681,200,63,66,1.9999999721760635,-1.2071552188408496e-08,0.01582348916642784,-0.049999988149461244,0.03999999867205535,0.020000000640407002,107.1697320124206,3.6201819891630453,78313363.475,0.0005819954725904619,0.00014491878737179524,0.00249999998030952,0.003226914240271777,0.01062032264182623,0,252,200,CLARABEL,optimal
2023-03-31,temporal_assessment,assertive,100000000.0,50.0,-0.023531445065585646,-0.024988380645405546,1.2353112783261404,0.008801008452698681,200,63,66,1.9999999721760635,-1.2071552188408496e-08,0.01582348916642784,-0.049999988149461244,0.03999999867205535,0.020000000640407002,107.1697320124206,3.6201819891630453,78313363.475,0.0005819954725904619,0.00045827344384451955,0.00041666666338491997,0.0014569355798199012,0.10620322641826231,1,252,200,CLARABEL,optimal
2023-03-31,temporal_assessment,assertive,100000000.0,150.0,-0.023531445065585646,-0.02582171397217539,1.2353112783261404,0.008801008452698681,200,63,66,1.9999999721760635,-1.2071552188408496e-08,0.01582348916642784,-0.049999988149461244,0.03999999867205535,0.020000000640407002,107.1697320124206,3.6201819891630453,78313363.475,0.0005819954725904619,0.00045827344384451955,0.00124999999015476,0.0022902689065897415,0.10620322641826231,1,252,200,CLARABEL,optimal
2023-03-31,temporal_assessment,assertive,100000000.0,300.0,-0.023531445065585646,-0.027071713962330147,1.2353112783261404,0.008801008452698681,200,63,66,1.9999999721760635,-1.2071552188408496e-08,0.01582348916642784,-0.049999988149461244,0.03999999867205535,0.020000000640407002,107.1697320124206,3.6201819891630453,78313363.475,0.0005819954725904619,0.00045827344384451955,0.00249999998030952,0.003540268896744501,0.10620322641826231,1,252,200,CLARABEL,optimal
2023-03-31,temporal_assessment,assertive,500000000.0,50.0,-0.023531445065585646,-0.025554837774280307,1.2353112783261404,0.008801008452698681,200,63,66,1.9999999721760635,-1.2071552188408496e-08,0.01582348916642784,-0.049999988149461244,0.03999999867205535,0.020000000640407002,107.1697320124206,3.6201819891630453,78313363.475,0.0005819954725904619,0.0010247305727192782,0.00041666666338491997,0.00202339270869466,0.5310161320913115,40,252,200,CLARABEL,optimal
2023-03-31,temporal_assessment,assertive,500000000.0,150.0,-0.023531445065585646,-0.026388171101050146,1.2353112783261404,0.008801008452698681,200,63,66,1.9999999721760635,-1.2071552188408496e-08,0.01582348916642784,-0.049999988149461244,0.03999999867205535,0.020000000640407002,107.1697320124206,3.6201819891630453,78313363.475,0.0005819954725904619,0.0010247305727192782,0.00124999999015476,0.0028567260354645,0.5310161320913115,40,252,200,CLARABEL,optimal
2023-03-31,temporal_assessment,assertive,500000000.0,300.0,-0.023531445065585646,-0.027638171091204908,1.2353112783261404,0.008801008452698681,200,63,66,1.9999999721760635,-1.2071552188408496e-08,0.01582348916642784,-0.049999988149461244,0.03999999867205535,0.020000000640407002,107.1697320124206,3.6201819891630453,78313363.475,0.0005819954725904619,0.0010247305727192782,0.00249999998030952,0.00410672602561926,0.5310161320913115,40,252,200,CLARABEL,optimal
2023-04-28,temporal_assessment,assertive,10000000.0,50.0,-0.017526041916465125,-0.018397062364897448,0.8327456589669402,0.051283338287058965,200,68,60,1.9999999307031076,-2.1171660341545717e-08,0.007076305647053943,0.01099275880877218,0.03999999321715249,0.020000000698326123,108.0318240458237,3.539442217638871,72140137.535,0.0003603512819105176,9.400250988122811e-05,0.0004166666566405766,0.0008710204484323222,0.008001442394722752,0,252,200,CLARABEL,optimal
2023-04-28,temporal_assessment,assertive,10000000.0,150.0,-0.017526041916465125,-0.0192303956781786,0.8327456589669402,0.051283338287058965,200,68,60,1.9999999307031076,-2.1171660341545717e-08,0.007076305647053943,0.01099275880877218,0.03999999321715249,0.020000000698326123,108.0318240458237,3.539442217638871,72140137.535,0.0003603512819105176,9.400250988122811e-05,0.0012499999699217299,0.0017043537617134755,0.008001442394722752,0,252,200,CLARABEL,optimal
2023-04-28,temporal_assessment,assertive,10000000.0,300.0,-0.017526041916465125,-0.02048039564810033,0.8327456589669402,0.051283338287058965,200,68,60,1.9999999307031076,-2.1171660341545717e-08,0.007076305647053943,0.01099275880877218,0.03999999321715249,0.020000000698326123,108.0318240458237,3.539442217638871,72140137.535,0.0003603512819105176,9.400250988122811e-05,0.0024999999398434597,0.0029543537316352054,0.008001442394722752,0,252,200,CLARABEL,optimal
2023-04-28,temporal_assessment,assertive,100000000.0,50.0,-0.017526041916465125,-0.018600321892013383,0.8327456589669402,0.051283338287058965,200,68,60,1.9999999307031076,-2.1171660341545717e-08,0.007076305647053943,0.01099275880877218,0.03999999321715249,0.020000000698326123,108.0318240458237,3.539442217638871,72140137.535,0.0003603512819105176,0.000297262036997165,0.0004166666566405766,0.0010742799755482592,0.08001442394722752,0,252,200,CLARABEL,optimal
2023-04-28,temporal_assessment,assertive,100000000.0,150.0,-0.017526041916465125,-0.01943365520529454,0.8327456589669402,0.051283338287058965,200,68,60,1.9999999307031076,-2.1171660341545717e-08,0.007076305647053943,0.01099275880877218,0.03999999321715249,0.020000000698326123,108.0318240458237,3.539442217638871,72140137.535,0.0003603512819105176,0.000297262036997165,0.0012499999699217299,0.0019076132888294125,0.08001442394722752,0,252,200,CLARABEL,optimal
2023-04-28,temporal_assessment,assertive,100000000.0,300.0,-0.017526041916465125,-0.020683655175216267,0.8327456589669402,0.051283338287058965,200,68,60,1.9999999307031076,-2.1171660341545717e-08,0.007076305647053943,0.01099275880877218,0.03999999321715249,0.020000000698326123,108.0318240458237,3.539442217638871,72140137.535,0.0003603512819105176,0.000297262036997165,0.0024999999398434597,0.003157613258751142,0.08001442394722752,0,252,200,CLARABEL,optimal
2023-04-28,temporal_assessment,assertive,500000000.0,50.0,-0.017526041916465125,-0.01896775797687194,0.8327456589669402,0.051283338287058965,200,68,60,1.9999999307031076,-2.1171660341545717e-08,0.007076305647053943,0.01099275880877218,0.03999999321715249,0.020000000698326123,108.0318240458237,3.539442217638871,72140137.535,0.0003603512819105176,0.0006646981218557185,0.0004166666566405766,0.0014417160604068126,0.4000721197361376,31,252,200,CLARABEL,optimal
2023-04-28,temporal_assessment,assertive,500000000.0,150.0,-0.017526041916465125,-0.019801091290153092,0.8327456589669402,0.051283338287058965,200,68,60,1.9999999307031076,-2.1171660341545717e-08,0.007076305647053943,0.01099275880877218,0.03999999321715249,0.020000000698326123,108.0318240458237,3.539442217638871,72140137.535,0.0003603512819105176,0.0006646981218557185,0.0012499999699217299,0.002275049373687966,0.4000721197361376,31,252,200,CLARABEL,optimal
2023-04-28,temporal_assessment,assertive,500000000.0,300.0,-0.017526041916465125,-0.02105109126007482,0.8327456589669402,0.051283338287058965,200,68,60,1.9999999307031076,-2.1171660341545717e-08,0.007076305647053943,0.01099275880877218,0.03999999321715249,0.020000000698326123,108.0318240458237,3.539442217638871,72140137.535,0.0003603512819105176,0.0006646981218557185,0.0024999999398434597,0.003525049343609696,0.4000721197361376,31,252,200,CLARABEL,optimal
2023-05-31,temporal_assessment,assertive,10000000.0,50.0,-0.010815705337003182,-0.011962042694608505,1.2437063690555947,0.08399409404737629,200,69,63,1.9999999637666186,-1.4659685299012182e-08,0.00916728829190916,-0.0004143228212866723,0.03999999871699028,0.02000000056508019,108.14304250033767,3.704473910675131,74975666.73,0.0005849013709929502,0.0001447693244402259,0.0004166666621721467,0.0011463373576053228,0.014200427445601042,0,252,200,CLARABEL,optimal
2023-05-31,temporal_assessment,assertive,10000000.0,150.0,-0.010815705337003182,-0.012795376018952798,1.2437063690555947,0.08399409404737629,200,69,63,1.9999999637666186,-1.4659685299012182e-08,0.00916728829190916,-0.0004143228212866723,0.03999999871699028,0.02000000056508019,108.14304250033767,3.704473910675131,74975666.73,0.0005849013709929502,0.0001447693244402259,0.00124999998651644,0.001979670681949616,0.014200427445601042,0,252,200,CLARABEL,optimal
2023-05-31,temporal_assessment,assertive,10000000.0,300.0,-0.010815705337003182,-0.014045376005469238,1.2437063690555947,0.08399409404737629,200,69,63,1.9999999637666186,-1.4659685299012182e-08,0.00916728829190916,-0.0004143228212866723,0.03999999871699028,0.02000000056508019,108.14304250033767,3.704473910675131,74975666.73,0.0005849013709929502,0.0001447693244402259,0.00249999997303288,0.0032296706684660564,0.014200427445601042,0,252,200,CLARABEL,optimal
2023-05-31,temporal_assessment,assertive,100000000.0,50.0,-0.010815705337003182,-0.012275074170723274,1.2437063690555947,0.08399409404737629,200,69,63,1.9999999637666186,-1.4659685299012182e-08,0.00916728829190916,-0.0004143228212866723,0.03999999871699028,0.02000000056508019,108.14304250033767,3.704473910675131,74975666.73,0.0005849013709929502,0.00045780080055499454,0.0004166666621721467,0.0014593688337200914,0.1420042744560104,1,252,200,CLARABEL,optimal
2023-05-31,temporal_assessment,assertive,100000000.0,150.0,-0.010815705337003182,-0.013108407495067568,1.2437063690555947,0.08399409404737629,200,69,63,1.9999999637666186,-1.4659685299012182e-08,0.00916728829190916,-0.0004143228212866723,0.03999999871699028,0.02000000056508019,108.14304250033767,3.704473910675131,74975666.73,0.0005849013709929502,0.00045780080055499454,0.00124999998651644,0.0022927021580643847,0.1420042744560104,1,252,200,CLARABEL,optimal
2023-05-31,temporal_assessment,assertive,100000000.0,300.0,-0.010815705337003182,-0.014358407481584007,1.2437063690555947,0.08399409404737629,200,69,63,1.9999999637666186,-1.4659685299012182e-08,0.00916728829190916,-0.0004143228212866723,0.03999999871699028,0.02000000056508019,108.14304250033767,3.704473910675131,74975666.73,0.0005849013709929502,0.00045780080055499454,0.00249999997303288,0.0035427021445808247,0.1420042744560104,1,252,200,CLARABEL,optimal
2023-05-31,temporal_assessment,assertive,500000000.0,50.0,-0.010815705337003182,-0.01284094708036307,1.2437063690555947,0.08399409404737629,200,69,63,1.9999999637666186,-1.4659685299012182e-08,0.00916728829190916,-0.0004143228212866723,0.03999999871699028,0.02000000056508019,108.14304250033767,3.704473910675131,74975666.73,0.0005849013709929502,0.0010236737101947911,0.0004166666621721467,0.002025241743359888,0.710021372280052,40,252,200,CLARABEL,optimal
2023-05-31,temporal_assessment,assertive,500000000.0,150.0,-0.010815705337003182,-0.013674280404707364,1.2437063690555947,0.08399409404737629,200,69,63,1.9999999637666186,-1.4659685299012182e-08,0.00916728829190916,-0.0004143228212866723,0.03999999871699028,0.02000000056508019,108.14304250033767,3.704473910675131,74975666.73,0.0005849013709929502,0.0010236737101947911,0.00124999998651644,0.002858575067704181,0.710021372280052,40,252,200,CLARABEL,optimal
2023-05-31,temporal_assessment,assertive,500000000.0,300.0,-0.010815705337003182,-0.014924280391223805,1.2437063690555947,0.08399409404737629,200,69,63,1.9999999637666186,-1.4659685299012182e-08,0.00916728829190916,-0.0004143228212866723,0.03999999871699028,0.02000000056508019,108.14304250033767,3.704473910675131,74975666.73,0.0005849013709929502,0.0010236737101947911,0.00249999997303288,0.004108575054220622,0.710021372280052,40,252,200,CLARABEL,optimal
2023-06-30,temporal_assessment,assertive,10000000.0,50.0,-0.011918384860775844,-0.01282059509172313,1.007616850033373,0.042376120939689274,200,67,61,1.9999999506527044,-1.2191352150026091e-08,0.0016227043685714537,-0.05000002314657655,0.03999999294131609,0.02000000061620558,106.8557916282564,3.40520488770298,75962286.19,0.0003869392224136154,9.860434960782599e-05,0.0004166666589258451,0.0009022102309472865,0.009747419283639836,0,252,200,CLARABEL,optimal
2023-06-30,temporal_assessment,assertive,10000000.0,150.0,-0.011918384860775844,-0.013653928409574821,1.007616850033373,0.042376120939689274,200,67,61,1.9999999506527044,-1.2191352150026091e-08,0.0016227043685714537,-0.05000002314657655,0.03999999294131609,0.02000000061620558,106.8557916282564,3.40520488770298,75962286.19,0.0003869392224136154,9.860434960782599e-05,0.0012499999767775353,0.0017355435487989767,0.009747419283639836,0,252,200,CLARABEL,optimal
2023-06-30,temporal_assessment,assertive,10000000.0,300.0,-0.011918384860775844,-0.014903928386352355,1.007616850033373,0.042376120939689274,200,67,61,1.9999999506527044,-1.2191352150026091e-08,0.0016227043685714537,-0.05000002314657655,0.03999999294131609,0.02000000061620558,106.8557916282564,3.40520488770298,75962286.19,0.0003869392224136154,9.860434960782599e-05,0.0024999999535550706,0.002985543525576512,0.009747419283639836,0,252,200,CLARABEL,optimal
2023-06-30,temporal_assessment,assertive,100000000.0,50.0,-0.011918384860775844,-0.013033805074075564,1.007616850033373,0.042376120939689274,200,67,61,1.9999999506527044,-1.2191352150026091e-08,0.0016227043685714537,-0.05000002314657655,0.03999999294131609,0.02000000061620558,106.8557916282564,3.40520488770298,75962286.19,0.0003869392224136154,0.0003118143319602608,0.0004166666589258451,0.0011154202132997214,0.09747419283639837,0,252,200,CLARABEL,optimal
2023-06-30,temporal_assessment,assertive,100000000.0,150.0,-0.011918384860775844,-0.013867138391927256,1.007616850033373,0.042376120939689274,200,67,61,1.9999999506527044,-1.2191352150026091e-08,0.0016227043685714537,-0.05000002314657655,0.03999999294131609,0.02000000061620558,106.8557916282564,3.40520488770298,75962286.19,0.0003869392224136154,0.0003118143319602608,0.0012499999767775353,0.0019487535311514116,0.09747419283639837,0,252,200,CLARABEL,optimal
2023-06-30,temporal_assessment,assertive,100000000.0,300.0,-0.011918384860775844,-0.015117138368704791,1.007616850033373,0.042376120939689274,200,67,61,1.9999999506527044,-1.2191352150026091e-08,0.0016227043685714537,-0.05000002314657655,0.03999999294131609,0.02000000061620558,106.8557916282564,3.40520488770298,75962286.19,0.0003869392224136154,0.0003118143319602608,0.0024999999535550706,0.0031987535079289467,0.09747419283639837,0,252,200,CLARABEL,optimal
2023-06-30,temporal_assessment,assertive,500000000.0,50.0,-0.011918384860775844,-0.013419228784737133,1.007616850033373,0.042376120939689274,200,67,61,1.9999999506527044,-1.2191352150026091e-08,0.0016227043685714537,-0.05000002314657655,0.03999999294131609,0.02000000061620558,106.8557916282564,3.40520488770298,75962286.19,0.0003869392224136154,0.0006972380426218284,0.0004166666589258451,0.0015008439239612887,0.48737096418199183,31,252,200,CLARABEL,optimal
2023-06-30,temporal_assessment,assertive,500000000.0,150.0,-0.011918384860775844,-0.014252562102588823,1.007616850033373,0.042376120939689274,200,67,61,1.9999999506527044,-1.2191352150026091e-08,0.0016227043685714537,-0.05000002314657655,0.03999999294131609,0.02000000061620558,106.8557916282564,3.40520488770298,75962286.19,0.0003869392224136154,0.0006972380426218284,0.0012499999767775353,0.002334177241812979,0.48737096418199183,31,252,200,CLARABEL,optimal
2023-06-30,temporal_assessment,assertive,500000000.0,300.0,-0.011918384860775844,-0.015502562079366358,1.007616850033373,0.042376120939689274,200,67,61,1.9999999506527044,-1.2191352150026091e-08,0.0016227043685714537,-0.05000002314657655,0.03999999294131609,0.02000000061620558,106.8557916282564,3.40520488770298,75962286.19,0.0003869392224136154,0.0006972380426218284,0.0024999999535550706,0.003584177218590514,0.48737096418199183,31,252,200,CLARABEL,optimal
2023-07-31,temporal_assessment,assertive,10000000.0,50.0,0.023486941351064043,0.022648106514880976,0.9455178618323731,-0.016718250734483964,200,69,61,1.9999999675603108,-9.155246942504913e-09,-0.015019974550921716,-0.05000000474950628,0.039999997960961764,0.02000000047855532,108.55702834705876,3.102599837374666,80165280.99,0.0003331979667587797,8.897020760854503e-05,0.00041666666181574126,0.000838834836183066,0.01137263438469424,0,252,200,CLARABEL,optimal
2023-07-31,temporal_assessment,assertive,10000000.0,150.0,0.023486941351064043,0.021814773191249495,0.9455178618323731,-0.016718250734483964,200,69,61,1.9999999675603108,-9.155246942504913e-09,-0.015019974550921716,-0.05000000474950628,0.039999997960961764,0.02000000047855532,108.55702834705876,3.102599837374666,80165280.99,0.0003331979667587797,8.897020760854503e-05,0.001249999985447224,0.0016721681598145487,0.01137263438469424,0,252,200,CLARABEL,optimal
2023-07-31,temporal_assessment,assertive,10000000.0,300.0,0.023486941351064043,0.020564773205802273,0.9455178618323731,-0.016718250734483964,200,69,61,1.9999999675603108,-9.155246942504913e-09,-0.015019974550921716,-0.05000000474950628,0.039999997960961764,0.02000000047855532,108.55702834705876,3.102599837374666,80165280.99,0.0003331979667587797,8.897020760854503e-05,0.002499999970894448,0.0029221681452617724,0.01137263438469424,0,252,200,CLARABEL,optimal
2023-07-31,temporal_assessment,assertive,100000000.0,50.0,0.023486941351064043,0.022455728222548477,0.9455178618323731,-0.016718250734483964,200,69,61,1.9999999675603108,-9.155246942504913e-09,-0.015019974550921716,-0.05000000474950628,0.039999997960961764,0.02000000047855532,108.55702834705876,3.102599837374666,80165280.99,0.0003331979667587797,0.0002813484999410448,0.00041666666181574126,0.0010312131285155658,0.11372634384694237,1,252,200,CLARABEL,optimal
2023-07-31,temporal_assessment,assertive,100000000.0,150.0,0.023486941351064043,0.021622394898916996,0.9455178618323731,-0.016718250734483964,200,69,61,1.9999999675603108,-9.155246942504913e-09,-0.015019974550921716,-0.05000000474950628,0.039999997960961764,0.02000000047855532,108.55702834705876,3.102599837374666,80165280.99,0.0003331979667587797,0.0002813484999410448,0.001249999985447224,0.0018645464521470484,0.11372634384694237,1,252,200,CLARABEL,optimal
2023-07-31,temporal_assessment,assertive,100000000.0,300.0,0.023486941351064043,0.02037239491346977,0.9455178618323731,-0.016718250734483964,200,69,61,1.9999999675603108,-9.155246942504913e-09,-0.015019974550921716,-0.05000000474950628,0.039999997960961764,0.02000000047855532,108.55702834705876,3.102599837374666,80165280.99,0.0003331979667587797,0.0002813484999410448,0.002499999970894448,0.0031145464375942726,0.11372634384694237,1,252,200,CLARABEL,optimal
2023-07-31,temporal_assessment,assertive,500000000.0,50.0,0.023486941351064043,0.02210796235125375,0.9455178618323731,-0.016718250734483964,200,69,61,1.9999999675603108,-9.155246942504913e-09,-0.015019974550921716,-0.05000000474950628,0.039999997960961764,0.02000000047855532,108.55702834705876,3.102599837374666,80165280.99,0.0003331979667587797,0.0006291143712357717,0.00041666666181574126,0.0013789789998102926,0.568631719234712,30,252,200,CLARABEL,optimal
2023-07-31,temporal_assessment,assertive,500000000.0,150.0,0.023486941351064043,0.02127462902762227,0.9455178618323731,-0.016718250734483964,200,69,61,1.9999999675603108,-9.155246942504913e-09,-0.015019974550921716,-0.05000000474950628,0.039999997960961764,0.02000000047855532,108.55702834705876,3.102599837374666,80165280.99,0.0003331979667587797,0.0006291143712357717,0.001249999985447224,0.0022123123234417752,0.568631719234712,30,252,200,CLARABEL,optimal
2023-07-31,temporal_assessment,assertive,500000000.0,300.0,0.023486941351064043,0.020024629042175043,0.9455178618323731,-0.016718250734483964,200,69,61,1.9999999675603108,-9.155246942504913e-09,-0.015019974550921716,-0.05000000474950628,0.039999997960961764,0.02000000047855532,108.55702834705876,3.102599837374666,80165280.99,0.0003331979667587797,0.0006291143712357717,0.002499999970894448,0.0034623123088889994,0.568631719234712,30,252,200,CLARABEL,optimal
2023-08-31,temporal_assessment,assertive,10000000.0,50.0,0.022657428038469374,0.0219405264137126,0.5484115013156294,-0.04525204214035303,200,65,62,1.9999999856617374,-7.181563663194446e-09,0.01371816006518576,-0.050000003860083186,0.03999999872146689,0.020000000476177233,108.5054356027832,3.3381841181989627,80818297.065,0.0002373706740659718,6.286428551511186e-05,0.0004166666651756877,0.0007169016247567713,0.016369340880929135,0,252,200,CLARABEL,optimal
2023-08-31,temporal_assessment,assertive,10000000.0,150.0,0.022657428038469374,0.021107193083361227,0.5484115013156294,-0.04525204214035303,200,65,62,1.9999999856617374,-7.181563663194446e-09,0.01371816006518576,-0.050000003860083186,0.03999999872146689,0.020000000476177233,108.5054356027832,3.3381841181989627,80818297.065,0.0002373706740659718,6.286428551511186e-05,0.0012499999955270628,0.0015502349551081464,0.016369340880929135,0,252,200,CLARABEL,optimal
2023-08-31,temporal_assessment,assertive,10000000.0,300.0,0.022657428038469374,0.019857193087834166,0.5484115013156294,-0.04525204214035303,200,65,62,1.9999999856617374,-7.181563663194446e-09,0.01371816006518576,-0.050000003860083186,0.03999999872146689,0.020000000476177233,108.5054356027832,3.3381841181989627,80818297.065,0.0002373706740659718,6.286428551511186e-05,0.0024999999910541256,0.0028002349506352094,0.016369340880929135,0,252,200,CLARABEL,optimal
2023-08-31,temporal_assessment,assertive,100000000.0,50.0,0.022657428038469374,0.021804596373520828,0.5484115013156294,-0.04525204214035303,200,65,62,1.9999999856617374,-7.181563663194446e-09,0.01371816006518576,-0.050000003860083186,0.03999999872146689,0.020000000476177233,108.5054356027832,3.3381841181989627,80818297.065,0.0002373706740659718,0.00019879432570688485,0.0004166666651756877,0.0008528316649485444,0.16369340880929137,2,252,200,CLARABEL,optimal
2023-08-31,temporal_assessment,assertive,100000000.0,150.0,0.022657428038469374,0.020971263043169455,0.5484115013156294,-0.04525204214035303,200,65,62,1.9999999856617374,-7.181563663194446e-09,0.01371816006518576,-0.050000003860083186,0.03999999872146689,0.020000000476177233,108.5054356027832,3.3381841181989627,80818297.065,0.0002373706740659718,0.00019879432570688485,0.0012499999955270628,0.0016861649952999195,0.16369340880929137,2,252,200,CLARABEL,optimal
2023-08-31,temporal_assessment,assertive,100000000.0,300.0,0.022657428038469374,0.019721263047642393,0.5484115013156294,-0.04525204214035303,200,65,62,1.9999999856617374,-7.181563663194446e-09,0.01371816006518576,-0.050000003860083186,0.03999999872146689,0.020000000476177233,108.5054356027832,3.3381841181989627,80818297.065,0.0002373706740659718,0.00019879432570688485,0.0024999999910541256,0.0029361649908269823,0.16369340880929137,2,252,200,CLARABEL,optimal
2023-08-31,temporal_assessment,assertive,500000000.0,50.0,0.022657428038469374,0.021558873073405885,0.5484115013156294,-0.04525204214035303,200,65,62,1.9999999856617374,-7.181563663194446e-09,0.01371816006518576,-0.050000003860083186,0.03999999872146689,0.020000000476177233,108.5054356027832,3.3381841181989627,80818297.065,0.0002373706740659718,0.0004445176258218285,0.0004166666651756877,0.001098554965063488,0.8184670440464568,18,252,200,CLARABEL,optimal
2023-08-31,temporal_assessment,assertive,500000000.0,150.0,0.022657428038469374,0.02072553974305451,0.5484115013156294,-0.04525204214035303,200,65,62,1.9999999856617374,-7.181563663194446e-09,0.01371816006518576,-0.050000003860083186,0.03999999872146689,0.020000000476177233,108.5054356027832,3.3381841181989627,80818297.065,0.0002373706740659718,0.0004445176258218285,0.0012499999955270628,0.0019318882954148632,0.8184670440464568,18,252,200,CLARABEL,optimal
2023-08-31,temporal_assessment,assertive,500000000.0,300.0,0.022657428038469374,0.01947553974752745,0.5484115013156294,-0.04525204214035303,200,65,62,1.9999999856617374,-7.181563663194446e-09,0.01371816006518576,-0.050000003860083186,0.03999999872146689,0.020000000476177233,108.5054356027832,3.3381841181989627,80818297.065,0.0002373706740659718,0.0004445176258218285,0.0024999999910541256,0.003181888290941926,0.8184670440464568,18,252,200,CLARABEL,optimal
2023-09-29,temporal_assessment,assertive,10000000.0,50.0,0.022741897830411157,0.0219778537893426,0.63965331897392,-0.03710458828956705,200,65,60,1.999999926216772,2.581984279159677e-09,-0.006436183338009049,-0.05000000317858397,0.04000000124701518,0.02000000077596308,107.51610426278798,3.4138672804215253,77996158.7025,0.0002729493964355408,7.44279938757695e-05,0.0004166666507572474,0.0007640440410685577,0.015192403243430559,0,252,200,CLARABEL,optimal
2023-09-29,temporal_assessment,assertive,10000000.0,150.0,0.022741897830411157,0.021144520487828104,0.63965331897392,-0.03710458828956705,200,65,60,1.999999926216772,2.581984279159677e-09,-0.006436183338009049,-0.05000000317858397,0.04000000124701518,0.02000000077596308,107.51610426278798,3.4138672804215253,77996158.7025,0.0002729493964355408,7.44279938757695e-05,0.0012499999522717423,0.0015973773425830525,0.015192403243430559,0,252,200,CLARABEL,optimal
2023-09-29,temporal_assessment,assertive,10000000.0,300.0,0.022741897830411157,0.019894520535556362,0.63965331897392,-0.03710458828956705,200,65,60,1.999999926216772,2.581984279159677e-09,-0.006436183338009049,-0.05000000317858397,0.04000000124701518,0.02000000077596308,107.51610426278798,3.4138672804215253,77996158.7025,0.0002729493964355408,7.44279938757695e-05,0.0024999999045434845,0.002847377294854795,0.015192403243430559,0,252,200,CLARABEL,optimal
2023-09-29,temporal_assessment,assertive,100000000.0,50.0,0.022741897830411157,0.021816919800893873,0.63965331897392,-0.03710458828956705,200,65,60,1.999999926216772,2.581984279159677e-09,-0.006436183338009049,-0.05000000317858397,0.04000000124701518,0.02000000077596308,107.51610426278798,3.4138672804215253,77996158.7025,0.0002729493964355408,0.00023536198232449482,0.0004166666507572474,0.0009249780295172831,0.1519240324343056,1,252,200,CLARABEL,optimal
2023-09-29,temporal_assessment,assertive,100000000.0,150.0,0.022741897830411157,0.02098358649937938,0.63965331897392,-0.03710458828956705,200,65,60,1.999999926216772,2.581984279159677e-09,-0.006436183338009049,-0.05000000317858397,0.04000000124701518,0.02000000077596308,107.51610426278798,3.4138672804215253,77996158.7025,0.0002729493964355408,0.00023536198232449482,0.0012499999522717423,0.0017583113310317778,0.1519240324343056,1,252,200,CLARABEL,optimal
2023-09-29,temporal_assessment,assertive,100000000.0,300.0,0.022741897830411157,0.019733586547107638,0.63965331897392,-0.03710458828956705,200,65,60,1.999999926216772,2.581984279159677e-09,-0.006436183338009049,-0.05000000317858397,0.04000000124701518,0.02000000077596308,107.51610426278798,3.4138672804215253,77996158.7025,0.0002729493964355408,0.00023536198232449482,0.0024999999045434845,0.00300831128330352,0.1519240324343056,1,252,200,CLARABEL,optimal
2023-09-29,temporal_assessment,assertive,500000000.0,50.0,0.022741897830411157,0.021525996391421696,0.63965331897392,-0.03710458828956705,200,65,60,1.999999926216772,2.581984279159677e-09,-0.006436183338009049,-0.05000000317858397,0.04000000124701518,0.02000000077596308,107.51610426278798,3.4138672804215253,77996158.7025,0.0002729493964355408,0.0005262853917966743,0.0004166666507572474,0.0012159014389894625,0.759620162171528,22,252,200,CLARABEL,optimal
2023-09-29,temporal_assessment,assertive,500000000.0,150.0,0.022741897830411157,0.0206926630899072,0.63965331897392,-0.03710458828956705,200,65,60,1.999999926216772,2.581984279159677e-09,-0.006436183338009049,-0.05000000317858397,0.04000000124701518,0.02000000077596308,107.51610426278798,3.4138672804215253,77996158.7025,0.0002729493964355408,0.0005262853917966743,0.0012499999522717423,0.0020492347405039572,0.759620162171528,22,252,200,CLARABEL,optimal
2023-09-29,temporal_assessment,assertive,500000000.0,300.0,0.022741897830411157,0.019442663137635458,0.63965331897392,-0.03710458828956705,200,65,60,1.999999926216772,2.581984279159677e-09,-0.006436183338009049,-0.05000000317858397,0.04000000124701518,0.02000000077596308,107.51610426278798,3.4138672804215253,77996158.7025,0.0002729493964355408,0.0005262853917966743,0.0024999999045434845,0.0032992346927756995,0.759620162171528,22,252,200,CLARABEL,optimal
2023-10-31,temporal_assessment,assertive,10000000.0,50.0,-0.006441471012634748,-0.0074221672208723485,1.1002711107924448,0.1137054160740318,200,69,59,1.9999999657469674,-1.1016916504069663e-08,-0.021912411060029363,-0.05000000103905142,0.040000000794341344,0.020000000662199514,108.83151093682923,3.5952052254371534,64744333.745000005,0.0004404644877535168,0.00012356505865827492,0.00041666666182580916,0.0009806962082376009,0.007480361171659731,0,252,200,CLARABEL,optimal
2023-10-31,temporal_assessment,assertive,10000000.0,150.0,-0.006441471012634748,-0.008255500544523967,1.1002711107924448,0.1137054160740318,200,69,59,1.9999999657469674,-1.1016916504069663e-08,-0.021912411060029363,-0.05000000103905142,0.040000000794341344,0.020000000662199514,108.83151093682923,3.5952052254371534,64744333.745000005,0.0004404644877535168,0.00012356505865827492,0.0012499999854774274,0.001814029531889219,0.007480361171659731,0,252,200,CLARABEL,optimal
2023-10-31,temporal_assessment,assertive,10000000.0,300.0,-0.006441471012634748,-0.009505500530001394,1.1002711107924448,0.1137054160740318,200,69,59,1.9999999657469674,-1.1016916504069663e-08,-0.021912411060029363,-0.05000000103905142,0.040000000794341344,0.020000000662199514,108.83151093682923,3.5952052254371534,64744333.745000005,0.0004404644877535168,0.00012356505865827492,0.002499999970954855,0.0030640295173666463,0.007480361171659731,0,252,200,CLARABEL,optimal
2023-10-31,temporal_assessment,assertive,100000000.0,50.0,-0.006441471012634748,-0.007689349186786532,1.1002711107924448,0.1137054160740318,200,69,59,1.9999999657469674,-1.1016916504069663e-08,-0.021912411060029363,-0.05000000103905142,0.040000000794341344,0.020000000662199514,108.83151093682923,3.5952052254371534,64744333.745000005,0.0004404644877535168,0.0003907470245724581,0.00041666666182580916,0.0012478781741517841,0.07480361171659732,0,252,200,CLARABEL,optimal
2023-10-31,temporal_assessment,assertive,100000000.0,150.0,-0.006441471012634748,-0.00852268251043815,1.1002711107924448,0.1137054160740318,200,69,59,1.9999999657469674,-1.1016916504069663e-08,-0.021912411060029363,-0.05000000103905142,0.040000000794341344,0.020000000662199514,108.83151093682923,3.5952052254371534,64744333.745000005,0.0004404644877535168,0.0003907470245724581,0.0012499999854774274,0.002081211497803402,0.07480361171659732,0,252,200,CLARABEL,optimal
2023-10-31,temporal_assessment,assertive,100000000.0,300.0,-0.006441471012634748,-0.009772682495915577,1.1002711107924448,0.1137054160740318,200,69,59,1.9999999657469674,-1.1016916504069663e-08,-0.021912411060029363,-0.05000000103905142,0.040000000794341344,0.020000000662199514,108.83151093682923,3.5952052254371534,64744333.745000005,0.0004404644877535168,0.0003907470245724581,0.002499999970954855,0.00333121148328083,0.07480361171659732,0,252,200,CLARABEL,optimal
2023-10-31,temporal_assessment,assertive,500000000.0,50.0,-0.006441471012634748,-0.00817233907116387,1.1002711107924448,0.1137054160740318,200,69,59,1.9999999657469674,-1.1016916504069663e-08,-0.021912411060029363,-0.05000000103905142,0.040000000794341344,0.020000000662199514,108.83151093682923,3.5952052254371534,64744333.745000005,0.0004404644877535168,0.0008737369089497971,0.00041666666182580916,0.0017308680585291232,0.37401805858298653,41,252,200,CLARABEL,optimal
2023-10-31,temporal_assessment,assertive,500000000.0,150.0,-0.006441471012634748,-0.009005672394815489,1.1002711107924448,0.1137054160740318,200,69,59,1.9999999657469674,-1.1016916504069663e-08,-0.021912411060029363,-0.05000000103905142,0.040000000794341344,0.020000000662199514,108.83151093682923,3.5952052254371534,64744333.745000005,0.0004404644877535168,0.0008737369089497971,0.0012499999854774274,0.0025642013821807414,0.37401805858298653,41,252,200,CLARABEL,optimal
2023-10-31,temporal_assessment,assertive,500000000.0,300.0,-0.006441471012634748,-0.010255672380292917,1.1002711107924448,0.1137054160740318,200,69,59,1.9999999657469674,-1.1016916504069663e-08,-0.021912411060029363,-0.05000000103905142,0.040000000794341344,0.020000000662199514,108.83151093682923,3.5952052254371534,64744333.745000005,0.0004404644877535168,0.0008737369089497971,0.002499999970954855,0.003814201367658169,0.37401805858298653,41,252,200,CLARABEL,optimal
2023-11-30,temporal_assessment,assertive,10000000.0,50.0,-0.05016661445624017,-0.051027889405705476,0.8321364228145185,0.03524246435199598,200,68,63,1.9999999601081737,-8.302529441728268e-09,-0.024545576953139275,-0.05000002819588184,0.0400000016141544,0.020000000528655935,108.63071896914842,3.8340810742614155,71628292.78,0.0003654019355860494,7.92063537936929e-05,0.0004166666600855632,0.0008612749494653054,0.008988079211818014,0,252,200,CLARABEL,optimal
2023-11-30,temporal_assessment,assertive,10000000.0,150.0,-0.05016661445624017,-0.0518612227258766,0.8321364228145185,0.03524246435199598,200,68,63,1.9999999601081737,-8.302529441728268e-09,-0.024545576953139275,-0.05000002819588184,0.0400000016141544,0.020000000528655935,108.63071896914842,3.8340810742614155,71628292.78,0.0003654019355860494,7.92063537936929e-05,0.0012499999802566895,0.001694608269636432,0.008988079211818014,0,252,200,CLARABEL,optimal
2023-11-30,temporal_assessment,assertive,10000000.0,300.0,-0.05016661445624017,-0.05311122270613329,0.8321364228145185,0.03524246435199598,200,68,63,1.9999999601081737,-8.302529441728268e-09,-0.024545576953139275,-0.05000002819588184,0.0400000016141544,0.020000000528655935,108.63071896914842,3.8340810742614155,71628292.78,0.0003654019355860494,7.92063537936929e-05,0.002499999960513379,0.0029446082498931214,0.008988079211818014,0,252,200,CLARABEL,optimal
2023-11-30,temporal_assessment,assertive,100000000.0,50.0,-0.05016661445624017,-0.05119915553505697,0.8321364228145185,0.03524246435199598,200,68,63,1.9999999601081737,-8.302529441728268e-09,-0.024545576953139275,-0.05000002819588184,0.0400000016141544,0.020000000528655935,108.63071896914842,3.8340810742614155,71628292.78,0.0003654019355860494,0.000250472483145188,0.0004166666600855632,0.0010325410788168006,0.08988079211818016,0,252,200,CLARABEL,optimal
2023-11-30,temporal_assessment,assertive,100000000.0,150.0,-0.05016661445624017,-0.0520324888552281,0.8321364228145185,0.03524246435199598,200,68,63,1.9999999601081737,-8.302529441728268e-09,-0.024545576953139275,-0.05000002819588184,0.0400000016141544,0.020000000528655935,108.63071896914842,3.8340810742614155,71628292.78,0.0003654019355860494,0.000250472483145188,0.0012499999802566895,0.001865874398987927,0.08988079211818016,0,252,200,CLARABEL,optimal
2023-11-30,temporal_assessment,assertive,100000000.0,300.0,-0.05016661445624017,-0.05328248883548479,0.8321364228145185,0.03524246435199598,200,68,63,1.9999999601081737,-8.302529441728268e-09,-0.024545576953139275,-0.05000002819588184,0.0400000016141544,0.020000000528655935,108.63071896914842,3.8340810742614155,71628292.78,0.0003654019355860494,0.000250472483145188,0.002499999960513379,0.0031158743792446164,0.08988079211818016,0,252,200,CLARABEL,optimal
2023-11-30,temporal_assessment,assertive,500000000.0,50.0,-0.05016661445624017,-0.05150875655071759,0.8321364228145185,0.03524246435199598,200,68,63,1.9999999601081737,-8.302529441728268e-09,-0.024545576953139275,-0.05000002819588184,0.0400000016141544,0.020000000528655935,108.63071896914842,3.8340810742614155,71628292.78,0.0003654019355860494,0.0005600734988058107,0.0004166666600855632,0.0013421420944774232,0.4494039605909007,27,252,200,CLARABEL,optimal
2023-11-30,temporal_assessment,assertive,500000000.0,150.0,-0.05016661445624017,-0.05234208987088872,0.8321364228145185,0.03524246435199598,200,68,63,1.9999999601081737,-8.302529441728268e-09,-0.024545576953139275,-0.05000002819588184,0.0400000016141544,0.020000000528655935,108.63071896914842,3.8340810742614155,71628292.78,0.0003654019355860494,0.0005600734988058107,0.0012499999802566895,0.0021754754146485495,0.4494039605909007,27,252,200,CLARABEL,optimal
2023-11-30,temporal_assessment,assertive,500000000.0,300.0,-0.05016661445624017,-0.05359208985114541,0.8321364228145185,0.03524246435199598,200,68,63,1.9999999601081737,-8.302529441728268e-09,-0.024545576953139275,-0.05000002819588184,0.0400000016141544,0.020000000528655935,108.63071896914842,3.8340810742614155,71628292.78,0.0003654019355860494,0.0005600734988058107,0.002499999960513379,0.003425475394905239,0.4494039605909007,27,252,200,CLARABEL,optimal
2023-12-29,temporal_assessment,assertive,10000000.0,50.0,0.027570889318794346,0.026754046932453937,0.670604089377927,-0.006961465797250033,200,67,60,1.9999999440490233,2.1596340382679102e-08,-0.04215851040001846,-0.050000016103549344,0.04000000156813357,0.020000000823474806,109.06577343812089,3.8247225565774468,73024807.3,0.00032491096694245534,7.526476888697765e-05,0.0004166666505109756,0.0008168423863404086,0.019030903671251313,0,252,200,CLARABEL,optimal
2023-12-29,temporal_assessment,assertive,10000000.0,150.0,0.027570889318794346,0.025920713631431988,0.670604089377927,-0.006961465797250033,200,67,60,1.9999999440490233,2.1596340382679102e-08,-0.04215851040001846,-0.050000016103549344,0.04000000156813357,0.020000000823474806,109.06577343812089,3.8247225565774468,73024807.3,0.00032491096694245534,7.526476888697765e-05,0.001249999951532927,0.00165017568736236,0.019030903671251313,0,252,200,CLARABEL,optimal
2023-12-29,temporal_assessment,assertive,10000000.0,300.0,0.027570889318794346,0.024670713679899058,0.670604089377927,-0.006961465797250033,200,67,60,1.9999999440490233,2.1596340382679102e-08,-0.04215851040001846,-0.050000016103549344,0.04000000156813357,0.020000000823474806,109.06577343812089,3.8247225565774468,73024807.3,0.00032491096694245534,7.526476888697765e-05,0.002499999903065854,0.002900175638895287,0.019030903671251313,0,252,200,CLARABEL,optimal
2023-12-29,temporal_assessment,assertive,100000000.0,50.0,0.027570889318794346,0.02659130360409189,0.670604089377927,-0.006961465797250033,200,67,60,1.9999999440490233,2.1596340382679102e-08,-0.04215851040001846,-0.050000016103549344,0.04000000156813357,0.020000000823474806,109.06577343812089,3.8247225565774468,73024807.3,0.00032491096694245534,0.0002380080972490255,0.0004166666505109756,0.0009795857147024563,0.19030903671251312,2,252,200,CLARABEL,optimal
2023-12-29,temporal_assessment,assertive,100000000.0,150.0,0.027570889318794346,0.02575797030306994,0.670604089377927,-0.006961465797250033,200,67,60,1.9999999440490233,2.1596340382679102e-08,-0.04215851040001846,-0.050000016103549344,0.04000000156813357,0.020000000823474806,109.06577343812089,3.8247225565774468,73024807.3,0.00032491096694245534,0.0002380080972490255,0.001249999951532927,0.001812919015724408,0.19030903671251312,2,252,200,CLARABEL,optimal
2023-12-29,temporal_assessment,assertive,100000000.0,300.0,0.027570889318794346,0.024507970351537012,0.670604089377927,-0.006961465797250033,200,67,60,1.9999999440490233,2.1596340382679102e-08,-0.04215851040001846,-0.050000016103549344,0.04000000156813357,0.020000000823474806,109.06577343812089,3.8247225565774468,73024807.3,0.00032491096694245534,0.0002380080972490255,0.002499999903065854,0.003062918967257335,0.19030903671251312,2,252,200,CLARABEL,optimal
2023-12-29,temporal_assessment,assertive,500000000.0,50.0,0.027570889318794346,0.026297109416696714,0.670604089377927,-0.006961465797250033,200,67,60,1.9999999440490233,2.1596340382679102e-08,-0.04215851040001846,-0.050000016103549344,0.04000000156813357,0.020000000823474806,109.06577343812089,3.8247225565774468,73024807.3,0.00032491096694245534,0.0005322022846442018,0.0004166666505109756,0.0012737799020976328,0.9515451835625657,24,252,200,CLARABEL,optimal
2023-12-29,temporal_assessment,assertive,500000000.0,150.0,0.027570889318794346,0.025463776115674762,0.670604089377927,-0.006961465797250033,200,67,60,1.9999999440490233,2.1596340382679102e-08,-0.04215851040001846,-0.050000016103549344,0.04000000156813357,0.020000000823474806,109.06577343812089,3.8247225565774468,73024807.3,0.00032491096694245534,0.0005322022846442018,0.001249999951532927,0.0021071132031195844,0.9515451835625657,24,252,200,CLARABEL,optimal
2023-12-29,temporal_assessment,assertive,500000000.0,300.0,0.027570889318794346,0.024213776164141835,0.670604089377927,-0.006961465797250033,200,67,60,1.9999999440490233,2.1596340382679102e-08,-0.04215851040001846,-0.050000016103549344,0.04000000156813357,0.020000000823474806,109.06577343812089,3.8247225565774468,73024807.3,0.00032491096694245534,0.0005322022846442018,0.002499999903065854,0.0033571131546525114,0.9515451835625657,24,252,200,CLARABEL,optimal
2024-01-31,temporal_assessment,assertive,10000000.0,50.0,0.01757574970689257,0.016658158765815466,0.9439991580821541,0.04664344102925139,200,65,57,1.9999999532796278,-5.3129025345821645e-09,-0.05000000003845134,-0.05000001975423861,0.03999999966902629,0.02000000085201856,107.4102636520553,3.2297552341760927,77132023.03777,0.0004023495361139662,9.857474692302881e-05,0.00041666665804011046,0.0009175909410771055,0.016147343714250556,0,252,200,CLARABEL,optimal
2024-01-31,temporal_assessment,assertive,10000000.0,150.0,0.01757574970689257,0.015824825449735243,0.9439991580821541,0.04664344102925139,200,65,57,1.9999999532796278,-5.3129025345821645e-09,-0.05000000003845134,-0.05000001975423861,0.03999999966902629,0.02000000085201856,107.4102636520553,3.2297552341760927,77132023.03777,0.0004023495361139662,9.857474692302881e-05,0.0012499999741203314,0.0017509242571573263,0.016147343714250556,0,252,200,CLARABEL,optimal
2024-01-31,temporal_assessment,assertive,10000000.0,300.0,0.01757574970689257,0.014574825475614912,0.9439991580821541,0.04664344102925139,200,65,57,1.9999999532796278,-5.3129025345821645e-09,-0.05000000003845134,-0.05000001975423861,0.03999999966902629,0.02000000085201856,107.4102636520553,3.2297552341760927,77132023.03777,0.0004023495361139662,9.857474692302881e-05,0.002499999948240663,0.003000924231277658,0.016147343714250556,0,252,200,CLARABEL,optimal
2024-01-31,temporal_assessment,assertive,100000000.0,50.0,0.01757574970689257,0.01644501279268705,0.9439991580821541,0.04664344102925139,200,65,57,1.9999999532796278,-5.3129025345821645e-09,-0.05000000003845134,-0.05000001975423861,0.03999999966902629,0.02000000085201856,107.4102636520553,3.2297552341760927,77132023.03777,0.0004023495361139662,0.0003117207200514457,0.00041666665804011046,0.0011307369142055223,0.16147343714250556,3,252,200,CLARABEL,optimal
2024-01-31,temporal_assessment,assertive,100000000.0,150.0,0.01757574970689257,0.015611679476606827,0.9439991580821541,0.04664344102925139,200,65,57,1.9999999532796278,-5.3129025345821645e-09,-0.05000000003845134,-0.05000001975423861,0.03999999966902629,0.02000000085201856,107.4102636520553,3.2297552341760927,77132023.03777,0.0004023495361139662,0.0003117207200514457,0.0012499999741203314,0.0019640702302857432,0.16147343714250556,3,252,200,CLARABEL,optimal
2024-01-31,temporal_assessment,assertive,100000000.0,300.0,0.01757574970689257,0.014361679502486496,0.9439991580821541,0.04664344102925139,200,65,57,1.9999999532796278,-5.3129025345821645e-09,-0.05000000003845134,-0.05000001975423861,0.03999999966902629,0.02000000085201856,107.4102636520553,3.2297552341760927,77132023.03777,0.0004023495361139662,0.0003117207200514457,0.002499999948240663,0.003214070204406075,0.16147343714250556,3,252,200,CLARABEL,optimal
2024-01-31,temporal_assessment,assertive,500000000.0,50.0,0.01757574970689257,0.01605970479270828,0.9439991580821541,0.04664344102925139,200,65,57,1.9999999532796278,-5.3129025345821645e-09,-0.05000000003845134,-0.05000001975423861,0.03999999966902629,0.02000000085201856,107.4102636520553,3.2297552341760927,77132023.03777,0.0004023495361139662,0.0006970287200302144,0.00041666665804011046,0.001516044914184291,0.8073671857125277,27,252,200,CLARABEL,optimal
2024-01-31,temporal_assessment,assertive,500000000.0,150.0,0.01757574970689257,0.015226371476628059,0.9439991580821541,0.04664344102925139,200,65,57,1.9999999532796278,-5.3129025345821645e-09,-0.05000000003845134,-0.05000001975423861,0.03999999966902629,0.02000000085201856,107.4102636520553,3.2297552341760927,77132023.03777,0.0004023495361139662,0.0006970287200302144,0.0012499999741203314,0.002349378230264512,0.8073671857125277,27,252,200,CLARABEL,optimal
2024-01-31,temporal_assessment,assertive,500000000.0,300.0,0.01757574970689257,0.013976371502507728,0.9439991580821541,0.04664344102925139,200,65,57,1.9999999532796278,-5.3129025345821645e-09,-0.05000000003845134,-0.05000001975423861,0.03999999966902629,0.02000000085201856,107.4102636520553,3.2297552341760927,77132023.03777,0.0004023495361139662,0.0006970287200302144,0.002499999948240663,0.0035993782043848436,0.8073671857125277,27,252,200,CLARABEL,optimal
2024-02-29,temporal_assessment,assertive,10000000.0,50.0,0.003979055755371317,0.002705639630495649,1.5859402242654828,0.031041456915261407,200,64,61,1.9999999852915535,3.5318198643441434e-09,-0.017863127363497544,-0.04999999800053946,0.03999999914681533,0.020000000772342763,107.96684224967397,3.573142680626639,75696636.50999999,0.0006899853331206133,0.00016676412888844404,0.0004166666628666112,0.0012734161248756685,0.010206269893750786,0,252,200,CLARABEL,optimal
2024-02-29,temporal_assessment,assertive,10000000.0,150.0,0.003979055755371317,0.001872306304762426,1.5859402242654828,0.031041456915261407,200,64,61,1.9999999852915535,3.5318198643441434e-09,-0.017863127363497544,-0.04999999800053946,0.03999999914681533,0.020000000772342763,107.96684224967397,3.573142680626639,75696636.50999999,0.0006899853331206133,0.00016676412888844404,0.0012499999885998336,0.002106749450608891,0.010206269893750786,0,252,200,CLARABEL,optimal
2024-02-29,temporal_assessment,assertive,10000000.0,300.0,0.003979055755371317,0.0006223063161625926,1.5859402242654828,0.031041456915261407,200,64,61,1.9999999852915535,3.5318198643441434e-09,-0.017863127363497544,-0.04999999800053946,0.03999999914681533,0.020000000772342763,107.96684224967397,3.573142680626639,75696636.50999999,0.0006899853331206133,0.00016676412888844404,0.0024999999771996672,0.0033567494392087245,0.010206269893750786,0,252,200,CLARABEL,optimal
2024-02-29,temporal_assessment,assertive,100000000.0,50.0,0.003979055755371317,0.0023450492800827258,1.5859402242654828,0.031041456915261407,200,64,61,1.9999999852915535,3.5318198643441434e-09,-0.017863127363497544,-0.04999999800053946,0.03999999914681533,0.020000000772342763,107.96684224967397,3.573142680626639,75696636.50999999,0.0006899853331206133,0.0005273544793013669,0.0004166666628666112,0.0016340064752885914,0.10206269893750786,1,252,200,CLARABEL,optimal
2024-02-29,temporal_assessment,assertive,100000000.0,150.0,0.003979055755371317,0.0015117159543495034,1.5859402242654828,0.031041456915261407,200,64,61,1.9999999852915535,3.5318198643441434e-09,-0.017863127363497544,-0.04999999800053946,0.03999999914681533,0.020000000772342763,107.96684224967397,3.573142680626639,75696636.50999999,0.0006899853331206133,0.0005273544793013669,0.0012499999885998336,0.002467339801021814,0.10206269893750786,1,252,200,CLARABEL,optimal
2024-02-29,temporal_assessment,assertive,100000000.0,300.0,0.003979055755371317,0.0002617159657496695,1.5859402242654828,0.031041456915261407,200,64,61,1.9999999852915535,3.5318198643441434e-09,-0.017863127363497544,-0.04999999800053946,0.03999999914681533,0.020000000772342763,107.96684224967397,3.573142680626639,75696636.50999999,0.0006899853331206133,0.0005273544793013669,0.0024999999771996672,0.0037173397896216476,0.10206269893750786,1,252,200,CLARABEL,optimal
2024-02-29,temporal_assessment,assertive,500000000.0,50.0,0.003979055755371317,0.0016932032954272308,1.5859402242654828,0.031041456915261407,200,64,61,1.9999999852915535,3.5318198643441434e-09,-0.017863127363497544,-0.04999999800053946,0.03999999914681533,0.020000000772342763,107.96684224967397,3.573142680626639,75696636.50999999,0.0006899853331206133,0.001179200463956862,0.0004166666628666112,0.0022858524599440864,0.5103134946875393,54,252,200,CLARABEL,optimal
2024-02-29,temporal_assessment,assertive,500000000.0,150.0,0.003979055755371317,0.0008598699696940083,1.5859402242654828,0.031041456915261407,200,64,61,1.9999999852915535,3.5318198643441434e-09,-0.017863127363497544,-0.04999999800053946,0.03999999914681533,0.020000000772342763,107.96684224967397,3.573142680626639,75696636.50999999,0.0006899853331206133,0.001179200463956862,0.0012499999885998336,0.003119185785677309,0.5103134946875393,54,252,200,CLARABEL,optimal
2024-02-29,temporal_assessment,assertive,500000000.0,300.0,0.003979055755371317,-0.0003901300189058255,1.5859402242654828,0.031041456915261407,200,64,61,1.9999999852915535,3.5318198643441434e-09,-0.017863127363497544,-0.04999999800053946,0.03999999914681533,0.020000000772342763,107.96684224967397,3.573142680626639,75696636.50999999,0.0006899853331206133,0.001179200463956862,0.0024999999771996672,0.004369185774277143,0.5103134946875393,54,252,200,CLARABEL,optimal
2024-03-28,temporal_assessment,assertive,10000000.0,50.0,0.02346477056861143,0.022546941168290015,0.9565458207600768,-0.033217954266835784,200,65,63,1.9999999771379047,1.749749522356181e-09,-0.016648708192088135,-0.04999998024496541,0.04000000158090276,0.020000000748444813,108.76310580555575,3.575312104579426,84857995.4,0.000403798540827267,9.736419795495074e-05,0.000416666661539199,0.0009178294003214169,0.007872364822185842,0,252,200,CLARABEL,optimal
2024-03-28,temporal_assessment,assertive,10000000.0,150.0,0.02346477056861143,0.021713607845211615,0.9565458207600768,-0.033217954266835784,200,65,63,1.9999999771379047,1.749749522356181e-09,-0.016648708192088135,-0.04999998024496541,0.04000000158090276,0.020000000748444813,108.76310580555575,3.575312104579426,84857995.4,0.000403798540827267,9.736419795495074e-05,0.001249999984617597,0.0017511627233998148,0.007872364822185842,0,252,200,CLARABEL,optimal
2024-03-28,temporal_assessment,assertive,10000000.0,300.0,0.02346477056861143,0.02046360786059402,0.9565458207600768,-0.033217954266835784,200,65,63,1.9999999771379047,1.749749522356181e-09,-0.016648708192088135,-0.04999998024496541,0.04000000158090276,0.020000000748444813,108.76310580555575,3.575312104579426,84857995.4,0.000403798540827267,9.736419795495074e-05,0.002499999969235194,0.003001162708017412,0.007872364822185842,0,252,200,CLARABEL,optimal
2024-03-28,temporal_assessment,assertive,100000000.0,50.0,0.02346477056861143,0.022336412738151814,0.9565458207600768,-0.033217954266835784,200,65,63,1.9999999771379047,1.749749522356181e-09,-0.016648708192088135,-0.04999998024496541,0.04000000158090276,0.020000000748444813,108.76310580555575,3.575312104579426,84857995.4,0.000403798540827267,0.00030789262809315256,0.000416666661539199,0.0011283578304596186,0.07872364822185841,0,252,200,CLARABEL,optimal
2024-03-28,temporal_assessment,assertive,100000000.0,150.0,0.02346477056861143,0.021503079415073414,0.9565458207600768,-0.033217954266835784,200,65,63,1.9999999771379047,1.749749522356181e-09,-0.016648708192088135,-0.04999998024496541,0.04000000158090276,0.020000000748444813,108.76310580555575,3.575312104579426,84857995.4,0.000403798540827267,0.00030789262809315256,0.001249999984617597,0.0019616911535380163,0.07872364822185841,0,252,200,CLARABEL,optimal
2024-03-28,temporal_assessment,assertive,100000000.0,300.0,0.02346477056861143,0.020253079430455817,0.9565458207600768,-0.033217954266835784,200,65,63,1.9999999771379047,1.749749522356181e-09,-0.016648708192088135,-0.04999998024496541,0.04000000158090276,0.020000000748444813,108.76310580555575,3.575312104579426,84857995.4,0.000403798540827267,0.00030789262809315256,0.002499999969235194,0.0032116911381556137,0.07872364822185841,0,252,200,CLARABEL,optimal
2024-03-28,temporal_assessment,assertive,500000000.0,50.0,0.02346477056861143,0.021955836520057614,0.9565458207600768,-0.033217954266835784,200,65,63,1.9999999771379047,1.749749522356181e-09,-0.016648708192088135,-0.04999998024496541,0.04000000158090276,0.020000000748444813,108.76310580555575,3.575312104579426,84857995.4,0.000403798540827267,0.0006884688461873506,0.000416666661539199,0.0015089340485538165,0.39361824110929206,31,252,200,CLARABEL,optimal
2024-03-28,temporal_assessment,assertive,500000000.0,150.0,0.02346477056861143,0.02112250319697922,0.9565458207600768,-0.033217954266835784,200,65,63,1.9999999771379047,1.749749522356181e-09,-0.016648708192088135,-0.04999998024496541,0.04000000158090276,0.020000000748444813,108.76310580555575,3.575312104579426,84857995.4,0.000403798540827267,0.0006884688461873506,0.001249999984617597,0.0023422673716322145,0.39361824110929206,31,252,200,CLARABEL,optimal
2024-03-28,temporal_assessment,assertive,500000000.0,300.0,0.02346477056861143,0.01987250321236162,0.9565458207600768,-0.033217954266835784,200,65,63,1.9999999771379047,1.749749522356181e-09,-0.016648708192088135,-0.04999998024496541,0.04000000158090276,0.020000000748444813,108.76310580555575,3.575312104579426,84857995.4,0.000403798540827267,0.0006884688461873506,0.002499999969235194,0.0035922673562498115,0.39361824110929206,31,252,200,CLARABEL,optimal
2024-04-30,temporal_assessment,assertive,10000000.0,50.0,0.016853293331078104,0.016044763925194067,0.7307702875598429,0.03974762023829169,200,66,64,1.9999999799980746,5.374684558523413e-09,-0.017770879520808303,-0.050000002148562095,0.039999998894946785,0.0200000006052914,108.28893934234364,3.674281312950024,86955404.28,0.0003263662906532889,6.549645385087378e-05,0.00041666666137987296,0.0008085294058840357,0.005792926879306757,0,252,200,CLARABEL,optimal
2024-04-30,temporal_assessment,assertive,10000000.0,150.0,0.016853293331078104,0.015211430602434323,0.7307702875598429,0.03974762023829169,200,66,64,1.9999999799980746,5.374684558523413e-09,-0.017770879520808303,-0.050000002148562095,0.039999998894946785,0.0200000006052914,108.28893934234364,3.674281312950024,86955404.28,0.0003263662906532889,6.549645385087378e-05,0.0012499999841396187,0.0016418627286437814,0.005792926879306757,0,252,200,CLARABEL,optimal
2024-04-30,temporal_assessment,assertive,10000000.0,300.0,0.016853293331078104,0.013961430618294704,0.7307702875598429,0.03974762023829169,200,66,64,1.9999999799980746,5.374684558523413e-09,-0.017770879520808303,-0.050000002148562095,0.039999998894946785,0.0200000006052914,108.28893934234364,3.674281312950024,86955404.28,0.0003263662906532889,6.549645385087378e-05,0.0024999999682792373,0.0028918627127834,0.005792926879306757,0,252,200,CLARABEL,optimal
2024-04-30,temporal_assessment,assertive,100000000.0,50.0,0.016853293331078104,0.015903142406212076,0.7307702875598429,0.03974762023829169,200,66,64,1.9999999799980746,5.374684558523413e-09,-0.017770879520808303,-0.050000002148562095,0.039999998894946785,0.0200000006052914,108.28893934234364,3.674281312950024,86955404.28,0.0003263662906532889,0.00020711797283286737,0.00041666666137987296,0.0009501509248660292,0.05792926879306757,0,252,200,CLARABEL,optimal
2024-04-30,temporal_assessment,assertive,100000000.0,150.0,0.016853293331078104,0.015069809083452328,0.7307702875598429,0.03974762023829169,200,66,64,1.9999999799980746,5.374684558523413e-09,-0.017770879520808303,-0.050000002148562095,0.039999998894946785,0.0200000006052914,108.28893934234364,3.674281312950024,86955404.28,0.0003263662906532889,0.00020711797283286737,0.0012499999841396187,0.001783484247625775,0.05792926879306757,0,252,200,CLARABEL,optimal
2024-04-30,temporal_assessment,assertive,100000000.0,300.0,0.016853293331078104,0.01381980909931271,0.7307702875598429,0.03974762023829169,200,66,64,1.9999999799980746,5.374684558523413e-09,-0.017770879520808303,-0.050000002148562095,0.039999998894946785,0.0200000006052914,108.28893934234364,3.674281312950024,86955404.28,0.0003263662906532889,0.00020711797283286737,0.0024999999682792373,0.0030334842317653937,0.05792926879306757,0,252,200,CLARABEL,optimal
2024-04-30,temporal_assessment,assertive,500000000.0,50.0,0.016853293331078104,0.015647130512428695,0.7307702875598429,0.03974762023829169,200,66,64,1.9999999799980746,5.374684558523413e-09,-0.017770879520808303,-0.050000002148562095,0.039999998894946785,0.0200000006052914,108.28893934234364,3.674281312950024,86955404.28,0.0003263662906532889,0.00046312986661624605,0.00041666666137987296,0.001206162818649408,0.28964634396533784,21,252,200,CLARABEL,optimal
2024-04-30,temporal_assessment,assertive,500000000.0,150.0,0.016853293331078104,0.01481379718966895,0.7307702875598429,0.03974762023829169,200,66,64,1.9999999799980746,5.374684558523413e-09,-0.017770879520808303,-0.050000002148562095,0.039999998894946785,0.0200000006052914,108.28893934234364,3.674281312950024,86955404.28,0.0003263662906532889,0.00046312986661624605,0.0012499999841396187,0.0020394961414091535,0.28964634396533784,21,252,200,CLARABEL,optimal
2024-04-30,temporal_assessment,assertive,500000000.0,300.0,0.016853293331078104,0.013563797205529332,0.7307702875598429,0.03974762023829169,200,66,64,1.9999999799980746,5.374684558523413e-09,-0.017770879520808303,-0.050000002148562095,0.039999998894946785,0.0200000006052914,108.28893934234364,3.674281312950024,86955404.28,0.0003263662906532889,0.00046312986661624605,0.0024999999682792373,0.003289496125548772,0.28964634396533784,21,252,200,CLARABEL,optimal
2024-05-31,temporal_assessment,assertive,10000000.0,50.0,-0.015444820491694745,-0.01614422204922785,0.6331334847662007,0.036880022679501204,200,62,63,1.9999999841377814,-6.139439123753476e-09,-0.03753234262471586,-0.03885999448395319,0.03999999970257185,0.020000000557677176,106.80077331202408,3.29490318810083,91076877.85999998,0.00023839203131348366,4.434286157853417e-05,0.0004166666646410876,0.0006994015575331055,0.006738201828350564,0,252,200,CLARABEL,optimal
2024-05-31,temporal_assessment,assertive,10000000.0,150.0,-0.015444820491694745,-0.016977555378510027,0.6331334847662007,0.036880022679501204,200,62,63,1.9999999841377814,-6.139439123753476e-09,-0.03753234262471586,-0.03885999448395319,0.03999999970257185,0.020000000557677176,106.80077331202408,3.29490318810083,91076877.85999998,0.00023839203131348366,4.434286157853417e-05,0.0012499999939232628,0.0015327348868152807,0.006738201828350564,0,252,200,CLARABEL,optimal
2024-05-31,temporal_assessment,assertive,10000000.0,300.0,-0.015444820491694745,-0.01822755537243329,0.6331334847662007,0.036880022679501204,200,62,63,1.9999999841377814,-6.139439123753476e-09,-0.03753234262471586,-0.03885999448395319,0.03999999970257185,0.020000000557677176,106.80077331202408,3.29490318810083,91076877.85999998,0.00023839203131348366,4.434286157853417e-05,0.0024999999878465256,0.0027827348807385435,0.006738201828350564,0,252,200,CLARABEL,optimal
2024-05-31,temporal_assessment,assertive,100000000.0,50.0,-0.015444820491694745,-0.016240103628207055,0.6331334847662007,0.036880022679501204,200,62,63,1.9999999841377814,-6.139439123753476e-09,-0.03753234262471586,-0.03885999448395319,0.03999999970257185,0.020000000557677176,106.80077331202408,3.29490318810083,91076877.85999998,0.00023839203131348366,0.00014022444055773736,0.0004166666646410876,0.0007952831365123087,0.06738201828350564,0,252,200,CLARABEL,optimal
2024-05-31,temporal_assessment,assertive,100000000.0,150.0,-0.015444820491694745,-0.01707343695748923,0.6331334847662007,0.036880022679501204,200,62,63,1.9999999841377814,-6.139439123753476e-09,-0.03753234262471586,-0.03885999448395319,0.03999999970257185,0.020000000557677176,106.80077331202408,3.29490318810083,91076877.85999998,0.00023839203131348366,0.00014022444055773736,0.0012499999939232628,0.001628616465794484,0.06738201828350564,0,252,200,CLARABEL,optimal
2024-05-31,temporal_assessment,assertive,100000000.0,300.0,-0.015444820491694745,-0.018323436951412492,0.6331334847662007,0.036880022679501204,200,62,63,1.9999999841377814,-6.139439123753476e-09,-0.03753234262471586,-0.03885999448395319,0.03999999970257185,0.020000000557677176,106.80077331202408,3.29490318810083,91076877.85999998,0.00023839203131348366,0.00014022444055773736,0.0024999999878465256,0.0028786164597177466,0.06738201828350564,0,252,200,CLARABEL,optimal
2024-05-31,temporal_assessment,assertive,500000000.0,50.0,-0.015444820491694745,-0.016413430568843295,0.6331334847662007,0.036880022679501204,200,62,63,1.9999999841377814,-6.139439123753476e-09,-0.03753234262471586,-0.03885999448395319,0.03999999970257185,0.020000000557677176,106.80077331202408,3.29490318810083,91076877.85999998,0.00023839203131348366,0.00031355138119397923,0.0004166666646410876,0.0009686100771485505,0.33691009141752815,19,252,200,CLARABEL,optimal
2024-05-31,temporal_assessment,assertive,500000000.0,150.0,-0.015444820491694745,-0.01724676389812547,0.6331334847662007,0.036880022679501204,200,62,63,1.9999999841377814,-6.139439123753476e-09,-0.03753234262471586,-0.03885999448395319,0.03999999970257185,0.020000000557677176,106.80077331202408,3.29490318810083,91076877.85999998,0.00023839203131348366,0.00031355138119397923,0.0012499999939232628,0.0018019434064307257,0.33691009141752815,19,252,200,CLARABEL,optimal
2024-05-31,temporal_assessment,assertive,500000000.0,300.0,-0.015444820491694745,-0.018496763892048733,0.6331334847662007,0.036880022679501204,200,62,63,1.9999999841377814,-6.139439123753476e-09,-0.03753234262471586,-0.03885999448395319,0.03999999970257185,0.020000000557677176,106.80077331202408,3.29490318810083,91076877.85999998,0.00023839203131348366,0.00031355138119397923,0.0024999999878465256,0.0030519434003539883,0.33691009141752815,19,252,200,CLARABEL,optimal
2024-06-28,temporal_assessment,assertive,10000000.0,50.0,-0.026538248823838585,-0.0274582399337696,0.9455954062850406,0.012044622640758442,200,61,63,1.9999999811846099,-9.751725982276582e-09,-0.0024326247921822586,-0.0370951400406867,0.03999999585270941,0.020000000534986493,106.99885814025698,3.582927588325728,87071962.86,0.00038054661030966847,0.0001227778348429422,0.0004166666647784033,0.0009199911099310139,0.008357247411818496,0,252,200,CLARABEL,optimal
2024-06-28,temporal_assessment,assertive,10000000.0,150.0,-0.026538248823838585,-0.028291573263326406,0.9455954062850406,0.012044622640758442,200,61,63,1.9999999811846099,-9.751725982276582e-09,-0.0024326247921822586,-0.0370951400406867,0.03999999585270941,0.020000000534986493,106.99885814025698,3.582927588325728,87071962.86,0.00038054661030966847,0.0001227778348429422,0.00124999999433521,0.0017533244394878206,0.008357247411818496,0,252,200,CLARABEL,optimal
2024-06-28,temporal_assessment,assertive,10000000.0,300.0,-0.026538248823838585,-0.029541573257661616,0.9455954062850406,0.012044622640758442,200,61,63,1.9999999811846099,-9.751725982276582e-09,-0.0024326247921822586,-0.0370951400406867,0.03999999585270941,0.020000000534986493,106.99885814025698,3.582927588325728,87071962.86,0.00038054661030966847,0.0001227778348429422,0.00249999998867042,0.0030033244338230304,0.008357247411818496,0,252,200,CLARABEL,optimal
2024-06-28,temporal_assessment,assertive,100000000.0,50.0,-0.026538248823838585,-0.027723719703214335,0.9455954062850406,0.012044622640758442,200,61,63,1.9999999811846099,-9.751725982276582e-09,-0.0024326247921822586,-0.0370951400406867,0.03999999585270941,0.020000000534986493,106.99885814025698,3.582927588325728,87071962.86,0.00038054661030966847,0.00038825760428767907,0.0004166666647784033,0.001185470879375751,0.08357247411818496,0,252,200,CLARABEL,optimal
2024-06-28,temporal_assessment,assertive,100000000.0,150.0,-0.026538248823838585,-0.028557053032771142,0.9455954062850406,0.012044622640758442,200,61,63,1.9999999811846099,-9.751725982276582e-09,-0.0024326247921822586,-0.0370951400406867,0.03999999585270941,0.020000000534986493,106.99885814025698,3.582927588325728,87071962.86,0.00038054661030966847,0.00038825760428767907,0.00124999999433521,0.002018804208932558,0.08357247411818496,0,252,200,CLARABEL,optimal
2024-06-28,temporal_assessment,assertive,100000000.0,300.0,-0.026538248823838585,-0.029807053027106352,0.9455954062850406,0.012044622640758442,200,61,63,1.9999999811846099,-9.751725982276582e-09,-0.0024326247921822586,-0.0370951400406867,0.03999999585270941,0.020000000534986493,106.99885814025698,3.582927588325728,87071962.86,0.00038054661030966847,0.00038825760428767907,0.00249999998867042,0.0032688042032677674,0.08357247411818496,0,252,200,CLARABEL,optimal
2024-06-28,temporal_assessment,assertive,500000000.0,50.0,-0.026538248823838585,-0.02820363249489512,0.9455954062850406,0.012044622640758442,200,61,63,1.9999999811846099,-9.751725982276582e-09,-0.0024326247921822586,-0.0370951400406867,0.03999999585270941,0.020000000534986493,106.99885814025698,3.582927588325728,87071962.86,0.00038054661030966847,0.0008681703959684641,0.0004166666647784033,0.001665383671056536,0.4178623705909248,29,252,200,CLARABEL,optimal
2024-06-28,temporal_assessment,assertive,500000000.0,150.0,-0.026538248823838585,-0.029036965824451928,0.9455954062850406,0.012044622640758442,200,61,63,1.9999999811846099,-9.751725982276582e-09,-0.0024326247921822586,-0.0370951400406867,0.03999999585270941,0.020000000534986493,106.99885814025698,3.582927588325728,87071962.86,0.00038054661030966847,0.0008681703959684641,0.00124999999433521,0.002498717000613343,0.4178623705909248,29,252,200,CLARABEL,optimal
2024-06-28,temporal_assessment,assertive,500000000.0,300.0,-0.026538248823838585,-0.030286965818787138,0.9455954062850406,0.012044622640758442,200,61,63,1.9999999811846099,-9.751725982276582e-09,-0.0024326247921822586,-0.0370951400406867,0.03999999585270941,0.020000000534986493,106.99885814025698,3.582927588325728,87071962.86,0.00038054661030966847,0.0008681703959684641,0.00249999998867042,0.0037487169949485524,0.4178623705909248,29,252,200,CLARABEL,optimal
2024-07-31,temporal_assessment,assertive,10000000.0,50.0,0.010347416164322644,0.009621013112747717,0.6645031984152852,0.03558140675409343,200,63,61,1.9999999636745287,5.57561628811154e-10,-0.011423571814967351,-0.04999338911992536,0.040000003778408476,0.02000000048728954,106.80705997729599,3.7376271775933496,109154661.25,0.00025601984806899406,5.371654452323153e-05,0.00041666665898270147,0.0007264030515749271,0.008922831559329325,0,252,200,CLARABEL,optimal
2024-07-31,temporal_assessment,assertive,10000000.0,150.0,0.010347416164322644,0.008787679794782314,0.6645031984152852,0.03558140675409343,200,63,61,1.9999999636745287,5.57561628811154e-10,-0.011423571814967351,-0.04999338911992536,0.040000003778408476,0.02000000048728954,106.80705997729599,3.7376271775933496,109154661.25,0.00025601984806899406,5.371654452323153e-05,0.0012499999769481043,0.00155973636954033,0.008922831559329325,0,252,200,CLARABEL,optimal
2024-07-31,temporal_assessment,assertive,10000000.0,300.0,0.010347416164322644,0.0075376798178342095,0.6645031984152852,0.03558140675409343,200,63,61,1.9999999636745287,5.57561628811154e-10,-0.011423571814967351,-0.04999338911992536,0.040000003778408476,0.02000000048728954,106.80705997729599,3.7376271775933496,109154661.25,0.00025601984806899406,5.371654452323153e-05,0.0024999999538962087,0.0028097363464884345,0.008922831559329325,0,252,200,CLARABEL,optimal
2024-07-31,temporal_assessment,assertive,100000000.0,50.0,0.010347416164322644,0.009504863028543694,0.6645031984152852,0.03558140675409343,200,63,61,1.9999999636745287,5.57561628811154e-10,-0.011423571814967351,-0.04999338911992536,0.040000003778408476,0.02000000048728954,106.80705997729599,3.7376271775933496,109154661.25,0.00025601984806899406,0.00016986662872725517,0.00041666665898270147,0.0008425531357789507,0.08922831559329325,0,252,200,CLARABEL,optimal
2024-07-31,temporal_assessment,assertive,100000000.0,150.0,0.010347416164322644,0.00867152971057829,0.6645031984152852,0.03558140675409343,200,63,61,1.9999999636745287,5.57561628811154e-10,-0.011423571814967351,-0.04999338911992536,0.040000003778408476,0.02000000048728954,106.80705997729599,3.7376271775933496,109154661.25,0.00025601984806899406,0.00016986662872725517,0.0012499999769481043,0.0016758864537443536,0.08922831559329325,0,252,200,CLARABEL,optimal
2024-07-31,temporal_assessment,assertive,100000000.0,300.0,0.010347416164322644,0.007421529733630186,0.6645031984152852,0.03558140675409343,200,63,61,1.9999999636745287,5.57561628811154e-10,-0.011423571814967351,-0.04999338911992536,0.040000003778408476,0.02000000048728954,106.80705997729599,3.7376271775933496,109154661.25,0.00025601984806899406,0.00016986662872725517,0.0024999999538962087,0.0029258864306924578,0.08922831559329325,0,252,200,CLARABEL,optimal
2024-07-31,temporal_assessment,assertive,500000000.0,50.0,0.010347416164322644,0.009294896328328087,0.6645031984152852,0.03558140675409343,200,63,61,1.9999999636745287,5.57561628811154e-10,-0.011423571814967351,-0.04999338911992536,0.040000003778408476,0.02000000048728954,106.80705997729599,3.7376271775933496,109154661.25,0.00025601984806899406,0.0003798333289428612,0.00041666665898270147,0.0010525198359945568,0.4461415779664663,12,252,200,CLARABEL,optimal
2024-07-31,temporal_assessment,assertive,500000000.0,150.0,0.010347416164322644,0.008461563010362685,0.6645031984152852,0.03558140675409343,200,63,61,1.9999999636745287,5.57561628811154e-10,-0.011423571814967351,-0.04999338911992536,0.040000003778408476,0.02000000048728954,106.80705997729599,3.7376271775933496,109154661.25,0.00025601984806899406,0.0003798333289428612,0.0012499999769481043,0.0018858531539599596,0.4461415779664663,12,252,200,CLARABEL,optimal
2024-07-31,temporal_assessment,assertive,500000000.0,300.0,0.010347416164322644,0.00721156303341458,0.6645031984152852,0.03558140675409343,200,63,61,1.9999999636745287,5.57561628811154e-10,-0.011423571814967351,-0.04999338911992536,0.040000003778408476,0.02000000048728954,106.80705997729599,3.7376271775933496,109154661.25,0.00025601984806899406,0.0003798333289428612,0.0024999999538962087,0.003135853130908064,0.4461415779664663,12,252,200,CLARABEL,optimal
2024-08-30,temporal_assessment,assertive,10000000.0,50.0,0.052432510221994,0.05152242028336349,0.878819379878728,0.025755660294667325,200,61,60,1.9999999516978586,-1.2233915339110446e-09,0.005825360576022953,-0.04999998949208189,0.040000004638193656,0.020000000381871677,107.60371190560775,3.953127904640695,109522734.265,0.000414758680506789,7.866460126512814e-05,0.00041666665685859383,0.000910089938630511,0.011003147468166025,0,252,200,CLARABEL,optimal
2024-08-30,temporal_assessment,assertive,10000000.0,150.0,0.052432510221994,0.0506890869696463,0.878819379878728,0.025755660294667325,200,61,60,1.9999999516978586,-1.2233915339110446e-09,0.005825360576022953,-0.04999998949208189,0.040000004638193656,0.020000000381871677,107.60371190560775,3.953127904640695,109522734.265,0.000414758680506789,7.866460126512814e-05,0.0012499999705757813,0.0017434232523476983,0.011003147468166025,0,252,200,CLARABEL,optimal
2024-08-30,temporal_assessment,assertive,10000000.0,300.0,0.052432510221994,0.04943908699907052,0.878819379878728,0.025755660294667325,200,61,60,1.9999999516978586,-1.2233915339110446e-09,0.005825360576022953,-0.04999998949208189,0.040000004638193656,0.020000000381871677,107.60371190560775,3.953127904640695,109522734.265,0.000414758680506789,7.866460126512814e-05,0.0024999999411515626,0.00299342322292348,0.011003147468166025,0,252,200,CLARABEL,optimal
2024-08-30,temporal_assessment,assertive,100000000.0,50.0,0.052432510221994,0.05135232557340185,0.878819379878728,0.025755660294667325,200,61,60,1.9999999516978586,-1.2233915339110446e-09,0.005825360576022953,-0.04999998949208189,0.040000004638193656,0.020000000381871677,107.60371190560775,3.953127904640695,109522734.265,0.000414758680506789,0.00024875931122676797,0.00041666665685859383,0.0010801846485921508,0.11003147468166026,1,252,200,CLARABEL,optimal
2024-08-30,temporal_assessment,assertive,100000000.0,150.0,0.052432510221994,0.05051899225968466,0.878819379878728,0.025755660294667325,200,61,60,1.9999999516978586,-1.2233915339110446e-09,0.005825360576022953,-0.04999998949208189,0.040000004638193656,0.020000000381871677,107.60371190560775,3.953127904640695,109522734.265,0.000414758680506789,0.00024875931122676797,0.0012499999705757813,0.0019135179623093383,0.11003147468166026,1,252,200,CLARABEL,optimal
2024-08-30,temporal_assessment,assertive,100000000.0,300.0,0.052432510221994,0.04926899228910888,0.878819379878728,0.025755660294667325,200,61,60,1.9999999516978586,-1.2233915339110446e-09,0.005825360576022953,-0.04999998949208189,0.040000004638193656,0.020000000381871677,107.60371190560775,3.953127904640695,109522734.265,0.000414758680506789,0.00024875931122676797,0.0024999999411515626,0.0031635179328851197,0.11003147468166026,1,252,200,CLARABEL,optimal
2024-08-30,temporal_assessment,assertive,500000000.0,50.0,0.052432510221994,0.05104484215468954,0.878819379878728,0.025755660294667325,200,61,60,1.9999999516978586,-1.2233915339110446e-09,0.005825360576022953,-0.04999998949208189,0.040000004638193656,0.020000000381871677,107.60371190560775,3.953127904640695,109522734.265,0.000414758680506789,0.0005562427299390798,0.00041666665685859383,0.0013876680673044625,0.5501573734083013,13,252,200,CLARABEL,optimal
2024-08-30,temporal_assessment,assertive,500000000.0,150.0,0.052432510221994,0.05021150884097235,0.878819379878728,0.025755660294667325,200,61,60,1.9999999516978586,-1.2233915339110446e-09,0.005825360576022953,-0.04999998949208189,0.040000004638193656,0.020000000381871677,107.60371190560775,3.953127904640695,109522734.265,0.000414758680506789,0.0005562427299390798,0.0012499999705757813,0.0022210013810216502,0.5501573734083013,13,252,200,CLARABEL,optimal
2024-08-30,temporal_assessment,assertive,500000000.0,300.0,0.052432510221994,0.04896150887039657,0.878819379878728,0.025755660294667325,200,61,60,1.9999999516978586,-1.2233915339110446e-09,0.005825360576022953,-0.04999998949208189,0.040000004638193656,0.020000000381871677,107.60371190560775,3.953127904640695,109522734.265,0.000414758680506789,0.0005562427299390798,0.0024999999411515626,0.0034710013515974313,0.5501573734083013,13,252,200,CLARABEL,optimal
2024-09-30,temporal_assessment,assertive,10000000.0,50.0,-0.03459561105643459,-0.035549834840841975,0.9685606178702635,-0.018868208866489457,200,60,60,1.9999999587561779,-1.838296492806535e-08,0.0006922076777051422,0.003428777975976488,0.0400000001327426,0.0200000007462361,107.91604804465311,4.142503670701758,103076816.87,0.00044987960391908307,8.767751858431023e-05,0.00041666666190398805,0.0009542237844073814,0.007468692692436909,0,252,200,CLARABEL,optimal
2024-09-30,temporal_assessment,assertive,10000000.0,150.0,-0.03459561105643459,-0.03638316816464995,0.9685606178702635,-0.018868208866489457,200,60,60,1.9999999587561779,-1.838296492806535e-08,0.0006922076777051422,0.003428777975976488,0.0400000001327426,0.0200000007462361,107.91604804465311,4.142503670701758,103076816.87,0.00044987960391908307,8.767751858431023e-05,0.0012499999857119644,0.0017875571082153576,0.007468692692436909,0,252,200,CLARABEL,optimal
2024-09-30,temporal_assessment,assertive,10000000.0,300.0,-0.03459561105643459,-0.03763316815036191,0.9685606178702635,-0.018868208866489457,200,60,60,1.9999999587561779,-1.838296492806535e-08,0.0006922076777051422,0.003428777975976488,0.0400000001327426,0.0200000007462361,107.91604804465311,4.142503670701758,103076816.87,0.00044987960391908307,8.767751858431023e-05,0.002499999971423929,0.0030375570939273223,0.007468692692436909,0,252,200,CLARABEL,optimal
2024-09-30,temporal_assessment,assertive,100000000.0,50.0,-0.03459561105643459,-0.035739417980575824,0.9685606178702635,-0.018868208866489457,200,60,60,1.9999999587561779,-1.838296492806535e-08,0.0006922076777051422,0.003428777975976488,0.0400000001327426,0.0200000007462361,107.91604804465311,4.142503670701758,103076816.87,0.00044987960391908307,0.0002772606583181621,0.00041666666190398805,0.0011438069241412332,0.0746869269243691,0,252,200,CLARABEL,optimal
2024-09-30,temporal_assessment,assertive,100000000.0,150.0,-0.03459561105643459,-0.0365727513043838,0.9685606178702635,-0.018868208866489457,200,60,60,1.9999999587561779,-1.838296492806535e-08,0.0006922076777051422,0.003428777975976488,0.0400000001327426,0.0200000007462361,107.91604804465311,4.142503670701758,103076816.87,0.00044987960391908307,0.0002772606583181621,0.0012499999857119644,0.0019771402479492094,0.0746869269243691,0,252,200,CLARABEL,optimal
2024-09-30,temporal_assessment,assertive,100000000.0,300.0,-0.03459561105643459,-0.03782275129009577,0.9685606178702635,-0.018868208866489457,200,60,60,1.9999999587561779,-1.838296492806535e-08,0.0006922076777051422,0.003428777975976488,0.0400000001327426,0.0200000007462361,107.91604804465311,4.142503670701758,103076816.87,0.00044987960391908307,0.0002772606583181621,0.002499999971423929,0.003227140233661174,0.0746869269243691,0,252,200,CLARABEL,optimal
2024-09-30,temporal_assessment,assertive,500000000.0,50.0,-0.03459561105643459,-0.036082131001743414,0.9685606178702635,-0.018868208866489457,200,60,60,1.9999999587561779,-1.838296492806535e-08,0.0006922076777051422,0.003428777975976488,0.0400000001327426,0.0200000007462361,107.91604804465311,4.142503670701758,103076816.87,0.00044987960391908307,0.000619973679485753,0.00041666666190398805,0.001486519945308824,0.37343463462184545,12,252,200,CLARABEL,optimal
2024-09-30,temporal_assessment,assertive,500000000.0,150.0,-0.03459561105643459,-0.03691546432555139,0.9685606178702635,-0.018868208866489457,200,60,60,1.9999999587561779,-1.838296492806535e-08,0.0006922076777051422,0.003428777975976488,0.0400000001327426,0.0200000007462361,107.91604804465311,4.142503670701758,103076816.87,0.00044987960391908307,0.000619973679485753,0.0012499999857119644,0.0023198532691168002,0.37343463462184545,12,252,200,CLARABEL,optimal
2024-09-30,temporal_assessment,assertive,500000000.0,300.0,-0.03459561105643459,-0.03816546431126336,0.9685606178702635,-0.018868208866489457,200,60,60,1.9999999587561779,-1.838296492806535e-08,0.0006922076777051422,0.003428777975976488,0.0400000001327426,0.0200000007462361,107.91604804465311,4.142503670701758,103076816.87,0.00044987960391908307,0.000619973679485753,0.002499999971423929,0.003569853254828765,0.37343463462184545,12,252,200,CLARABEL,optimal
2024-10-31,temporal_assessment,assertive,10000000.0,50.0,-0.028519752681033534,-0.029264306395460394,0.6349682647912944,0.08796026722422992,200,61,64,1.9999999669629385,-4.432254757658072e-09,0.022933119768214077,0.0327346174932175,0.040000001452293855,0.02000000077340694,107.18644278094771,3.867789357588359,101642792.73,0.0002703370485826768,5.7550005136851925e-05,0.00041666666070733194,0.0007445537144268607,0.010803326858657048,0,252,200,CLARABEL,optimal
2024-10-31,temporal_assessment,assertive,10000000.0,150.0,-0.028519752681033534,-0.030097639716875058,0.6349682647912944,0.08796026722422992,200,61,64,1.9999999669629385,-4.432254757658072e-09,0.022933119768214077,0.0327346174932175,0.040000001452293855,0.02000000077340694,107.18644278094771,3.867789357588359,101642792.73,0.0002703370485826768,5.7550005136851925e-05,0.0012499999821219958,0.0015778870358415247,0.010803326858657048,0,252,200,CLARABEL,optimal
2024-10-31,temporal_assessment,assertive,10000000.0,300.0,-0.028519752681033534,-0.03134763969899705,0.6349682647912944,0.08796026722422992,200,61,64,1.9999999669629385,-4.432254757658072e-09,0.022933119768214077,0.0327346174932175,0.040000001452293855,0.02000000077340694,107.18644278094771,3.867789357588359,101642792.73,0.0002703370485826768,5.7550005136851925e-05,0.0024999999642439917,0.0028278870179635203,0.010803326858657048,0,252,200,CLARABEL,optimal
2024-10-31,temporal_assessment,assertive,100000000.0,50.0,-0.028519752681033534,-0.029388745485910386,0.6349682647912944,0.08796026722422992,200,61,64,1.9999999669629385,-4.432254757658072e-09,0.022933119768214077,0.0327346174932175,0.040000001452293855,0.02000000077340694,107.18644278094771,3.867789357588359,101642792.73,0.0002703370485826768,0.0001819890955868423,0.00041666666070733194,0.000868992804876851,0.10803326858657049,1,252,200,CLARABEL,optimal
2024-10-31,temporal_assessment,assertive,100000000.0,150.0,-0.028519752681033534,-0.03022207880732505,0.6349682647912944,0.08796026722422992,200,61,64,1.9999999669629385,-4.432254757658072e-09,0.022933119768214077,0.0327346174932175,0.040000001452293855,0.02000000077340694,107.18644278094771,3.867789357588359,101642792.73,0.0002703370485826768,0.0001819890955868423,0.0012499999821219958,0.0017023261262915149,0.10803326858657049,1,252,200,CLARABEL,optimal
2024-10-31,temporal_assessment,assertive,100000000.0,300.0,-0.028519752681033534,-0.03147207878944704,0.6349682647912944,0.08796026722422992,200,61,64,1.9999999669629385,-4.432254757658072e-09,0.022933119768214077,0.0327346174932175,0.040000001452293855,0.02000000077340694,107.18644278094771,3.867789357588359,101642792.73,0.0002703370485826768,0.0001819890955868423,0.0024999999642439917,0.0029523261084135107,0.10803326858657049,1,252,200,CLARABEL,optimal
2024-10-31,temporal_assessment,assertive,500000000.0,50.0,-0.028519752681033534,-0.02961369637921943,0.6349682647912944,0.08796026722422992,200,61,64,1.9999999669629385,-4.432254757658072e-09,0.022933119768214077,0.0327346174932175,0.040000001452293855,0.02000000077340694,107.18644278094771,3.867789357588359,101642792.73,0.0002703370485826768,0.00040693998889588634,0.00041666666070733194,0.001093943698185895,0.5401663429328524,6,252,200,CLARABEL,optimal
2024-10-31,temporal_assessment,assertive,500000000.0,150.0,-0.028519752681033534,-0.030447029700634093,0.6349682647912944,0.08796026722422992,200,61,64,1.9999999669629385,-4.432254757658072e-09,0.022933119768214077,0.0327346174932175,0.040000001452293855,0.02000000077340694,107.18644278094771,3.867789357588359,101642792.73,0.0002703370485826768,0.00040693998889588634,0.0012499999821219958,0.0019272770196005588,0.5401663429328524,6,252,200,CLARABEL,optimal
2024-10-31,temporal_assessment,assertive,500000000.0,300.0,-0.028519752681033534,-0.03169702968275609,0.6349682647912944,0.08796026722422992,200,61,64,1.9999999669629385,-4.432254757658072e-09,0.022933119768214077,0.0327346174932175,0.040000001452293855,0.02000000077340694,107.18644278094771,3.867789357588359,101642792.73,0.0002703370485826768,0.00040693998889588634,0.0024999999642439917,0.003177277001722555,0.5401663429328524,6,252,200,CLARABEL,optimal
2024-11-29,temporal_assessment,assertive,10000000.0,50.0,-0.0024887779850577725,-0.0033315396925603772,0.8756846847058051,-0.03168015652937511,200,61,58,1.999999989550752,9.331744543761289e-10,0.05000000421250614,0.046782651428207964,0.040000003285372586,0.020000000735375865,107.4429682091768,3.3504320537932526,116465311.1925,0.0003343576273308102,9.173741587646573e-05,0.00041666666429532876,0.0008427617075026047,0.004393872257713928,0,252,200,CLARABEL,optimal
2024-11-29,temporal_assessment,assertive,10000000.0,150.0,-0.0024887779850577725,-0.004164873021151034,0.8756846847058051,-0.03168015652937511,200,61,58,1.999999989550752,9.331744543761289e-10,0.05000000421250614,0.046782651428207964,0.040000003285372586,0.020000000735375865,107.4429682091768,3.3504320537932526,116465311.1925,0.0003343576273308102,9.173741587646573e-05,0.0012499999928859862,0.0016760950360932621,0.004393872257713928,0,252,200,CLARABEL,optimal
2024-11-29,temporal_assessment,assertive,10000000.0,300.0,-0.0024887779850577725,-0.00541487301403702,0.8756846847058051,-0.03168015652937511,200,61,58,1.999999989550752,9.331744543761289e-10,0.05000000421250614,0.046782651428207964,0.040000003285372586,0.020000000735375865,107.4429682091768,3.3504320537932526,116465311.1925,0.0003343576273308102,9.173741587646573e-05,0.0024999999857719724,0.0029260950289792483,0.004393872257713928,0,252,200,CLARABEL,optimal
2024-11-29,temporal_assessment,assertive,100000000.0,50.0,-0.0024887779850577725,-0.003529901457511635,0.8756846847058051,-0.03168015652937511,200,61,58,1.999999989550752,9.331744543761289e-10,0.05000000421250614,0.046782651428207964,0.040000003285372586,0.020000000735375865,107.4429682091768,3.3504320537932526,116465311.1925,0.0003343576273308102,0.0002900991808277236,0.00041666666429532876,0.0010411234724538626,0.04393872257713929,0,252,200,CLARABEL,optimal
2024-11-29,temporal_assessment,assertive,100000000.0,150.0,-0.0024887779850577725,-0.004363234786102292,0.8756846847058051,-0.03168015652937511,200,61,58,1.999999989550752,9.331744543761289e-10,0.05000000421250614,0.046782651428207964,0.040000003285372586,0.020000000735375865,107.4429682091768,3.3504320537932526,116465311.1925,0.0003343576273308102,0.0002900991808277236,0.0012499999928859862,0.00187445680104452,0.04393872257713929,0,252,200,CLARABEL,optimal
2024-11-29,temporal_assessment,assertive,100000000.0,300.0,-0.0024887779850577725,-0.005613234778988278,0.8756846847058051,-0.03168015652937511,200,61,58,1.999999989550752,9.331744543761289e-10,0.05000000421250614,0.046782651428207964,0.040000003285372586,0.020000000735375865,107.4429682091768,3.3504320537932526,116465311.1925,0.0003343576273308102,0.0002900991808277236,0.0024999999857719724,0.0031244567939305063,0.04393872257713929,0,252,200,CLARABEL,optimal
2024-11-29,temporal_assessment,assertive,500000000.0,50.0,-0.0024887779850577725,-0.003888483765231705,0.8756846847058051,-0.03168015652937511,200,61,58,1.999999989550752,9.331744543761289e-10,0.05000000421250614,0.046782651428207964,0.040000003285372586,0.020000000735375865,107.4429682091768,3.3504320537932526,116465311.1925,0.0003343576273308102,0.0006486814885477937,0.00041666666429532876,0.0013997057801739326,0.21969361288569644,10,252,200,CLARABEL,optimal
2024-11-29,temporal_assessment,assertive,500000000.0,150.0,-0.0024887779850577725,-0.004721817093822363,0.8756846847058051,-0.03168015652937511,200,61,58,1.999999989550752,9.331744543761289e-10,0.05000000421250614,0.046782651428207964,0.040000003285372586,0.020000000735375865,107.4429682091768,3.3504320537932526,116465311.1925,0.0003343576273308102,0.0006486814885477937,0.0012499999928859862,0.0022330391087645902,0.21969361288569644,10,252,200,CLARABEL,optimal
2024-11-29,temporal_assessment,assertive,500000000.0,300.0,-0.0024887779850577725,-0.005971817086708349,0.8756846847058051,-0.03168015652937511,200,61,58,1.999999989550752,9.331744543761289e-10,0.05000000421250614,0.046782651428207964,0.040000003285372586,0.020000000735375865,107.4429682091768,3.3504320537932526,116465311.1925,0.0003343576273308102,0.0006486814885477937,0.0024999999857719724,0.0034830391016505763,0.21969361288569644,10,252,200,CLARABEL,optimal
