date,factor_month,research_period,factor_cost_bps,gross_return,net_return,factor_sleeve_gross_return,factor_sleeve_net_return,equal_factor_gross_return,equal_factor_net_return,combined_unlevered_return,combined_risk_scaled_return,equal_factor_combination_return,v4_sleeve_weight,factor_sleeve_weight,combined_leverage
2010-01-29,2010-02,development,0.0,0.0245628390386303,0.0212672857753173,0.021515166724188215,0.021515166724188215,0.021483333333333337,0.021483333333333337,0.021437782322354767,0.042875564644709534,0.02141588679853185,0.31218374056548803,0.6878162594345119,2.0
2010-01-29,2010-02,development,50.0,0.0245628390386303,0.0212672857753173,0.021515166724188215,0.02109850005752155,0.021483333333333337,0.02106666666666667,0.021151192214257056,0.04230238442851411,0.021129296690434136,0.31218374056548803,0.6878162594345119,2.0
2010-01-29,2010-02,development,100.0,0.0245628390386303,0.0212672857753173,0.021515166724188215,0.020681833390854883,0.021483333333333337,0.020650000000000005,0.02086460210615934,0.04172920421231868,0.020842706582336425,0.31218374056548803,0.6878162594345119,2.0
2010-01-29,2010-02,development,150.0,0.0245628390386303,0.0212672857753173,0.021515166724188215,0.020265166724188214,0.021483333333333337,0.020233333333333336,0.020578011998061627,0.04115602399612325,0.020556116474238707,0.31218374056548803,0.6878162594345119,2.0
2010-02-26,2010-03,development,0.0,-0.0018045766734718,-0.0037499328616807,0.026718739958145558,0.026718739958145558,0.02501666666666667,0.02501666666666667,0.017206915707186177,0.034413831414372355,0.01603620202255778,0.31218374056548803,0.6878162594345119,2.0
2010-02-26,2010-03,development,50.0,-0.0018045766734718,-0.0037499328616807,0.026718739958145558,0.026302073291478892,0.02501666666666667,0.024600000000000004,0.016920325599088463,0.033840651198176926,0.015749611914460067,0.31218374056548803,0.6878162594345119,2.0
2010-02-26,2010-03,development,100.0,-0.0018045766734718,-0.0037499328616807,0.026718739958145558,0.025885406624812226,0.02501666666666667,0.024183333333333338,0.01663373549099075,0.0332674709819815,0.015463021806362356,0.31218374056548803,0.6878162594345119,2.0
2010-02-26,2010-03,development,150.0,-0.0018045766734718,-0.0037499328616807,0.026718739958145558,0.025468739958145557,0.02501666666666667,0.02376666666666667,0.016347145382893037,0.032694290765786074,0.015176431698264641,0.31218374056548803,0.6878162594345119,2.0
2010-03-31,2010-04,development,0.0,-0.0161121553097239,-0.0180206624657822,0.02374724444828149,0.02374724444828149,0.025783333333333335,0.025783333333333335,0.010707983032257973,0.021415966064515946,0.012108438073050521,0.31218374056548803,0.6878162594345119,2.0
2010-03-31,2010-04,development,50.0,-0.0161121553097239,-0.0180206624657822,0.02374724444828149,0.023330577781614823,0.025783333333333335,0.02536666666666667,0.010421392924160262,0.020842785848320524,0.011821847964952807,0.31218374056548803,0.6878162594345119,2.0
2010-03-31,2010-04,development,100.0,-0.0161121553097239,-0.0180206624657822,0.02374724444828149,0.022913911114948157,0.025783333333333335,0.024950000000000003,0.010134802816062547,0.020269605632125095,0.011535257856855096,0.31218374056548803,0.6878162594345119,2.0
2010-03-31,2010-04,development,150.0,-0.0161121553097239,-0.0180206624657822,0.02374724444828149,0.022497244448281488,0.025783333333333335,0.024533333333333334,0.009848212707964833,0.019696425415929666,0.011248667748757378,0.31218374056548803,0.6878162594345119,2.0
2010-04-30,2010-05,development,0.0,0.0239807617411602,0.0220673324055745,-0.018679911127531874,-0.018679911127531874,-0.015700000000000002,-0.015700000000000002,-0.005959284223633832,-0.011918568447267665,-0.0039096528984475815,0.31218374056548803,0.6878162594345119,2.0
2010-04-30,2010-05,development,50.0,0.0239807617411602,0.0220673324055745,-0.018679911127531874,-0.01909657779419854,-0.015700000000000002,-0.016116666666666668,-0.006245874331731545,-0.01249174866346309,-0.004196243006545294,0.31218374056548803,0.6878162594345119,2.0
2010-04-30,2010-05,development,100.0,0.0239807617411602,0.0220673324055745,-0.018679911127531874,-0.019513244460865206,-0.015700000000000002,-0.016533333333333334,-0.006532464439829258,-0.013064928879658516,-0.004482833114643007,0.31218374056548803,0.6878162594345119,2.0
2010-04-30,2010-05,development,150.0,0.0239807617411602,0.0220673324055745,-0.018679911127531874,-0.019929911127531875,-0.015700000000000002,-0.016950000000000003,-0.006819054547926973,-0.013638109095853945,-0.004769423222740722,0.31218374056548803,0.6878162594345119,2.0
2010-05-28,2010-06,development,0.0,0.0127675260748618,0.0108029266500228,-0.028741003736276086,-0.028741003736276086,-0.028516666666666673,-0.028516666666666673,-0.016396031631620032,-0.032792063263240065,-0.016241728947548786,0.31218374056548803,0.6878162594345119,2.0
2010-05-28,2010-06,development,50.0,0.0127675260748618,0.0108029266500228,-0.028741003736276086,-0.029157670402942752,-0.028516666666666673,-0.02893333333333334,-0.016682621739717744,-0.03336524347943549,-0.016528319055646497,0.31218374056548803,0.6878162594345119,2.0
2010-05-28,2010-06,development,100.0,0.0127675260748618,0.0108029266500228,-0.028741003736276086,-0.029574337069609418,-0.028516666666666673,-0.029350000000000005,-0.016969211847815458,-0.033938423695630916,-0.016814909163744212,0.31218374056548803,0.6878162594345119,2.0
2010-05-28,2010-06,development,150.0,0.0127675260748618,0.0108029266500228,-0.028741003736276086,-0.029991003736276087,-0.028516666666666673,-0.029766666666666674,-0.017255801955913173,-0.034511603911826345,-0.017101499271841927,0.31218374056548803,0.6878162594345119,2.0
2010-06-30,2010-07,development,0.0,0.0294627267108417,0.0275648473645029,0.021384407596826457,0.021384407596826457,0.017399999999999995,0.017399999999999995,0.023313840401839384,0.04662768080367877,0.02057330007252775,0.31218374056548803,0.6878162594345119,2.0
2010-06-30,2010-07,development,50.0,0.0294627267108417,0.0275648473645029,0.021384407596826457,0.02096774093015979,0.017399999999999995,0.01698333333333333,0.02302725029374167,0.04605450058748334,0.02028670996443004,0.31218374056548803,0.6878162594345119,2.0
2010-06-30,2010-07,development,100.0,0.0294627267108417,0.0275648473645029,0.021384407596826457,0.020551074263493126,0.017399999999999995,0.016566666666666664,0.022740660185643954,0.04548132037128791,0.020000119856332328,0.31218374056548803,0.6878162594345119,2.0
2010-06-30,2010-07,development,150.0,0.0294627267108417,0.0275648473645029,0.021384407596826457,0.020134407596826456,0.017399999999999995,0.016149999999999994,0.02245407007754624,0.04490814015509248,0.019713529748234614,0.31218374056548803,0.6878162594345119,2.0
2010-07-30,2010-08,development,0.0,0.0149320082660878,0.0132023381861325,-0.018008282383033754,-0.018008282383033754,-0.017699999999999997,-0.017699999999999997,-0.008264834108381271,-0.016529668216762543,-0.008052792472833435,0.31218374056548803,0.6878162594345119,2.0
2010-07-30,2010-08,development,50.0,0.0149320082660878,0.0132023381861325,-0.018008282383033754,-0.01842494904970042,-0.017699999999999997,-0.018116666666666663,-0.008551424216478982,-0.017102848432957965,-0.008339382580931146,0.31218374056548803,0.6878162594345119,2.0
2010-07-30,2010-08,development,100.0,0.0149320082660878,0.0132023381861325,-0.018008282383033754,-0.018841615716367086,-0.017699999999999997,-0.01853333333333333,-0.008838014324576697,-0.017676028649153394,-0.008625972689028857,0.31218374056548803,0.6878162594345119,2.0
2010-07-30,2010-08,development,150.0,0.0149320082660878,0.0132023381861325,-0.018008282383033754,-0.019258282383033756,-0.017699999999999997,-0.018949999999999998,-0.009124604432674412,-0.018249208865348823,-0.008912562797126575,0.31218374056548803,0.6878162594345119,2.0
2010-08-31,2010-09,development,0.0,0.0144478937840451,0.0128092038880899,0.024064198042053217,0.024064198042053217,0.019533333333333333,0.019533333333333333,0.020550571867026246,0.04110114373405249,0.017434169451070698,0.31218374056548803,0.6878162594345119,2.0
2010-08-31,2010-09,development,50.0,0.0144478937840451,0.0128092038880899,0.024064198042053217,0.02364753137538655,0.019533333333333333,0.019116666666666667,0.020263981758928535,0.04052796351785707,0.017147579342972983,0.31218374056548803,0.6878162594345119,2.0
2010-08-31,2010-09,development,100.0,0.0144478937840451,0.0128092038880899,0.024064198042053217,0.023230864708719885,0.019533333333333333,0.0187,0.01997739165083082,0.03995478330166164,0.016860989234875272,0.31218374056548803,0.6878162594345119,2.0
2010-08-31,2010-09,development,150.0,0.0144478937840451,0.0128092038880899,0.024064198042053217,0.022814198042053216,0.019533333333333333,0.018283333333333332,0.019690801542733106,0.03938160308546621,0.016574399126777554,0.31218374056548803,0.6878162594345119,2.0
2010-09-30,2010-10,development,0.0,0.0156789735857439,0.0141076767893166,0.010615694363686411,0.010615694363686411,0.007566666666666666,0.007566666666666666,0.011705834499308588,0.023411668998617175,0.009608663673832243,0.31218374056548803,0.6878162594345119,2.0
2010-09-30,2010-10,development,50.0,0.0156789735857439,0.0141076767893166,0.010615694363686411,0.010199027697019745,0.007566666666666666,0.007149999999999999,0.011419244391210875,0.02283848878242175,0.009322073565734529,0.31218374056548803,0.6878162594345119,2.0
2010-09-30,2010-10,development,100.0,0.0156789735857439,0.0141076767893166,0.010615694363686411,0.009782361030353078,0.007566666666666666,0.0067333333333333325,0.01113265428311316,0.02226530856622632,0.009035483457636816,0.31218374056548803,0.6878162594345119,2.0
2010-09-30,2010-10,development,150.0,0.0156789735857439,0.0141076767893166,0.010615694363686411,0.009365694363686412,0.007566666666666666,0.006316666666666666,0.010846064175015449,0.021692128350030898,0.008748893349539103,0.31218374056548803,0.6878162594345119,2.0
2010-10-29,2010-11,development,0.0,0.0518777574274222,0.0502287181029839,0.012641992586139583,0.012641992586139583,0.013416666666666667,0.013416666666666667,0.024375957153596316,0.04875191430719263,0.024908790581945325,0.31218374056548803,0.6878162594345119,2.0
2010-10-29,2010-11,development,50.0,0.0518777574274222,0.0502287181029839,0.012641992586139583,0.012225325919472917,0.013416666666666667,0.013000000000000001,0.024089367045498605,0.04817873409099721,0.02462220047384761,0.31218374056548803,0.6878162594345119,2.0
2010-10-29,2010-11,development,100.0,0.0518777574274222,0.0502287181029839,0.012641992586139583,0.011808659252806249,0.013416666666666667,0.012583333333333334,0.02380277693740089,0.04760555387480178,0.024335610365749896,0.31218374056548803,0.6878162594345119,2.0
2010-10-29,2010-11,development,150.0,0.0518777574274222,0.0502287181029839,0.012641992586139583,0.011391992586139583,0.013416666666666667,0.012166666666666668,0.023516186829303176,0.04703237365860635,0.024049020257652185,0.31218374056548803,0.6878162594345119,2.0
2010-11-30,2010-12,development,0.0,-0.0222844980522126,-0.0240190427484293,0.014280536099999738,0.014280536099999738,0.013483333333333332,0.013483333333333332,0.0023240303130143128,0.0046480606260286255,0.0017757012880349815,0.31218374056548803,0.6878162594345119,2.0
2010-11-30,2010-12,development,50.0,-0.0222844980522126,-0.0240190427484293,0.014280536099999738,0.013863869433333072,0.013483333333333332,0.013066666666666666,0.0020374402049166,0.0040748804098332,0.0014891111799372686,0.31218374056548803,0.6878162594345119,2.0
2010-11-30,2010-12,development,100.0,-0.0222844980522126,-0.0240190427484293,0.014280536099999738,0.013447202766666404,0.013483333333333332,0.012649999999999998,0.001750850096818887,0.003501700193637774,0.0012025210718395558,0.31218374056548803,0.6878162594345119,2.0
2010-11-30,2010-12,development,150.0,-0.0222844980522126,-0.0240190427484293,0.014280536099999738,0.013030536099999738,0.013483333333333332,0.012233333333333332,0.0014642599887211743,0.0029285199774423485,0.000915930963741843,0.31218374056548803,0.6878162594345119,2.0
2010-12-31,2011-01,development,0.0,-0.0040038871435251,-0.0056159736814719,0.0019691156116813423,0.0019691156116813423,0.0002500000000000004,0.0002500000000000004,-0.00039882593637847064,-0.0007976518727569413,-0.0015812616059406042,0.31218374056548803,0.6878162594345119,2.0
2010-12-31,2011-01,development,50.0,-0.0040038871435251,-0.0056159736814719,0.0019691156116813423,0.0015524489450146756,0.0002500000000000004,-0.0001666666666666663,-0.0006854160444761841,-0.0013708320889523683,-0.0018678517140383174,0.31218374056548803,0.6878162594345119,2.0
2010-12-31,2011-01,development,100.0,-0.0040038871435251,-0.0056159736814719,0.0019691156116813423,0.0011357822783480088,0.0002500000000000004,-0.0005833333333333331,-0.0009720061525738974,-0.0019440123051477948,-0.0021544418221360307,0.31218374056548803,0.6878162594345119,2.0
2010-12-31,2011-01,development,150.0,-0.0040038871435251,-0.0056159736814719,0.0019691156116813423,0.0007191156116813423,0.0002500000000000004,-0.0009999999999999996,-0.0012585962606716104,-0.002517192521343221,-0.002441031930233744,0.31218374056548803,0.6878162594345119,2.0
2011-01-31,2011-02,development,0.0,0.0231694586618028,0.0215636634048529,0.012281165885559518,0.012281165885559518,0.012016666666666667,0.012016666666666667,0.015179010682922389,0.030358021365844777,0.014997083819560157,0.31218374056548803,0.6878162594345119,2.0
2011-01-31,2011-02,development,50.0,0.0231694586618028,0.0215636634048529,0.012281165885559518,0.011864499218892852,0.012016666666666667,0.011600000000000001,0.014892420574824676,0.02978484114964935,0.014710493711462444,0.31218374056548803,0.6878162594345119,2.0
2011-01-31,2011-02,development,100.0,0.0231694586618028,0.0215636634048529,0.012281165885559518,0.011447832552226185,0.012016666666666667,0.011183333333333333,0.014605830466726961,0.029211660933453922,0.014423903603364732,0.31218374056548803,0.6878162594345119,2.0
2011-01-31,2011-02,development,150.0,0.0231694586618028,0.0215636634048529,0.012281165885559518,0.011031165885559519,0.012016666666666667,0.010766666666666667,0.014319240358629248,0.028638480717258497,0.014137313495267017,0.31218374056548803,0.6878162594345119,2.0
2011-02-28,2011-03,development,0.0,0.0043122242361115,0.0026105287582617,0.010800233077090307,0.010800233077090307,0.010433333333333334,0.010433333333333334,0.008243540548713058,0.016487081097426116,0.007991180939374658,0.31218374056548803,0.6878162594345119,2.0
2011-02-28,2011-03,development,50.0,0.0043122242361115,0.0026105287582617,0.010800233077090307,0.010383566410423642,0.010433333333333334,0.010016666666666669,0.007956950440615347,0.015913900881230694,0.007704590831276945,0.31218374056548803,0.6878162594345119,2.0
2011-02-28,2011-03,development,100.0,0.0043122242361115,0.0026105287582617,0.010800233077090307,0.009966899743756974,0.010433333333333334,0.009600000000000001,0.0076703603325176326,0.015340720665035265,0.007418000723179231,0.31218374056548803,0.6878162594345119,2.0
2011-02-28,2011-03,development,150.0,0.0043122242361115,0.0026105287582617,0.010800233077090307,0.009550233077090308,0.010433333333333334,0.009183333333333335,0.00738377022441992,0.01476754044883984,0.007131410615081518,0.31218374056548803,0.6878162594345119,2.0
2011-03-31,2011-04,development,0.0,0.0106661773981482,0.0089636810067589,0.003396250013441681,0.003396250013441681,0.00040000000000000013,0.00040000000000000013,0.00513431144627568,0.01026862289255136,0.003073441969699618,0.31218374056548803,0.6878162594345119,2.0
2011-03-31,2011-04,development,50.0,0.0106661773981482,0.0089636810067589,0.003396250013441681,0.002979583346775014,0.00040000000000000013,-1.6666666666666566e-05,0.0048477213381779675,0.009695442676355935,0.0027868518616019048,0.31218374056548803,0.6878162594345119,2.0
2011-03-31,2011-04,development,100.0,0.0106661773981482,0.0089636810067589,0.003396250013441681,0.0025629166801083474,0.00040000000000000013,-0.00043333333333333326,0.004561131230080254,0.009122262460160508,0.0025002617535041915,0.31218374056548803,0.6878162594345119,2.0
2011-03-31,2011-04,development,150.0,0.0106661773981482,0.0089636810067589,0.003396250013441681,0.0021462500134416806,0.00040000000000000013,-0.0008499999999999998,0.004274541121982541,0.008549082243965082,0.002213671645406478,0.31218374056548803,0.6878162594345119,2.0
2011-04-29,2011-05,development,0.0,0.0010021408246602,-0.0005882813568351,-0.005712661031134214,-0.005712661031134214,-0.006533333333333333,-0.006533333333333333,-0.004112913016333759,-0.008225826032667518,-0.004677384769453866,0.31218374056548803,0.6878162594345119,2.0
2011-04-29,2011-05,development,50.0,0.0010021408246602,-0.0005882813568351,-0.005712661031134214,-0.006129327697800881,-0.006533333333333333,-0.00695,-0.004399503124431472,-0.008799006248862944,-0.0049639748775515795,0.31218374056548803,0.6878162594345119,2.0
2011-04-29,2011-05,development,100.0,0.0010021408246602,-0.0005882813568351,-0.005712661031134214,-0.006545994364467548,-0.006533333333333333,-0.007366666666666666,-0.004686093232529186,-0.009372186465058371,-0.005250564985649292,0.31218374056548803,0.6878162594345119,2.0
2011-04-29,2011-05,development,150.0,0.0010021408246602,-0.0005882813568351,-0.005712661031134214,-0.006962661031134214,-0.006533333333333333,-0.007783333333333333,-0.0049726833406268985,-0.009945366681253797,-0.005537155093747006,0.31218374056548803,0.6878162594345119,2.0
2011-05-31,2011-06,development,0.0,0.0505708682824215,0.0488706263143542,0.001119520526469625,0.001119520526469625,0.0013166666666666674,0.0013166666666666674,0.01602663934746976,0.03205327869493952,0.01616223966818204,0.31218374056548803,0.6878162594345119,2.0
2011-05-31,2011-06,development,50.0,0.0505708682824215,0.0488706263143542,0.001119520526469625,0.0007028538598029582,0.0013166666666666674,0.0009000000000000006,0.015740049239372046,0.03148009847874409,0.015875649560084328,0.31218374056548803,0.6878162594345119,2.0
2011-05-31,2011-06,development,100.0,0.0505708682824215,0.0488706263143542,0.001119520526469625,0.0002861871931362916,0.0013166666666666674,0.000483333333333334,0.015453459131274333,0.030906918262548665,0.015589059451986614,0.31218374056548803,0.6878162594345119,2.0
2011-05-31,2011-06,development,150.0,0.0505708682824215,0.0488706263143542,0.001119520526469625,-0.00013047947353037504,0.0013166666666666674,6.666666666666735e-05,0.015166869023176618,0.030333738046353236,0.0153024693438889,0.31218374056548803,0.6878162594345119,2.0
2011-06-30,2011-07,development,0.0,-0.0141816398903253,-0.0158464637374509,-0.005055018789190962,-0.005055018789190962,-0.005366666666666666,-0.005366666666666666,-0.008423932439245288,-0.016847864878490576,-0.008638288916591332,0.31218374056548803,0.6878162594345119,2.0
2011-06-30,2011-07,development,50.0,-0.0141816398903253,-0.0158464637374509,-0.005055018789190962,-0.005471685455857629,-0.005366666666666666,-0.005783333333333333,-0.008710522547343003,-0.017421045094686005,-0.008924879024689046,0.31218374056548803,0.6878162594345119,2.0
2011-06-30,2011-07,development,100.0,-0.0141816398903253,-0.0158464637374509,-0.005055018789190962,-0.005888352122524296,-0.005366666666666666,-0.0062,-0.008997112655440715,-0.01799422531088143,-0.009211469132786759,0.31218374056548803,0.6878162594345119,2.0
2011-06-30,2011-07,development,150.0,-0.0141816398903253,-0.0158464637374509,-0.005055018789190962,-0.0063050187891909625,-0.005366666666666666,-0.0066166666666666665,-0.009283702763538428,-0.018567405527076856,-0.009498059240884472,0.31218374056548803,0.6878162594345119,2.0
2011-07-29,2011-08,development,0.0,0.0210971652535617,0.0193219081277432,-0.014266851980807864,-0.014266851980807864,-0.014316666666666667,-0.014316666666666667,-0.0037809872091635437,-0.007561974418327087,-0.00381525056005585,0.31218374056548803,0.6878162594345119,2.0
2011-07-29,2011-08,development,50.0,0.0210971652535617,0.0193219081277432,-0.014266851980807864,-0.01468351864747453,-0.014316666666666667,-0.014733333333333333,-0.0040675773172612565,-0.008135154634522513,-0.004101840668153563,0.31218374056548803,0.6878162594345119,2.0
2011-07-29,2011-08,development,100.0,0.0210971652535617,0.0193219081277432,-0.014266851980807864,-0.015100185314141198,-0.014316666666666667,-0.01515,-0.004354167425358971,-0.008708334850717942,-0.004388430776251277,0.31218374056548803,0.6878162594345119,2.0
2011-07-29,2011-08,development,150.0,0.0210971652535617,0.0193219081277432,-0.014266851980807864,-0.015516851980807864,-0.014316666666666667,-0.015566666666666666,-0.004640757533456684,-0.009281515066913368,-0.00467502088434899,0.31218374056548803,0.6878162594345119,2.0
2011-08-31,2011-09,development,0.0,0.0226516897378445,0.0208568892465809,-0.022783369632286717,-0.022783369632286717,-0.021350000000000004,-0.021350000000000004,-0.00915959037623557,-0.01831918075247114,-0.008173695437369101,0.31218374056548803,0.6878162594345119,2.0
2011-08-31,2011-09,development,50.0,0.0226516897378445,0.0208568892465809,-0.022783369632286717,-0.023200036298953383,-0.021350000000000004,-0.02176666666666667,-0.009446180484333284,-0.018892360968666568,-0.008460285545466815,0.31218374056548803,0.6878162594345119,2.0
2011-08-31,2011-09,development,100.0,0.0226516897378445,0.0208568892465809,-0.022783369632286717,-0.02361670296562005,-0.021350000000000004,-0.022183333333333336,-0.009732770592430995,-0.01946554118486199,-0.008746875653564527,0.31218374056548803,0.6878162594345119,2.0
2011-08-31,2011-09,development,150.0,0.0226516897378445,0.0208568892465809,-0.022783369632286717,-0.02403336963228672,-0.021350000000000004,-0.022600000000000006,-0.01001936070052871,-0.02003872140105742,-0.009033465761662241,0.31218374056548803,0.6878162594345119,2.0
2011-09-30,2011-10,development,0.0,0.0190638792524226,0.0171143767163718,0.020868834937269664,0.020868834937269664,0.017033333333333334,0.017033333333333334,0.01969675412607292,0.03939350825214584,0.017058633759798363,0.31218374056548803,0.6878162594345119,2.0
2011-09-30,2011-10,development,50.0,0.0190638792524226,0.0171143767163718,0.020868834937269664,0.020452168270602998,0.017033333333333334,0.01661666666666667,0.019410164017975205,0.03882032803595041,0.016772043651700652,0.31218374056548803,0.6878162594345119,2.0
2011-09-30,2011-10,development,100.0,0.0190638792524226,0.0171143767163718,0.020868834937269664,0.020035501603936332,0.017033333333333334,0.016200000000000003,0.019123573909877494,0.03824714781975499,0.016485453543602938,0.31218374056548803,0.6878162594345119,2.0
2011-09-30,2011-10,development,150.0,0.0190638792524226,0.0171143767163718,0.020868834937269664,0.019618834937269663,0.017033333333333334,0.015783333333333333,0.018836983801779776,0.03767396760355955,0.016198863435505223,0.31218374056548803,0.6878162594345119,2.0
2011-10-31,2011-11,development,0.0,0.0150891244249986,0.0133164151330675,0.0111256160184073,0.0111256160184073,0.010233333333333332,0.010233333333333332,0.01180954788084948,0.02361909576169896,0.011195821342043721,0.31218374056548803,0.6878162594345119,2.0
2011-10-31,2011-11,development,50.0,0.0150891244249986,0.0133164151330675,0.0111256160184073,0.010708949351740634,0.010233333333333332,0.009816666666666666,0.011522957772751766,0.02304591554550353,0.010909231233946007,0.31218374056548803,0.6878162594345119,2.0
2011-10-31,2011-11,development,100.0,0.0150891244249986,0.0133164151330675,0.0111256160184073,0.010292282685073966,0.010233333333333332,0.009399999999999999,0.011236367664654053,0.022472735329308106,0.010622641125848294,0.31218374056548803,0.6878162594345119,2.0
2011-10-31,2011-11,development,150.0,0.0150891244249986,0.0133164151330675,0.0111256160184073,0.0098756160184073,0.010233333333333332,0.008983333333333333,0.01094977755655634,0.02189955511311268,0.010336051017750581,0.31218374056548803,0.6878162594345119,2.0
2011-11-30,2011-12,development,0.0,-0.0284387038776563,-0.0304416782340406,0.012590603453882087,0.012590603453882087,0.012266666666666667,0.012266666666666667,-0.0008433752085213724,-0.0016867504170427448,-0.0010661841977971168,0.31218374056548803,0.6878162594345119,2.0
2011-11-30,2011-12,development,50.0,-0.0284387038776563,-0.0304416782340406,0.012590603453882087,0.012173936787215421,0.012266666666666667,0.011850000000000001,-0.0011299653166190853,-0.0022599306332381705,-0.0013527743058948279,0.31218374056548803,0.6878162594345119,2.0
2011-11-30,2011-12,development,100.0,-0.0284387038776563,-0.0304416782340406,0.012590603453882087,0.011757270120548753,0.012266666666666667,0.011433333333333334,-0.0014165554247167998,-0.0028331108494335996,-0.0016393644139925424,0.31218374056548803,0.6878162594345119,2.0
2011-11-30,2011-12,development,150.0,-0.0284387038776563,-0.0304416782340406,0.012590603453882087,0.011340603453882088,0.012266666666666667,0.011016666666666668,-0.0017031455328145118,-0.0034062910656290236,-0.0019259545220902553,0.31218374056548803,0.6878162594345119,2.0
2011-12-30,2012-01,development,0.0,0.0305524006951225,0.0288658097053025,-0.007873061101018215,-0.007873061101018215,-0.009016666666666668,-0.009016666666666668,0.0035962170114511947,0.007192434022902389,0.0028096265090183873,0.31218374056548803,0.6878162594345119,2.0
2011-12-30,2012-01,development,50.0,0.0305524006951225,0.0288658097053025,-0.007873061101018215,-0.008289727767684881,-0.009016666666666668,-0.009433333333333334,0.003309626903353482,0.006619253806706964,0.0025230364009206745,0.31218374056548803,0.6878162594345119,2.0
2011-12-30,2012-01,development,100.0,0.0305524006951225,0.0288658097053025,-0.007873061101018215,-0.008706394434351549,-0.009016666666666668,-0.009850000000000001,0.003023036795255768,0.006046073590511536,0.0022364462928229608,0.31218374056548803,0.6878162594345119,2.0
2011-12-30,2012-01,development,150.0,0.0305524006951225,0.0288658097053025,-0.007873061101018215,-0.009123061101018215,-0.009016666666666668,-0.010266666666666667,0.0027364466871580553,0.005472893374316111,0.001949856184725248,0.31218374056548803,0.6878162594345119,2.0
2012-01-31,2012-02,development,0.0,0.0303683327686015,0.0285835636303257,0.0069365003328605845,0.0069365003328605845,0.004083333333333334,0.004083333333333334,0.013694361525321132,0.027388723050642265,0.011731906872164308,0.31218374056548803,0.6878162594345119,2.0
2012-01-31,2012-02,development,50.0,0.0303683327686015,0.0285835636303257,0.0069365003328605845,0.006519833666193918,0.004083333333333334,0.003666666666666667,0.013407771417223418,0.026815542834446836,0.011445316764066595,0.31218374056548803,0.6878162594345119,2.0
2012-01-31,2012-02,development,100.0,0.0303683327686015,0.0285835636303257,0.0069365003328605845,0.006103166999527251,0.004083333333333334,0.0032500000000000003,0.013121181309125705,0.02624236261825141,0.011158726655968882,0.31218374056548803,0.6878162594345119,2.0
2012-01-31,2012-02,development,150.0,0.0303683327686015,0.0285835636303257,0.0069365003328605845,0.005686500332860584,0.004083333333333334,0.0028333333333333335,0.012834591201027992,0.025669182402055984,0.010872136547871168,0.31218374056548803,0.6878162594345119,2.0
2012-02-29,2012-03,development,0.0,0.000860806555612,-0.0008852122805139,0.010058233753185321,0.010058233753185321,0.008716666666666666,0.008716666666666666,0.006641867835708543,0.013283735671417086,0.005719116180478826,0.31218374056548803,0.6878162594345119,2.0
2012-02-29,2012-03,development,50.0,0.000860806555612,-0.0008852122805139,0.010058233753185321,0.009641567086518655,0.008716666666666666,0.0083,0.00635527772761083,0.01271055545522166,0.005432526072381113,0.31218374056548803,0.6878162594345119,2.0
2012-02-29,2012-03,development,100.0,0.000860806555612,-0.0008852122805139,0.010058233753185321,0.009224900419851988,0.008716666666666666,0.007883333333333332,0.006068687619513117,0.012137375239026233,0.0051459359642834,0.31218374056548803,0.6878162594345119,2.0
2012-02-29,2012-03,development,150.0,0.000860806555612,-0.0008852122805139,0.010058233753185321,0.008808233753185322,0.008716666666666666,0.007466666666666666,0.005782097511415404,0.011564195022830808,0.004859345856185686,0.31218374056548803,0.6878162594345119,2.0
2012-03-30,2012-04,development,0.0,0.042581866568723,0.0408539616985576,0.006657812360211774,0.006657812360211774,0.00605,0.00605,0.01733329417359261,0.03466658834718522,0.01691523094955369,0.31218374056548803,0.6878162594345119,2.0
2012-03-30,2012-04,development,50.0,0.042581866568723,0.0408539616985576,0.006657812360211774,0.006241145693545108,0.00605,0.005633333333333333,0.0170467040654949,0.0340934081309898,0.016628640841455974,0.31218374056548803,0.6878162594345119,2.0
2012-03-30,2012-04,development,100.0,0.042581866568723,0.0408539616985576,0.006657812360211774,0.005824479026878441,0.00605,0.005216666666666666,0.016760113957397186,0.03352022791479437,0.01634205073335826,0.31218374056548803,0.6878162594345119,2.0
2012-03-30,2012-04,development,150.0,0.042581866568723,0.0408539616985576,0.006657812360211774,0.005407812360211774,0.00605,0.0048,0.016473523849299475,0.03294704769859895,0.01605546062526055,0.31218374056548803,0.6878162594345119,2.0
2012-04-30,2012-05,development,0.0,0.0336517671501901,0.0320519419011979,0.004057268223485419,0.004057268223485419,0.006083333333333334,0.006083333333333334,0.012796750168103908,0.025593500336207817,0.014190310693330275,0.31218374056548803,0.6878162594345119,2.0
2012-04-30,2012-05,development,50.0,0.0336517671501901,0.0320519419011979,0.004057268223485419,0.003640601556818752,0.006083333333333334,0.005666666666666667,0.012510160060006196,0.02502032012001239,0.013903720585232562,0.31218374056548803,0.6878162594345119,2.0
2012-04-30,2012-05,development,100.0,0.0336517671501901,0.0320519419011979,0.004057268223485419,0.003223934890152085,0.006083333333333334,0.00525,0.012223569951908483,0.024447139903816965,0.013617130477134847,0.31218374056548803,0.6878162594345119,2.0
2012-04-30,2012-05,development,150.0,0.0336517671501901,0.0320519419011979,0.004057268223485419,0.0028072682234854185,0.006083333333333334,0.004833333333333334,0.011936979843810768,0.023873959687621536,0.013330540369037134,0.31218374056548803,0.6878162594345119,2.0
2012-05-31,2012-06,development,0.0,-0.0223620036886417,-0.0238240301615349,0.0071539473133439765,0.0071539473133439765,0.006033333333333332,0.006033333333333332,-0.002516873569917143,-0.005033747139834286,-0.0032876500859180847,0.31218374056548803,0.6878162594345119,2.0
2012-05-31,2012-06,development,50.0,-0.0223620036886417,-0.0238240301615349,0.0071539473133439765,0.00673728064667731,0.006033333333333332,0.005616666666666666,-0.002803463678014856,-0.005606927356029712,-0.0035742401940157984,0.31218374056548803,0.6878162594345119,2.0
2012-05-31,2012-06,development,100.0,-0.0223620036886417,-0.0238240301615349,0.0071539473133439765,0.006320613980010643,0.006033333333333332,0.005199999999999999,-0.0030900537861125697,-0.0061801075722251395,-0.0038608303021135117,0.31218374056548803,0.6878162594345119,2.0
2012-05-31,2012-06,development,150.0,-0.0223620036886417,-0.0238240301615349,0.0071539473133439765,0.005903947313343976,0.006033333333333332,0.004783333333333332,-0.0033766438942102834,-0.006753287788420567,-0.004147420410211225,0.31218374056548803,0.6878162594345119,2.0
2012-06-29,2012-07,development,0.0,0.0150311150436627,0.0135504658460559,0.005459976737885548,0.005459976737885548,0.003283333333333333,0.003283333333333333,0.007985695890678508,0.015971391781357015,0.006488565166036602,0.31218374056548803,0.6878162594345119,2.0
2012-06-29,2012-07,development,50.0,0.0150311150436627,0.0135504658460559,0.005459976737885548,0.005043310071218881,0.003283333333333333,0.0028666666666666662,0.007699105782580795,0.01539821156516159,0.006201975057938888,0.31218374056548803,0.6878162594345119,2.0
2012-06-29,2012-07,development,100.0,0.0150311150436627,0.0135504658460559,0.005459976737885548,0.004626643404552214,0.003283333333333333,0.0024499999999999995,0.007412515674483081,0.014825031348966162,0.005915384949841175,0.31218374056548803,0.6878162594345119,2.0
2012-06-29,2012-07,development,150.0,0.0150311150436627,0.0135504658460559,0.005459976737885548,0.004209976737885548,0.003283333333333333,0.002033333333333333,0.007125925566385367,0.014251851132770735,0.005628794841743463,0.31218374056548803,0.6878162594345119,2.0
2012-07-31,2012-08,development,0.0,-0.0198817743520751,-0.0215812849500776,-0.000641914453989709,-0.000641914453989709,-0.0008166666666666669,-0.0008166666666666669,-0.007178845460545045,-0.01435769092109009,-0.007299042873796415,0.31218374056548803,0.6878162594345119,2.0
2012-07-31,2012-08,development,50.0,-0.0198817743520751,-0.0215812849500776,-0.000641914453989709,-0.0010585811206563758,-0.0008166666666666669,-0.0012333333333333337,-0.007465435568642759,-0.014930871137285518,-0.007585632981894129,0.31218374056548803,0.6878162594345119,2.0
2012-07-31,2012-08,development,100.0,-0.0198817743520751,-0.0215812849500776,-0.000641914453989709,-0.0014752477873230425,-0.0008166666666666669,-0.0016500000000000004,-0.007752025676740472,-0.015504051353480944,-0.007872223089991841,0.31218374056548803,0.6878162594345119,2.0
2012-07-31,2012-08,development,150.0,-0.0198817743520751,-0.0215812849500776,-0.000641914453989709,-0.001891914453989709,-0.0008166666666666669,-0.002066666666666667,-0.008038615784838185,-0.01607723156967637,-0.008158813198089554,0.31218374056548803,0.6878162594345119,2.0
2012-08-31,2012-09,development,0.0,0.0104580032252021,0.0087779813215364,0.006915690308800053,0.006915690308800053,0.006733333333333333,0.006733333333333333,0.0074970672831775765,0.014994134566355153,0.007371639190430266,0.31218374056548803,0.6878162594345119,2.0
2012-08-31,2012-09,development,50.0,0.0104580032252021,0.0087779813215364,0.006915690308800053,0.006499023642133386,0.006733333333333333,0.006316666666666667,0.007210477175079863,0.014420954350159726,0.007085049082332553,0.31218374056548803,0.6878162594345119,2.0
2012-08-31,2012-09,development,100.0,0.0104580032252021,0.0087779813215364,0.006915690308800053,0.006082356975466719,0.006733333333333333,0.0059,0.006923887066982149,0.013847774133964298,0.00679845897423484,0.31218374056548803,0.6878162594345119,2.0
2012-08-31,2012-09,development,150.0,0.0104580032252021,0.0087779813215364,0.006915690308800053,0.0056656903088000525,0.006733333333333333,0.005483333333333333,0.006637296958884436,0.013274593917768873,0.006511868866137126,0.31218374056548803,0.6878162594345119,2.0
2012-09-28,2012-10,development,0.0,-0.0063727230528482,-0.0080527860743296,0.001322253650817145,0.001322253650817145,0.0035500000000000006,0.0035500000000000006,-0.0016044813185292113,-0.0032089626370584226,-7.220115766536951e-05,0.31218374056548803,0.6878162594345119,2.0
2012-09-28,2012-10,development,50.0,-0.0063727230528482,-0.0080527860743296,0.001322253650817145,0.0009055869841504782,0.0035500000000000006,0.003133333333333334,-0.0018910714266269246,-0.003782142853253849,-0.0003587912657630828,0.31218374056548803,0.6878162594345119,2.0
2012-09-28,2012-10,development,100.0,-0.0063727230528482,-0.0080527860743296,0.001322253650817145,0.0004889203174838116,0.0035500000000000006,0.002716666666666667,-0.002177661534724638,-0.004355323069449276,-0.0006453813738607963,0.31218374056548803,0.6878162594345119,2.0
2012-09-28,2012-10,development,150.0,-0.0063727230528482,-0.0080527860743296,0.001322253650817145,7.225365081714495e-05,0.0035500000000000006,0.002300000000000001,-0.002464251642822351,-0.004928503285644702,-0.0009319714819585093,0.31218374056548803,0.6878162594345119,2.0
2012-10-31,2012-11,development,0.0,0.0058527363680849,0.0041632466750472,0.004076544045844703,0.004076544045844703,0.0034,0.0034,0.004103611196946,0.008207222393892,0.003638273201990406,0.31218374056548803,0.6878162594345119,2.0
2012-10-31,2012-11,development,50.0,0.0058527363680849,0.0041632466750472,0.004076544045844703,0.003659877379178036,0.0034,0.002983333333333333,0.0038170210888482875,0.007634042177696575,0.0033516830938926925,0.31218374056548803,0.6878162594345119,2.0
2012-10-31,2012-11,development,100.0,0.0058527363680849,0.0041632466750472,0.004076544045844703,0.003243210712511369,0.0034,0.0025666666666666663,0.003530430980750574,0.007060861961501148,0.0030650929857949797,0.31218374056548803,0.6878162594345119,2.0
2012-10-31,2012-11,development,150.0,0.0058527363680849,0.0041632466750472,0.004076544045844703,0.0028265440458447024,0.0034,0.00215,0.0032438408726528606,0.006487681745305721,0.0027785028776972664,0.31218374056548803,0.6878162594345119,2.0
2012-11-30,2012-12,development,0.0,-0.0129328281540787,-0.0146482411082241,0.002362335008319752,0.002362335008319752,0.004533333333333333,0.004533333333333333,-0.0029480902729168614,-0.005896180545833723,-0.0014548423257674296,0.31218374056548803,0.6878162594345119,2.0
2012-11-30,2012-12,development,50.0,-0.0129328281540787,-0.0146482411082241,0.002362335008319752,0.0019456683416530854,0.004533333333333333,0.004116666666666666,-0.0032346803810145743,-0.0064693607620291485,-0.0017414324338651428,0.31218374056548803,0.6878162594345119,2.0
2012-11-30,2012-12,development,100.0,-0.0129328281540787,-0.0146482411082241,0.002362335008319752,0.0015290016749864186,0.004533333333333333,0.0036999999999999993,-0.003521270489112288,-0.007042540978224576,-0.002028022541962856,0.31218374056548803,0.6878162594345119,2.0
2012-11-30,2012-12,development,150.0,-0.0129328281540787,-0.0146482411082241,0.002362335008319752,0.0011123350083197521,0.004533333333333333,0.0032833333333333325,-0.003807860597210001,-0.007615721194420002,-0.0023146126500605694,0.31218374056548803,0.6878162594345119,2.0
2012-12-31,2013-01,development,0.0,-0.0040130237558365,-0.005741098702541,0.009640641362757545,0.009640641362757545,0.007866666666666668,0.007866666666666668,0.004838712212766609,0.009677424425533218,0.0036185435729699077,0.31218374056548803,0.6878162594345119,2.0
2012-12-31,2013-01,development,50.0,-0.0040130237558365,-0.005741098702541,0.009640641362757545,0.009223974696090879,0.007866666666666668,0.007450000000000001,0.004552122104668897,0.009104244209337795,0.003331953464872194,0.31218374056548803,0.6878162594345119,2.0
2012-12-31,2013-01,development,100.0,-0.0040130237558365,-0.005741098702541,0.009640641362757545,0.008807308029424211,0.007866666666666668,0.007033333333333334,0.004265531996571183,0.008531063993142365,0.003045363356774481,0.31218374056548803,0.6878162594345119,2.0
2012-12-31,2013-01,development,150.0,-0.0040130237558365,-0.005741098702541,0.009640641362757545,0.008390641362757545,0.007866666666666668,0.006616666666666667,0.00397894188847347,0.00795788377694694,0.0027587732486767675,0.31218374056548803,0.6878162594345119,2.0
2013-01-31,2013-02,development,0.0,0.0132510838273314,0.0116041286977178,0.0048191302303622115,0.0048191302303622115,0.004183333333333333,0.004183333333333333,0.006937296431632382,0.013874592863264763,0.006499984988157909,0.31218374056548803,0.6878162594345119,2.0
2013-01-31,2013-02,development,50.0,0.0132510838273314,0.0116041286977178,0.0048191302303622115,0.004402463563695545,0.004183333333333333,0.0037666666666666664,0.006650706323534669,0.013301412647069338,0.006213394880060195,0.31218374056548803,0.6878162594345119,2.0
2013-01-31,2013-02,development,100.0,0.0132510838273314,0.0116041286977178,0.0048191302303622115,0.003985796897028878,0.004183333333333333,0.0033499999999999997,0.006364116215436955,0.01272823243087391,0.005926804771962483,0.31218374056548803,0.6878162594345119,2.0
2013-01-31,2013-02,development,150.0,0.0132510838273314,0.0116041286977178,0.0048191302303622115,0.0035691302303622113,0.004183333333333333,0.002933333333333333,0.006077526107339241,0.012155052214678483,0.00564021466386477,0.31218374056548803,0.6878162594345119,2.0
2013-02-28,2013-03,development,0.0,-0.0256583251109301,-0.0274015651139636,0.015800937814803843,0.015800937814803843,0.013816666666666666,0.013816666666666666,0.0023138188487097696,0.004627637697419539,0.0009490048898942328,0.31218374056548803,0.6878162594345119,2.0
2013-02-28,2013-03,development,50.0,-0.0256583251109301,-0.0274015651139636,0.015800937814803843,0.015384271148137178,0.013816666666666666,0.0134,0.0020272287406120568,0.0040544574812241135,0.0006624147817965199,0.31218374056548803,0.6878162594345119,2.0
2013-02-28,2013-03,development,100.0,-0.0256583251109301,-0.0274015651139636,0.015800937814803843,0.01496760448147051,0.013816666666666666,0.012983333333333333,0.0017406386325143422,0.0034812772650286844,0.00037582467369880537,0.31218374056548803,0.6878162594345119,2.0
2013-02-28,2013-03,development,150.0,-0.0256583251109301,-0.0274015651139636,0.015800937814803843,0.014550937814803844,0.013816666666666666,0.012566666666666667,0.0014540485244166294,0.0029080970488332587,8.923456560109254e-05,0.31218374056548803,0.6878162594345119,2.0
2013-03-28,2013-04,development,0.0,-0.0371357399676391,-0.0387325493828763,0.0031360396588377584,0.0031360396588377584,0.0013166666666666665,0.0013166666666666665,-0.009934653080403739,-0.019869306160807478,-0.011186047406395035,0.31218374056548803,0.6878162594345119,2.0
2013-03-28,2013-04,development,50.0,-0.0371357399676391,-0.0387325493828763,0.0031360396588377584,0.0027193729921710917,0.0013166666666666665,0.0008999999999999998,-0.010221243188501452,-0.020442486377002904,-0.011472637514492748,0.31218374056548803,0.6878162594345119,2.0
2013-03-28,2013-04,development,100.0,-0.0371357399676391,-0.0387325493828763,0.0031360396588377584,0.002302706325504425,0.0013166666666666665,0.0004833333333333331,-0.010507833296599167,-0.021015666593198333,-0.01175922762259046,0.31218374056548803,0.6878162594345119,2.0
2013-03-28,2013-04,development,150.0,-0.0371357399676391,-0.0387325493828763,0.0031360396588377584,0.0018860396588377584,0.0013166666666666665,6.666666666666648e-05,-0.01079442340469688,-0.02158884680939376,-0.012045817730688175,0.31218374056548803,0.6878162594345119,2.0
2013-04-30,2013-05,development,0.0,0.0009242213497125,-0.0005573553491215,0.0032042375746977165,0.0032042375746977165,0.004283333333333333,0.004283333333333333,0.0020299294252551624,0.004059858850510325,0.0027721490335315584,0.31218374056548803,0.6878162594345119,2.0
2013-04-30,2013-05,development,50.0,0.0009242213497125,-0.0005573553491215,0.0032042375746977165,0.0027875709080310497,0.004283333333333333,0.003866666666666666,0.001743339317157449,0.003486678634314898,0.002485558925433845,0.31218374056548803,0.6878162594345119,2.0
2013-04-30,2013-05,development,100.0,0.0009242213497125,-0.0005573553491215,0.0032042375746977165,0.002370904241364383,0.004283333333333333,0.003449999999999999,0.0014567492090597357,0.0029134984181194714,0.002198968817336132,0.31218374056548803,0.6878162594345119,2.0
2013-04-30,2013-05,development,150.0,0.0009242213497125,-0.0005573553491215,0.0032042375746977165,0.0019542375746977167,0.004283333333333333,0.0030333333333333323,0.0011701591009620226,0.0023403182019240453,0.0019123787092384186,0.31218374056548803,0.6878162594345119,2.0
2013-05-31,2013-06,development,0.0,0.0044749373687632,0.0028794092323118,-0.0004953868805057167,-0.0004953868805057167,0.0008833333333333333,0.0008833333333333333,0.0005581695936395243,0.0011163391872790487,0.00150647577392905,0.31218374056548803,0.6878162594345119,2.0
2013-05-31,2013-06,development,50.0,0.0044749373687632,0.0028794092323118,-0.0004953868805057167,-0.0009120535471723835,0.0008833333333333333,0.0004666666666666666,0.00027157948554181106,0.0005431589710836221,0.0012198856658313367,0.31218374056548803,0.6878162594345119,2.0
2013-05-31,2013-06,development,100.0,0.0044749373687632,0.0028794092323118,-0.0004953868805057167,-0.00132872021383905,0.0008833333333333333,4.9999999999999914e-05,-1.50106225559021e-05,-3.00212451118042e-05,0.0009332955577336235,0.31218374056548803,0.6878162594345119,2.0
2013-05-31,2013-06,development,150.0,0.0044749373687632,0.0028794092323118,-0.0004953868805057167,-0.0017453868805057168,0.0008833333333333333,-0.0003666666666666667,-0.0003016007306536156,-0.0006032014613072312,0.0006467054496359102,0.31218374056548803,0.6878162594345119,2.0
2013-06-28,2013-07,development,0.0,-0.0184527550851094,-0.0202254183616896,0.016612727974284862,0.016612727974284862,0.014900000000000002,0.014900000000000002,0.005112457655621525,0.01022491531124305,0.003934415506920063,0.31218374056548803,0.6878162594345119,2.0
2013-06-28,2013-07,development,50.0,-0.0184527550851094,-0.0202254183616896,0.016612727974284862,0.016196061307618196,0.014900000000000002,0.014483333333333336,0.004825867547523812,0.009651735095047624,0.0036478253988223505,0.31218374056548803,0.6878162594345119,2.0
2013-06-28,2013-07,development,100.0,-0.0184527550851094,-0.0202254183616896,0.016612727974284862,0.01577939464095153,0.014900000000000002,0.014066666666666668,0.004539277439426099,0.009078554878852198,0.0033612352907246377,0.31218374056548803,0.6878162594345119,2.0
2013-06-28,2013-07,development,150.0,-0.0184527550851094,-0.0202254183616896,0.016612727974284862,0.015362727974284862,0.014900000000000002,0.013650000000000002,0.004252687331328386,0.008505374662656773,0.003074645182626925,0.31218374056548803,0.6878162594345119,2.0
2013-07-31,2013-08,development,0.0,-0.0211477061274973,-0.022768698432201,-0.011682197892383872,-0.011682197892383872,-0.011466666666666667,-0.011466666666666667,-0.015143223100685284,-0.030286446201370568,-0.01499497721922114,0.31218374056548803,0.6878162594345119,2.0
2013-07-31,2013-08,development,50.0,-0.0211477061274973,-0.022768698432201,-0.011682197892383872,-0.012098864559050538,-0.011466666666666667,-0.011883333333333333,-0.015429813208782997,-0.030859626417565993,-0.015281567327318854,0.31218374056548803,0.6878162594345119,2.0
2013-07-31,2013-08,development,100.0,-0.0211477061274973,-0.022768698432201,-0.011682197892383872,-0.012515531225717205,-0.011466666666666667,-0.0123,-0.015716403316880713,-0.031432806633761426,-0.015568157435416568,0.31218374056548803,0.6878162594345119,2.0
2013-07-31,2013-08,development,150.0,-0.0211477061274973,-0.022768698432201,-0.011682197892383872,-0.012932197892383871,-0.011466666666666667,-0.012716666666666666,-0.016002993424978424,-0.03200598684995685,-0.01585474754351428,0.31218374056548803,0.6878162594345119,2.0
2013-08-30,2013-09,development,0.0,0.0107296160661674,0.0089092640581732,0.011931818980442873,0.011931818980442873,0.0107,0.0107,0.010988226478744097,0.021976452957488193,0.010140961355315446,0.31218374056548803,0.6878162594345119,2.0
2013-08-30,2013-09,development,50.0,0.0107296160661674,0.0089092640581732,0.011931818980442873,0.011515152313776207,0.0107,0.010283333333333334,0.010701636370646386,0.02140327274129277,0.009854371247217733,0.31218374056548803,0.6878162594345119,2.0
2013-08-30,2013-09,development,100.0,0.0107296160661674,0.0089092640581732,0.011931818980442873,0.01109848564710954,0.0107,0.009866666666666666,0.010415046262548671,0.020830092525097342,0.009567781139120018,0.31218374056548803,0.6878162594345119,2.0
2013-08-30,2013-09,development,150.0,0.0107296160661674,0.0089092640581732,0.011931818980442873,0.010681818980442874,0.0107,0.00945,0.010128456154450958,0.020256912308901916,0.009281191031022307,0.31218374056548803,0.6878162594345119,2.0
2013-09-30,2013-10,development,0.0,0.0152198247970358,0.0137224073435714,0.01581986248236802,0.01581986248236802,0.012650000000000002,0.012650000000000002,0.015165071091470184,0.03033014218294037,0.012984788135926018,0.31218374056548803,0.6878162594345119,2.0
2013-09-30,2013-10,development,50.0,0.0152198247970358,0.0137224073435714,0.01581986248236802,0.015403195815701355,0.012650000000000002,0.012233333333333336,0.014878480983372471,0.029756961966744943,0.012698198027828305,0.31218374056548803,0.6878162594345119,2.0
2013-09-30,2013-10,development,100.0,0.0152198247970358,0.0137224073435714,0.01581986248236802,0.014986529149034688,0.012650000000000002,0.011816666666666668,0.014591890875274759,0.029183781750549517,0.01241160791973059,0.31218374056548803,0.6878162594345119,2.0
2013-09-30,2013-10,development,150.0,0.0152198247970358,0.0137224073435714,0.01581986248236802,0.014569862482368022,0.012650000000000002,0.011400000000000002,0.014305300767177046,0.02861060153435409,0.012125017811632879,0.31218374056548803,0.6878162594345119,2.0
2013-10-31,2013-11,development,0.0,0.0105440030434012,0.0089187036563069,0.010086392164588193,0.010086392164588193,0.009083333333333334,0.009083333333333334,0.009721858798257602,0.019443717596515205,0.009031938624951132,0.31218374056548803,0.6878162594345119,2.0
2013-10-31,2013-11,development,50.0,0.0105440030434012,0.0089187036563069,0.010086392164588193,0.009669725497921527,0.009083333333333334,0.008666666666666668,0.009435268690159891,0.018870537380319782,0.00874534851685342,0.31218374056548803,0.6878162594345119,2.0
2013-10-31,2013-11,development,100.0,0.0105440030434012,0.0089187036563069,0.010086392164588193,0.00925305883125486,0.009083333333333334,0.00825,0.009148678582062177,0.018297357164124353,0.008458758408755707,0.31218374056548803,0.6878162594345119,2.0
2013-10-31,2013-11,development,150.0,0.0105440030434012,0.0089187036563069,0.010086392164588193,0.008836392164588194,0.009083333333333334,0.007833333333333335,0.008862088473964464,0.017724176947928928,0.008172168300657994,0.31218374056548803,0.6878162594345119,2.0
2013-11-29,2013-12,development,0.0,0.0074895760526239,0.005771600888326,0.004678275731840824,0.004678275731840824,0.003133333333333333,0.003133333333333333,0.0050195940688467135,0.010039188137693427,0.0039569575672635075,0.31218374056548803,0.6878162594345119,2.0
2013-11-29,2013-12,development,50.0,0.0074895760526239,0.005771600888326,0.004678275731840824,0.004261609065174157,0.003133333333333333,0.0027166666666666663,0.004733003960749001,0.009466007921498001,0.0036703674591657947,0.31218374056548803,0.6878162594345119,2.0
2013-11-29,2013-12,development,100.0,0.0074895760526239,0.005771600888326,0.004678275731840824,0.0038449423985074905,0.003133333333333333,0.0022999999999999995,0.004446413852651287,0.008892827705302574,0.0033837773510680814,0.31218374056548803,0.6878162594345119,2.0
2013-11-29,2013-12,development,150.0,0.0074895760526239,0.005771600888326,0.004678275731840824,0.0034282757318408238,0.003133333333333333,0.001883333333333333,0.004159823744553573,0.008319647489107147,0.003097187242970368,0.31218374056548803,0.6878162594345119,2.0
2013-12-31,2014-01,development,0.0,-0.0425321072818672,-0.0440957877508917,-0.01635871146713897,-0.01635871146713897,-0.014150000000000001,-0.014150000000000001,-0.02501777569375118,-0.05003555138750236,-0.023498588034253545,0.31218374056548803,0.6878162594345119,2.0
2013-12-31,2014-01,development,50.0,-0.0425321072818672,-0.0440957877508917,-0.01635871146713897,-0.016775378133805637,-0.014150000000000001,-0.014566666666666667,-0.025304365801848895,-0.05060873160369779,-0.023785178142351256,0.31218374056548803,0.6878162594345119,2.0
2013-12-31,2014-01,development,100.0,-0.0425321072818672,-0.0440957877508917,-0.01635871146713897,-0.017192044800472303,-0.014150000000000001,-0.014983333333333335,-0.02559095590994661,-0.05118191181989322,-0.02407176825044897,0.31218374056548803,0.6878162594345119,2.0
2013-12-31,2014-01,development,150.0,-0.0425321072818672,-0.0440957877508917,-0.01635871146713897,-0.017608711467138972,-0.014150000000000001,-0.0154,-0.025877546018044324,-0.05175509203608865,-0.024358358358546682,0.31218374056548803,0.6878162594345119,2.0
2014-01-31,2014-02,development,0.0,-0.0061498295944172,-0.0078692093704653,0.012306473082790724,0.012306473082790724,0.009699999999999999,0.009699999999999999,0.006007953066071776,0.012015906132143553,0.004215178499949918,0.31218374056548803,0.6878162594345119,2.0
2014-01-31,2014-02,development,50.0,-0.0061498295944172,-0.0078692093704653,0.012306473082790724,0.011889806416124058,0.009699999999999999,0.009283333333333333,0.005721362957974064,0.011442725915948127,0.003928588391852205,0.31218374056548803,0.6878162594345119,2.0
2014-01-31,2014-02,development,100.0,-0.0061498295944172,-0.0078692093704653,0.012306473082790724,0.01147313974945739,0.009699999999999999,0.008866666666666665,0.005434772849876349,0.010869545699752698,0.0036419982837544913,0.31218374056548803,0.6878162594345119,2.0
2014-01-31,2014-02,development,150.0,-0.0061498295944172,-0.0078692093704653,0.012306473082790724,0.011056473082790725,0.009699999999999999,0.00845,0.005148182741778636,0.010296365483557272,0.0033554081756567784,0.31218374056548803,0.6878162594345119,2.0
2014-02-28,2014-03,development,0.0,-0.0016525422734384,-0.0034454183199499,0.007338268101976087,0.007338268101976087,0.008083333333333333,0.008083333333333333,0.003971776537693968,0.007943553075387936,0.004484244518160818,0.31218374056548803,0.6878162594345119,2.0
2014-02-28,2014-03,development,50.0,-0.0016525422734384,-0.0034454183199499,0.007338268101976087,0.00692160143530942,0.008083333333333333,0.007666666666666666,0.0036851864295962544,0.007370372859192509,0.004197654410063105,0.31218374056548803,0.6878162594345119,2.0
2014-02-28,2014-03,development,100.0,-0.0016525422734384,-0.0034454183199499,0.007338268101976087,0.006504934768642753,0.008083333333333333,0.0072499999999999995,0.0033985963214985416,0.006797192642997083,0.003911064301965392,0.31218374056548803,0.6878162594345119,2.0
2014-02-28,2014-03,development,150.0,-0.0016525422734384,-0.0034454183199499,0.007338268101976087,0.006088268101976086,0.008083333333333333,0.006833333333333333,0.003112006213400828,0.006224012426801656,0.003624474193867678,0.31218374056548803,0.6878162594345119,2.0
2014-03-31,2014-04,development,0.0,-0.0054162233068812,-0.0072314343768996,-0.0023220191507412917,-0.0023220191507412917,-0.004333333333333332,-0.004333333333333332,-0.0038546587600325538,-0.0077093175200651076,-0.005238073357650594,0.31218374056548803,0.6878162594345119,2.0
2014-03-31,2014-04,development,50.0,-0.0054162233068812,-0.0072314343768996,-0.0023220191507412917,-0.0027386858174079584,-0.004333333333333332,-0.004749999999999999,-0.0041412488681302675,-0.008282497736260535,-0.005524663465748307,0.31218374056548803,0.6878162594345119,2.0
2014-03-31,2014-04,development,100.0,-0.0054162233068812,-0.0072314343768996,-0.0023220191507412917,-0.003155352484074625,-0.004333333333333332,-0.005166666666666666,-0.00442783897622798,-0.00885567795245596,-0.00581125357384602,0.31218374056548803,0.6878162594345119,2.0
2014-03-31,2014-04,development,150.0,-0.0054162233068812,-0.0072314343768996,-0.0023220191507412917,-0.003572019150741292,-0.004333333333333332,-0.0055833333333333325,-0.004714429084325693,-0.009428858168651386,-0.006097843681943734,0.31218374056548803,0.6878162594345119,2.0
2014-04-30,2014-05,development,0.0,0.0067369852176096,0.0050692139935958,0.0018616745472205007,0.0018616745472205007,-0.0001499999999999994,-0.0001499999999999994,0.002863016209601296,0.005726032419202592,0.0014793537473324762,0.31218374056548803,0.6878162594345119,2.0
2014-04-30,2014-05,development,50.0,0.0067369852176096,0.0050692139935958,0.0018616745472205007,0.001445007880553834,-0.0001499999999999994,-0.0005666666666666661,0.0025764261015035826,0.005152852203007165,0.0011927636392347631,0.31218374056548803,0.6878162594345119,2.0
2014-04-30,2014-05,development,100.0,0.0067369852176096,0.0050692139935958,0.0018616745472205007,0.0010283412138871674,-0.0001499999999999994,-0.0009833333333333328,0.0022898359934058693,0.004579671986811739,0.0009061735311370496,0.31218374056548803,0.6878162594345119,2.0
2014-04-30,2014-05,development,150.0,0.0067369852176096,0.0050692139935958,0.0018616745472205007,0.0006116745472205007,-0.0001499999999999994,-0.0013999999999999993,0.002003245885308156,0.004006491770616312,0.0006195834230393365,0.31218374056548803,0.6878162594345119,2.0
2014-05-30,2014-06,development,0.0,-0.0225134799086748,-0.0241357269911671,0.0029071232015533853,0.0029071232015533853,0.0031166666666666656,0.0031166666666666656,-0.005535214927162225,-0.01107042985432445,-0.005391087524799062,0.31218374056548803,0.6878162594345119,2.0
2014-05-30,2014-06,development,50.0,-0.0225134799086748,-0.0241357269911671,0.0029071232015533853,0.0024904565348867185,0.0031166666666666656,0.002699999999999999,-0.005821805035259938,-0.011643610070519877,-0.005677677632896776,0.31218374056548803,0.6878162594345119,2.0
2014-05-30,2014-06,development,100.0,-0.0225134799086748,-0.0241357269911671,0.0029071232015533853,0.0020737898682200518,0.0031166666666666656,0.002283333333333332,-0.006108395143357651,-0.012216790286715302,-0.0059642677409944885,0.31218374056548803,0.6878162594345119,2.0
2014-05-30,2014-06,development,150.0,-0.0225134799086748,-0.0241357269911671,0.0029071232015533853,0.0016571232015533852,0.0031166666666666656,0.0018666666666666656,-0.006394985251455364,-0.012789970502910728,-0.006250857849092202,0.31218374056548803,0.6878162594345119,2.0
2014-06-30,2014-07,development,0.0,0.0004876541505176,-0.0009466515581775,-0.007295424383073513,-0.007295424383073513,-0.008433333333333333,-0.008433333333333333,-0.005313440734596955,-0.01062688146919391,-0.006096113012341716,0.31218374056548803,0.6878162594345119,2.0
2014-06-30,2014-07,development,50.0,0.0004876541505176,-0.0009466515581775,-0.007295424383073513,-0.00771209104974018,-0.008433333333333333,-0.008849999999999998,-0.005600030842694668,-0.011200061685389336,-0.006382703120439429,0.31218374056548803,0.6878162594345119,2.0
2014-06-30,2014-07,development,100.0,0.0004876541505176,-0.0009466515581775,-0.007295424383073513,-0.008128757716406846,-0.008433333333333333,-0.009266666666666666,-0.005886620950792381,-0.011773241901584762,-0.006669293228537143,0.31218374056548803,0.6878162594345119,2.0
2014-06-30,2014-07,development,150.0,0.0004876541505176,-0.0009466515581775,-0.007295424383073513,-0.008545424383073513,-0.008433333333333333,-0.009683333333333332,-0.006173211058890095,-0.01234642211778019,-0.006955883336634856,0.31218374056548803,0.6878162594345119,2.0
2014-07-31,2014-08,development,0.0,0.0128816817786855,0.0113281056942514,0.007995057903866431,0.007995057903866431,0.005783333333333332,0.005783333333333332,0.009035581230552344,0.018071162461104687,0.007514321109548866,0.31218374056548803,0.6878162594345119,2.0
2014-07-31,2014-08,development,50.0,0.0128816817786855,0.0113281056942514,0.007995057903866431,0.0075783912371997645,0.005783333333333332,0.005366666666666665,0.008748991122454631,0.017497982244909262,0.007227731001451153,0.31218374056548803,0.6878162594345119,2.0
2014-07-31,2014-08,development,100.0,0.0128816817786855,0.0113281056942514,0.007995057903866431,0.007161724570533098,0.005783333333333332,0.004949999999999999,0.008462401014356918,0.016924802028713836,0.006941140893353439,0.31218374056548803,0.6878162594345119,2.0
2014-07-31,2014-08,development,150.0,0.0128816817786855,0.0113281056942514,0.007995057903866431,0.006745057903866431,0.005783333333333332,0.004533333333333332,0.008175810906259203,0.016351621812518407,0.006654550785255725,0.31218374056548803,0.6878162594345119,2.0
2014-08-29,2014-09,development,0.0,0.0079559988327862,0.0064285078769192,-0.008174841517703185,-0.008174841517703185,-0.009733333333333335,-0.009733333333333335,-0.0036159132789052124,-0.007231826557810425,-0.004687869289891244,0.31218374056548803,0.6878162594345119,2.0
2014-08-29,2014-09,development,50.0,0.0079559988327862,0.0064285078769192,-0.008174841517703185,-0.00859150818436985,-0.009733333333333335,-0.010150000000000001,-0.0039025033870029252,-0.0078050067740058505,-0.0049744593979889565,0.31218374056548803,0.6878162594345119,2.0
2014-08-29,2014-09,development,100.0,0.0079559988327862,0.0064285078769192,-0.008174841517703185,-0.009008174851036518,-0.009733333333333335,-0.010566666666666669,-0.004189093495100639,-0.008378186990201278,-0.00526104950608667,0.31218374056548803,0.6878162594345119,2.0
2014-08-29,2014-09,development,150.0,0.0079559988327862,0.0064285078769192,-0.008174841517703185,-0.009424841517703184,-0.009733333333333335,-0.010983333333333335,-0.004475683603198352,-0.008951367206396704,-0.005547639614184383,0.31218374056548803,0.6878162594345119,2.0
2014-09-30,2014-10,development,0.0,-0.001270732039479,-0.002866121512763,0.006942603437716643,0.006942603437716643,0.006816666666666668,0.006816666666666668,0.0038804789924978757,0.007760957984995751,0.0037938576337090218,0.31218374056548803,0.6878162594345119,2.0
2014-09-30,2014-10,development,50.0,-0.001270732039479,-0.002866121512763,0.006942603437716643,0.006525936771049976,0.006816666666666668,0.006400000000000001,0.003593888884400162,0.007187777768800324,0.003507267525611308,0.31218374056548803,0.6878162594345119,2.0
2014-09-30,2014-10,development,100.0,-0.001270732039479,-0.002866121512763,0.006942603437716643,0.006109270104383309,0.006816666666666668,0.005983333333333334,0.003307298776302449,0.006614597552604898,0.0032206774175135952,0.31218374056548803,0.6878162594345119,2.0
2014-09-30,2014-10,development,150.0,-0.001270732039479,-0.002866121512763,0.006942603437716643,0.0056926034377166425,0.006816666666666668,0.005566666666666668,0.0030207086682047355,0.006041417336409471,0.0029340873094158815,0.31218374056548803,0.6878162594345119,2.0
2014-10-31,2014-11,development,0.0,0.0184266663351673,0.016802813597175,0.0032652236406444466,0.0032652236406444466,-0.0007833333333333335,-0.0007833333333333335,0.007491439111515938,0.014982878223031876,0.004706775797567034,0.31218374056548803,0.6878162594345119,2.0
2014-10-31,2014-11,development,50.0,0.0184266663351673,0.016802813597175,0.0032652236406444466,0.00284855697397778,-0.0007833333333333335,-0.0012000000000000001,0.007204849003418224,0.014409698006836448,0.004420185689469321,0.31218374056548803,0.6878162594345119,2.0
2014-10-31,2014-11,development,100.0,0.0184266663351673,0.016802813597175,0.0032652236406444466,0.002431890307311113,-0.0007833333333333335,-0.0016166666666666669,0.0069182588953205105,0.013836517790641021,0.004133595581371607,0.31218374056548803,0.6878162594345119,2.0
2014-10-31,2014-11,development,150.0,0.0184266663351673,0.016802813597175,0.0032652236406444466,0.0020152236406444464,-0.0007833333333333335,-0.0020333333333333336,0.006631668787222798,0.013263337574445595,0.0038470054732738946,0.31218374056548803,0.6878162594345119,2.0
2014-11-28,2014-12,development,0.0,0.0140845243797549,0.012411247662379,0.007001277728582882,0.007001277728582882,0.0094,0.0094,0.008690182378862179,0.017380364757724358,0.010340062559010557,0.31218374056548803,0.6878162594345119,2.0
2014-11-28,2014-12,development,50.0,0.0140845243797549,0.012411247662379,0.007001277728582882,0.006584611061916215,0.0094,0.008983333333333334,0.008403592270764466,0.016807184541528932,0.010053472450912844,0.31218374056548803,0.6878162594345119,2.0
2014-11-28,2014-12,development,100.0,0.0140845243797549,0.012411247662379,0.007001277728582882,0.006167944395249548,0.0094,0.008566666666666667,0.008117002162666753,0.016234004325333506,0.009766882342815131,0.31218374056548803,0.6878162594345119,2.0
2014-11-28,2014-12,development,150.0,0.0140845243797549,0.012411247662379,0.007001277728582882,0.0057512777285828815,0.0094,0.008150000000000001,0.007830412054569039,0.015660824109138077,0.009480292234717419,0.31218374056548803,0.6878162594345119,2.0
2014-12-31,2015-01,development,0.0,0.0065465940155901,0.0048160321578665,-0.0056621581199643245,-0.0056621581199643245,-0.0063500000000000015,-0.0063500000000000015,-0.0023910374846741666,-0.004782074969348333,-0.002864146313682709,0.31218374056548803,0.6878162594345119,2.0
2014-12-31,2015-01,development,50.0,0.0065465940155901,0.0048160321578665,-0.0056621581199643245,-0.006078824786630991,-0.0063500000000000015,-0.006766666666666668,-0.0026776275927718803,-0.005355255185543761,-0.0031507364217804217,0.31218374056548803,0.6878162594345119,2.0
2014-12-31,2015-01,development,100.0,0.0065465940155901,0.0048160321578665,-0.0056621581199643245,-0.006495491453297658,-0.0063500000000000015,-0.007183333333333335,-0.002964217700869594,-0.005928435401739188,-0.0034373265298781354,0.31218374056548803,0.6878162594345119,2.0
2014-12-31,2015-01,development,150.0,0.0065465940155901,0.0048160321578665,-0.0056621581199643245,-0.006912158119964325,-0.0063500000000000015,-0.007600000000000002,-0.003250807808967307,-0.006501615617934614,-0.003723916637975849,0.31218374056548803,0.6878162594345119,2.0
2015-01-30,2015-02,development,0.0,-0.0250251512598117,-0.0266565586178977,0.0016175115135416912,0.0016175115135416912,-0.0017166666666666656,-0.0017166666666666656,-0.007209193461101997,-0.014418386922203994,-0.009502495425301077,0.31218374056548803,0.6878162594345119,2.0
2015-01-30,2015-02,development,50.0,-0.0250251512598117,-0.0266565586178977,0.0016175115135416912,0.0012008448468750245,-0.0017166666666666656,-0.002133333333333332,-0.007495783569199711,-0.014991567138399421,-0.00978908553339879,0.31218374056548803,0.6878162594345119,2.0
2015-01-30,2015-02,development,100.0,-0.0250251512598117,-0.0266565586178977,0.0016175115135416912,0.0007841781802083579,-0.0017166666666666656,-0.002549999999999999,-0.007782373677297423,-0.015564747354594847,-0.010075675641496503,0.31218374056548803,0.6878162594345119,2.0
2015-01-30,2015-02,development,150.0,-0.0250251512598117,-0.0266565586178977,0.0016175115135416912,0.0003675115135416912,-0.0017166666666666656,-0.0029666666666666656,-0.008068963785395136,-0.016137927570790273,-0.010362265749594217,0.31218374056548803,0.6878162594345119,2.0
2015-02-27,2015-03,development,0.0,0.0163253809676223,0.0145864543623479,0.004553653204207802,0.004553653204207802,0.006266666666666666,0.006266666666666666,0.007685730598105738,0.015371461196211475,0.008863969110215156,0.31218374056548803,0.6878162594345119,2.0
2015-02-27,2015-03,development,50.0,0.0163253809676223,0.0145864543623479,0.004553653204207802,0.004136986537541135,0.006266666666666666,0.005849999999999999,0.007399140490008024,0.014798280980016048,0.008577379002117441,0.31218374056548803,0.6878162594345119,2.0
2015-02-27,2015-03,development,100.0,0.0163253809676223,0.0145864543623479,0.004553653204207802,0.0037203198708744686,0.006266666666666666,0.0054333333333333326,0.007112550381910311,0.014225100763820622,0.008290788894019728,0.31218374056548803,0.6878162594345119,2.0
2015-02-27,2015-03,development,150.0,0.0163253809676223,0.0145864543623479,0.004553653204207802,0.003303653204207802,0.006266666666666666,0.005016666666666666,0.006825960273812598,0.013651920547625197,0.008004198785922016,0.31218374056548803,0.6878162594345119,2.0
2015-03-31,2015-04,development,0.0,-0.0147529165589251,-0.0164643231562245,-0.013386456934873923,-0.013386456934873923,-0.014066666666666667,-0.014066666666666667,-0.014347316724815307,-0.028694633449630615,-0.014815176038167947,0.31218374056548803,0.6878162594345119,2.0
2015-03-31,2015-04,development,50.0,-0.0147529165589251,-0.0164643231562245,-0.013386456934873923,-0.013803123601540589,-0.014066666666666667,-0.014483333333333332,-0.014633906832913022,-0.029267813665826044,-0.015101766146265658,0.31218374056548803,0.6878162594345119,2.0
2015-03-31,2015-04,development,100.0,-0.0147529165589251,-0.0164643231562245,-0.013386456934873923,-0.014219790268207256,-0.014066666666666667,-0.0149,-0.014920496941010736,-0.029840993882021473,-0.015388356254363373,0.31218374056548803,0.6878162594345119,2.0
2015-03-31,2015-04,development,150.0,-0.0147529165589251,-0.0164643231562245,-0.013386456934873923,-0.014636456934873922,-0.014066666666666667,-0.015316666666666666,-0.015207087049108448,-0.030414174098216895,-0.015674946362461088,0.31218374056548803,0.6878162594345119,2.0
2015-04-30,2015-05,development,0.0,-0.0002517786948328,-0.0018563150623454,0.007714955153557447,0.007714955153557447,0.0070999999999999995,0.0070999999999999995,0.00472696021559385,0.0094539204311877,0.00430398406215399,0.31218374056548803,0.6878162594345119,2.0
2015-04-30,2015-05,development,50.0,-0.0002517786948328,-0.0018563150623454,0.007714955153557447,0.00729828848689078,0.0070999999999999995,0.006683333333333333,0.004440370107496136,0.008880740214992272,0.004017393954056277,0.31218374056548803,0.6878162594345119,2.0
2015-04-30,2015-05,development,100.0,-0.0002517786948328,-0.0018563150623454,0.007714955153557447,0.0068816218202241135,0.0070999999999999995,0.006266666666666666,0.004153779999398423,0.008307559998796846,0.0037308038459585627,0.31218374056548803,0.6878162594345119,2.0
2015-04-30,2015-05,development,150.0,-0.0002517786948328,-0.0018563150623454,0.007714955153557447,0.006464955153557447,0.0070999999999999995,0.005849999999999999,0.003867189891300709,0.007734379782601418,0.00344421373786085,0.31218374056548803,0.6878162594345119,2.0
2015-05-29,2015-06,development,0.0,0.0398894079380246,0.0383291710962173,0.002301578619037973,0.002301578619037973,0.003916666666666666,0.003916666666666666,0.013548807202132852,0.027097614404265703,0.014659691021710209,0.31218374056548803,0.6878162594345119,2.0
2015-05-29,2015-06,development,50.0,0.0398894079380246,0.0383291710962173,0.002301578619037973,0.0018849119523713063,0.003916666666666666,0.0034999999999999996,0.013262217094035139,0.026524434188070278,0.014373100913612496,0.31218374056548803,0.6878162594345119,2.0
2015-05-29,2015-06,development,100.0,0.0398894079380246,0.0383291710962173,0.002301578619037973,0.0014682452857046396,0.003916666666666666,0.003083333333333333,0.012975626985937426,0.025951253971874852,0.014086510805514783,0.31218374056548803,0.6878162594345119,2.0
2015-05-29,2015-06,development,150.0,0.0398894079380246,0.0383291710962173,0.002301578619037973,0.001051578619037973,0.003916666666666666,0.002666666666666666,0.012689036877839713,0.025378073755679426,0.013799920697417069,0.31218374056548803,0.6878162594345119,2.0
2015-06-30,2015-07,development,0.0,0.0560711623007787,0.0544152915296734,0.006299428175605547,0.006299428175605547,0.0011666666666666676,0.0011666666666666676,0.021320418378016338,0.042640836756032675,0.017790021556368555,0.31218374056548803,0.6878162594345119,2.0
2015-06-30,2015-07,development,50.0,0.0560711623007787,0.0544152915296734,0.006299428175605547,0.00588276150893888,0.0011666666666666676,0.0007500000000000009,0.021033828269918623,0.042067656539837246,0.017503431448270844,0.31218374056548803,0.6878162594345119,2.0
2015-06-30,2015-07,development,100.0,0.0560711623007787,0.0544152915296734,0.006299428175605547,0.005466094842272213,0.0011666666666666676,0.00033333333333333424,0.020747238161820912,0.041494476323641824,0.01721684134017313,0.31218374056548803,0.6878162594345119,2.0
2015-06-30,2015-07,development,150.0,0.0560711623007787,0.0544152915296734,0.006299428175605547,0.0050494281756055465,0.0011666666666666676,-8.33333333333324e-05,0.020460648053723197,0.040921296107446395,0.016930251232075415,0.31218374056548803,0.6878162594345119,2.0
2015-07-31,2015-08,development,0.0,0.0113039383004223,0.0096603624841689,-0.009592762840454298,-0.009592762840454298,-0.0052833333333333335,-0.0052833333333333335,-0.0035822501590373006,-0.007164500318074601,-0.0006181544751526469,0.31218374056548803,0.6878162594345119,2.0
2015-07-31,2015-08,development,50.0,0.0113039383004223,0.0096603624841689,-0.009592762840454298,-0.010009429507120964,-0.0052833333333333335,-0.0057,-0.0038688402671350135,-0.007737680534270027,-0.0009047445832503606,0.31218374056548803,0.6878162594345119,2.0
2015-07-31,2015-08,development,100.0,0.0113039383004223,0.0096603624841689,-0.009592762840454298,-0.010426096173787631,-0.0052833333333333335,-0.006116666666666667,-0.004155430375232727,-0.008310860750465453,-0.0011913346913480735,0.31218374056548803,0.6878162594345119,2.0
2015-07-31,2015-08,development,150.0,0.0113039383004223,0.0096603624841689,-0.009592762840454298,-0.010842762840454297,-0.0052833333333333335,-0.006533333333333334,-0.0044420204833304396,-0.008884040966660879,-0.0014779247994457872,0.31218374056548803,0.6878162594345119,2.0
2015-08-31,2015-09,development,0.0,0.0421141385845264,0.0403677348742648,0.002143725684019422,0.002143725684019422,0.001933333333333332,0.001933333333333332,0.014076639852439815,0.02815327970487963,0.013931928572777275,0.31218374056548803,0.6878162594345119,2.0
2015-08-31,2015-09,development,50.0,0.0421141385845264,0.0403677348742648,0.002143725684019422,0.001727059017352755,0.001933333333333332,0.0015166666666666653,0.013790049744342102,0.027580099488684204,0.013645338464679562,0.31218374056548803,0.6878162594345119,2.0
2015-08-31,2015-09,development,100.0,0.0421141385845264,0.0403677348742648,0.002143725684019422,0.0013103923506860883,0.001933333333333332,0.0010999999999999985,0.01350345963624439,0.02700691927248878,0.013358748356581848,0.31218374056548803,0.6878162594345119,2.0
2015-08-31,2015-09,development,150.0,0.0421141385845264,0.0403677348742648,0.002143725684019422,0.0008937256840194218,0.001933333333333332,0.000683333333333332,0.013216869528146675,0.02643373905629335,0.013072158248484135,0.31218374056548803,0.6878162594345119,2.0
2015-09-30,2015-10,development,0.0,-0.0041219423151312,-0.005765759802966,0.011146135220355399,0.011146135220355399,0.005816666666666667,0.005816666666666667,0.005866516571924062,0.011733033143848125,0.0022008214465520206,0.31218374056548803,0.6878162594345119,2.0
2015-09-30,2015-10,development,50.0,-0.0041219423151312,-0.005765759802966,0.011146135220355399,0.010729468553688733,0.005816666666666667,0.0054,0.0055799264638263495,0.011159852927652699,0.001914231338454307,0.31218374056548803,0.6878162594345119,2.0
2015-09-30,2015-10,development,100.0,-0.0041219423151312,-0.005765759802966,0.011146135220355399,0.010312801887022065,0.005816666666666667,0.0049833333333333335,0.005293336355728635,0.01058667271145727,0.0016276412303565938,0.31218374056548803,0.6878162594345119,2.0
2015-09-30,2015-10,development,150.0,-0.0041219423151312,-0.005765759802966,0.011146135220355399,0.0098961352203554,0.005816666666666667,0.004566666666666667,0.005006746247630923,0.010013492495261846,0.0013410511222588805,0.31218374056548803,0.6878162594345119,2.0
2015-10-30,2015-11,development,0.0,-0.0136536707669141,-0.0151641823543164,0.0017467815459027074,0.0017467815459027074,0.0033833333333333332,0.0033833333333333332,-0.0035325464210356284,-0.007065092842071257,-0.002406899492234231,0.31218374056548803,0.6878162594345119,2.0
2015-10-30,2015-11,development,50.0,-0.0136536707669141,-0.0151641823543164,0.0017467815459027074,0.0013301148792360406,0.0033833333333333332,0.0029666666666666665,-0.0038191365291333416,-0.007638273058266683,-0.002693489600331944,0.31218374056548803,0.6878162594345119,2.0
2015-10-30,2015-11,development,100.0,-0.0136536707669141,-0.0151641823543164,0.0017467815459027074,0.000913448212569374,0.0033833333333333332,0.0025499999999999997,-0.004105726637231055,-0.00821145327446211,-0.0029800797084296574,0.31218374056548803,0.6878162594345119,2.0
2015-10-30,2015-11,development,150.0,-0.0136536707669141,-0.0151641823543164,0.0017467815459027074,0.0004967815459027073,0.0033833333333333332,0.0021333333333333334,-0.004392316745328769,-0.008784633490657537,-0.0032666698165273707,0.31218374056548803,0.6878162594345119,2.0
2015-11-30,2015-12,development,0.0,-0.0114864167209402,-0.0132182469296291,-0.005008725570969206,-0.005008725570969206,-0.006466666666666663,-0.006466666666666663,-0.0075716046569679184,-0.015143209313935837,-0.008574400247886398,0.31218374056548803,0.6878162594345119,2.0
2015-11-30,2015-12,development,50.0,-0.0114864167209402,-0.0132182469296291,-0.005008725570969206,-0.005425392237635873,-0.006466666666666663,-0.00688333333333333,-0.007858194765065633,-0.015716389530131266,-0.008860990355984111,0.31218374056548803,0.6878162594345119,2.0
2015-11-30,2015-12,development,100.0,-0.0114864167209402,-0.0132182469296291,-0.005008725570969206,-0.00584205890430254,-0.006466666666666663,-0.007299999999999997,-0.008144784873163346,-0.01628956974632669,-0.009147580464081824,0.31218374056548803,0.6878162594345119,2.0
2015-11-30,2015-12,development,150.0,-0.0114864167209402,-0.0132182469296291,-0.005008725570969206,-0.0062587255709692065,-0.006466666666666663,-0.007716666666666663,-0.008431374981261059,-0.016862749962522117,-0.009434170572179539,0.31218374056548803,0.6878162594345119,2.0
2015-12-31,2016-01,development,0.0,0.0550859713254536,0.0534133785162336,-0.001068545537118684,-0.001068545537118684,0.0003666666666666673,0.0003666666666666673,0.01593982530706167,0.03187965061412334,0.01692698759656407,0.31218374056548803,0.6878162594345119,2.0
2015-12-31,2016-01,development,50.0,0.0550859713254536,0.0534133785162336,-0.001068545537118684,-0.0014852122037853507,0.0003666666666666673,-4.999999999999937e-05,0.015653235198963954,0.03130647039792791,0.016640397488466355,0.31218374056548803,0.6878162594345119,2.0
2015-12-31,2016-01,development,100.0,0.0550859713254536,0.0534133785162336,-0.001068545537118684,-0.0019018788704520174,0.0003666666666666673,-0.00046666666666666607,0.015366645090866242,0.030733290181732483,0.016353807380368644,0.31218374056548803,0.6878162594345119,2.0
2015-12-31,2016-01,development,150.0,0.0550859713254536,0.0534133785162336,-0.001068545537118684,-0.0023185455371186837,0.0003666666666666673,-0.0008833333333333328,0.015080054982768529,0.030160109965537057,0.01606721727227093,0.31218374056548803,0.6878162594345119,2.0
2016-01-29,2016-02,development,0.0,-0.0295000237598895,-0.0312441227001408,0.0022464668573552032,0.0022464668573552032,0.0018333333333333326,0.0018333333333333326,-0.008208750664447373,-0.016417501328894746,-0.008492910619587093,0.31218374056548803,0.6878162594345119,2.0
2016-01-29,2016-02,development,50.0,-0.0295000237598895,-0.0312441227001408,0.0022464668573552032,0.0018298001906885365,0.0018333333333333326,0.001416666666666666,-0.008495340772545086,-0.01699068154509017,-0.008779500727684807,0.31218374056548803,0.6878162594345119,2.0
2016-01-29,2016-02,development,100.0,-0.0295000237598895,-0.0312441227001408,0.0022464668573552032,0.0014131335240218697,0.0018333333333333326,0.0009999999999999992,-0.008781930880642799,-0.017563861761285597,-0.00906609083578252,0.31218374056548803,0.6878162594345119,2.0
2016-01-29,2016-02,development,150.0,-0.0295000237598895,-0.0312441227001408,0.0022464668573552032,0.0009964668573552032,0.0018333333333333326,0.0005833333333333326,-0.009068520988740511,-0.018137041977481023,-0.009352680943880233,0.31218374056548803,0.6878162594345119,2.0
2016-02-29,2016-03,development,0.0,0.0245461557366668,0.0227032152213475,0.010716353242723424,0.010716353242723424,0.008033333333333335,0.008033333333333335,0.014458456652852515,0.02891691330570503,0.012613031934787501,0.31218374056548803,0.6878162594345119,2.0
2016-02-29,2016-03,development,50.0,0.0245461557366668,0.0227032152213475,0.010716353242723424,0.010299686576056758,0.008033333333333335,0.007616666666666668,0.014171866544754802,0.028343733089509604,0.012326441826689787,0.31218374056548803,0.6878162594345119,2.0
2016-02-29,2016-03,development,100.0,0.0245461557366668,0.0227032152213475,0.010716353242723424,0.00988301990939009,0.008033333333333335,0.0072000000000000015,0.013885276436657087,0.027770552873314175,0.012039851718592074,0.31218374056548803,0.6878162594345119,2.0
2016-02-29,2016-03,development,150.0,0.0245461557366668,0.0227032152213475,0.010716353242723424,0.009466353242723425,0.008033333333333335,0.006783333333333335,0.013598686328559376,0.027197372657118753,0.011753261610494361,0.31218374056548803,0.6878162594345119,2.0
2016-03-31,2016-04,development,0.0,-0.0233302155322666,-0.025122927494873,-0.005196138224755671,-0.005196138224755671,-0.0028499999999999997,-0.0028499999999999997,-0.01141695783656113,-0.02283391567312226,-0.009803245818693357,0.31218374056548803,0.6878162594345119,2.0
2016-03-31,2016-04,development,50.0,-0.0233302155322666,-0.025122927494873,-0.005196138224755671,-0.005612804891422338,-0.0028499999999999997,-0.0032666666666666664,-0.011703547944658842,-0.023407095889317685,-0.01008983592679107,0.31218374056548803,0.6878162594345119,2.0
2016-03-31,2016-04,development,100.0,-0.0233302155322666,-0.025122927494873,-0.005196138224755671,-0.0060294715580890045,-0.0028499999999999997,-0.003683333333333333,-0.011990138052756555,-0.02398027610551311,-0.010376426034888784,0.31218374056548803,0.6878162594345119,2.0
2016-03-31,2016-04,development,150.0,-0.0233302155322666,-0.025122927494873,-0.005196138224755671,-0.006446138224755671,-0.0028499999999999997,-0.0040999999999999995,-0.012276728160854268,-0.024553456321708536,-0.010663016142986497,0.31218374056548803,0.6878162594345119,2.0
2016-04-29,2016-05,development,0.0,0.0054868386855315,0.0037108464520736,-0.0027807825662953256,-0.0027807825662953256,-0.004416666666666666,-0.004416666666666666,-0.0007542015369774468,-0.0015084030739548936,-0.0018793892197632536,0.31218374056548803,0.6878162594345119,2.0
2016-04-29,2016-05,development,50.0,0.0054868386855315,0.0037108464520736,-0.0027807825662953256,-0.0031974492329619924,-0.004416666666666666,-0.004833333333333333,-0.00104079164507516,-0.00208158329015032,-0.0021659793278609673,0.31218374056548803,0.6878162594345119,2.0
2016-04-29,2016-05,development,100.0,0.0054868386855315,0.0037108464520736,-0.0027807825662953256,-0.003614115899628659,-0.004416666666666666,-0.0052499999999999995,-0.0013273817531728733,-0.0026547635063457467,-0.0024525694359586805,0.31218374056548803,0.6878162594345119,2.0
2016-04-29,2016-05,development,150.0,0.0054868386855315,0.0037108464520736,-0.0027807825662953256,-0.004030782566295326,-0.004416666666666666,-0.005666666666666666,-0.001613971861270587,-0.003227943722541174,-0.002739159544056394,0.31218374056548803,0.6878162594345119,2.0
2016-05-31,2016-06,development,0.0,-0.0063750067716056,-0.0080094117784453,0.011587139432607512,0.011587139432607512,0.01065,0.01065,0.005469414773357899,0.010938829546715798,0.00482483503425322,0.31218374056548803,0.6878162594345119,2.0
2016-05-31,2016-06,development,50.0,-0.0063750067716056,-0.0080094117784453,0.011587139432607512,0.011170472765940846,0.01065,0.010233333333333334,0.005182824665260186,0.010365649330520373,0.004538244926155507,0.31218374056548803,0.6878162594345119,2.0
2016-05-31,2016-06,development,100.0,-0.0063750067716056,-0.0080094117784453,0.011587139432607512,0.010753806099274179,0.01065,0.009816666666666666,0.004896234557162472,0.009792469114324943,0.004251654818057792,0.31218374056548803,0.6878162594345119,2.0
2016-05-31,2016-06,development,150.0,-0.0063750067716056,-0.0080094117784453,0.011587139432607512,0.010337139432607513,0.01065,0.0094,0.004609644449064759,0.009219288898129518,0.003965064709960079,0.31218374056548803,0.6878162594345119,2.0
2016-06-30,2016-07,development,0.0,0.0048141710582985,0.0031921708340243,0.004786907565974987,0.004786907565974987,0.0032166666666666663,0.0032166666666666663,0.0042890566877774395,0.008578113375554879,0.0032090194660041056,0.31218374056548803,0.6878162594345119,2.0
2016-06-30,2016-07,development,50.0,0.0048141710582985,0.0031921708340243,0.004786907565974987,0.004370240899308321,0.0032166666666666663,0.0027999999999999995,0.004002466579679726,0.008004933159359452,0.0029224293579063927,0.31218374056548803,0.6878162594345119,2.0
2016-06-30,2016-07,development,100.0,0.0048141710582985,0.0031921708340243,0.004786907565974987,0.003953574232641654,0.0032166666666666663,0.002383333333333333,0.003715876471582012,0.007431752943164024,0.002635839249808679,0.31218374056548803,0.6878162594345119,2.0
2016-06-30,2016-07,development,150.0,0.0048141710582985,0.0031921708340243,0.004786907565974987,0.003536907565974987,0.0032166666666666663,0.001966666666666666,0.0034292863634842992,0.0068585727269685984,0.0023492491417109657,0.31218374056548803,0.6878162594345119,2.0
2016-07-29,2016-08,development,0.0,0.0255840086181297,0.0240644377624084,-0.0029439648404921068,-0.0029439648404921068,-0.0005833333333333338,-0.0005833333333333338,0.005487619310780038,0.010975238621560076,0.0071113000439372385,0.31218374056548803,0.6878162594345119,2.0
2016-07-29,2016-08,development,50.0,0.0255840086181297,0.0240644377624084,-0.0029439648404921068,-0.0033606315071587735,-0.0005833333333333338,-0.0010000000000000005,0.005201029202682324,0.010402058405364649,0.006824709935839526,0.31218374056548803,0.6878162594345119,2.0
2016-07-29,2016-08,development,100.0,0.0255840086181297,0.0240644377624084,-0.0029439648404921068,-0.0037772981738254403,-0.0005833333333333338,-0.0014166666666666672,0.004914439094584611,0.009828878189169221,0.006538119827741812,0.31218374056548803,0.6878162594345119,2.0
2016-07-29,2016-08,development,150.0,0.0255840086181297,0.0240644377624084,-0.0029439648404921068,-0.004193964840492107,-0.0005833333333333338,-0.001833333333333334,0.004627848986486898,0.009255697972973796,0.006251529719644099,0.31218374056548803,0.6878162594345119,2.0
2016-08-31,2016-09,development,0.0,-0.01290837524103,-0.0146318301261244,-0.0025372674792311137,-0.0025372674792311137,-0.001733333333333333,-0.001733333333333333,-0.006312993286841889,-0.012625986573683778,-0.005760034309778799,0.31218374056548803,0.6878162594345119,2.0
2016-08-31,2016-09,development,50.0,-0.01290837524103,-0.0146318301261244,-0.0025372674792311137,-0.0029539341458977805,-0.001733333333333333,-0.0021499999999999996,-0.006599583394939603,-0.013199166789879205,-0.006046624417876512,0.31218374056548803,0.6878162594345119,2.0
2016-08-31,2016-09,development,100.0,-0.01290837524103,-0.0146318301261244,-0.0025372674792311137,-0.0033706008125644472,-0.001733333333333333,-0.0025666666666666663,-0.006886173503037316,-0.013772347006074631,-0.0063332145259742244,0.31218374056548803,0.6878162594345119,2.0
2016-08-31,2016-09,development,150.0,-0.01290837524103,-0.0146318301261244,-0.0025372674792311137,-0.0037872674792311135,-0.001733333333333333,-0.002983333333333333,-0.007172763611135028,-0.014345527222270057,-0.006619804634071938,0.31218374056548803,0.6878162594345119,2.0
2016-09-30,2016-10,development,0.0,0.0299041844091457,0.0282769285910929,-0.0006708293090243716,-0.0006708293090243716,-0.0002166666666666668,-0.0002166666666666668,0.008366190033218396,0.01673238006643679,0.008678570483059766,0.31218374056548803,0.6878162594345119,2.0
2016-09-30,2016-10,development,50.0,0.0299041844091457,0.0282769285910929,-0.0006708293090243716,-0.0010874959756910383,-0.0002166666666666668,-0.0006333333333333335,0.008079599925120681,0.016159199850241363,0.008391980374962051,0.31218374056548803,0.6878162594345119,2.0
2016-09-30,2016-10,development,100.0,0.0299041844091457,0.0282769285910929,-0.0006708293090243716,-0.001504162642357705,-0.0002166666666666668,-0.0010500000000000002,0.007793009817022968,0.015586019634045937,0.008105390266864338,0.31218374056548803,0.6878162594345119,2.0
2016-09-30,2016-10,development,150.0,0.0299041844091457,0.0282769285910929,-0.0006708293090243716,-0.0019208293090243716,-0.0002166666666666668,-0.001466666666666667,0.007506419708925256,0.015012839417850511,0.007818800158766626,0.31218374056548803,0.6878162594345119,2.0
2016-10-31,2016-11,development,0.0,0.0048765586314713,0.0032610889821926,0.02736475799318038,0.02736475799318038,0.03145,0.03145,0.019839984439977774,0.03967996887995555,0.02264988031599318,0.31218374056548803,0.6878162594345119,2.0
2016-10-31,2016-11,development,50.0,0.0048765586314713,0.0032610889821926,0.02736475799318038,0.026948091326513716,0.03145,0.031033333333333333,0.01955339433188006,0.03910678866376012,0.022363290207895473,0.31218374056548803,0.6878162594345119,2.0
2016-10-31,2016-11,development,100.0,0.0048765586314713,0.0032610889821926,0.02736475799318038,0.02653142465984705,0.03145,0.030616666666666667,0.019266804223782352,0.038533608447564704,0.022076700099797758,0.31218374056548803,0.6878162594345119,2.0
2016-10-31,2016-11,development,150.0,0.0048765586314713,0.0032610889821926,0.02736475799318038,0.02611475799318038,0.03145,0.030199999999999998,0.018980214115684638,0.037960428231369275,0.021790109991700043,0.31218374056548803,0.6878162594345119,2.0
2016-11-30,2016-12,development,0.0,0.0189947886549549,0.0172144689150599,0.010394109745552228,0.010394109745552228,0.010633333333333333,0.010633333333333333,0.012523314983089257,0.025046629966178513,0.01268785685640536,0.31218374056548803,0.6878162594345119,2.0
2016-11-30,2016-12,development,50.0,0.0189947886549549,0.0172144689150599,0.010394109745552228,0.009977443078885562,0.010633333333333333,0.010216666666666667,0.012236724874991545,0.02447344974998309,0.012401266748307648,0.31218374056548803,0.6878162594345119,2.0
2016-11-30,2016-12,development,100.0,0.0189947886549549,0.0172144689150599,0.010394109745552228,0.009560776412218894,0.010633333333333333,0.0098,0.01195013476689383,0.02390026953378766,0.012114676640209935,0.31218374056548803,0.6878162594345119,2.0
2016-11-30,2016-12,development,150.0,0.0189947886549549,0.0172144689150599,0.010394109745552228,0.009144109745552229,0.010633333333333333,0.009383333333333334,0.011663544658796118,0.023327089317592236,0.01182808653211222,0.31218374056548803,0.6878162594345119,2.0
2016-12-30,2017-01,development,0.0,-0.0012446451935617,-0.0028702726877441,-0.005357472271460247,-0.005357472271460247,-0.007916666666666667,-0.007916666666666667,-0.004581009001882815,-0.00916201800376563,-0.006341264517959463,0.31218374056548803,0.6878162594345119,2.0
2016-12-30,2017-01,development,50.0,-0.0012446451935617,-0.0028702726877441,-0.005357472271460247,-0.005774138938126914,-0.007916666666666667,-0.008333333333333333,-0.004867599109980528,-0.009735198219961057,-0.006627854626057176,0.31218374056548803,0.6878162594345119,2.0
2016-12-30,2017-01,development,100.0,-0.0012446451935617,-0.0028702726877441,-0.005357472271460247,-0.00619080560479358,-0.007916666666666667,-0.00875,-0.005154189218078241,-0.010308378436156482,-0.006914444734154889,0.31218374056548803,0.6878162594345119,2.0
2016-12-30,2017-01,development,150.0,-0.0012446451935617,-0.0028702726877441,-0.005357472271460247,-0.006607472271460247,-0.007916666666666667,-0.009166666666666667,-0.005440779326175955,-0.01088155865235191,-0.007201034842252602,0.31218374056548803,0.6878162594345119,2.0
2017-01-31,2017-02,development,0.0,-0.0038578464370273,-0.0054391603409817,-0.0016579276552817087,-0.0016579276552817087,-0.005216666666666667,-0.005216666666666667,-0.0028383670190520183,-0.0056767340381040365,-0.005286125574166493,0.31218374056548803,0.6878162594345119,2.0
2017-01-31,2017-02,development,50.0,-0.0038578464370273,-0.0054391603409817,-0.0016579276552817087,-0.0020745943219483754,-0.005216666666666667,-0.005633333333333334,-0.003124957127149731,-0.006249914254299462,-0.005572715682264206,0.31218374056548803,0.6878162594345119,2.0
2017-01-31,2017-02,development,100.0,-0.0038578464370273,-0.0054391603409817,-0.0016579276552817087,-0.002491260988615042,-0.005216666666666667,-0.006050000000000001,-0.003411547235247445,-0.00682309447049489,-0.0058593057903619196,0.31218374056548803,0.6878162594345119,2.0
2017-01-31,2017-02,development,150.0,-0.0038578464370273,-0.0054391603409817,-0.0016579276552817087,-0.0029079276552817085,-0.005216666666666667,-0.0064666666666666674,-0.0036981373433451576,-0.007396274686690315,-0.006145895898459633,0.31218374056548803,0.6878162594345119,2.0
2017-02-28,2017-03,development,0.0,0.0124414416254189,0.0106655047508174,-0.005046394530433247,-0.005046394530433247,-0.00615,-0.00615,-0.00014139504142421638,-0.00028279008284843275,-0.0009004728273930888,0.31218374056548803,0.6878162594345119,2.0
2017-02-28,2017-03,development,50.0,0.0124414416254189,0.0106655047508174,-0.005046394530433247,-0.005463061197099914,-0.00615,-0.006566666666666667,-0.00042798514952192964,-0.0008559702990438593,-0.0011870629354908016,0.31218374056548803,0.6878162594345119,2.0
2017-02-28,2017-03,development,100.0,0.0124414416254189,0.0106655047508174,-0.005046394530433247,-0.00587972786376658,-0.00615,-0.006983333333333334,-0.0007145752576196425,-0.001429150515239285,-0.0014736530435885153,0.31218374056548803,0.6878162594345119,2.0
2017-02-28,2017-03,development,150.0,0.0124414416254189,0.0106655047508174,-0.005046394530433247,-0.006296394530433247,-0.00615,-0.0074,-0.0010011653657173562,-0.0020023307314347124,-0.0017602431516862281,0.31218374056548803,0.6878162594345119,2.0
2017-03-31,2017-04,development,0.0,0.0095978622890701,0.0078451122304002,0.0018574120342362234,0.0018574120342362234,0.00021666666666666636,0.00021666666666666636,0.0037266746788594002,0.0074533493577188005,0.002598143337453204,0.31218374056548803,0.6878162594345119,2.0
2017-03-31,2017-04,development,50.0,0.0095978622890701,0.0078451122304002,0.0018574120342362234,0.0014407453675695566,0.00021666666666666636,-0.00020000000000000033,0.0034400845707616865,0.006880169141523373,0.002311553229355491,0.31218374056548803,0.6878162594345119,2.0
2017-03-31,2017-04,development,100.0,0.0095978622890701,0.0078451122304002,0.0018574120342362234,0.0010240787009028899,0.00021666666666666636,-0.0006166666666666671,0.0031534944626639733,0.0063069889253279466,0.0020249631212577775,0.31218374056548803,0.6878162594345119,2.0
2017-03-31,2017-04,development,150.0,0.0095978622890701,0.0078451122304002,0.0018574120342362234,0.0006074120342362233,0.00021666666666666636,-0.0010333333333333336,0.00286690435456626,0.00573380870913252,0.0017383730131600643,0.31218374056548803,0.6878162594345119,2.0
2017-04-28,2017-05,development,0.0,-0.0047333421716809,-0.0063808875809404,-0.004453166378620888,-0.004453166378620888,-0.008183333333333334,-0.008183333333333334,-0.005054969594328392,-0.010109939188656785,-0.007620639076184932,0.31218374056548803,0.6878162594345119,2.0
2017-04-28,2017-05,development,50.0,-0.0047333421716809,-0.0063808875809404,-0.004453166378620888,-0.004869833045287555,-0.008183333333333334,-0.0086,-0.005341559702426106,-0.010683119404852212,-0.007907229184282645,0.31218374056548803,0.6878162594345119,2.0
2017-04-28,2017-05,development,100.0,-0.0047333421716809,-0.0063808875809404,-0.004453166378620888,-0.005286499711954221,-0.008183333333333334,-0.009016666666666668,-0.005628149810523819,-0.011256299621047638,-0.008193819292380358,0.31218374056548803,0.6878162594345119,2.0
2017-04-28,2017-05,development,150.0,-0.0047333421716809,-0.0063808875809404,-0.004453166378620888,-0.005703166378620888,-0.008183333333333334,-0.009433333333333334,-0.005914739918621532,-0.011829479837243063,-0.00848040940047807,0.31218374056548803,0.6878162594345119,2.0
2017-05-31,2017-06,development,0.0,-0.033983400179331,-0.0356613310474041,0.0022052870738390423,0.0022052870738390423,0.004116666666666667,0.004116666666666667,-0.009616055413815536,-0.01923211082763107,-0.008301377451917379,0.31218374056548803,0.6878162594345119,2.0
2017-05-31,2017-06,development,50.0,-0.033983400179331,-0.0356613310474041,0.0022052870738390423,0.0017886204071723756,0.004116666666666667,0.0037,-0.009902645521913249,-0.019805291043826497,-0.008587967560015092,0.31218374056548803,0.6878162594345119,2.0
2017-05-31,2017-06,development,100.0,-0.033983400179331,-0.0356613310474041,0.0022052870738390423,0.0013719537405057088,0.004116666666666667,0.0032833333333333334,-0.010189235630010961,-0.020378471260021923,-0.008874557668112805,0.31218374056548803,0.6878162594345119,2.0
2017-05-31,2017-06,development,150.0,-0.033983400179331,-0.0356613310474041,0.0022052870738390423,0.0009552870738390423,0.004116666666666667,0.0028666666666666667,-0.010475825738108676,-0.020951651476217352,-0.009161147776210517,0.31218374056548803,0.6878162594345119,2.0
2017-06-30,2017-07,development,0.0,0.0156743123662222,0.0139745610643975,0.0029921423702879315,0.0029921423702879315,0.0012500000000000002,0.0012500000000000002,0.006420674918671399,0.012841349837342798,0.0052224010701375796,0.31218374056548803,0.6878162594345119,2.0
2017-06-30,2017-07,development,50.0,0.0156743123662222,0.0139745610643975,0.0029921423702879315,0.002575475703621265,0.0012500000000000002,0.0008333333333333335,0.006134084810573685,0.01226816962114737,0.004935810962039866,0.31218374056548803,0.6878162594345119,2.0
2017-06-30,2017-07,development,100.0,0.0156743123662222,0.0139745610643975,0.0029921423702879315,0.002158809036954598,0.0012500000000000002,0.00041666666666666686,0.0058474947024759714,0.011694989404951943,0.004649220853942153,0.31218374056548803,0.6878162594345119,2.0
2017-06-30,2017-07,development,150.0,0.0156743123662222,0.0139745610643975,0.0029921423702879315,0.0017421423702879315,0.0012500000000000002,2.168404344971009e-19,0.005560904594378259,0.011121809188756517,0.004362630745844439,0.31218374056548803,0.6878162594345119,2.0
2017-07-31,2017-08,development,0.0,0.0022015004053388,0.0005871184735053,-0.0023234430593636005,-0.0023234430593636005,-0.004300000000000001,-0.004300000000000001,-0.0014148130728865664,-0.0028296261457731327,-0.0027743210743544173,0.31218374056548803,0.6878162594345119,2.0
2017-07-31,2017-08,development,50.0,0.0022015004053388,0.0005871184735053,-0.0023234430593636005,-0.0027401097260302673,-0.004300000000000001,-0.004716666666666668,-0.0017014031809842796,-0.0034028063619685593,-0.003060911182452131,0.31218374056548803,0.6878162594345119,2.0
2017-07-31,2017-08,development,100.0,0.0022015004053388,0.0005871184735053,-0.0023234430593636005,-0.003156776392696934,-0.004300000000000001,-0.005133333333333334,-0.0019879932890819927,-0.003975986578163985,-0.0033475012905498443,0.31218374056548803,0.6878162594345119,2.0
2017-07-31,2017-08,development,150.0,0.0022015004053388,0.0005871184735053,-0.0023234430593636005,-0.0035734430593636008,-0.004300000000000001,-0.005550000000000001,-0.002274583397179706,-0.004549166794359412,-0.0036340913986475576,0.31218374056548803,0.6878162594345119,2.0
2017-08-31,2017-09,development,0.0,0.0055051959350513,0.0039655964585802,0.012705514966378256,0.012705514966378256,0.015250000000000001,0.015250000000000001,0.009977054514376318,0.019954109028752637,0.011727192692389126,0.31218374056548803,0.6878162594345119,2.0
2017-08-31,2017-09,development,50.0,0.0055051959350513,0.0039655964585802,0.012705514966378256,0.01228884829971159,0.015250000000000001,0.014833333333333336,0.009690464406278607,0.019380928812557215,0.011440602584291413,0.31218374056548803,0.6878162594345119,2.0
2017-08-31,2017-09,development,100.0,0.0055051959350513,0.0039655964585802,0.012705514966378256,0.011872181633044923,0.015250000000000001,0.014416666666666668,0.009403874298180893,0.018807748596361785,0.011154012476193699,0.31218374056548803,0.6878162594345119,2.0
2017-08-31,2017-09,development,150.0,0.0055051959350513,0.0039655964585802,0.012705514966378256,0.011455514966378257,0.015250000000000001,0.014000000000000002,0.00911728419008318,0.01823456838016636,0.010867422368095988,0.31218374056548803,0.6878162594345119,2.0
2017-09-29,2017-10,development,0.0,0.0310540560465933,0.0295287394154418,0.006594972430248219,0.006594972430248219,0.0041,0.0041,0.013754521592943245,0.02750904318588649,0.012038438988577682,0.31218374056548803,0.6878162594345119,2.0
2017-09-29,2017-10,development,50.0,0.0310540560465933,0.0295287394154418,0.006594972430248219,0.006178305763581552,0.0041,0.0036833333333333336,0.013467931484845532,0.026935862969691065,0.011751848880479969,0.31218374056548803,0.6878162594345119,2.0
2017-09-29,2017-10,development,100.0,0.0310540560465933,0.0295287394154418,0.006594972430248219,0.005761639096914886,0.0041,0.003266666666666667,0.01318134137674782,0.02636268275349564,0.011465258772382256,0.31218374056548803,0.6878162594345119,2.0
2017-09-29,2017-10,development,150.0,0.0310540560465933,0.0295287394154418,0.006594972430248219,0.005344972430248219,0.0041,0.00285,0.012894751268650105,0.02578950253730021,0.011178668664284543,0.31218374056548803,0.6878162594345119,2.0
2017-10-31,2017-11,development,0.0,-0.0047829640773616,-0.0063425417870715,0.010643104043076519,0.010643104043076519,0.007999999999999998,0.007999999999999998,0.005340461591900325,0.01068092318380065,0.0035224916556951973,0.31218374056548803,0.6878162594345119,2.0
2017-10-31,2017-11,development,50.0,-0.0047829640773616,-0.0063425417870715,0.010643104043076519,0.010226437376409853,0.007999999999999998,0.007583333333333332,0.005053871483802612,0.010107742967605225,0.0032359015475974845,0.31218374056548803,0.6878162594345119,2.0
2017-10-31,2017-11,development,100.0,-0.0047829640773616,-0.0063425417870715,0.010643104043076519,0.009809770709743185,0.007999999999999998,0.007166666666666665,0.004767281375704898,0.009534562751409795,0.002949311439499771,0.31218374056548803,0.6878162594345119,2.0
2017-10-31,2017-11,development,150.0,-0.0047829640773616,-0.0063425417870715,0.010643104043076519,0.009393104043076519,0.007999999999999998,0.006749999999999998,0.004480691267607185,0.00896138253521437,0.002662721331402058,0.31218374056548803,0.6878162594345119,2.0
2017-11-30,2017-12,development,0.0,-0.0514842780299887,-0.0531042305906942,0.0028232820239574934,0.0028232820239574934,0.001683333333333333,0.001683333333333333,-0.014636378064607991,-0.029272756129215982,-0.01542045330894037,0.31218374056548803,0.6878162594345119,2.0
2017-11-30,2017-12,development,50.0,-0.0514842780299887,-0.0531042305906942,0.0028232820239574934,0.0024066153572908267,0.001683333333333333,0.0012666666666666662,-0.014922968172705704,-0.029845936345411408,-0.015707043417038085,0.31218374056548803,0.6878162594345119,2.0
2017-11-30,2017-12,development,100.0,-0.0514842780299887,-0.0531042305906942,0.0028232820239574934,0.00198994869062416,0.001683333333333333,0.0008499999999999995,-0.015209558280803417,-0.030419116561606833,-0.015993633525135796,0.31218374056548803,0.6878162594345119,2.0
2017-11-30,2017-12,development,150.0,-0.0514842780299887,-0.0531042305906942,0.0028232820239574934,0.0015732820239574934,0.001683333333333333,0.0004333333333333329,-0.015496148388901131,-0.030992296777802263,-0.01628022363323351,0.31218374056548803,0.6878162594345119,2.0
2017-12-29,2018-01,development,0.0,0.019970003641559,0.018383390671069,0.010492969654377625,0.010492969654377625,0.005516666666666667,0.005516666666666667,0.012956230802004878,0.025912461604009757,0.009533448695184741,0.31218374056548803,0.6878162594345119,2.0
2017-12-29,2018-01,development,50.0,0.019970003641559,0.018383390671069,0.010492969654377625,0.010076302987710959,0.005516666666666667,0.0051,0.012669640693907164,0.025339281387814327,0.009246858587087028,0.31218374056548803,0.6878162594345119,2.0
2017-12-29,2018-01,development,100.0,0.019970003641559,0.018383390671069,0.010492969654377625,0.009659636321044291,0.005516666666666667,0.004683333333333334,0.012383050585809451,0.024766101171618902,0.008960268478989314,0.31218374056548803,0.6878162594345119,2.0
2017-12-29,2018-01,development,150.0,0.019970003641559,0.018383390671069,0.010492969654377625,0.009242969654377625,0.005516666666666667,0.004266666666666667,0.012096460477711738,0.024192920955423476,0.008673678370891601,0.31218374056548803,0.6878162594345119,2.0
2018-01-31,2018-02,development,0.0,0.0010490771082235,-0.0005450956606294,-0.005738771503258301,-0.005738771503258301,-0.004383333333333333,-0.004383333333333333,-0.004117390351421797,-0.008234780702843595,-0.003185097939489245,0.31218374056548803,0.6878162594345119,2.0
2018-01-31,2018-02,development,50.0,0.0010490771082235,-0.0005450956606294,-0.005738771503258301,-0.006155438169924967,-0.004383333333333333,-0.0048,-0.00440398045951951,-0.00880796091903902,-0.0034716880475869584,0.31218374056548803,0.6878162594345119,2.0
2018-01-31,2018-02,development,100.0,0.0010490771082235,-0.0005450956606294,-0.005738771503258301,-0.006572104836591634,-0.004383333333333333,-0.005216666666666666,-0.004690570567617224,-0.009381141135234448,-0.0037582781556846716,0.31218374056548803,0.6878162594345119,2.0
2018-01-31,2018-02,development,150.0,0.0010490771082235,-0.0005450956606294,-0.005738771503258301,-0.006988771503258301,-0.004383333333333333,-0.005633333333333333,-0.004977160675714938,-0.009954321351429875,-0.004044868263782385,0.31218374056548803,0.6878162594345119,2.0
2018-02-28,2018-03,development,0.0,0.0192508528130405,0.0174059888959647,-0.0038210186387972536,-0.0038210186387972536,-0.0007999999999999999,-0.0007999999999999999,0.002805707974416532,0.005611415948833064,0.0048836137142359995,0.31218374056548803,0.6878162594345119,2.0
2018-02-28,2018-03,development,50.0,0.0192508528130405,0.0174059888959647,-0.0038210186387972536,-0.00423768530546392,-0.0007999999999999999,-0.0012166666666666667,0.0025191178663188187,0.0050382357326376375,0.004597023606138287,0.31218374056548803,0.6878162594345119,2.0
2018-02-28,2018-03,development,100.0,0.0192508528130405,0.0174059888959647,-0.0038210186387972536,-0.004654351972130587,-0.0007999999999999999,-0.0016333333333333334,0.0022325277582211055,0.004465055516442211,0.004310433498040573,0.31218374056548803,0.6878162594345119,2.0
2018-02-28,2018-03,development,150.0,0.0192508528130405,0.0174059888959647,-0.0038210186387972536,-0.005071018638797254,-0.0007999999999999999,-0.0020499999999999997,0.0019459376501233922,0.0038918753002467844,0.00402384338994286,0.31218374056548803,0.6878162594345119,2.0
2018-03-29,2018-04,development,0.0,0.0047995765656741,0.0031214722462742,0.000572859533131907,0.000572859533131907,0.0016333333333333332,0.0016333333333333332,0.001368494983173425,0.00273698996634685,0.002097906105656272,0.31218374056548803,0.6878162594345119,2.0
2018-03-29,2018-04,development,50.0,0.0047995765656741,0.0031214722462742,0.000572859533131907,0.0001561928664652403,0.0016333333333333332,0.0012166666666666665,0.0010819048750757118,0.0021638097501514237,0.0018113159975585587,0.31218374056548803,0.6878162594345119,2.0
2018-03-29,2018-04,development,100.0,0.0047995765656741,0.0031214722462742,0.000572859533131907,-0.0002604738002014264,0.0016333333333333332,0.0007999999999999998,0.0007953147669779986,0.0015906295339559971,0.0015247258894608455,0.31218374056548803,0.6878162594345119,2.0
2018-03-29,2018-04,development,150.0,0.0047995765656741,0.0031214722462742,0.000572859533131907,-0.000677140466868093,0.0016333333333333332,0.0003833333333333332,0.0005087246588802853,0.0010174493177605706,0.0012381357813631322,0.31218374056548803,0.6878162594345119,2.0
2018-04-30,2018-05,development,0.0,0.0270092131552693,0.0253569621655547,0.007809035138293162,0.007809035138293162,0.007733333333333335,0.007733333333333335,0.013287212636833894,0.02657442527366779,0.013235143704513983,0.31218374056548803,0.6878162594345119,2.0
2018-04-30,2018-05,development,50.0,0.0270092131552693,0.0253569621655547,0.007809035138293162,0.0073923684716264955,0.007733333333333335,0.007316666666666668,0.01300062252873618,0.02600124505747236,0.01294855359641627,0.31218374056548803,0.6878162594345119,2.0
2018-04-30,2018-05,development,100.0,0.0270092131552693,0.0253569621655547,0.007809035138293162,0.006975701804959829,0.007733333333333335,0.006900000000000002,0.012714032420638467,0.025428064841276934,0.012661963488318558,0.31218374056548803,0.6878162594345119,2.0
2018-04-30,2018-05,development,150.0,0.0270092131552693,0.0253569621655547,0.007809035138293162,0.006559035138293162,0.007733333333333335,0.006483333333333335,0.012427442312540754,0.024854884625081508,0.012375373380220843,0.31218374056548803,0.6878162594345119,2.0
2018-05-31,2018-06,development,0.0,-0.0007733101192028,-0.0024689841374539,-0.002995236640395216,-0.002995236640395216,-0.003866666666666667,-0.003866666666666667,-0.0028309491655450453,-0.0056618983310900905,-0.003430332906573993,0.31218374056548803,0.6878162594345119,2.0
2018-05-31,2018-06,development,50.0,-0.0007733101192028,-0.0024689841374539,-0.002995236640395216,-0.003411903307061883,-0.003866666666666667,-0.0042833333333333334,-0.0031175392736427585,-0.006235078547285517,-0.003716923014671706,0.31218374056548803,0.6878162594345119,2.0
2018-05-31,2018-06,development,100.0,-0.0007733101192028,-0.0024689841374539,-0.002995236640395216,-0.0038285699737285496,-0.003866666666666667,-0.0047,-0.003404129381740472,-0.006808258763480944,-0.00400351312276942,0.31218374056548803,0.6878162594345119,2.0
2018-05-31,2018-06,development,150.0,-0.0007733101192028,-0.0024689841374539,-0.002995236640395216,-0.004245236640395216,-0.003866666666666667,-0.005116666666666667,-0.003690719489838185,-0.00738143897967637,-0.004290103230867133,0.31218374056548803,0.6878162594345119,2.0
2018-06-29,2018-07,development,0.0,0.0201580562615703,0.0184629054605381,0.006353097749277233,0.006353097749277233,0.003616666666666666,0.003616666666666666,0.010133582818107442,0.020267165636214883,0.00825142102666591,0.31218374056548803,0.6878162594345119,2.0
2018-06-29,2018-07,development,50.0,0.0201580562615703,0.0184629054605381,0.006353097749277233,0.005936431082610567,0.003616666666666666,0.0031999999999999993,0.009846992710009727,0.019693985420019454,0.007964830918568196,0.31218374056548803,0.6878162594345119,2.0
2018-06-29,2018-07,development,100.0,0.0201580562615703,0.0184629054605381,0.006353097749277233,0.0055197644159439,0.003616666666666666,0.0027833333333333325,0.009560402601912014,0.019120805203824028,0.007678240810470482,0.31218374056548803,0.6878162594345119,2.0
2018-06-29,2018-07,development,150.0,0.0201580562615703,0.0184629054605381,0.006353097749277233,0.005103097749277233,0.003616666666666666,0.0023666666666666662,0.009273812493814301,0.018547624987628603,0.007391650702372769,0.31218374056548803,0.6878162594345119,2.0
2018-07-31,2018-08,development,0.0,0.0149341718244913,0.0133669055322845,0.007623746790258266,0.007623746790258266,0.004416666666666666,0.004416666666666666,0.009416667569005397,0.018833335138010793,0.007210785714689851,0.31218374056548803,0.6878162594345119,2.0
2018-07-31,2018-08,development,50.0,0.0149341718244913,0.0133669055322845,0.007623746790258266,0.007207080123591599,0.004416666666666666,0.003999999999999999,0.009130077460907684,0.018260154921815368,0.006924195606592137,0.31218374056548803,0.6878162594345119,2.0
2018-07-31,2018-08,development,100.0,0.0149341718244913,0.0133669055322845,0.007623746790258266,0.006790413456924932,0.004416666666666666,0.0035833333333333325,0.00884348735280997,0.01768697470561994,0.006637605498494424,0.31218374056548803,0.6878162594345119,2.0
2018-07-31,2018-08,development,150.0,0.0149341718244913,0.0133669055322845,0.007623746790258266,0.0063737467902582655,0.004416666666666666,0.0031666666666666657,0.008556897244712258,0.017113794489424516,0.006351015390396711,0.31218374056548803,0.6878162594345119,2.0
2018-08-31,2018-09,development,0.0,0.0097263835208104,0.0081815262651518,-0.0016041829789948813,-0.0016041829789948813,-0.003566666666666666,-0.003566666666666666,0.0014507563369291043,0.0029015126738582086,0.00010092814767345042,0.31218374056548803,0.6878162594345119,2.0
2018-08-31,2018-09,development,50.0,0.0097263835208104,0.0081815262651518,-0.0016041829789948813,-0.002020849645661548,-0.003566666666666666,-0.003983333333333333,0.0011641662288313908,0.0023283324576627816,-0.00018566196042426285,0.31218374056548803,0.6878162594345119,2.0
2018-08-31,2018-09,development,100.0,0.0097263835208104,0.0081815262651518,-0.0016041829789948813,-0.0024375163123282148,-0.003566666666666666,-0.004399999999999999,0.0008775761207336775,0.001755152241467355,-0.0004722520685219761,0.31218374056548803,0.6878162594345119,2.0
2018-08-31,2018-09,development,150.0,0.0097263835208104,0.0081815262651518,-0.0016041829789948813,-0.002854182978994881,-0.003566666666666666,-0.004816666666666666,0.0005909860126359647,0.0011819720252719294,-0.0007588421766196894,0.31218374056548803,0.6878162594345119,2.0
2018-09-28,2018-10,development,0.0,0.0184228520622588,0.0169255113389357,-0.013248525578031748,-0.013248525578031748,-0.010116666666666668,-0.010116666666666668,-0.0038286818653317225,-0.007657363730663445,-0.00167453838383995,0.31218374056548803,0.6878162594345119,2.0
2018-09-28,2018-10,development,50.0,0.0184228520622588,0.0169255113389357,-0.013248525578031748,-0.013665192244698414,-0.010116666666666668,-0.010533333333333334,-0.004115271973429435,-0.00823054394685887,-0.001961128491937663,0.31218374056548803,0.6878162594345119,2.0
2018-09-28,2018-10,development,100.0,0.0184228520622588,0.0169255113389357,-0.013248525578031748,-0.014081858911365082,-0.010116666666666668,-0.010950000000000001,-0.004401862081527148,-0.008803724163054296,-0.0022477186000353774,0.31218374056548803,0.6878162594345119,2.0
2018-09-28,2018-10,development,150.0,0.0184228520622588,0.0169255113389357,-0.013248525578031748,-0.014498525578031747,-0.010116666666666668,-0.011366666666666667,-0.004688452189624861,-0.009376904379249722,-0.0025343087081330902,0.31218374056548803,0.6878162594345119,2.0
2018-10-31,2018-11,development,0.0,0.0177561614819204,0.0162064476289654,0.00030318261142809255,0.00030318261142809255,-0.000616666666666667,-0.000616666666666667,0.005267923371807161,0.010535846743614323,0.004635236082104487,0.31218374056548803,0.6878162594345119,2.0
2018-10-31,2018-11,development,50.0,0.0177561614819204,0.0162064476289654,0.00030318261142809255,-0.00011348405523857414,-0.000616666666666667,-0.0010333333333333336,0.004981333263709448,0.009962666527418895,0.0043486459740067745,0.31218374056548803,0.6878162594345119,2.0
2018-10-31,2018-11,development,100.0,0.0177561614819204,0.0162064476289654,0.00030318261142809255,-0.0005301507219052408,-0.000616666666666667,-0.0014500000000000003,0.004694743155611735,0.00938948631122347,0.004062055865909061,0.31218374056548803,0.6878162594345119,2.0
2018-10-31,2018-11,development,150.0,0.0177561614819204,0.0162064476289654,0.00030318261142809255,-0.0009468173885719075,-0.000616666666666667,-0.001866666666666667,0.004408153047514021,0.008816306095028042,0.0037754657578113475,0.31218374056548803,0.6878162594345119,2.0
2018-11-30,2018-12,development,0.0,0.0297249533666318,0.0280827392956304,-0.023496296361150512,-0.023496296361150512,-0.02053333333333333,-0.02053333333333333,-0.00739416007505596,-0.01478832015011192,-0.005356185928419991,0.31218374056548803,0.6878162594345119,2.0
2018-11-30,2018-12,development,50.0,0.0297249533666318,0.0280827392956304,-0.023496296361150512,-0.023912963027817178,-0.02053333333333333,-0.020949999999999996,-0.007680750183153675,-0.01536150036630735,-0.005642776036517704,0.31218374056548803,0.6878162594345119,2.0
2018-11-30,2018-12,development,100.0,0.0297249533666318,0.0280827392956304,-0.023496296361150512,-0.024329629694483844,-0.02053333333333333,-0.021366666666666662,-0.007967340291251386,-0.01593468058250277,-0.005929366144615417,0.31218374056548803,0.6878162594345119,2.0
2018-11-30,2018-12,development,150.0,0.0297249533666318,0.0280827392956304,-0.023496296361150512,-0.024746296361150513,-0.02053333333333333,-0.02178333333333333,-0.0082539303993491,-0.0165078607986982,-0.006215956252713132,0.31218374056548803,0.6878162594345119,2.0
2018-12-31,2019-01,development,0.0,-0.0578436588707555,-0.0596418046162139,0.0024313096622402552,0.0024313096622402552,-0.00016666666666666682,-0.00016666666666666682,-0.016946907341756568,-0.033893814683513136,-0.01873383770240473,0.31218374056548803,0.6878162594345119,2.0
2018-12-31,2019-01,development,50.0,-0.0578436588707555,-0.0596418046162139,0.0024313096622402552,0.0020146429955735885,-0.00016666666666666682,-0.0005833333333333335,-0.017233497449854283,-0.034466994899708565,-0.019020427810502446,0.31218374056548803,0.6878162594345119,2.0
2018-12-31,2019-01,development,100.0,-0.0578436588707555,-0.0596418046162139,0.0024313096622402552,0.0015979763289069217,-0.00016666666666666682,-0.0010000000000000002,-0.017520087557951994,-0.03504017511590399,-0.01930701791860016,0.31218374056548803,0.6878162594345119,2.0
2018-12-31,2019-01,development,150.0,-0.0578436588707555,-0.0596418046162139,0.0024313096622402552,0.0011813096622402552,-0.00016666666666666682,-0.0014166666666666668,-0.01780667766604971,-0.03561335533209942,-0.01959360802669787,0.31218374056548803,0.6878162594345119,2.0
2019-01-31,2019-02,development,0.0,0.0184693067943037,0.0169021291091809,0.005213578539691311,0.005213578539691311,0.003116666666666667,0.003116666666666667,0.008862553978263434,0.01772510795652687,0.0074202638973958086,0.31218374056548803,0.6878162594345119,2.0
2019-01-31,2019-02,development,50.0,0.0184693067943037,0.0169021291091809,0.005213578539691311,0.004796911873024644,0.003116666666666667,0.0027,0.008575963870165721,0.017151927740331443,0.007133673789298095,0.31218374056548803,0.6878162594345119,2.0
2019-01-31,2019-02,development,100.0,0.0184693067943037,0.0169021291091809,0.005213578539691311,0.004380245206357977,0.003116666666666667,0.0022833333333333334,0.008289373762068009,0.016578747524136017,0.006847083681200382,0.31218374056548803,0.6878162594345119,2.0
2019-01-31,2019-02,development,150.0,0.0184693067943037,0.0169021291091809,0.005213578539691311,0.0039635785396913105,0.003116666666666667,0.0018666666666666669,0.008002783653970294,0.016005567307940588,0.006560493573102668,0.31218374056548803,0.6878162594345119,2.0
2019-02-28,2019-03,development,0.0,0.0042766994402287,0.0025032430777529,-0.0031100579616625164,-0.0031100579616625164,-0.007233333333333332,-0.007233333333333332,-0.0013576766462576695,-0.002715353292515339,-0.0041937324890187365,0.31218374056548803,0.6878162594345119,2.0
2019-02-28,2019-03,development,50.0,0.0042766994402287,0.0025032430777529,-0.0031100579616625164,-0.003526724628329183,-0.007233333333333332,-0.007649999999999999,-0.0016442667543553828,-0.0032885335087107655,-0.00448032259711645,0.31218374056548803,0.6878162594345119,2.0
2019-02-28,2019-03,development,100.0,0.0042766994402287,0.0025032430777529,-0.0031100579616625164,-0.00394339129499585,-0.007233333333333332,-0.008066666666666665,-0.001930856862453096,-0.003861713724906192,-0.004766912705214163,0.31218374056548803,0.6878162594345119,2.0
2019-02-28,2019-03,development,150.0,0.0042766994402287,0.0025032430777529,-0.0031100579616625164,-0.004360057961662517,-0.007233333333333332,-0.008483333333333332,-0.0022174469705508095,-0.004434893941101619,-0.005053502813311877,0.31218374056548803,0.6878162594345119,2.0
2019-03-29,2019-04,development,0.0,0.0282397452938178,0.0264813376370791,0.004560636099923983,0.004560636099923983,0.002450000000000001,0.002450000000000001,0.01140392270161271,0.02280784540322542,0.00995219287433555,0.31218374056548803,0.6878162594345119,2.0
2019-03-29,2019-04,development,50.0,0.0282397452938178,0.0264813376370791,0.004560636099923983,0.004143969433257316,0.002450000000000001,0.002033333333333334,0.011117332593514996,0.022234665187029993,0.009665602766237836,0.31218374056548803,0.6878162594345119,2.0
2019-03-29,2019-04,development,100.0,0.0282397452938178,0.0264813376370791,0.004560636099923983,0.0037273027665906495,0.002450000000000001,0.0016166666666666673,0.010830742485417284,0.021661484970834567,0.009379012658140123,0.31218374056548803,0.6878162594345119,2.0
2019-03-29,2019-04,development,150.0,0.0282397452938178,0.0264813376370791,0.004560636099923983,0.0033106360999239828,0.002450000000000001,0.0012000000000000008,0.010544152377319569,0.021088304754639138,0.00909242255004241,0.31218374056548803,0.6878162594345119,2.0
2019-04-30,2019-05,development,0.0,0.0036188511917519,0.0020600660863433,-0.005245086994297397,-0.005245086994297397,-0.0034833333333333335,-0.0034833333333333335,-0.0029645369801794856,-0.005929073960358971,-0.0017527741670501262,0.31218374056548803,0.6878162594345119,2.0
2019-04-30,2019-05,development,50.0,0.0036188511917519,0.0020600660863433,-0.005245086994297397,-0.005661753660964064,-0.0034833333333333335,-0.0039000000000000003,-0.003251127088277199,-0.006502254176554398,-0.0020393642751478395,0.31218374056548803,0.6878162594345119,2.0
2019-04-30,2019-05,development,100.0,0.0036188511917519,0.0020600660863433,-0.005245086994297397,-0.006078420327630731,-0.0034833333333333335,-0.004316666666666667,-0.0035377171963749125,-0.007075434392749825,-0.0023259543832455523,0.31218374056548803,0.6878162594345119,2.0
2019-04-30,2019-05,development,150.0,0.0036188511917519,0.0020600660863433,-0.005245086994297397,-0.006495086994297398,-0.0034833333333333335,-0.004733333333333333,-0.0038243073044726254,-0.007648614608945251,-0.0026125444913432656,0.31218374056548803,0.6878162594345119,2.0
2019-05-31,2019-06,development,0.0,0.0112474532880109,0.0096879987101013,0.010832507422433045,0.010832507422433045,0.006966666666666667,0.006966666666666667,0.01047521041150753,0.02095042082301506,0.007816222283306813,0.31218374056548803,0.6878162594345119,2.0
2019-05-31,2019-06,development,50.0,0.0112474532880109,0.0096879987101013,0.010832507422433045,0.01041584075576638,0.006966666666666667,0.00655,0.010188620303409817,0.020377240606819634,0.0075296321752091,0.31218374056548803,0.6878162594345119,2.0
2019-05-31,2019-06,development,100.0,0.0112474532880109,0.0096879987101013,0.010832507422433045,0.009999174089099712,0.006966666666666667,0.0061333333333333335,0.009902030195312102,0.019804060390624205,0.007243042067111386,0.31218374056548803,0.6878162594345119,2.0
2019-05-31,2019-06,development,150.0,0.0112474532880109,0.0096879987101013,0.010832507422433045,0.009582507422433046,0.006966666666666667,0.005716666666666667,0.00961544008721439,0.01923088017442878,0.006956451959013673,0.31218374056548803,0.6878162594345119,2.0
2019-06-28,2019-07,development,0.0,0.0049124987617886,0.0032140093074504,0.006544851237886911,0.006544851237886911,0.005116666666666666,0.005116666666666666,0.005505016544810869,0.011010033089621738,0.004522687975252078,0.31218374056548803,0.6878162594345119,2.0
2019-06-28,2019-07,development,50.0,0.0049124987617886,0.0032140093074504,0.006544851237886911,0.006128184571220244,0.005116666666666666,0.004699999999999999,0.005218426436713155,0.01043685287342631,0.004236097867154365,0.31218374056548803,0.6878162594345119,2.0
2019-06-28,2019-07,development,100.0,0.0049124987617886,0.0032140093074504,0.006544851237886911,0.005711517904553577,0.005116666666666666,0.004283333333333333,0.004931836328615442,0.009863672657230885,0.003949507759056651,0.31218374056548803,0.6878162594345119,2.0
2019-06-28,2019-07,development,150.0,0.0049124987617886,0.0032140093074504,0.006544851237886911,0.00529485123788691,0.005116666666666666,0.003866666666666666,0.004645246220517729,0.009290492441035457,0.0036629176509589377,0.31218374056548803,0.6878162594345119,2.0
2019-07-31,2019-08,development,0.0,0.055406313023209,0.0538139353512048,-0.00282333518766374,-0.00282333518766374,-0.0052999999999999966,-0.0052999999999999966,0.014857899784579754,0.02971579956915951,0.013154409457485554,0.31218374056548803,0.6878162594345119,2.0
2019-07-31,2019-08,development,50.0,0.055406313023209,0.0538139353512048,-0.00282333518766374,-0.003240001854330407,-0.0052999999999999966,-0.005716666666666663,0.014571309676482042,0.029142619352964083,0.01286781934938784,0.31218374056548803,0.6878162594345119,2.0
2019-07-31,2019-08,development,100.0,0.055406313023209,0.0538139353512048,-0.00282333518766374,-0.0036566685209970737,-0.0052999999999999966,-0.00613333333333333,0.014284719568384327,0.028569439136768654,0.012581229241290126,0.31218374056548803,0.6878162594345119,2.0
2019-07-31,2019-08,development,150.0,0.055406313023209,0.0538139353512048,-0.00282333518766374,-0.00407333518766374,-0.0052999999999999966,-0.006549999999999997,0.013998129460286614,0.02799625892057323,0.012294639133192413,0.31218374056548803,0.6878162594345119,2.0
2019-08-30,2019-09,development,0.0,-0.0455584473429246,-0.0471658283960909,0.00974891977934317,0.00974891977934317,0.011549999999999998,0.011549999999999998,-0.008018939199406626,-0.01603787839881325,-0.0067801269390929605,0.31218374056548803,0.6878162594345119,2.0
2019-08-30,2019-09,development,50.0,-0.0455584473429246,-0.0471658283960909,0.00974891977934317,0.009332253112676504,0.011549999999999998,0.011133333333333332,-0.008305529307504339,-0.016611058615008677,-0.007066717047190674,0.31218374056548803,0.6878162594345119,2.0
2019-08-30,2019-09,development,100.0,-0.0455584473429246,-0.0471658283960909,0.00974891977934317,0.008915586446009836,0.011549999999999998,0.010716666666666664,-0.008592119415602052,-0.017184238831204103,-0.007353307155288388,0.31218374056548803,0.6878162594345119,2.0
2019-08-30,2019-09,development,150.0,-0.0455584473429246,-0.0471658283960909,0.00974891977934317,0.00849891977934317,0.011549999999999998,0.010299999999999998,-0.008878709523699766,-0.017757419047399532,-0.007639897263386101,0.31218374056548803,0.6878162594345119,2.0
2019-09-30,2019-10,development,0.0,0.0037305780631437,0.0020939480531252,0.0017059371098499816,0.0017059371098499816,-0.00011666666666666668,-0.00011666666666666668,0.0018270678175019825,0.003654135635003965,0.0005734513055070864,0.31218374056548803,0.6878162594345119,2.0
2019-09-30,2019-10,development,50.0,0.0037305780631437,0.0020939480531252,0.0017059371098499816,0.0012892704431833148,-0.00011666666666666668,-0.0005333333333333334,0.001540477709404269,0.003080955418808538,0.0002868611974093731,0.31218374056548803,0.6878162594345119,2.0
2019-09-30,2019-10,development,100.0,0.0037305780631437,0.0020939480531252,0.0017059371098499816,0.0008726037765166482,-0.00011666666666666668,-0.0009500000000000001,0.0012538876013065557,0.0025077752026131115,2.710893116597774e-07,0.31218374056548803,0.6878162594345119,2.0
2019-09-30,2019-10,development,150.0,0.0037305780631437,0.0020939480531252,0.0017059371098499816,0.00045593710984998155,-0.00011666666666666668,-0.0013666666666666666,0.0009672974932088426,0.0019345949864176851,-0.0002863190187860534,0.31218374056548803,0.6878162594345119,2.0
2019-10-31,2019-11,development,0.0,-0.0313279998115752,-0.032986243924829,-0.003149149918402681,-0.003149149918402681,-0.005216666666666668,-0.005216666666666668,-0.012463805532932951,-0.024927611065865902,-0.013885877169042092,0.31218374056548803,0.6878162594345119,2.0
2019-10-31,2019-11,development,50.0,-0.0313279998115752,-0.032986243924829,-0.003149149918402681,-0.003565816585069348,-0.005216666666666668,-0.005633333333333335,-0.012750395641030664,-0.025500791282061328,-0.014172467277139805,0.31218374056548803,0.6878162594345119,2.0
2019-10-31,2019-11,development,100.0,-0.0313279998115752,-0.032986243924829,-0.003149149918402681,-0.003982483251736014,-0.005216666666666668,-0.0060500000000000016,-0.013036985749128378,-0.026073971498256757,-0.01445905738523752,0.31218374056548803,0.6878162594345119,2.0
2019-10-31,2019-11,development,150.0,-0.0313279998115752,-0.032986243924829,-0.003149149918402681,-0.004399149918402681,-0.005216666666666668,-0.006466666666666668,-0.013323575857226091,-0.026647151714452182,-0.014745647493335231,0.31218374056548803,0.6878162594345119,2.0
2019-11-29,2019-12,development,0.0,-0.019917715014628,-0.0216159210016139,0.00771882151759434,0.00771882151759434,0.0074666666666666675,0.0074666666666666675,-0.0014390081305775569,-0.0028780162611551138,-0.0016124443369408955,0.31218374056548803,0.6878162594345119,2.0
2019-11-29,2019-12,development,50.0,-0.019917715014628,-0.0216159210016139,0.00771882151759434,0.007302154850927673,0.0074666666666666675,0.007050000000000001,-0.0017255982386752697,-0.0034511964773505394,-0.0018990344450386084,0.31218374056548803,0.6878162594345119,2.0
2019-11-29,2019-12,development,100.0,-0.019917715014628,-0.0216159210016139,0.00771882151759434,0.006885488184261006,0.0074666666666666675,0.006633333333333334,-0.0020121883467729834,-0.004024376693545967,-0.002185624553136322,0.31218374056548803,0.6878162594345119,2.0
2019-11-29,2019-12,development,150.0,-0.019917715014628,-0.0216159210016139,0.00771882151759434,0.006468821517594339,0.0074666666666666675,0.006216666666666667,-0.002298778454870697,-0.004597556909741394,-0.002472214661234035,0.31218374056548803,0.6878162594345119,2.0
2019-12-31,2020-01,development,0.0,0.0149057857125193,0.0131441753277635,-0.009068715592423044,-0.009068715592423044,-0.0134,-0.0134,-0.002134212216186042,-0.004268424432372084,-0.005113340055952651,0.31218374056548803,0.6878162594345119,2.0
2019-12-31,2020-01,development,50.0,0.0149057857125193,0.0131441753277635,-0.009068715592423044,-0.00948538225908971,-0.0134,-0.013816666666666666,-0.002420802324283755,-0.00484160464856751,-0.005399930164050363,0.31218374056548803,0.6878162594345119,2.0
2019-12-31,2020-01,development,100.0,0.0149057857125193,0.0131441753277635,-0.009068715592423044,-0.009902048925756378,-0.0134,-0.014233333333333334,-0.0027073924323814686,-0.005414784864762937,-0.005686520272148076,0.31218374056548803,0.6878162594345119,2.0
2019-12-31,2020-01,development,150.0,0.0149057857125193,0.0131441753277635,-0.009068715592423044,-0.010318715592423044,-0.0134,-0.01465,-0.0029939825404791814,-0.005987965080958363,-0.005973110380245789,0.31218374056548803,0.6878162594345119,2.0
2020-01-31,2020-02,embargo,0.0,-0.0133122697177792,-0.0149579549827471,-0.030133055375776055,-0.030133055375776055,-0.02681666666666667,-0.02681666666666667,-0.025395635771623463,-0.050791271543246926,-0.023114569694893,0.31218374056548803,0.6878162594345119,2.0
2020-01-31,2020-02,embargo,50.0,-0.0133122697177792,-0.0149579549827471,-0.030133055375776055,-0.03054972204244272,-0.02681666666666667,-0.027233333333333335,-0.025682225879721177,-0.051364451759442355,-0.02340115980299071,0.31218374056548803,0.6878162594345119,2.0
2020-01-31,2020-02,embargo,100.0,-0.0133122697177792,-0.0149579549827471,-0.030133055375776055,-0.030966388709109387,-0.02681666666666667,-0.02765,-0.02596881598781889,-0.05193763197563778,-0.02368774991108842,0.31218374056548803,0.6878162594345119,2.0
2020-01-31,2020-02,embargo,150.0,-0.0133122697177792,-0.0149579549827471,-0.030133055375776055,-0.031383055375776056,-0.02681666666666667,-0.02806666666666667,-0.026255406095916606,-0.05251081219183321,-0.02397434001918614,0.31218374056548803,0.6878162594345119,2.0
2020-02-28,2020-03,embargo,0.0,0.0275426198506976,0.0258389232907876,-0.04404738245850866,-0.04404738245850866,-0.04596666666666666,-0.04596666666666666,-0.022230014115389975,-0.04446002823077995,-0.023550129000236942,0.31218374056548803,0.6878162594345119,2.0
2020-02-28,2020-03,embargo,50.0,0.0275426198506976,0.0258389232907876,-0.04404738245850866,-0.04446404912517533,-0.04596666666666666,-0.04638333333333333,-0.02251660422348769,-0.04503320844697538,-0.023836719108334656,0.31218374056548803,0.6878162594345119,2.0
2020-02-28,2020-03,embargo,100.0,0.0275426198506976,0.0258389232907876,-0.04404738245850866,-0.04488071579184199,-0.04596666666666666,-0.046799999999999994,-0.0228031943315854,-0.0456063886631708,-0.02412330921643237,0.31218374056548803,0.6878162594345119,2.0
2020-02-28,2020-03,embargo,150.0,0.0275426198506976,0.0258389232907876,-0.04404738245850866,-0.04529738245850866,-0.04596666666666666,-0.047216666666666664,-0.023089784439683115,-0.04617956887936623,-0.024409899324530086,0.31218374056548803,0.6878162594345119,2.0
2020-03-31,2020-04,embargo,0.0,-0.0073487447383807,-0.0095463707876858,0.025228731234253225,0.025228731234253225,0.01828333333333334,0.01828333333333334,0.014372509806497832,0.028745019612995665,0.009595352202002805,0.31218374056548803,0.6878162594345119,2.0
2020-03-31,2020-04,embargo,50.0,-0.0073487447383807,-0.0095463707876858,0.025228731234253225,0.02481206456758656,0.01828333333333334,0.017866666666666673,0.014085919698400118,0.028171839396800236,0.009308762093905092,0.31218374056548803,0.6878162594345119,2.0
2020-03-31,2020-04,embargo,100.0,-0.0073487447383807,-0.0095463707876858,0.025228731234253225,0.024395397900919893,0.01828333333333334,0.017450000000000007,0.013799329590302407,0.027598659180604813,0.00902217198580738,0.31218374056548803,0.6878162594345119,2.0
2020-03-31,2020-04,embargo,150.0,-0.0073487447383807,-0.0095463707876858,0.025228731234253225,0.023978731234253224,0.01828333333333334,0.017033333333333338,0.013512739482204692,0.027025478964409384,0.008735581877709665,0.31218374056548803,0.6878162594345119,2.0
2020-04-30,2020-05,embargo,0.0,0.002781379701247,0.0011052051928753,0.004976752906824097,0.004976752906824097,0.0007666666666666652,0.0007666666666666652,0.003768118659705797,0.007536237319411594,0.0008723528901040042,0.31218374056548803,0.6878162594345119,2.0
2020-04-30,2020-05,embargo,50.0,0.002781379701247,0.0011052051928753,0.004976752906824097,0.00456008624015743,0.0007666666666666652,0.0003499999999999985,0.0034815285516080837,0.006963057103216167,0.000585762782006291,0.31218374056548803,0.6878162594345119,2.0
2020-04-30,2020-05,embargo,100.0,0.002781379701247,0.0011052051928753,0.004976752906824097,0.004143419573490763,0.0007666666666666652,-6.666666666666821e-05,0.0031949384435103704,0.006389876887020741,0.00029917267390857765,0.31218374056548803,0.6878162594345119,2.0
2020-04-30,2020-05,embargo,150.0,0.002781379701247,0.0011052051928753,0.004976752906824097,0.0037267529068240966,0.0007666666666666652,-0.00048333333333333485,0.002908348335412657,0.005816696670825314,1.2582565810864384e-05,0.31218374056548803,0.6878162594345119,2.0
2020-05-29,2020-06,embargo,0.0,-0.0131562199507157,-0.0153527135330143,0.004593609078742046,0.004593609078742046,0.0034000000000000002,0.0034000000000000002,-0.0016333085247220254,-0.0032666170494440507,-0.0024542922564894532,0.31218374056548803,0.6878162594345119,2.0
2020-05-29,2020-06,embargo,50.0,-0.0131562199507157,-0.0153527135330143,0.004593609078742046,0.004176942412075379,0.0034000000000000002,0.0029833333333333335,-0.001919898632819739,-0.003839797265639478,-0.0027408823645871665,0.31218374056548803,0.6878162594345119,2.0
2020-05-29,2020-06,embargo,100.0,-0.0131562199507157,-0.0153527135330143,0.004593609078742046,0.0037602757454087126,0.0034000000000000002,0.0025666666666666667,-0.0022064887409174523,-0.004412977481834905,-0.0030274724726848798,0.31218374056548803,0.6878162594345119,2.0
2020-05-29,2020-06,embargo,150.0,-0.0131562199507157,-0.0153527135330143,0.004593609078742046,0.003343609078742046,0.0034000000000000002,0.00215,-0.0024930788490151656,-0.004986157698030331,-0.0033140625807825935,0.31218374056548803,0.6878162594345119,2.0
2020-06-30,2020-07,embargo,0.0,0.0132577413218295,0.0114886199922994,0.022691886194371583,0.022691886194371583,0.017066666666666664,0.017066666666666664,0.019194408644857778,0.038388817289715556,0.015325291190813809,0.31218374056548803,0.6878162594345119,2.0
2020-06-30,2020-07,embargo,50.0,0.0132577413218295,0.0114886199922994,0.022691886194371583,0.022275219527704917,0.017066666666666664,0.016649999999999998,0.018907818536760063,0.03781563707352013,0.015038701082716096,0.31218374056548803,0.6878162594345119,2.0
2020-06-30,2020-07,embargo,100.0,0.0132577413218295,0.0114886199922994,0.022691886194371583,0.02185855286103825,0.017066666666666664,0.016233333333333332,0.018621228428662352,0.037242456857324704,0.014752110974618383,0.31218374056548803,0.6878162594345119,2.0
2020-06-30,2020-07,embargo,150.0,0.0132577413218295,0.0114886199922994,0.022691886194371583,0.02144188619437158,0.017066666666666664,0.015816666666666663,0.018334638320564638,0.036669276641129275,0.014465520866520669,0.31218374056548803,0.6878162594345119,2.0
2020-07-31,2020-08,embargo,0.0,0.0292161199239458,0.0276535670091646,0.018223205353521257,0.018223205353521257,0.011499999999999998,0.011499999999999998,0.021167210930065343,0.042334421860130686,0.016542880972396264,0.31218374056548803,0.6878162594345119,2.0
2020-07-31,2020-08,embargo,50.0,0.0292161199239458,0.0276535670091646,0.018223205353521257,0.01780653868685459,0.011499999999999998,0.011083333333333332,0.02088062082196763,0.04176124164393526,0.016256290864298552,0.31218374056548803,0.6878162594345119,2.0
2020-07-31,2020-08,embargo,100.0,0.0292161199239458,0.0276535670091646,0.018223205353521257,0.017389872020187925,0.011499999999999998,0.010666666666666665,0.020594030713869917,0.041188061427739835,0.01596970075620084,0.31218374056548803,0.6878162594345119,2.0
2020-07-31,2020-08,embargo,150.0,0.0292161199239458,0.0276535670091646,0.018223205353521257,0.016973205353521256,0.011499999999999998,0.010249999999999999,0.020307440605772203,0.040614881211544406,0.015683110648103127,0.31218374056548803,0.6878162594345119,2.0
2020-08-31,2020-09,embargo,0.0,-0.0430071788693226,-0.0447568929642772,-0.011932100052723254,-0.011932100052723254,-0.010833333333333334,-0.010833333333333334,-0.02217946668713968,-0.04435893337427936,-0.021423717072217775,0.31218374056548803,0.6878162594345119,2.0
2020-08-31,2020-09,embargo,50.0,-0.0430071788693226,-0.0447568929642772,-0.011932100052723254,-0.01234876671938992,-0.010833333333333334,-0.01125,-0.022466056795237395,-0.04493211359047479,-0.021710307180315486,0.31218374056548803,0.6878162594345119,2.0
2020-08-31,2020-09,embargo,100.0,-0.0430071788693226,-0.0447568929642772,-0.011932100052723254,-0.012765433386056587,-0.010833333333333334,-0.011666666666666667,-0.022752646903335106,-0.04550529380667021,-0.0219968972884132,0.31218374056548803,0.6878162594345119,2.0
2020-08-31,2020-09,embargo,150.0,-0.0430071788693226,-0.0447568929642772,-0.011932100052723254,-0.013182100052723253,-0.010833333333333334,-0.012083333333333333,-0.023039237011432817,-0.046078474022865634,-0.022283487396510912,0.31218374056548803,0.6878162594345119,2.0
2020-09-30,2020-10,embargo,0.0,-0.038345374830799,-0.0403300607631854,-0.0012375684652505157,-0.0012375684652505157,0.004000000000000001,0.004000000000000001,-0.013441608938847358,-0.026883217877694716,-0.009839124188546591,0.31218374056548803,0.6878162594345119,2.0
2020-09-30,2020-10,embargo,50.0,-0.038345374830799,-0.0403300607631854,-0.0012375684652505157,-0.0016542351319171825,0.004000000000000001,0.003583333333333334,-0.013728199046945071,-0.027456398093890142,-0.010125714296644304,0.31218374056548803,0.6878162594345119,2.0
2020-09-30,2020-10,embargo,100.0,-0.038345374830799,-0.0403300607631854,-0.0012375684652505157,-0.002070901798583849,0.004000000000000001,0.0031666666666666675,-0.014014789155042786,-0.02802957831008557,-0.010412304404742018,0.31218374056548803,0.6878162594345119,2.0
2020-09-30,2020-10,embargo,150.0,-0.038345374830799,-0.0403300607631854,-0.0012375684652505157,-0.002487568465250516,0.004000000000000001,0.0027500000000000007,-0.014301379263140498,-0.028602758526280997,-0.010698894512839731,0.31218374056548803,0.6878162594345119,2.0
2020-10-30,2020-11,embargo,0.0,-0.0311094006002537,-0.0328587859758212,0.014739298613144703,0.014739298613144703,0.013466666666666668,0.013466666666666668,-0.0001200494775911859,-0.0002400989551823718,-0.0009953864226545685,0.31218374056548803,0.6878162594345119,2.0
2020-10-30,2020-11,embargo,50.0,-0.0311094006002537,-0.0328587859758212,0.014739298613144703,0.014322631946478037,0.013466666666666668,0.013050000000000003,-0.00040663958568889873,-0.0008132791713777975,-0.0012819765307522813,0.31218374056548803,0.6878162594345119,2.0
2020-10-30,2020-11,embargo,100.0,-0.0311094006002537,-0.0328587859758212,0.014739298613144703,0.01390596527981137,0.013466666666666668,0.012633333333333335,-0.0006932296937866116,-0.0013864593875732231,-0.0015685666388499959,0.31218374056548803,0.6878162594345119,2.0
2020-10-30,2020-11,embargo,150.0,-0.0311094006002537,-0.0328587859758212,0.014739298613144703,0.013489298613144704,0.013466666666666668,0.012216666666666669,-0.0009798198018843244,-0.001959639603768649,-0.0018551567469477087,0.31218374056548803,0.6878162594345119,2.0
2020-11-30,2020-12,embargo,0.0,0.0658289128289812,0.0640639002652199,0.006134791807223797,0.006134791807223797,0.005966666666666666,0.005966666666666666,0.024219317573264867,0.048438635146529734,0.02410367836796996,0.31218374056548803,0.6878162594345119,2.0
2020-11-30,2020-12,embargo,50.0,0.0658289128289812,0.0640639002652199,0.006134791807223797,0.00571812514055713,0.005966666666666666,0.005549999999999999,0.023932727465167156,0.04786545493033431,0.023817088259872245,0.31218374056548803,0.6878162594345119,2.0
2020-11-30,2020-12,embargo,100.0,0.0658289128289812,0.0640639002652199,0.006134791807223797,0.0053014584738904635,0.005966666666666666,0.005133333333333333,0.02364613735706944,0.04729227471413888,0.023530498151774534,0.31218374056548803,0.6878162594345119,2.0
2020-11-30,2020-12,embargo,150.0,0.0658289128289812,0.0640639002652199,0.006134791807223797,0.004884791807223797,0.005966666666666666,0.004716666666666666,0.023359547248971727,0.04671909449794345,0.02324390804367682,0.31218374056548803,0.6878162594345119,2.0
2020-12-31,2021-01,embargo,0.0,-0.0272631592279686,-0.0291632610193734,0.02082897316267722,0.02082897316267722,0.025966666666666666,0.025966666666666666,0.005222210496498804,0.010444420992997607,0.008755999624533814,0.31218374056548803,0.6878162594345119,2.0
2020-12-31,2021-01,embargo,50.0,-0.0272631592279686,-0.0291632610193734,0.02082897316267722,0.020412306496010554,0.025966666666666666,0.02555,0.004935620388401091,0.009871240776802181,0.008469409516436103,0.31218374056548803,0.6878162594345119,2.0
2020-12-31,2021-01,embargo,100.0,-0.0272631592279686,-0.0291632610193734,0.02082897316267722,0.019995639829343888,0.025966666666666666,0.025133333333333334,0.004649030280303378,0.009298060560606756,0.008182819408338388,0.31218374056548803,0.6878162594345119,2.0
2020-12-31,2021-01,embargo,150.0,-0.0272631592279686,-0.0291632610193734,0.02082897316267722,0.01957897316267722,0.025966666666666666,0.024716666666666665,0.004362440172205662,0.008724880344411323,0.007896229300240674,0.31218374056548803,0.6878162594345119,2.0
2021-01-29,2021-02,temporal_assessment,0.0,0.0184939108456151,0.0166962583225292,0.0044626215273614895,0.0044626215273614895,0.008100000000000001,0.008100000000000001,0.008281764022796534,0.01656352804559307,0.010783612077994373,0.31218374056548803,0.6878162594345119,2.0
2021-01-29,2021-02,temporal_assessment,50.0,0.0184939108456151,0.0166962583225292,0.0044626215273614895,0.004045954860694823,0.008100000000000001,0.0076833333333333345,0.007995173914698821,0.015990347829397643,0.01049702196989666,0.31218374056548803,0.6878162594345119,2.0
2021-01-29,2021-02,temporal_assessment,100.0,0.0184939108456151,0.0166962583225292,0.0044626215273614895,0.003629288194028156,0.008100000000000001,0.007266666666666668,0.007708583806601108,0.015417167613202215,0.010210431861798947,0.31218374056548803,0.6878162594345119,2.0
2021-01-29,2021-02,temporal_assessment,150.0,0.0184939108456151,0.0166962583225292,0.0044626215273614895,0.0032126215273614893,0.008100000000000001,0.006850000000000001,0.007421993698503394,0.014843987397006788,0.009923841753701233,0.31218374056548803,0.6878162594345119,2.0
2021-02-26,2021-03,temporal_assessment,0.0,0.0346077149402555,0.0326155059243539,0.023030589477891748,0.023030589477891748,0.022400000000000003,0.022400000000000003,0.026022844547155963,0.052045689094311925,0.025589114851233705,0.31218374056548803,0.6878162594345119,2.0
2021-02-26,2021-03,temporal_assessment,50.0,0.0346077149402555,0.0326155059243539,0.023030589477891748,0.022613922811225082,0.022400000000000003,0.021983333333333337,0.02573625443905825,0.0514725088781165,0.02530252474313599,0.31218374056548803,0.6878162594345119,2.0
2021-02-26,2021-03,temporal_assessment,100.0,0.0346077149402555,0.0326155059243539,0.023030589477891748,0.022197256144558416,0.022400000000000003,0.02156666666666667,0.02544966433096054,0.05089932866192108,0.02501593463503828,0.31218374056548803,0.6878162594345119,2.0
2021-02-26,2021-03,temporal_assessment,150.0,0.0346077149402555,0.0326155059243539,0.023030589477891748,0.021780589477891747,0.022400000000000003,0.021150000000000002,0.025163074222862826,0.05032614844572565,0.02472934452694056,0.31218374056548803,0.6878162594345119,2.0
2021-03-31,2021-04,temporal_assessment,0.0,0.0217809062597385,0.0197840228241334,0.008072323104449393,0.008072323104449393,0.002883333333333333,0.002883333333333333,0.011728525331320122,0.023457050662640245,0.008159453796707131,0.31218374056548803,0.6878162594345119,2.0
2021-03-31,2021-04,temporal_assessment,50.0,0.0217809062597385,0.0197840228241334,0.008072323104449393,0.007655656437782726,0.002883333333333333,0.002466666666666666,0.01144193522322241,0.02288387044644482,0.007872863688609417,0.31218374056548803,0.6878162594345119,2.0
2021-03-31,2021-04,temporal_assessment,100.0,0.0217809062597385,0.0197840228241334,0.008072323104449393,0.007238989771116059,0.002883333333333333,0.0020499999999999993,0.011155345115124695,0.02231069023024939,0.007586273580511704,0.31218374056548803,0.6878162594345119,2.0
2021-03-31,2021-04,temporal_assessment,150.0,0.0217809062597385,0.0197840228241334,0.008072323104449393,0.006822323104449393,0.002883333333333333,0.0016333333333333328,0.010868755007026982,0.021737510014053964,0.00729968347241399,0.31218374056548803,0.6878162594345119,2.0
2021-04-30,2021-05,temporal_assessment,0.0,0.0228502488332806,0.0209980754353851,0.021734755645016042,0.021734755645016042,0.024183333333333334,0.024183333333333334,0.021504776061572882,0.043009552123145764,0.02318894760808609,0.31218374056548803,0.6878162594345119,2.0
2021-04-30,2021-05,temporal_assessment,50.0,0.0228502488332806,0.0209980754353851,0.021734755645016042,0.021318088978349376,0.024183333333333334,0.02376666666666667,0.02121818595347517,0.04243637190695034,0.022902357499988375,0.31218374056548803,0.6878162594345119,2.0
2021-04-30,2021-05,temporal_assessment,100.0,0.0228502488332806,0.0209980754353851,0.021734755645016042,0.02090142231168271,0.024183333333333334,0.023350000000000003,0.02093159584537746,0.04186319169075492,0.02261576739189066,0.31218374056548803,0.6878162594345119,2.0
2021-04-30,2021-05,temporal_assessment,150.0,0.0228502488332806,0.0209980754353851,0.021734755645016042,0.02048475564501604,0.024183333333333334,0.022933333333333333,0.020645005737279745,0.04129001147455949,0.022329177283792946,0.31218374056548803,0.6878162594345119,2.0
2021-05-28,2021-06,temporal_assessment,0.0,-0.0132738984286032,-0.0151004471473753,-0.006618597958501966,-0.006618597958501966,-0.010716666666666668,-0.010716666666666668,-0.009266493365196794,-0.018532986730393587,-0.012085211654952261,0.31218374056548803,0.6878162594345119,2.0
2021-05-28,2021-06,temporal_assessment,50.0,-0.0132738984286032,-0.0151004471473753,-0.006618597958501966,-0.007035264625168632,-0.010716666666666668,-0.011133333333333334,-0.009553083473294506,-0.019106166946589013,-0.012371801763049974,0.31218374056548803,0.6878162594345119,2.0
2021-05-28,2021-06,temporal_assessment,100.0,-0.0132738984286032,-0.0151004471473753,-0.006618597958501966,-0.007451931291835299,-0.010716666666666668,-0.011550000000000001,-0.00983967358139222,-0.01967934716278444,-0.012658391871147687,0.31218374056548803,0.6878162594345119,2.0
2021-05-28,2021-06,temporal_assessment,150.0,-0.0132738984286032,-0.0151004471473753,-0.006618597958501966,-0.007868597958501965,-0.010716666666666668,-0.011966666666666667,-0.010126263689489934,-0.020252527378979868,-0.012944981979245401,0.31218374056548803,0.6878162594345119,2.0
2021-06-30,2021-07,temporal_assessment,0.0,0.0291509055896601,0.0275448089666683,0.0010433100414414774,0.0010433100414414774,-0.003766666666666666,-0.003766666666666666,0.009316647106511049,0.018633294213022098,0.006008266919172979,0.31218374056548803,0.6878162594345119,2.0
2021-06-30,2021-07,temporal_assessment,50.0,0.0291509055896601,0.0275448089666683,0.0010433100414414774,0.0006266433747748107,-0.003766666666666666,-0.004183333333333332,0.009030056998413336,0.018060113996826672,0.005721676811075266,0.31218374056548803,0.6878162594345119,2.0
2021-06-30,2021-07,temporal_assessment,100.0,0.0291509055896601,0.0275448089666683,0.0010433100414414774,0.00020997670810814402,-0.003766666666666666,-0.004599999999999999,0.008743466890315622,0.017486933780631243,0.0054350867029775525,0.31218374056548803,0.6878162594345119,2.0
2021-06-30,2021-07,temporal_assessment,150.0,0.0291509055896601,0.0275448089666683,0.0010433100414414774,-0.00020668995855852262,-0.003766666666666666,-0.005016666666666666,0.008456876782217909,0.016913753564435818,0.005148496594879839,0.31218374056548803,0.6878162594345119,2.0
2021-07-30,2021-08,temporal_assessment,0.0,0.0229166547247056,0.021282981702077,0.0065493222789942095,0.0065493222789942095,0.004516666666666666,0.004516666666666666,0.011148931189910144,0.022297862379820288,0.009750837609920448,0.31218374056548803,0.6878162594345119,2.0
2021-07-30,2021-08,temporal_assessment,50.0,0.0229166547247056,0.021282981702077,0.0065493222789942095,0.006132655612327543,0.004516666666666666,0.0040999999999999995,0.010862341081812433,0.021724682163624866,0.009464247501822735,0.31218374056548803,0.6878162594345119,2.0
2021-07-30,2021-08,temporal_assessment,100.0,0.0229166547247056,0.021282981702077,0.0065493222789942095,0.005715988945660876,0.004516666666666666,0.0036833333333333327,0.010575750973714718,0.021151501947429437,0.00917765739372502,0.31218374056548803,0.6878162594345119,2.0
2021-07-30,2021-08,temporal_assessment,150.0,0.0229166547247056,0.021282981702077,0.0065493222789942095,0.005299322278994209,0.004516666666666666,0.003266666666666666,0.010289160865617005,0.02057832173123401,0.008891067285627307,0.31218374056548803,0.6878162594345119,2.0
2021-08-31,2021-09,temporal_assessment,0.0,0.0180415489130477,0.0163176756612528,0.00037927390567521306,0.00037927390567521306,0.005583333333333335,0.005583333333333335,0.005354983784366965,0.01070996756873393,0.008934420473773682,0.31218374056548803,0.6878162594345119,2.0
2021-08-31,2021-09,temporal_assessment,50.0,0.0180415489130477,0.0163176756612528,0.00037927390567521306,-3.739276099145363e-05,0.005583333333333335,0.005166666666666668,0.005068393676269252,0.010136787352538505,0.008647830365675967,0.31218374056548803,0.6878162594345119,2.0
2021-08-31,2021-09,temporal_assessment,100.0,0.0180415489130477,0.0163176756612528,0.00037927390567521306,-0.0004540594276581203,0.005583333333333335,0.004750000000000002,0.004781803568171539,0.009563607136343077,0.008361240257578255,0.31218374056548803,0.6878162594345119,2.0
2021-08-31,2021-09,temporal_assessment,150.0,0.0180415489130477,0.0163176756612528,0.00037927390567521306,-0.000870726094324787,0.005583333333333335,0.004333333333333335,0.004495213460073826,0.008990426920147652,0.008074650149480542,0.31218374056548803,0.6878162594345119,2.0
2021-09-30,2021-10,temporal_assessment,0.0,0.0315060490993644,0.0297407948538849,0.017079510447083453,0.017079510447083453,0.011483333333333337,0.011483333333333337,0.021032157573562214,0.04206431514712443,0.017183015964049586,0.31218374056548803,0.6878162594345119,2.0
2021-09-30,2021-10,temporal_assessment,50.0,0.0315060490993644,0.0297407948538849,0.017079510447083453,0.016662843780416787,0.011483333333333337,0.01106666666666667,0.0207455674654645,0.041491134930929,0.01689642585595187,0.31218374056548803,0.6878162594345119,2.0
2021-09-30,2021-10,temporal_assessment,100.0,0.0315060490993644,0.0297407948538849,0.017079510447083453,0.01624617711375012,0.011483333333333337,0.010650000000000003,0.020458977357366785,0.04091795471473357,0.016609835747854157,0.31218374056548803,0.6878162594345119,2.0
2021-09-30,2021-10,temporal_assessment,150.0,0.0315060490993644,0.0297407948538849,0.017079510447083453,0.01582951044708345,0.011483333333333337,0.010233333333333337,0.02017238724926907,0.04034477449853814,0.016323245639756446,0.31218374056548803,0.6878162594345119,2.0
2021-10-29,2021-11,temporal_assessment,0.0,0.0092648741549241,0.0076250110408678,0.012345632674622575,0.012345632674622575,0.01035,0.01035,0.010871931355202643,0.021743862710405286,0.009499302753738453,0.31218374056548803,0.6878162594345119,2.0
2021-10-29,2021-11,temporal_assessment,50.0,0.0092648741549241,0.0076250110408678,0.012345632674622575,0.01192896600795591,0.01035,0.009933333333333334,0.01058534124710493,0.02117068249420986,0.00921271264564074,0.31218374056548803,0.6878162594345119,2.0
2021-10-29,2021-11,temporal_assessment,100.0,0.0092648741549241,0.0076250110408678,0.012345632674622575,0.011512299341289242,0.01035,0.009516666666666666,0.010298751139007216,0.02059750227801443,0.008926122537543026,0.31218374056548803,0.6878162594345119,2.0
2021-10-29,2021-11,temporal_assessment,150.0,0.0092648741549241,0.0076250110408678,0.012345632674622575,0.011095632674622576,0.01035,0.0091,0.010012161030909503,0.020024322061819005,0.008639532429445314,0.31218374056548803,0.6878162594345119,2.0
2021-11-30,2021-12,temporal_assessment,0.0,0.0304928488063842,0.0287473014246366,0.022798050589695557,0.022798050589695557,0.0208,0.0208,0.0246553099689098,0.0493106199378196,0.023281018286144484,0.31218374056548803,0.6878162594345119,2.0
2021-11-30,2021-12,temporal_assessment,50.0,0.0304928488063842,0.0287473014246366,0.022798050589695557,0.02238138392302889,0.0208,0.020383333333333333,0.02436871986081209,0.04873743972162418,0.02299442817804677,0.31218374056548803,0.6878162594345119,2.0
2021-11-30,2021-12,temporal_assessment,100.0,0.0304928488063842,0.0287473014246366,0.022798050589695557,0.021964717256362225,0.0208,0.019966666666666667,0.024082129752714378,0.048164259505428755,0.022707838069949055,0.31218374056548803,0.6878162594345119,2.0
2021-11-30,2021-12,temporal_assessment,150.0,0.0304928488063842,0.0287473014246366,0.022798050589695557,0.021548050589695555,0.0208,0.019549999999999998,0.02379553964461666,0.04759107928923332,0.02242124796185134,0.31218374056548803,0.6878162594345119,2.0
2021-12-31,2022-01,temporal_assessment,0.0,0.0072787808673345,0.0055241702313156,0.008492612332947111,0.008492612332947111,0.014649999999999998,0.014649999999999998,0.007565912974007706,0.015131825948015412,0.011801064327048218,0.31218374056548803,0.6878162594345119,2.0
2021-12-31,2022-01,temporal_assessment,50.0,0.0072787808673345,0.0055241702313156,0.008492612332947111,0.008075945666280445,0.014649999999999998,0.014233333333333332,0.007279322865909993,0.014558645731819987,0.011514474218950507,0.31218374056548803,0.6878162594345119,2.0
2021-12-31,2022-01,temporal_assessment,100.0,0.0072787808673345,0.0055241702313156,0.008492612332947111,0.0076592789996137774,0.014649999999999998,0.013816666666666665,0.00699273275781228,0.01398546551562456,0.011227884110852793,0.31218374056548803,0.6878162594345119,2.0
2021-12-31,2022-01,temporal_assessment,150.0,0.0072787808673345,0.0055241702313156,0.008492612332947111,0.007242612332947111,0.014649999999999998,0.013399999999999999,0.006706142649714566,0.013412285299429132,0.01094129400275508,0.31218374056548803,0.6878162594345119,2.0
2022-01-31,2022-02,temporal_assessment,0.0,0.0241581553746284,0.0222575651436184,0.00635160869158852,0.00635160869158852,0.010483333333333336,0.010483333333333336,0.011317189674054965,0.02263437934810993,0.014159057062153282,0.31218374056548803,0.6878162594345119,2.0
2022-01-31,2022-02,temporal_assessment,50.0,0.0241581553746284,0.0222575651436184,0.00635160869158852,0.005934942024921853,0.010483333333333336,0.01006666666666667,0.011030599565957252,0.022061199131914504,0.01387246695405557,0.31218374056548803,0.6878162594345119,2.0
2022-01-31,2022-02,temporal_assessment,100.0,0.0241581553746284,0.0222575651436184,0.00635160869158852,0.005518275358255186,0.010483333333333336,0.009650000000000002,0.010744009457859537,0.021488018915719075,0.013585876845957856,0.31218374056548803,0.6878162594345119,2.0
2022-01-31,2022-02,temporal_assessment,150.0,0.0241581553746284,0.0222575651436184,0.00635160869158852,0.00510160869158852,0.010483333333333336,0.009233333333333336,0.010457419349761824,0.02091483869952365,0.013299286737860143,0.31218374056548803,0.6878162594345119,2.0
2022-02-28,2022-03,temporal_assessment,0.0,-0.0274657329541135,-0.0295128084291462,0.009265209921646388,0.009265209921646388,0.006166666666666667,0.006166666666666667,-0.0028406568988211802,-0.0056813137976423605,-0.004971885330157368,0.31218374056548803,0.6878162594345119,2.0
2022-02-28,2022-03,temporal_assessment,50.0,-0.0274657329541135,-0.0295128084291462,0.009265209921646388,0.008848543254979722,0.006166666666666667,0.00575,-0.003127247006918892,-0.006254494013837784,-0.005258475438255082,0.31218374056548803,0.6878162594345119,2.0
2022-02-28,2022-03,temporal_assessment,100.0,-0.0274657329541135,-0.0295128084291462,0.009265209921646388,0.008431876588313054,0.006166666666666667,0.005333333333333333,-0.0034138371150166068,-0.0068276742300332136,-0.005545065546352795,0.31218374056548803,0.6878162594345119,2.0
2022-02-28,2022-03,temporal_assessment,150.0,-0.0274657329541135,-0.0295128084291462,0.009265209921646388,0.008015209921646388,0.006166666666666667,0.004916666666666666,-0.0037004272231143196,-0.007400854446228639,-0.005831655654450508,0.31218374056548803,0.6878162594345119,2.0
2022-03-31,2022-04,temporal_assessment,0.0,-0.0022209897937134,-0.0041286904374527,0.01187908672311298,0.01187908672311298,0.0179,0.0179,0.006881718970988797,0.013763437941977595,0.011023001019476817,0.31218374056548803,0.6878162594345119,2.0
2022-03-31,2022-04,temporal_assessment,50.0,-0.0022209897937134,-0.0041286904374527,0.01187908672311298,0.011462420056446314,0.0179,0.017483333333333333,0.0065951288628910846,0.013190257725782169,0.010736410911379104,0.31218374056548803,0.6878162594345119,2.0
2022-03-31,2022-04,temporal_assessment,100.0,-0.0022209897937134,-0.0041286904374527,0.01187908672311298,0.011045753389779646,0.0179,0.017066666666666667,0.006308538754793371,0.012617077509586742,0.010449820803281391,0.31218374056548803,0.6878162594345119,2.0
2022-03-31,2022-04,temporal_assessment,150.0,-0.0022209897937134,-0.0041286904374527,0.01187908672311298,0.01062908672311298,0.0179,0.016649999999999998,0.006021948646695659,0.012043897293391318,0.010163230695183675,0.31218374056548803,0.6878162594345119,2.0
2022-04-29,2022-05,temporal_assessment,0.0,-0.0236187647604741,-0.0255479168340395,0.024033676372519103,0.024033676372519103,0.026833333333333334,0.026833333333333334,0.008555109142099244,0.017110218284198488,0.010480758720586285,0.31218374056548803,0.6878162594345119,2.0
2022-04-29,2022-05,temporal_assessment,50.0,-0.0236187647604741,-0.0255479168340395,0.024033676372519103,0.023617009705852437,0.026833333333333334,0.026416666666666668,0.008268519034001533,0.016537038068003065,0.01019416861248857,0.31218374056548803,0.6878162594345119,2.0
2022-04-29,2022-05,temporal_assessment,100.0,-0.0236187647604741,-0.0255479168340395,0.024033676372519103,0.02320034303918577,0.026833333333333334,0.026000000000000002,0.007981928925903822,0.015963857851807643,0.00990757850439086,0.31218374056548803,0.6878162594345119,2.0
2022-04-29,2022-05,temporal_assessment,150.0,-0.0236187647604741,-0.0255479168340395,0.024033676372519103,0.0227836763725191,0.026833333333333334,0.025583333333333333,0.007695338817806104,0.015390677635612207,0.009620988396293145,0.31218374056548803,0.6878162594345119,2.0
2022-05-31,2022-06,temporal_assessment,0.0,-0.0090370729273112,-0.0108416758177872,-0.027021883851541487,-0.027021883851541487,-0.024700000000000003,-0.024700000000000003,-0.02197068598443631,-0.04394137196887262,-0.020373656518827648,0.31218374056548803,0.6878162594345119,2.0
2022-05-31,2022-06,temporal_assessment,50.0,-0.0090370729273112,-0.0108416758177872,-0.027021883851541487,-0.027438550518208153,-0.024700000000000003,-0.02511666666666667,-0.02225727609253402,-0.04451455218506804,-0.020660246626925362,0.31218374056548803,0.6878162594345119,2.0
2022-05-31,2022-06,temporal_assessment,100.0,-0.0090370729273112,-0.0108416758177872,-0.027021883851541487,-0.02785521718487482,-0.024700000000000003,-0.025533333333333335,-0.022543866200631736,-0.04508773240126347,-0.020946836735023074,0.31218374056548803,0.6878162594345119,2.0
2022-05-31,2022-06,temporal_assessment,150.0,-0.0090370729273112,-0.0108416758177872,-0.027021883851541487,-0.028271883851541488,-0.024700000000000003,-0.025950000000000004,-0.02283045630872945,-0.0456609126174589,-0.02123342684312079,0.31218374056548803,0.6878162594345119,2.0
2022-06-30,2022-07,temporal_assessment,0.0,-0.014428374287082,-0.016307275357501,0.00035421676890108524,0.00035421676890108524,-0.005433333333333338,-0.005433333333333338,-0.004847230166521545,-0.00969446033304309,-0.008828001229130253,0.31218374056548803,0.6878162594345119,2.0
2022-06-30,2022-07,temporal_assessment,50.0,-0.014428374287082,-0.016307275357501,0.00035421676890108524,-6.244989776558145e-05,-0.005433333333333338,-0.0058500000000000045,-0.005133820274619259,-0.010267640549238517,-0.009114591337227966,0.31218374056548803,0.6878162594345119,2.0
2022-06-30,2022-07,temporal_assessment,100.0,-0.014428374287082,-0.016307275357501,0.00035421676890108524,-0.00047911656443224814,-0.005433333333333338,-0.006266666666666671,-0.0054204103827169715,-0.010840820765433943,-0.009401181445325679,0.31218374056548803,0.6878162594345119,2.0
2022-06-30,2022-07,temporal_assessment,150.0,-0.014428374287082,-0.016307275357501,0.00035421676890108524,-0.0008957832310989148,-0.005433333333333338,-0.006683333333333338,-0.005707000490814685,-0.01141400098162937,-0.009687771553423392,0.31218374056548803,0.6878162594345119,2.0
2022-07-29,2022-08,temporal_assessment,0.0,-0.0121093433690212,-0.0139025278365682,-0.009952166191823694,-0.009952166191823694,-0.006066666666666665,-0.006066666666666665,-0.011185404866666467,-0.022370809733332934,-0.008512895117238385,0.31218374056548803,0.6878162594345119,2.0
2022-07-29,2022-08,temporal_assessment,50.0,-0.0121093433690212,-0.0139025278365682,-0.009952166191823694,-0.01036883285849036,-0.006066666666666665,-0.006483333333333331,-0.011471994974764178,-0.022943989949528357,-0.0087994852253361,0.31218374056548803,0.6878162594345119,2.0
2022-07-29,2022-08,temporal_assessment,100.0,-0.0121093433690212,-0.0139025278365682,-0.009952166191823694,-0.010785499525157028,-0.006066666666666665,-0.006899999999999998,-0.011758585082861893,-0.023517170165723786,-0.009086075333433813,0.31218374056548803,0.6878162594345119,2.0
2022-07-29,2022-08,temporal_assessment,150.0,-0.0121093433690212,-0.0139025278365682,-0.009952166191823694,-0.011202166191823694,-0.006066666666666665,-0.007316666666666665,-0.012045175190959606,-0.02409035038191921,-0.009372665441531525,0.31218374056548803,0.6878162594345119,2.0
2022-08-31,2022-09,temporal_assessment,0.0,0.0163519084797404,0.0145687977693775,-0.019135597788812866,-0.019135597788812866,-0.014466666666666664,-0.014466666666666664,-0.008613633509958175,-0.01722726701991635,-0.005402266769966196,0.31218374056548803,0.6878162594345119,2.0
2022-08-31,2022-09,temporal_assessment,50.0,0.0163519084797404,0.0145687977693775,-0.019135597788812866,-0.019552264455479532,-0.014466666666666664,-0.01488333333333333,-0.008900223618055888,-0.017800447236111776,-0.005688856878063909,0.31218374056548803,0.6878162594345119,2.0
2022-08-31,2022-09,temporal_assessment,100.0,0.0163519084797404,0.0145687977693775,-0.019135597788812866,-0.019968931122146198,-0.014466666666666664,-0.015299999999999998,-0.009186813726153601,-0.018373627452307202,-0.005975446986161623,0.31218374056548803,0.6878162594345119,2.0
2022-08-31,2022-09,temporal_assessment,150.0,0.0163519084797404,0.0145687977693775,-0.019135597788812866,-0.020385597788812868,-0.014466666666666664,-0.015716666666666664,-0.009473403834251316,-0.01894680766850263,-0.006262037094259336,0.31218374056548803,0.6878162594345119,2.0
2022-09-30,2022-10,temporal_assessment,0.0,0.0303397720676359,0.0286661805117571,0.05348908986391887,0.05348908986391887,0.0521,0.0521,0.045739781170642965,0.09147956234128593,0.0447843425764239,0.31218374056548803,0.6878162594345119,2.0
2022-09-30,2022-10,temporal_assessment,50.0,0.0303397720676359,0.0286661805117571,0.05348908986391887,0.0530724231972522,0.0521,0.05168333333333333,0.04545319106254525,0.0909063821250905,0.044497752468326185,0.31218374056548803,0.6878162594345119,2.0
2022-09-30,2022-10,temporal_assessment,100.0,0.0303397720676359,0.0286661805117571,0.05348908986391887,0.05265575653058554,0.0521,0.05126666666666667,0.045166600954447536,0.09033320190889507,0.04421116236022847,0.31218374056548803,0.6878162594345119,2.0
2022-09-30,2022-10,temporal_assessment,150.0,0.0303397720676359,0.0286661805117571,0.05348908986391887,0.05223908986391887,0.0521,0.05085,0.04488001084634982,0.08976002169269964,0.043924572252130756,0.31218374056548803,0.6878162594345119,2.0
2022-10-31,2022-11,temporal_assessment,0.0,0.0244095720831852,0.0227590086041021,0.02333458465506244,0.02333458465506244,0.01858333333333333,0.01858333333333333,0.02315489917049373,0.04630979834098746,0.01988691125874873,0.31218374056548803,0.6878162594345119,2.0
2022-10-31,2022-11,temporal_assessment,50.0,0.0244095720831852,0.0227590086041021,0.02333458465506244,0.022917917988395774,0.01858333333333333,0.018166666666666664,0.022868309062396015,0.04573661812479203,0.019600321150651016,0.31218374056548803,0.6878162594345119,2.0
2022-10-31,2022-11,temporal_assessment,100.0,0.0244095720831852,0.0227590086041021,0.02333458465506244,0.02250125132172911,0.01858333333333333,0.01775,0.0225817189542983,0.0451634379085966,0.019313731042553302,0.31218374056548803,0.6878162594345119,2.0
2022-10-31,2022-11,temporal_assessment,150.0,0.0244095720831852,0.0227590086041021,0.02333458465506244,0.02208458465506244,0.01858333333333333,0.01733333333333333,0.022295128846200586,0.04459025769240117,0.019027140934455587,0.31218374056548803,0.6878162594345119,2.0
2022-11-30,2022-12,temporal_assessment,0.0,0.0118141327853275,0.0101051309737488,0.0037429404491549027,0.0037429404491549027,0.007200000000000001,0.007200000000000001,0.00572911288531293,0.01145822577062586,0.008106934654217558,0.31218374056548803,0.6878162594345119,2.0
2022-11-30,2022-12,temporal_assessment,50.0,0.0118141327853275,0.0101051309737488,0.0037429404491549027,0.003326273782488236,0.007200000000000001,0.006783333333333334,0.005442522777215217,0.010885045554430433,0.007820344546119845,0.31218374056548803,0.6878162594345119,2.0
2022-11-30,2022-12,temporal_assessment,100.0,0.0118141327853275,0.0101051309737488,0.0037429404491549027,0.002909607115821569,0.007200000000000001,0.006366666666666667,0.005155932669117503,0.010311865338235006,0.007533754438022133,0.31218374056548803,0.6878162594345119,2.0
2022-11-30,2022-12,temporal_assessment,150.0,0.0118141327853275,0.0101051309737488,0.0037429404491549027,0.0024929404491549024,0.007200000000000001,0.00595,0.00486934256101979,0.00973868512203958,0.00724716432992442,0.31218374056548803,0.6878162594345119,2.0
2022-12-30,2023-01,temporal_assessment,0.0,-0.0269139119385186,-0.0287616779985792,-0.025236564654469856,-0.025236564654469856,-0.0267,-0.0267,-0.026337047724151227,-0.052674095448302455,-0.027343622349438018,0.31218374056548803,0.6878162594345119,2.0
2022-12-30,2023-01,temporal_assessment,50.0,-0.0269139119385186,-0.0287616779985792,-0.025236564654469856,-0.025653231321136522,-0.0267,-0.027116666666666667,-0.026623637832248935,-0.05324727566449787,-0.027630212457535733,0.31218374056548803,0.6878162594345119,2.0
2022-12-30,2023-01,temporal_assessment,100.0,-0.0269139119385186,-0.0287616779985792,-0.025236564654469856,-0.026069897987803188,-0.0267,-0.027533333333333333,-0.02691022794034665,-0.0538204558806933,-0.027916802565633447,0.31218374056548803,0.6878162594345119,2.0
2022-12-30,2023-01,temporal_assessment,150.0,-0.0269139119385186,-0.0287616779985792,-0.025236564654469856,-0.026486564654469857,-0.0267,-0.027950000000000003,-0.027196818048444364,-0.05439363609688873,-0.028203392673731162,0.31218374056548803,0.6878162594345119,2.0
2023-01-31,2023-02,temporal_assessment,0.0,-0.0059384073841036,-0.0078566575042395,-0.005680968718903437,-0.005680968718903437,-0.004633333333333333,-0.004633333333333333,-0.006360183382216032,-0.012720366764432065,-0.005639602730061971,0.31218374056548803,0.6878162594345119,2.0
2023-01-31,2023-02,temporal_assessment,50.0,-0.0059384073841036,-0.0078566575042395,-0.005680968718903437,-0.006097635385570104,-0.004633333333333333,-0.00505,-0.006646773490313745,-0.01329354698062749,-0.005926192838159684,0.31218374056548803,0.6878162594345119,2.0
2023-01-31,2023-02,temporal_assessment,100.0,-0.0059384073841036,-0.0078566575042395,-0.005680968718903437,-0.006514302052236771,-0.004633333333333333,-0.0054666666666666665,-0.006933363598411459,-0.013866727196822918,-0.006212782946257397,0.31218374056548803,0.6878162594345119,2.0
2023-01-31,2023-02,temporal_assessment,150.0,-0.0059384073841036,-0.0078566575042395,-0.005680968718903437,-0.006930968718903438,-0.004633333333333333,-0.005883333333333333,-0.007219953706509173,-0.014439907413018345,-0.006499373054355111,0.31218374056548803,0.6878162594345119,2.0
2023-02-28,2023-03,temporal_assessment,0.0,0.0297005011613968,0.0279045648186255,-0.017689185518469392,-0.017689185518469392,-0.026083333333333333,-0.026083333333333333,-0.003455557991826126,-0.006911115983652252,-0.009229189342986223,0.31218374056548803,0.6878162594345119,2.0
2023-02-28,2023-03,temporal_assessment,50.0,0.0297005011613968,0.0279045648186255,-0.017689185518469392,-0.018105852185136058,-0.026083333333333333,-0.0265,-0.003742148099923839,-0.007484296199847678,-0.009515779451083938,0.31218374056548803,0.6878162594345119,2.0
2023-02-28,2023-03,temporal_assessment,100.0,0.0297005011613968,0.0279045648186255,-0.017689185518469392,-0.018522518851802724,-0.026083333333333333,-0.026916666666666665,-0.004028738208021552,-0.008057476416043104,-0.009802369559181649,0.31218374056548803,0.6878162594345119,2.0
2023-02-28,2023-03,temporal_assessment,150.0,0.0297005011613968,0.0279045648186255,-0.017689185518469392,-0.018939185518469393,-0.026083333333333333,-0.027333333333333334,-0.004315328316119266,-0.008630656632238533,-0.010088959667279363,0.31218374056548803,0.6878162594345119,2.0
2023-03-31,2023-04,temporal_assessment,0.0,-0.0372468164563254,-0.0391101311278658,0.010539696050677982,0.010539696050677982,0.00825,0.00825,-0.004960172716349847,-0.009920345432699694,-0.006535062889169151,0.31218374056548803,0.6878162594345119,2.0
2023-03-31,2023-04,temporal_assessment,50.0,-0.0372468164563254,-0.0391101311278658,0.010539696050677982,0.010123029384011316,0.00825,0.007833333333333335,-0.00524676282444756,-0.01049352564889512,-0.006821652997266864,0.31218374056548803,0.6878162594345119,2.0
2023-03-31,2023-04,temporal_assessment,100.0,-0.0372468164563254,-0.0391101311278658,0.010539696050677982,0.009706362717344649,0.00825,0.007416666666666667,-0.005533352932545275,-0.01106670586509055,-0.007108243105364578,0.31218374056548803,0.6878162594345119,2.0
2023-03-31,2023-04,temporal_assessment,150.0,-0.0372468164563254,-0.0391101311278658,0.010539696050677982,0.009289696050677983,0.00825,0.007,-0.0058199430406429865,-0.011639886081285973,-0.007394833213462291,0.31218374056548803,0.6878162594345119,2.0
2023-04-28,2023-05,temporal_assessment,0.0,-0.0013632586550602,-0.0030266264873936,-0.026620717998210516,-0.026620717998210516,-0.029416666666666664,-0.029416666666666664,-0.01925502625511926,-0.03851005251023852,-0.02117812520982767,0.31218374056548803,0.6878162594345119,2.0
2023-04-28,2023-05,temporal_assessment,50.0,-0.0013632586550602,-0.0030266264873936,-0.026620717998210516,-0.027037384664877182,-0.029416666666666664,-0.02983333333333333,-0.019541616363216975,-0.03908323272643395,-0.021464715317925386,0.31218374056548803,0.6878162594345119,2.0
2023-04-28,2023-05,temporal_assessment,100.0,-0.0013632586550602,-0.0030266264873936,-0.026620717998210516,-0.027454051331543848,-0.029416666666666664,-0.030249999999999996,-0.019828206471314686,-0.03965641294262937,-0.021751305426023097,0.31218374056548803,0.6878162594345119,2.0
2023-04-28,2023-05,temporal_assessment,150.0,-0.0013632586550602,-0.0030266264873936,-0.026620717998210516,-0.027870717998210517,-0.029416666666666664,-0.030666666666666665,-0.0201147965794124,-0.0402295931588248,-0.022037895534120815,0.31218374056548803,0.6878162594345119,2.0
2023-05-31,2023-06,temporal_assessment,0.0,-0.0057897595641443,-0.0075365731599519,0.012808334731768296,0.012808334731768296,0.00946666666666667,0.00946666666666667,0.006456985284670768,0.012913970569341536,0.004158531655860803,0.31218374056548803,0.6878162594345119,2.0
2023-05-31,2023-06,temporal_assessment,50.0,-0.0057897595641443,-0.0075365731599519,0.012808334731768296,0.01239166806510163,0.00946666666666667,0.009050000000000004,0.006170395176573055,0.01234079035314611,0.003871941547763091,0.31218374056548803,0.6878162594345119,2.0
2023-05-31,2023-06,temporal_assessment,100.0,-0.0057897595641443,-0.0075365731599519,0.012808334731768296,0.011975001398434963,0.00946666666666667,0.008633333333333337,0.005883805068475341,0.011767610136950681,0.003585351439665377,0.31218374056548803,0.6878162594345119,2.0
2023-05-31,2023-06,temporal_assessment,150.0,-0.0057897595641443,-0.0075365731599519,0.012808334731768296,0.011558334731768297,0.00946666666666667,0.00821666666666667,0.005597214960377628,0.011194429920755256,0.0032987613315676643,0.31218374056548803,0.6878162594345119,2.0
2023-06-30,2023-07,temporal_assessment,0.0,-0.0429459963120203,-0.0448269363135361,0.008890601875874395,0.008890601875874395,0.010399999999999998,0.010399999999999998,-0.007879140130065226,-0.01575828026013045,-0.006840951558331685,0.31218374056548803,0.6878162594345119,2.0
2023-06-30,2023-07,temporal_assessment,50.0,-0.0429459963120203,-0.0448269363135361,0.008890601875874395,0.00847393520920773,0.010399999999999998,0.009983333333333332,-0.00816573023816294,-0.01633146047632588,-0.007127541666429398,0.31218374056548803,0.6878162594345119,2.0
2023-06-30,2023-07,temporal_assessment,100.0,-0.0429459963120203,-0.0448269363135361,0.008890601875874395,0.008057268542541062,0.010399999999999998,0.009566666666666664,-0.008452320346260653,-0.016904640692521306,-0.007414131774527112,0.31218374056548803,0.6878162594345119,2.0
2023-06-30,2023-07,temporal_assessment,150.0,-0.0429459963120203,-0.0448269363135361,0.008890601875874395,0.007640601875874395,0.010399999999999998,0.009149999999999998,-0.008738910454358366,-0.017477820908716732,-0.007700721882624825,0.31218374056548803,0.6878162594345119,2.0
2023-07-31,2023-08,temporal_assessment,0.0,0.0345861931648447,0.0328587760044326,-0.0018632733539894883,-0.0018632733539894883,-0.003799999999999998,-0.003799999999999998,0.008976385894822223,0.017952771789644446,0.007644273817616126,0.31218374056548803,0.6878162594345119,2.0
2023-07-31,2023-08,temporal_assessment,50.0,0.0345861931648447,0.0328587760044326,-0.0018632733539894883,-0.002279940020656155,-0.003799999999999998,-0.004216666666666665,0.00868979578672451,0.01737959157344902,0.007357683709518413,0.31218374056548803,0.6878162594345119,2.0
2023-07-31,2023-08,temporal_assessment,100.0,0.0345861931648447,0.0328587760044326,-0.0018632733539894883,-0.0026966066873228218,-0.003799999999999998,-0.004633333333333331,0.008403205678626796,0.01680641135725359,0.0070710936014207,0.31218374056548803,0.6878162594345119,2.0
2023-07-31,2023-08,temporal_assessment,150.0,0.0345861931648447,0.0328587760044326,-0.0018632733539894883,-0.0031132733539894885,-0.003799999999999998,-0.005049999999999998,0.008116615570529083,0.016233231141058166,0.0067845034933229865,0.31218374056548803,0.6878162594345119,2.0
2023-08-31,2023-09,temporal_assessment,0.0,-0.0016173820160462,-0.0032438281161304,-0.008910481209297999,-0.008910481209297999,-0.006883333333333334,-0.006883333333333334,-0.007141444250185943,-0.014282888500371887,-0.005747138980819312,0.31218374056548803,0.6878162594345119,2.0
2023-08-31,2023-09,temporal_assessment,50.0,-0.0016173820160462,-0.0032438281161304,-0.008910481209297999,-0.009327147875964665,-0.006883333333333334,-0.007300000000000001,-0.007428034358283656,-0.014856068716567312,-0.006033729088917026,0.31218374056548803,0.6878162594345119,2.0
2023-08-31,2023-09,temporal_assessment,100.0,-0.0016173820160462,-0.0032438281161304,-0.008910481209297999,-0.009743814542631332,-0.006883333333333334,-0.007716666666666668,-0.007714624466381371,-0.015429248932762742,-0.006320319197014739,0.31218374056548803,0.6878162594345119,2.0
2023-08-31,2023-09,temporal_assessment,150.0,-0.0016173820160462,-0.0032438281161304,-0.008910481209297999,-0.010160481209297998,-0.006883333333333334,-0.008133333333333334,-0.008001214574479084,-0.016002429148958167,-0.006606909305112452,0.31218374056548803,0.6878162594345119,2.0
2023-09-29,2023-10,temporal_assessment,0.0,0.0364064690475186,0.0348160800628656,-0.005161758633938056,-0.005161758633938056,-0.006000000000000001,-0.006000000000000001,0.007318672590153826,0.014637345180307652,0.0067421165492458236,0.31218374056548803,0.6878162594345119,2.0
2023-09-29,2023-10,temporal_assessment,50.0,0.0364064690475186,0.0348160800628656,-0.005161758633938056,-0.005578425300604723,-0.006000000000000001,-0.006416666666666668,0.007032082482056112,0.014064164964112225,0.006455526441148111,0.31218374056548803,0.6878162594345119,2.0
2023-09-29,2023-10,temporal_assessment,100.0,0.0364064690475186,0.0348160800628656,-0.005161758633938056,-0.00599509196727139,-0.006000000000000001,-0.0068333333333333345,0.0067454923739583995,0.013490984747916799,0.006168936333050397,0.31218374056548803,0.6878162594345119,2.0
2023-09-29,2023-10,temporal_assessment,150.0,0.0364064690475186,0.0348160800628656,-0.005161758633938056,-0.006411758633938057,-0.006000000000000001,-0.007250000000000001,0.006458902265860686,0.012917804531721372,0.005882346224952684,0.31218374056548803,0.6878162594345119,2.0
2023-10-31,2023-11,temporal_assessment,0.0,-0.0263693904634919,-0.0280234387088216,0.01679508871634655,0.01679508871634655,0.013433333333333332,0.013433333333333332,0.002803473178120644,0.005606946356241288,0.0004912031654426569,0.31218374056548803,0.6878162594345119,2.0
2023-10-31,2023-11,temporal_assessment,50.0,-0.0263693904634919,-0.0280234387088216,0.01679508871634655,0.016378422049679885,0.013433333333333332,0.013016666666666666,0.002516883070022931,0.005033766140045862,0.0002046130573449441,0.31218374056548803,0.6878162594345119,2.0
2023-10-31,2023-11,temporal_assessment,100.0,-0.0263693904634919,-0.0280234387088216,0.01679508871634655,0.01596175538301322,0.013433333333333332,0.012599999999999998,0.0022302929619252183,0.004460585923850437,-8.197705075277048e-05,0.31218374056548803,0.6878162594345119,2.0
2023-10-31,2023-11,temporal_assessment,150.0,-0.0263693904634919,-0.0280234387088216,0.01679508871634655,0.015545088716346552,0.013433333333333332,0.012183333333333332,0.0019437028538275055,0.003887405707655011,-0.0003685671588504816,0.31218374056548803,0.6878162594345119,2.0
2023-11-30,2023-12,temporal_assessment,0.0,-0.0329692848480943,-0.0346195290897475,0.012702930123805703,0.012702930123805703,0.01638333333333333,0.01638333333333333,-0.0020703722062390788,-0.0041407444124781576,0.0004610689625489852,0.31218374056548803,0.6878162594345119,2.0
2023-11-30,2023-12,temporal_assessment,50.0,-0.0329692848480943,-0.0346195290897475,0.012702930123805703,0.012286263457139037,0.01638333333333333,0.015966666666666664,-0.0023569623143367916,-0.004713924628673583,0.00017447885445127237,0.31218374056548803,0.6878162594345119,2.0
2023-11-30,2023-12,temporal_assessment,100.0,-0.0329692848480943,-0.0346195290897475,0.012702930123805703,0.01186959679047237,0.01638333333333333,0.015549999999999996,-0.002643552422434506,-0.005287104844869012,-0.00011211125364644046,0.31218374056548803,0.6878162594345119,2.0
2023-11-30,2023-12,temporal_assessment,150.0,-0.0329692848480943,-0.0346195290897475,0.012702930123805703,0.011452930123805704,0.01638333333333333,0.01513333333333333,-0.0029301425305322173,-0.0058602850610644346,-0.0003987013617441533,0.31218374056548803,0.6878162594345119,2.0
2023-12-29,2024-01,temporal_assessment,0.0,0.0336381305558491,0.0319187453812755,0.0007039803133528262,0.0007039803133528262,-0.0036833333333333336,-0.0036833333333333336,0.010448722433129857,0.020897444866259714,0.007431056771700195,0.31218374056548803,0.6878162594345119,2.0
2023-12-29,2024-01,temporal_assessment,50.0,0.0336381305558491,0.0319187453812755,0.0007039803133528262,0.0002873136466861595,-0.0036833333333333336,-0.0041,0.010162132325032144,0.02032426465006429,0.007144466663602482,0.31218374056548803,0.6878162594345119,2.0
2023-12-29,2024-01,temporal_assessment,100.0,0.0336381305558491,0.0319187453812755,0.0007039803133528262,-0.00012935301998050718,-0.0036833333333333336,-0.004516666666666667,0.00987554221693443,0.01975108443386886,0.006857876555504769,0.31218374056548803,0.6878162594345119,2.0
2023-12-29,2024-01,temporal_assessment,150.0,0.0336381305558491,0.0319187453812755,0.0007039803133528262,-0.0005460196866471738,-0.0036833333333333336,-0.004933333333333334,0.009588952108836717,0.019177904217673434,0.006571286447407055,0.31218374056548803,0.6878162594345119,2.0
2024-01-31,2024-02,temporal_assessment,0.0,0.0225464618886183,0.0208796727977008,0.006729281853060681,0.006729281853060681,0.0026166666666666677,0.0026166666666666677,0.011146803828622442,0.022293607657244884,0.008318080234623345,0.31218374056548803,0.6878162594345119,2.0
2024-01-31,2024-02,temporal_assessment,50.0,0.0225464618886183,0.0208796727977008,0.006729281853060681,0.0063126151863940145,0.0026166666666666677,0.002200000000000001,0.01086021372052473,0.02172042744104946,0.00803149012652563,0.31218374056548803,0.6878162594345119,2.0
2024-01-31,2024-02,temporal_assessment,100.0,0.0225464618886183,0.0208796727977008,0.006729281853060681,0.005895948519727348,0.0026166666666666677,0.0017833333333333343,0.010573623612427016,0.021147247224854032,0.007744900018427918,0.31218374056548803,0.6878162594345119,2.0
2024-01-31,2024-02,temporal_assessment,150.0,0.0225464618886183,0.0208796727977008,0.006729281853060681,0.005479281853060681,0.0026166666666666677,0.0013666666666666677,0.010287033504329303,0.020574067008658607,0.007458309910330205,0.31218374056548803,0.6878162594345119,2.0
2024-02-29,2024-03,temporal_assessment,0.0,-0.0020089758385212,-0.0038207728187325,0.014064006530837829,0.014064006530837829,0.013233333333333335,0.013233333333333335,0.008480669214300567,0.016961338428601133,0.00790931868278052,0.31218374056548803,0.6878162594345119,2.0
2024-02-29,2024-03,temporal_assessment,50.0,-0.0020089758385212,-0.0038207728187325,0.014064006530837829,0.013647339864171163,0.013233333333333335,0.012816666666666669,0.008194079106202854,0.016388158212405707,0.007622728574682806,0.31218374056548803,0.6878162594345119,2.0
2024-02-29,2024-03,temporal_assessment,100.0,-0.0020089758385212,-0.0038207728187325,0.014064006530837829,0.013230673197504495,0.013233333333333335,0.012400000000000001,0.007907488998105141,0.015814977996210282,0.007336138466585093,0.31218374056548803,0.6878162594345119,2.0
2024-02-29,2024-03,temporal_assessment,150.0,-0.0020089758385212,-0.0038207728187325,0.014064006530837829,0.01281400653083783,0.013233333333333335,0.011983333333333335,0.007620898890007427,0.015241797780014854,0.0070495483584873805,0.31218374056548803,0.6878162594345119,2.0
2024-03-28,2024-04,temporal_assessment,0.0,0.0176897686342066,0.0159311831141252,-0.013051514588311957,-0.013051514588311957,-0.012233333333333334,-0.012233333333333334,-0.004003587607886347,-0.008007175215772693,-0.003440829237547516,0.31218374056548803,0.6878162594345119,2.0
2024-03-28,2024-04,temporal_assessment,50.0,0.0176897686342066,0.0159311831141252,-0.013051514588311957,-0.013468181254978622,-0.012233333333333334,-0.01265,-0.004290177715984059,-0.008580355431968119,-0.0037274193456452286,0.31218374056548803,0.6878162594345119,2.0
2024-03-28,2024-04,temporal_assessment,100.0,0.0176897686342066,0.0159311831141252,-0.013051514588311957,-0.01388484792164529,-0.012233333333333334,-0.013066666666666667,-0.004576767824081774,-0.009153535648163548,-0.004014009453742943,0.31218374056548803,0.6878162594345119,2.0
2024-03-28,2024-04,temporal_assessment,150.0,0.0176897686342066,0.0159311831141252,-0.013051514588311957,-0.014301514588311956,-0.012233333333333334,-0.013483333333333333,-0.004863357932179487,-0.009726715864358974,-0.004300599561840656,0.31218374056548803,0.6878162594345119,2.0
2024-04-30,2024-05,temporal_assessment,0.0,0.018578962049239,0.0170520170208766,0.012326820015349585,0.012326820015349585,0.008899999999999998,0.008899999999999998,0.013801949691443851,0.027603899382887702,0.011444927166730783,0.31218374056548803,0.6878162594345119,2.0
2024-04-30,2024-05,temporal_assessment,50.0,0.018578962049239,0.0170520170208766,0.012326820015349585,0.011910153348682919,0.008899999999999998,0.008483333333333332,0.013515359583346138,0.027030719166692276,0.011158337058633068,0.31218374056548803,0.6878162594345119,2.0
2024-04-30,2024-05,temporal_assessment,100.0,0.018578962049239,0.0170520170208766,0.012326820015349585,0.011493486682016251,0.008899999999999998,0.008066666666666665,0.013228769475248424,0.026457538950496847,0.010871746950535355,0.31218374056548803,0.6878162594345119,2.0
2024-04-30,2024-05,temporal_assessment,150.0,0.018578962049239,0.0170520170208766,0.012326820015349585,0.011076820015349586,0.008899999999999998,0.007649999999999998,0.01294217936715071,0.02588435873430142,0.010585156842437642,0.31218374056548803,0.6878162594345119,2.0
2024-05-31,2024-06,temporal_assessment,0.0,0.0072088870673884,0.0056272709518805,-0.00379733538818673,-0.00379733538818673,-0.008749999999999999,-0.008749999999999999,-0.0008551265275873279,-0.0017102530551746558,-0.00426164977511841,0.31218374056548803,0.6878162594345119,2.0
2024-05-31,2024-06,temporal_assessment,50.0,0.0072088870673884,0.0056272709518805,-0.00379733538818673,-0.004214002054853397,-0.008749999999999999,-0.009166666666666665,-0.0011417166356850411,-0.0022834332713700823,-0.0045482398832161226,0.31218374056548803,0.6878162594345119,2.0
2024-05-31,2024-06,temporal_assessment,100.0,0.0072088870673884,0.0056272709518805,-0.00379733538818673,-0.004630668721520063,-0.008749999999999999,-0.009583333333333333,-0.0014283067437827544,-0.002856613487565509,-0.004834829991313835,0.31218374056548803,0.6878162594345119,2.0
2024-05-31,2024-06,temporal_assessment,150.0,0.0072088870673884,0.0056272709518805,-0.00379733538818673,-0.00504733538818673,-0.008749999999999999,-0.009999999999999998,-0.0017148968518804677,-0.0034297937037609354,-0.005121420099411548,0.31218374056548803,0.6878162594345119,2.0
2024-06-28,2024-07,temporal_assessment,0.0,-0.025145230932368,-0.0270006274786009,0.016769614075424655,0.016769614075424655,0.02215,0.02215,0.003105256341633996,0.006210512683267992,0.006805973262589507,0.31218374056548803,0.6878162594345119,2.0
2024-06-28,2024-07,temporal_assessment,50.0,-0.025145230932368,-0.0270006274786009,0.016769614075424655,0.01635294740875799,0.02215,0.021733333333333334,0.0028186662335362832,0.0056373324670725665,0.0065193831544917945,0.31218374056548803,0.6878162594345119,2.0
2024-06-28,2024-07,temporal_assessment,100.0,-0.025145230932368,-0.0270006274786009,0.016769614075424655,0.015936280742091323,0.02215,0.021316666666666668,0.0025320761254385704,0.005064152250877141,0.006232793046394082,0.31218374056548803,0.6878162594345119,2.0
2024-06-28,2024-07,temporal_assessment,150.0,-0.025145230932368,-0.0270006274786009,0.016769614075424655,0.015519614075424655,0.02215,0.0209,0.002245486017340856,0.004490972034681712,0.005946202938296365,0.31218374056548803,0.6878162594345119,2.0
2024-07-31,2024-08,temporal_assessment,0.0,0.017586040511086,0.016070786215379,0.0089242992815031,0.0089242992815031,0.005533333333333332,0.005533333333333332,0.011155316304422864,0.022310632608845728,0.00882295479008293,0.31218374056548803,0.6878162594345119,2.0
2024-07-31,2024-08,temporal_assessment,50.0,0.017586040511086,0.016070786215379,0.0089242992815031,0.008507632614836435,0.005533333333333332,0.005116666666666665,0.010868726196325151,0.021737452392650302,0.008536364681985216,0.31218374056548803,0.6878162594345119,2.0
2024-07-31,2024-08,temporal_assessment,100.0,0.017586040511086,0.016070786215379,0.0089242992815031,0.008090965948169767,0.005533333333333332,0.0046999999999999984,0.010582136088227436,0.021164272176454873,0.008249774573887503,0.31218374056548803,0.6878162594345119,2.0
2024-07-31,2024-08,temporal_assessment,150.0,0.017586040511086,0.016070786215379,0.0089242992815031,0.0076742992815031,0.005533333333333332,0.004283333333333332,0.010295545980129724,0.020591091960259447,0.00796318446578979,0.31218374056548803,0.6878162594345119,2.0
2024-08-30,2024-09,temporal_assessment,0.0,0.0448814689102849,0.0432652789130329,-0.001828239553415316,-0.001828239553415316,-0.004216666666666667,-0.004216666666666667,0.012249223716699396,0.024498447433398792,0.010606424713730883,0.31218374056548803,0.6878162594345119,2.0
2024-08-30,2024-09,temporal_assessment,50.0,0.0448814689102849,0.0432652789130329,-0.001828239553415316,-0.0022449062200819827,-0.004216666666666667,-0.004633333333333334,0.011962633608601683,0.023925267217203366,0.01031983460563317,0.31218374056548803,0.6878162594345119,2.0
2024-08-30,2024-09,temporal_assessment,100.0,0.0448814689102849,0.0432652789130329,-0.001828239553415316,-0.0026615728867486494,-0.004216666666666667,-0.005050000000000001,0.01167604350050397,0.02335208700100794,0.010033244497535457,0.31218374056548803,0.6878162594345119,2.0
2024-08-30,2024-09,temporal_assessment,150.0,0.0448814689102849,0.0432652789130329,-0.001828239553415316,-0.003078239553415316,-0.004216666666666667,-0.005466666666666667,0.011389453392406258,0.022778906784812515,0.009746654389437743,0.31218374056548803,0.6878162594345119,2.0
2024-09-30,2024-10,temporal_assessment,0.0,-0.0205650096943307,-0.0220633861079533,0.0017953589129632947,0.0017953589129632947,0.0025000000000000005,0.0025000000000000005,-0.005652953352864661,-0.011305906705729321,-0.005168289756135206,0.31218374056548803,0.6878162594345119,2.0
2024-09-30,2024-10,temporal_assessment,50.0,-0.0205650096943307,-0.0220633861079533,0.0017953589129632947,0.001378692246296628,0.0025000000000000005,0.0020833333333333337,-0.005939543460962374,-0.011879086921924749,-0.005454879864232919,0.31218374056548803,0.6878162594345119,2.0
2024-09-30,2024-10,temporal_assessment,100.0,-0.0205650096943307,-0.0220633861079533,0.0017953589129632947,0.0009620255796299614,0.0025000000000000005,0.001666666666666667,-0.006226133569060087,-0.012452267138120175,-0.005741469972330633,0.31218374056548803,0.6878162594345119,2.0
2024-09-30,2024-10,temporal_assessment,150.0,-0.0205650096943307,-0.0220633861079533,0.0017953589129632947,0.0005453589129632947,0.0025000000000000005,0.0012500000000000005,-0.006512723677157801,-0.013025447354315602,-0.006028060080428345,0.31218374056548803,0.6878162594345119,2.0
2024-10-31,2024-11,temporal_assessment,0.0,0.0041445909831222,0.0025836474255281,0.014347209511862379,0.014347209511862379,0.013733333333333334,0.013733333333333334,0.010674816697376186,0.021349633394752373,0.010252582680504385,0.31218374056548803,0.6878162594345119,2.0
2024-10-31,2024-11,temporal_assessment,50.0,0.0041445909831222,0.0025836474255281,0.014347209511862379,0.013930542845195713,0.013733333333333334,0.013316666666666668,0.010388226589278474,0.020776453178556947,0.009965992572406672,0.31218374056548803,0.6878162594345119,2.0
2024-10-31,2024-11,temporal_assessment,100.0,0.0041445909831222,0.0025836474255281,0.014347209511862379,0.013513876178529045,0.013733333333333334,0.0129,0.010101636481180759,0.020203272962361518,0.00967940246430896,0.31218374056548803,0.6878162594345119,2.0
2024-10-31,2024-11,temporal_assessment,150.0,0.0041445909831222,0.0025836474255281,0.014347209511862379,0.01309720951186238,0.013733333333333334,0.012483333333333334,0.009815046373083046,0.019630092746166092,0.009392812356211247,0.31218374056548803,0.6878162594345119,2.0
2024-11-29,2024-12,temporal_assessment,0.0,0.0076678268475279,0.0060062809217908,-0.014334018214557999,-0.014334018214557999,-0.01601666666666667,-0.01601666666666667,-0.007984107545951663,-0.015968215091903326,-0.00914146051022432,0.31218374056548803,0.6878162594345119,2.0
2024-11-29,2024-12,temporal_assessment,50.0,0.0076678268475279,0.0060062809217908,-0.014334018214557999,-0.014750684881224664,-0.01601666666666667,-0.016433333333333335,-0.008270697654049376,-0.016541395308098752,-0.009428050618322033,0.31218374056548803,0.6878162594345119,2.0
2024-11-29,2024-12,temporal_assessment,100.0,0.0076678268475279,0.0060062809217908,-0.014334018214557999,-0.015167351547891332,-0.01601666666666667,-0.01685,-0.00855728776214709,-0.01711457552429418,-0.009714640726419746,0.31218374056548803,0.6878162594345119,2.0
2024-11-29,2024-12,temporal_assessment,150.0,0.0076678268475279,0.0060062809217908,-0.014334018214557999,-0.015584018214557998,-0.01601666666666667,-0.01726666666666667,-0.008843877870244803,-0.017687755740489607,-0.010001230834517462,0.31218374056548803,0.6878162594345119,2.0
